shape_index,qid,category,backend,dtype,m,n,k,flops,baseline_ms,moonpoly_ms,speedup,cosine_similarity,correctness_passed,status,error,wall_seconds
1,0,Real-World,cublas,FP16,1,1,1,2,0.008397,0.007475,1.123288,1.0,True,pass,,0.7606543265283108
1,0,Real-World,cublas,FP32,1,1,1,2,0.008243,0.00855,0.964072,1.0,True,pass,,0.7606543265283108
1,0,Real-World,cublas,INT8,1,1,1,2,0.010291,0.008499,1.210843,0.0,False,incorrect,Cosine similarity threshold failed,0.7606543265283108
2,1,Real-World,cublas,FP16,1,1,3,6,0.008397,0.007782,1.078947,1.0,True,pass,,0.8255782872438431
2,1,Real-World,cublas,FP32,1,1,3,6,0.009318,0.010394,0.896552,1.0,True,pass,,0.8255782872438431
2,1,Real-World,cublas,INT8,1,1,3,6,0.012544,0.009011,1.392046,0.0,False,incorrect,Cosine similarity threshold failed,0.8255782872438431
3,2,Real-World,cublas,FP16,2,2,2,16,0.018893,0.009062,2.084746,1.0,True,pass,,0.7791837826371193
3,2,Real-World,cublas,FP32,2,2,2,16,0.010189,0.008602,1.184524,1.0,True,pass,,0.7791837826371193
3,2,Real-World,cublas,INT8,2,2,2,16,0.009984,0.007117,1.402878,0.0,False,incorrect,Cosine similarity threshold failed,0.7791837826371193
4,3,Real-World,cublas,FP16,2,2,4,32,0.01577,0.00896,1.76,1.0,True,pass,,0.7971766013652086
4,3,Real-World,cublas,FP32,2,2,4,32,0.010342,0.008653,1.195266,1.0,True,pass,,0.7971766013652086
4,3,Real-World,cublas,INT8,2,2,4,32,,,,,False,missing,Running INT8...Error benchmarking size 2x2x4: std::exception,0.7971766013652086
5,4,Real-World,cublas,FP16,2,4,4,64,0.01577,0.009062,1.740113,1.0,True,pass,,0.7842672355473042
5,4,Real-World,cublas,FP32,2,4,4,64,0.010342,0.009574,1.080214,1.0,True,pass,,0.7842672355473042
5,4,Real-World,cublas,INT8,2,4,4,64,,,,,False,missing,Running INT8...Error benchmarking size 2x4x4: std::exception,0.7842672355473042
6,5,Real-World,cublas,FP16,1,1,24,48,0.008346,0.01239,0.673554,1.0,True,pass,,0.7393962386995554
6,5,Real-World,cublas,FP32,1,1,24,48,0.008602,0.009574,0.898396,1.0,True,pass,,0.7393962386995554
6,5,Real-World,cublas,INT8,1,1,24,48,0.008397,0.007475,1.123288,1.0,True,pass,,0.7393962386995554
7,6,Real-World,cublas,FP16,1,1,25,50,0.00855,0.007526,1.136055,1.0,True,pass,,0.7750608958303928
7,6,Real-World,cublas,FP32,1,1,25,50,0.008192,0.010547,0.776699,1.0,True,pass,,0.7750608958303928
7,6,Real-World,cublas,INT8,1,1,25,50,0.010394,0.008192,1.26875,0.0,False,incorrect,Cosine similarity threshold failed,0.7750608958303928
8,7,Real-World,cublas,FP16,1,1,48,96,0.00855,0.01239,0.690082,1.0,True,pass,,0.7289786729961634
8,7,Real-World,cublas,FP32,1,1,48,96,0.008858,0.012237,0.723849,1.0,True,pass,,0.7289786729961634
8,7,Real-World,cublas,INT8,1,1,48,96,0.008448,0.008294,1.018518,1.0,True,pass,,0.7289786729961634
9,8,Real-World,cublas,FP16,1,1,96,192,0.008294,0.012595,0.658537,1.0,True,pass,,0.717852545902133
9,8,Real-World,cublas,FP32,1,1,96,192,0.008806,0.015718,0.560261,1.0,True,pass,,0.717852545902133
9,8,Real-World,cublas,INT8,1,1,96,192,0.008294,0.008346,0.993865,1.0,True,pass,,0.717852545902133
10,9,Real-World,cublas,FP16,1,1,128,256,0.008294,0.012595,0.658537,1.0,True,pass,,0.7409923281520605
10,9,Real-World,cublas,FP32,1,1,128,256,0.008448,0.018688,0.452055,1.0,True,pass,,0.7409923281520605
10,9,Real-World,cublas,INT8,1,1,128,256,0.008397,0.008192,1.025,1.0,True,pass,,0.7409923281520605
11,10,Real-World,cublas,FP16,53,4,1,424,0.008704,0.009062,0.960452,1.0,True,pass,,0.7604154907166958
11,10,Real-World,cublas,FP32,53,4,1,424,0.007987,0.008704,0.917647,1.0,True,pass,,0.7604154907166958
11,10,Real-World,cublas,INT8,53,4,1,424,0.009882,0.008346,1.184049,0.0,False,incorrect,Cosine similarity threshold failed,0.7604154907166958
12,11,Real-World,cublas,FP16,20,1,16,640,0.00809,0.011827,0.683983,1.0,True,pass,,0.7188901975750923
12,11,Real-World,cublas,FP32,20,1,16,640,0.008397,0.009216,0.911111,1.0,True,pass,,0.7188901975750923
12,11,Real-World,cublas,INT8,20,1,16,640,0.008294,0.007782,1.06579,1.0,True,pass,,0.7188901975750923
13,12,Real-World,cublas,FP16,1,1,192,384,0.014746,0.017715,0.83237,1.0,True,pass,,0.775656595826149
13,12,Real-World,cublas,FP32,1,1,192,384,0.011622,0.023962,0.485043,1.0,True,pass,,0.775656595826149
13,12,Real-World,cublas,INT8,1,1,192,384,0.008397,0.00855,0.982036,1.0,True,pass,,0.775656595826149
14,13,Real-World,cublas,FP16,27,10,4,2160,0.011827,0.009933,1.190722,1.0,True,pass,,0.7868425734341145
14,13,Real-World,cublas,FP32,27,10,4,2160,0.011878,0.009267,1.281768,1.0,True,pass,,0.7868425734341145
14,13,Real-World,cublas,INT8,27,10,4,2160,,,,,False,missing,Running INT8...Error benchmarking size 27x10x4: std::exception,0.7868425734341145
15,14,Real-World,cublas,FP16,109,1,4,872,0.008448,0.009216,0.916667,1.0,True,pass,,0.7287801243364811
15,14,Real-World,cublas,FP32,109,1,4,872,0.008909,0.008397,1.060976,1.0,True,pass,,0.7287801243364811
15,14,Real-World,cublas,INT8,109,1,4,872,0.008755,0.00681,1.285714,1.0,True,pass,,0.7287801243364811
16,15,Real-World,cublas,FP16,93,5,2,1860,0.009882,0.008704,1.135294,1.0,True,pass,,0.8148283176124096
16,15,Real-World,cublas,FP32,93,5,2,1860,0.008653,0.008755,0.988304,1.0,True,pass,,0.8148283176124096
16,15,Real-World,cublas,INT8,93,5,2,1860,,,,,False,missing,Running INT8...Error benchmarking size 93x5x2: std::exception,0.8148283176124096
17,16,Real-World,cublas,FP16,32,4,16,4096,0.010445,0.011981,0.871795,1.0,True,pass,,0.6966415271162987
17,16,Real-World,cublas,FP32,32,4,16,4096,0.010445,0.009626,1.085107,1.0,True,pass,,0.6966415271162987
17,16,Real-World,cublas,INT8,32,4,16,4096,0.00855,0.007936,1.077419,1.0,True,pass,,0.6966415271162987
18,17,Real-World,cublas,FP16,184,1,3,1104,0.008602,0.007475,1.150685,1.0,True,pass,,0.7471706904470921
18,17,Real-World,cublas,FP32,184,1,3,1104,0.008704,0.008806,0.988372,1.0,True,pass,,0.7471706904470921
18,17,Real-World,cublas,INT8,184,1,3,1104,0.010496,0.008448,1.242424,0.0,False,incorrect,Cosine similarity threshold failed,0.7471706904470921
19,18,Real-World,cublas,FP16,16,16,16,8192,0.00983,0.01193,0.824034,1.0,True,pass,,0.7233277391642332
19,18,Real-World,cublas,FP32,16,16,16,8192,0.010598,0.009011,1.176137,1.0,True,pass,,0.7233277391642332
19,18,Real-World,cublas,INT8,16,16,16,8192,0.008909,0.007987,1.115385,1.0,True,pass,,0.7233277391642332
20,19,Real-World,cublas,FP16,1,1,384,768,0.011213,0.014387,0.779359,1.0,True,pass,,0.7327238041907549
20,19,Real-World,cublas,FP32,1,1,384,768,0.011469,0.088371,0.12978,1.0,True,pass,,0.7327238041907549
20,19,Real-World,cublas,INT8,1,1,384,768,0.008653,0.009677,0.89418,1.0,True,pass,,0.7327238041907549
21,20,Real-World,cublas,FP16,58,2,12,2784,0.009626,0.009011,1.068182,1.0,True,pass,,0.7915432006120682
21,20,Real-World,cublas,FP32,58,2,12,2784,0.008448,0.009062,0.932203,1.0,True,pass,,0.7915432006120682
21,20,Real-World,cublas,INT8,58,2,12,2784,,,,,False,missing,Running INT8...Error benchmarking size 58x2x12: std::exception,0.7915432006120682
22,21,Real-World,cublas,FP16,16,32,16,16384,0.010803,0.014234,0.758993,1.0,True,pass,,0.7244595251977444
22,21,Real-World,cublas,FP32,16,32,16,16384,0.010342,0.009216,1.122222,1.0,True,pass,,0.7244595251977444
22,21,Real-World,cublas,INT8,16,32,16,16384,0.010342,0.007936,1.303226,1.0,True,pass,,0.7244595251977444
23,22,Real-World,cublas,FP16,16,16,32,16384,0.00983,0.011981,0.820513,1.0,True,pass,,0.7126586064696312
23,22,Real-World,cublas,FP32,16,16,32,16384,0.012288,0.010598,1.15942,1.0,True,pass,,0.7126586064696312
23,22,Real-World,cublas,INT8,16,16,32,16384,0.008704,0.007885,1.103896,1.0,True,pass,,0.7126586064696312
24,23,Real-World,cublas,FP16,32,16,16,16384,0.009728,0.01193,0.815451,1.0,True,pass,,0.7077915631234646
24,23,Real-World,cublas,FP32,32,16,16,16384,0.011264,0.010496,1.073171,1.0,True,pass,,0.7077915631234646
24,23,Real-World,cublas,INT8,32,16,16,16384,0.008858,0.007885,1.123377,1.0,True,pass,,0.7077915631234646
25,24,Real-World,cublas,FP16,1,25,50,2500,0.008755,0.008755,1.0,1.0,True,pass,,0.7821741346269846
25,24,Real-World,cublas,FP32,1,25,50,2500,0.008499,0.012698,0.669355,1.0,True,pass,,0.7821741346269846
25,24,Real-World,cublas,INT8,1,25,50,2500,,,,,False,missing,Running INT8...Error benchmarking size 1x25x50: std::exception,0.7821741346269846
26,25,Real-World,cublas,FP16,16,4,64,8192,0.009472,0.011878,0.797414,1.0,True,pass,,0.7292641028761864
26,25,Real-World,cublas,FP32,16,4,64,8192,0.012595,0.013107,0.960938,1.0,True,pass,,0.7292641028761864
26,25,Real-World,cublas,INT8,16,4,64,8192,0.008397,0.007987,1.051282,1.0,True,pass,,0.7292641028761864
27,26,Real-World,cublas,FP16,16,64,4,8192,0.009011,0.009267,0.972376,1.0,True,pass,,0.9102411344647408
27,26,Real-World,cublas,FP32,16,64,4,8192,0.01024,0.008346,1.226994,1.0,True,pass,,0.9102411344647408
27,26,Real-World,cublas,INT8,16,64,4,8192,0.011264,0.007014,1.605839,1.0,True,pass,,0.9102411344647408
28,27,Real-World,cublas,FP16,68,10,10,13600,0.010035,0.008858,1.132948,1.0,True,pass,,0.67365987226367
28,27,Real-World,cublas,FP32,68,10,10,13600,0.009267,0.009267,1.0,1.0,True,pass,,0.67365987226367
28,27,Real-World,cublas,INT8,68,10,10,13600,0.010445,0.007219,1.446808,0.0,False,incorrect,Cosine similarity threshold failed,0.67365987226367
29,28,Real-World,cublas,FP16,1,1,768,1536,0.011571,0.014029,0.824817,1.0,True,pass,,0.7237729392945766
29,28,Real-World,cublas,FP32,1,1,768,1536,0.011315,0.021658,0.522459,1.0,True,pass,,0.7237729392945766
29,28,Real-World,cublas,INT8,1,1,768,1536,0.009267,0.011059,0.837963,1.0,True,pass,,0.7237729392945766
30,29,Real-World,cublas,FP16,1,5,256,2560,0.011725,0.01367,0.857678,1.0,True,pass,,0.7794152684509754
30,29,Real-World,cublas,FP32,1,5,256,2560,0.01193,0.029491,0.404514,1.0,True,pass,,0.7794152684509754
30,29,Real-World,cublas,INT8,1,5,256,2560,,,,,False,missing,Running INT8...Error benchmarking size 1x5x256: std::exception,0.7794152684509754
31,30,Real-World,cublas,FP16,24,2,64,6144,0.009984,0.012186,0.819328,1.0,True,pass,,0.6992464065551758
31,30,Real-World,cublas,FP32,24,2,64,6144,0.012902,0.01321,0.976744,1.0,True,pass,,0.6992464065551758
31,30,Real-World,cublas,INT8,24,2,64,6144,0.008346,0.007885,1.058442,1.0,True,pass,,0.6992464065551758
32,31,Real-World,cublas,FP16,5,1,300,3000,0.01193,0.01152,1.035556,1.0,True,pass,,0.694525919854641
32,31,Real-World,cublas,FP32,5,1,300,3000,0.01193,0.03369,0.354103,1.0,True,pass,,0.694525919854641
32,31,Real-World,cublas,INT8,5,1,300,3000,0.00896,0.009933,0.902062,1.0,True,pass,,0.694525919854641
33,32,Real-World,cublas,FP16,28,16,32,28672,0.011366,0.012749,0.891566,1.0,True,pass,,0.7192652598023415
33,32,Real-World,cublas,FP32,28,16,32,28672,0.013107,0.011418,1.147982,1.0,True,pass,,0.7192652598023415
33,32,Real-World,cublas,INT8,28,16,32,28672,0.010496,0.008448,1.242424,1.0,True,pass,,0.7192652598023415
34,33,Real-World,cublas,FP16,68,16,10,21760,0.009677,0.00896,1.08,1.0,True,pass,,0.7318683378398418
34,33,Real-World,cublas,FP32,68,16,10,21760,0.010189,0.011264,0.904545,1.0,True,pass,,0.7318683378398418
34,33,Real-World,cublas,INT8,68,16,10,21760,0.009984,0.009062,1.101695,0.0,False,incorrect,Cosine similarity threshold failed,0.7318683378398418
35,34,Real-World,cublas,FP16,32,16,32,32768,0.009574,0.013005,0.73622,1.0,True,pass,,1.0187506824731827
35,34,Real-World,cublas,FP32,32,16,32,32768,0.011674,0.010854,1.075472,1.0,True,pass,,1.0187506824731827
35,34,Real-World,cublas,INT8,32,16,32,32768,0.130458,0.008499,15.349402,1.0,True,pass,,1.0187506824731827
36,35,Real-World,cublas,FP16,16,64,16,32768,0.008346,0.008192,1.01875,1.0,True,pass,,1.4347723443061113
36,35,Real-World,cublas,FP32,16,64,16,32768,0.010138,0.00983,1.03125,1.0,True,pass,,1.4347723443061113
36,35,Real-World,cublas,INT8,16,64,16,32768,0.009421,0.008704,1.082353,1.0,True,pass,,1.4347723443061113
37,36,Real-World,cublas,FP16,16,16,64,32768,0.007578,0.007629,0.993289,1.0,True,pass,,0.9261843208223581
37,36,Real-World,cublas,FP32,16,16,64,32768,0.011213,0.013158,0.85214,1.0,True,pass,,0.9261843208223581
37,36,Real-World,cublas,INT8,16,16,64,32768,0.007834,0.00809,0.968354,1.0,True,pass,,0.9261843208223581
38,37,Real-World,cublas,FP16,179,3,10,10740,0.008346,0.007629,1.09396,1.0,True,pass,,1.1818560343235731
38,37,Real-World,cublas,FP32,179,3,10,10740,0.007322,0.008909,0.821839,1.0,True,pass,,1.1818560343235731
38,37,Real-World,cublas,INT8,179,3,10,10740,,,,,False,missing,Running INT8...Error benchmarking size 179x3x10: std::exception,1.1818560343235731
39,38,Real-World,cublas,FP16,134,16,2,8576,0.007936,0.007373,1.076389,1.0,True,pass,,1.1473130360245705
39,38,Real-World,cublas,FP32,134,16,2,8576,0.007782,0.008346,0.932515,1.0,True,pass,,1.1473130360245705
39,38,Real-World,cublas,INT8,134,16,2,8576,0.003072,0.008397,0.365854,0.0,False,incorrect,Cosine similarity threshold failed,1.1473130360245705
40,39,Real-World,cublas,FP16,122,1,20,4880,0.007219,0.007987,0.903846,1.0,True,pass,,0.9487466793507338
40,39,Real-World,cublas,FP32,122,1,20,4880,0.007475,0.009882,0.756477,1.0,True,pass,,0.9487466793507338
40,39,Real-World,cublas,INT8,122,1,20,4880,0.007373,0.00809,0.911393,1.0,True,pass,,0.9487466793507338
41,40,Real-World,cublas,FP16,142,2,16,9088,0.008141,0.00768,1.06,1.0,True,pass,,1.1364765763282776
41,40,Real-World,cublas,FP32,142,2,16,9088,0.007322,0.009267,0.790055,1.0,True,pass,,1.1364765763282776
41,40,Real-World,cublas,INT8,142,2,16,9088,,,,,False,missing,Running INT8...Error benchmarking size 142x2x16: std::exception,1.1364765763282776
42,41,Real-World,cublas,FP16,1,27,96,5184,0.00727,0.008346,0.871166,1.0,True,pass,,1.1228786204010248
42,41,Real-World,cublas,FP32,1,27,96,5184,0.009574,0.016486,0.580745,1.0,True,pass,,1.1228786204010248
42,41,Real-World,cublas,INT8,1,27,96,5184,,,,,False,missing,Running INT8...Error benchmarking size 1x27x96: std::exception,1.1228786204010248
43,42,Real-World,cublas,FP16,1,96,27,5184,0.008602,0.007475,1.150685,1.0,True,pass,,0.9150314312428236
43,42,Real-World,cublas,FP32,1,96,27,5184,0.00768,0.010803,0.710901,1.0,True,pass,,0.9150314312428236
43,42,Real-World,cublas,INT8,1,96,27,5184,0.003072,0.010086,0.304569,0.0,False,incorrect,Cosine similarity threshold failed,0.9150314312428236
44,43,Real-World,cublas,FP16,66,1,40,5280,0.00768,0.007373,1.041667,1.0,True,pass,,1.0633930042386055
44,43,Real-World,cublas,FP32,66,1,40,5280,0.007731,0.011315,0.683258,1.0,True,pass,,1.0633930042386055
44,43,Real-World,cublas,INT8,66,1,40,5280,0.007322,0.007987,0.916667,1.0,True,pass,,1.0633930042386055
45,44,Real-World,cublas,FP16,16,16,80,40960,0.008192,0.00809,1.012658,1.0,True,pass,,0.9274555444717407
45,44,Real-World,cublas,FP32,16,16,80,40960,0.012902,0.014592,0.884211,1.0,True,pass,,0.9274555444717407
45,44,Real-World,cublas,INT8,16,16,80,40960,0.007782,0.008192,0.95,1.0,True,pass,,0.9274555444717407
46,45,Real-World,cublas,FP16,1,1,1536,3072,0.009574,0.011162,0.857798,1.0,True,pass,,0.9034469295293093
46,45,Real-World,cublas,FP32,1,1,1536,3072,0.010086,0.082637,0.122057,1.0,True,pass,,0.9034469295293093
46,45,Real-World,cublas,INT8,1,1,1536,3072,0.011622,0.013824,0.840741,1.0,True,pass,,0.9034469295293093
47,46,Real-World,cublas,FP16,1,1536,1,3072,0.006298,0.007373,0.854167,1.0,True,pass,,0.9507411364465952
47,46,Real-World,cublas,FP32,1,1536,1,3072,0.006502,0.00809,0.803797,1.0,True,pass,,0.9507411364465952
47,46,Real-World,cublas,INT8,1,1536,1,3072,0.003072,0.009267,0.331492,0.0,False,incorrect,Cosine similarity threshold failed,0.9507411364465952
48,47,Real-World,cublas,FP16,65,12,30,46800,0.00809,0.00768,1.053333,1.0,True,pass,,1.1151789501309395
48,47,Real-World,cublas,FP32,65,12,30,46800,0.007936,0.010394,0.763547,1.0,True,pass,,1.1151789501309395
48,47,Real-World,cublas,INT8,65,12,30,46800,,,,,False,missing,Running INT8...Error benchmarking size 65x12x30: std::exception,1.1151789501309395
49,48,Real-World,cublas,FP16,8,312,2,9984,0.007168,0.007936,0.903226,1.0,True,pass,,0.9114239681512117
49,48,Real-World,cublas,FP32,8,312,2,9984,0.008806,0.008192,1.075,1.0,True,pass,,0.9114239681512117
49,48,Real-World,cublas,INT8,8,312,2,9984,0.003533,0.00809,0.436709,0.0,False,incorrect,Cosine similarity threshold failed,0.9114239681512117
50,49,Real-World,cublas,FP16,159,10,10,31800,0.00809,0.008141,0.993711,1.0,True,pass,,1.203939137980342
50,49,Real-World,cublas,FP32,159,10,10,31800,0.008038,0.009318,0.862637,1.0,True,pass,,1.203939137980342
50,49,Real-World,cublas,INT8,159,10,10,31800,,,,,False,missing,Running INT8...Error benchmarking size 159x10x10: std::exception,1.203939137980342
51,50,Real-World,cublas,FP16,94,4,30,22560,0.007834,0.007526,1.040816,1.0,True,pass,,0.9800690431147814
51,50,Real-World,cublas,FP32,94,4,30,22560,0.007526,0.010752,0.7,1.0,True,pass,,0.9800690431147814
51,50,Real-World,cublas,INT8,94,4,30,22560,0.003174,0.008602,0.369048,0.0,False,incorrect,Cosine similarity threshold failed,0.9800690431147814
52,51,Real-World,cublas,FP16,16,16,96,49152,0.008192,0.008653,0.946746,1.0,True,pass,,0.9558361675590277
52,51,Real-World,cublas,FP32,16,16,96,49152,0.013414,0.015974,0.839744,1.0,True,pass,,0.9558361675590277
52,51,Real-World,cublas,INT8,16,16,96,49152,0.007731,0.008294,0.932099,1.0,True,pass,,0.9558361675590277
53,52,Real-World,cublas,FP16,87,24,12,50112,0.00768,0.007526,1.020408,1.0,True,pass,,1.1509554740041494
53,52,Real-World,cublas,FP32,87,24,12,50112,0.008909,0.008858,1.00578,1.0,True,pass,,1.1509554740041494
53,52,Real-World,cublas,INT8,87,24,12,50112,,,,,False,missing,Running INT8...Error benchmarking size 87x24x12: std::exception,1.1509554740041494
54,53,Real-World,cublas,FP16,1,864,3,5184,0.007117,0.007475,0.952055,1.0,True,pass,,1.0261413510888815
54,53,Real-World,cublas,FP32,1,864,3,5184,0.007014,0.009779,0.717277,1.0,True,pass,,1.0261413510888815
54,53,Real-World,cublas,INT8,1,864,3,5184,0.00343,0.009216,0.372222,0.0,False,incorrect,Cosine similarity threshold failed,1.0261413510888815
55,54,Real-World,cublas,FP16,1,3,864,5184,0.009523,0.010035,0.94898,1.0,True,pass,,1.0963532999157906
55,54,Real-World,cublas,FP32,1,3,864,5184,0.010803,0.065843,0.164075,1.0,True,pass,,1.0963532999157906
55,54,Real-World,cublas,INT8,1,3,864,5184,,,,,False,missing,Running INT8...Error benchmarking size 1x3x864: std::exception,1.0963532999157906
56,55,Real-World,cublas,FP16,32,64,16,65536,0.010547,0.014182,0.743682,1.0,True,pass,,0.7746526151895523
56,55,Real-World,cublas,FP32,32,64,16,65536,0.010803,0.009728,1.110526,1.0,True,pass,,0.7746526151895523
56,55,Real-World,cublas,INT8,32,64,16,65536,0.012134,0.009062,1.338983,1.0,True,pass,,0.7746526151895523
57,56,Real-World,cublas,FP16,32,16,64,65536,0.009882,0.012288,0.804167,1.0,True,pass,,0.7516228202730417
57,56,Real-World,cublas,FP32,32,16,64,65536,0.013107,0.013107,1.0,1.0,True,pass,,0.7516228202730417
57,56,Real-World,cublas,INT8,32,16,64,65536,0.008806,0.007987,1.102564,1.0,True,pass,,0.7516228202730417
58,57,Real-World,cublas,FP16,16,32,64,65536,0.009626,0.012134,0.793249,1.0,True,pass,,0.7522144094109535
58,57,Real-World,cublas,FP32,16,32,64,65536,0.011725,0.013517,0.867424,1.0,True,pass,,0.7522144094109535
58,57,Real-World,cublas,INT8,16,32,64,65536,0.01024,0.008038,1.273885,1.0,True,pass,,0.7522144094109535
59,58,Real-World,cublas,FP16,112,16,16,57344,0.009933,0.012237,0.811715,1.0,True,pass,,0.7480220440775156
59,58,Real-World,cublas,FP32,112,16,16,57344,0.00896,0.009318,0.961538,1.0,True,pass,,0.7480220440775156
59,58,Real-World,cublas,INT8,112,16,16,57344,0.008909,0.008038,1.10828,1.0,True,pass,,0.7480220440775156
60,59,Real-World,cublas,FP16,1,50,75,7500,0.008755,0.008243,1.062112,1.0,True,pass,,0.7184249702841043
60,59,Real-World,cublas,FP32,1,50,75,7500,0.011571,0.014438,0.801418,1.0,True,pass,,0.7184249702841043
60,59,Real-World,cublas,INT8,1,50,75,7500,0.010035,0.01152,0.871111,0.0,False,incorrect,Cosine similarity threshold failed,0.7184249702841043
61,60,Real-World,cublas,FP16,100,12,24,57600,0.009574,0.012083,0.792373,1.0,True,pass,,0.7115184683352709
61,60,Real-World,cublas,FP32,100,12,24,57600,0.009472,0.010394,0.91133,1.0,True,pass,,0.7115184683352709
61,60,Real-World,cublas,INT8,100,12,24,57600,0.00896,0.007424,1.206896,1.0,True,pass,,0.7115184683352709
62,61,Real-World,cublas,FP16,196,4,16,25088,0.010445,0.012186,0.857143,1.0,True,pass,,0.7285831570625305
62,61,Real-World,cublas,FP32,196,4,16,25088,0.008755,0.009267,0.944751,1.0,True,pass,,0.7285831570625305
62,61,Real-World,cublas,INT8,196,4,16,25088,0.008602,0.007731,1.112583,1.0,True,pass,,0.7285831570625305
63,62,Real-World,cublas,FP16,112,32,4,28672,0.009318,0.009882,0.943005,1.0,True,pass,,0.6963018998503685
63,62,Real-World,cublas,FP32,112,32,4,28672,0.010291,0.008858,1.16185,1.0,True,pass,,0.6963018998503685
63,62,Real-World,cublas,INT8,112,32,4,28672,0.012749,0.007219,1.765957,1.0,True,pass,,0.6963018998503685
64,63,Real-World,cublas,FP16,24,96,16,73728,0.00937,0.01193,0.785408,1.0,True,pass,,0.6926919426769018
64,63,Real-World,cublas,FP32,24,96,16,73728,0.010394,0.009318,1.115385,1.0,True,pass,,0.6926919426769018
64,63,Real-World,cublas,INT8,24,96,16,73728,0.011264,0.008141,1.383647,1.0,True,pass,,0.6926919426769018
65,64,Real-World,cublas,FP16,81,50,2,16200,0.009574,0.008806,1.087209,1.0,True,pass,,0.780240535736084
65,64,Real-World,cublas,FP32,81,50,2,16200,0.010189,0.008704,1.170588,1.0,True,pass,,0.780240535736084
65,64,Real-World,cublas,INT8,81,50,2,16200,,,,,False,missing,Running INT8...Error benchmarking size 81x50x2: std::exception,0.780240535736084
66,65,Real-World,cublas,FP16,16,16,128,65536,0.010342,0.012288,0.841667,1.0,True,pass,,0.6880462151020765
66,65,Real-World,cublas,FP32,16,16,128,65536,0.015667,0.018586,0.842975,1.0,True,pass,,0.6880462151020765
66,65,Real-World,cublas,INT8,16,16,128,65536,0.00896,0.008704,1.029412,1.0,True,pass,,0.6880462151020765
67,66,Real-World,cublas,FP16,16,128,16,65536,0.009574,0.012186,0.785714,1.0,True,pass,,0.6868270616978407
67,66,Real-World,cublas,FP32,16,128,16,65536,0.010752,0.009267,1.160221,1.0,True,pass,,0.6868270616978407
67,66,Real-World,cublas,INT8,16,128,16,65536,0.010547,0.00809,1.303797,1.0,True,pass,,0.6868270616978407
68,67,Real-World,cublas,FP16,128,16,16,65536,0.009421,0.012032,0.782979,1.0,True,pass,,0.6960392091423273
68,67,Real-World,cublas,FP32,128,16,16,65536,0.009011,0.009267,0.972376,1.0,True,pass,,0.6960392091423273
68,67,Real-World,cublas,INT8,128,16,16,65536,0.009062,0.008141,1.113207,1.0,True,pass,,0.6960392091423273
69,68,Real-World,cublas,FP16,33,128,1,8448,0.008243,0.007578,1.087838,1.0,True,pass,,0.6919741313904524
69,68,Real-World,cublas,FP32,33,128,1,8448,0.008243,0.008704,0.947059,1.0,True,pass,,0.6919741313904524
69,68,Real-World,cublas,INT8,33,128,1,8448,0.009728,0.008499,1.144578,0.0,False,incorrect,Cosine similarity threshold failed,0.6919741313904524
70,69,Real-World,cublas,FP16,184,8,16,47104,0.009523,0.012083,0.788136,1.0,True,pass,,0.6908241510391235
70,69,Real-World,cublas,FP32,184,8,16,47104,0.009114,0.009933,0.917526,1.0,True,pass,,0.6908241510391235
70,69,Real-World,cublas,INT8,184,8,16,47104,0.008448,0.007731,1.092715,1.0,True,pass,,0.6908241510391235
71,70,Real-World,cublas,FP16,32,3,128,24576,0.009984,0.01239,0.805785,1.0,True,pass,,0.7213950958102942
71,70,Real-World,cublas,FP32,32,3,128,24576,0.015872,0.019149,0.828877,1.0,True,pass,,0.7213950958102942
71,70,Real-World,cublas,INT8,32,3,128,24576,0.008602,0.008858,0.971098,1.0,True,pass,,0.7213950958102942
72,71,Real-World,cublas,FP16,141,8,24,54144,0.010035,0.012442,0.806584,1.0,True,pass,,0.7655629981309175
72,71,Real-World,cublas,FP32,141,8,24,54144,0.009114,0.010035,0.908163,1.0,True,pass,,0.7655629981309175
72,71,Real-World,cublas,INT8,141,8,24,54144,,,,,False,missing,Running INT8...Error benchmarking size 141x8x24: std::exception,0.7655629981309175
73,72,Real-World,cublas,FP16,87,3,50,26100,0.010138,0.008806,1.151163,1.0,True,pass,,0.7715405896306038
73,72,Real-World,cublas,FP32,87,3,50,26100,0.009318,0.012954,0.719368,1.0,True,pass,,0.7715405896306038
73,72,Real-World,cublas,INT8,87,3,50,26100,,,,,False,missing,Running INT8...Error benchmarking size 87x3x50: std::exception,0.7715405896306038
74,73,Real-World,cublas,FP16,1,192,24,9216,0.008704,0.012237,0.711297,1.0,True,pass,,0.7796465996652842
74,73,Real-World,cublas,FP32,1,192,24,9216,0.008602,0.009933,0.865979,1.0,True,pass,,0.7796465996652842
74,73,Real-World,cublas,INT8,1,192,24,9216,,,,,False,missing,Running INT8...Error benchmarking size 1x192x24: std::exception,0.7796465996652842
75,74,Real-World,cublas,FP16,1,24,192,9216,0.012442,0.013261,0.938224,1.0,True,pass,,0.8848399184644222
75,74,Real-World,cublas,FP32,1,24,192,9216,0.014387,0.024576,0.585417,1.0,True,pass,,0.8848399184644222
75,74,Real-World,cublas,INT8,1,24,192,9216,,,,,False,missing,Running INT8...Error benchmarking size 1x24x192: std::exception,0.8848399184644222
76,75,Real-World,cublas,FP16,144,16,16,73728,0.010138,0.012544,0.808163,1.0,True,pass,,0.7558150198310614
76,75,Real-World,cublas,FP32,144,16,16,73728,0.009216,0.009421,0.978261,1.0,True,pass,,0.7558150198310614
76,75,Real-World,cublas,INT8,144,16,16,73728,0.009165,0.008243,1.111801,1.0,True,pass,,0.7558150198310614
77,76,Real-World,cublas,FP16,134,10,25,67000,0.009984,0.007629,1.308725,1.0,True,pass,,0.7075934857130051
77,76,Real-World,cublas,FP32,134,10,25,67000,0.009267,0.010701,0.866029,1.0,True,pass,,0.7075934857130051
77,76,Real-World,cublas,INT8,134,10,25,67000,0.009984,0.008653,1.153846,0.0,False,incorrect,Cosine similarity threshold failed,0.7075934857130051
78,77,Real-World,cublas,FP16,32,32,64,131072,0.009318,0.012083,0.771186,1.0,True,pass,,0.6990656573325396
78,77,Real-World,cublas,FP32,32,32,64,131072,0.011622,0.013466,0.863118,1.0,True,pass,,0.6990656573325396
78,77,Real-World,cublas,INT8,32,32,64,131072,0.010547,0.008038,1.312102,1.0,True,pass,,0.6990656573325396
79,78,Real-World,cublas,FP16,155,16,16,79360,0.010445,0.012186,0.857143,1.0,True,pass,,0.822342537343502
79,78,Real-World,cublas,FP32,155,16,16,79360,0.00937,0.009779,0.958115,1.0,True,pass,,0.822342537343502
79,78,Real-World,cublas,INT8,155,16,16,79360,,,,,False,missing,Running INT8...Error benchmarking size 155x16x16: std::exception,0.822342537343502
80,79,Real-World,cublas,FP16,1,100,51,10200,0.008653,0.007578,1.141892,1.0,True,pass,,0.7144650910049677
80,79,Real-World,cublas,FP32,1,100,51,10200,0.008653,0.012902,0.670635,1.0,True,pass,,0.7144650910049677
80,79,Real-World,cublas,INT8,1,100,51,10200,0.009882,0.008499,1.162651,0.0,False,incorrect,Cosine similarity threshold failed,0.7144650910049677
81,80,Real-World,cublas,FP16,64,10,64,81920,0.010086,0.01239,0.81405,1.0,True,pass,,0.7484302166849375
81,80,Real-World,cublas,FP32,64,10,64,81920,0.009574,0.013926,0.6875,1.0,True,pass,,0.7484302166849375
81,80,Real-World,cublas,INT8,64,10,64,81920,0.009626,0.008499,1.13253,1.0,True,pass,,0.7484302166849375
82,81,Real-World,cublas,FP16,162,1,32,10368,0.008397,0.012237,0.686192,1.0,True,pass,,0.7416553758084774
82,81,Real-World,cublas,FP32,162,1,32,10368,0.008755,0.01111,0.788019,1.0,True,pass,,0.7416553758084774
82,81,Real-World,cublas,INT8,162,1,32,10368,0.008499,0.007834,1.084967,1.0,True,pass,,0.7416553758084774
83,82,Real-World,cublas,FP16,85,32,23,125120,0.010752,0.007782,1.381579,1.0,True,pass,,0.7003178726881742
83,82,Real-World,cublas,FP32,85,32,23,125120,0.01111,0.009984,1.11282,1.0,True,pass,,0.7003178726881742
83,82,Real-World,cublas,INT8,85,32,23,125120,0.01024,0.008448,1.212121,0.0,False,incorrect,Cosine similarity threshold failed,0.7003178726881742
84,83,Real-World,cublas,FP16,32,9,128,73728,0.010138,0.012749,0.795181,1.0,True,pass,,0.7264648526906967
84,83,Real-World,cublas,FP32,32,9,128,73728,0.015974,0.01879,0.850136,1.0,True,pass,,0.7264648526906967
84,83,Real-World,cublas,INT8,32,9,128,73728,0.008704,0.008243,1.0559,1.0,True,pass,,0.7264648526906967
85,84,Real-World,cublas,FP16,154,4,32,39424,0.010547,0.012237,0.861925,1.0,True,pass,,0.8313107136636972
85,84,Real-World,cublas,FP32,154,4,32,39424,0.008909,0.010803,0.824645,1.0,True,pass,,0.8313107136636972
85,84,Real-World,cublas,INT8,154,4,32,39424,,,,,False,missing,Running INT8...Error benchmarking size 154x4x32: std::exception,0.8313107136636972
86,85,Real-World,cublas,FP16,32,10,128,81920,0.010291,0.013261,0.776062,1.0,True,pass,,0.7421834208071232
86,85,Real-World,cublas,FP32,32,10,128,81920,0.015923,0.019302,0.824934,1.0,True,pass,,0.7421834208071232
86,85,Real-World,cublas,INT8,32,10,128,81920,0.009165,0.008243,1.111801,1.0,True,pass,,0.7421834208071232
87,86,Real-World,cublas,FP16,196,5,24,47040,0.010394,0.01239,0.838843,1.0,True,pass,,0.7699408289045095
87,86,Real-World,cublas,FP32,196,5,24,47040,0.009216,0.010086,0.913705,1.0,True,pass,,0.7699408289045095
87,86,Real-World,cublas,INT8,196,5,24,47040,0.00896,0.007731,1.15894,1.0,True,pass,,0.7699408289045095
88,87,Real-World,cublas,FP16,176,16,16,90112,0.009523,0.01239,0.768595,1.0,True,pass,,0.738990243524313
88,87,Real-World,cublas,FP32,176,16,16,90112,0.009165,0.009677,0.94709,1.0,True,pass,,0.738990243524313
88,87,Real-World,cublas,INT8,176,16,16,90112,0.008858,0.008141,1.08805,1.0,True,pass,,0.738990243524313
89,88,Real-World,cublas,FP16,112,16,32,114688,0.009984,0.012288,0.8125,1.0,True,pass,,0.7545634470880032
89,88,Real-World,cublas,FP32,112,16,32,114688,0.009318,0.011059,0.842593,1.0,True,pass,,0.7545634470880032
89,88,Real-World,cublas,INT8,112,16,32,114688,0.009165,0.008192,1.11875,1.0,True,pass,,0.7545634470880032
90,89,Real-World,cublas,FP16,20,10,192,76800,0.012186,0.01321,0.922481,1.0,True,pass,,0.8731193579733372
90,89,Real-World,cublas,FP32,20,10,192,76800,0.019149,0.024218,0.790698,1.0,True,pass,,0.8731193579733372
90,89,Real-World,cublas,INT8,20,10,192,76800,0.00896,0.008602,1.041667,1.0,True,pass,,0.8731193579733372
91,90,Real-World,cublas,FP16,77,8,64,78848,0.010445,0.012544,0.832653,1.0,True,pass,,0.8206881452351809
91,90,Real-World,cublas,FP32,77,8,64,78848,0.009472,0.013824,0.685185,1.0,True,pass,,0.8206881452351809
91,90,Real-World,cublas,INT8,77,8,64,78848,,,,,False,missing,Running INT8...Error benchmarking size 77x8x64: std::exception,0.8206881452351809
92,91,Real-World,cublas,FP16,16,64,64,131072,0.010445,0.013056,0.8,1.0,True,pass,,1.0026036947965622
92,91,Real-World,cublas,FP32,16,64,64,131072,0.010291,0.013517,0.761364,1.0,True,pass,,1.0026036947965622
92,91,Real-World,cublas,INT8,16,64,64,131072,0.008704,0.008141,1.069182,1.0,True,pass,,1.0026036947965622
93,92,Real-World,cublas,FP16,64,64,16,131072,0.009421,0.010752,0.876191,1.0,True,pass,,1.0886405371129513
93,92,Real-World,cublas,FP32,64,64,16,131072,0.009318,0.008397,1.109756,1.0,True,pass,,1.0886405371129513
93,92,Real-World,cublas,INT8,64,64,16,131072,0.008653,0.009011,0.960227,1.0,True,pass,,1.0886405371129513
94,93,Real-World,cublas,FP16,35,16,112,125440,0.01065,0.009677,1.100529,1.0,True,pass,,1.4231385122984648
94,93,Real-World,cublas,FP32,35,16,112,125440,0.017152,0.019251,0.890957,1.0,True,pass,,1.4231385122984648
94,93,Real-World,cublas,INT8,35,16,112,125440,,,,,False,missing,Running INT8...Error benchmarking size 35x16x112: std::exception,1.4231385122984648
95,94,Real-World,cublas,FP16,29,64,48,178176,0.008499,0.007424,1.144828,1.0,True,pass,,1.200076013803482
95,94,Real-World,cublas,FP32,29,64,48,178176,0.010291,0.012237,0.841004,1.0,True,pass,,1.200076013803482
95,94,Real-World,cublas,INT8,29,64,48,178176,,,,,False,missing,Running INT8...Error benchmarking size 29x64x48: std::exception,1.200076013803482
96,95,Real-World,cublas,FP16,16,16,192,98304,0.00896,0.009472,0.945946,1.0,True,pass,,1.0204466450959444
96,95,Real-World,cublas,FP32,16,16,192,98304,0.018278,0.023962,0.76282,1.0,True,pass,,1.0204466450959444
96,95,Real-World,cublas,INT8,16,16,192,98304,0.008192,0.008397,0.97561,1.0,True,pass,,1.0204466450959444
97,96,Real-World,cublas,FP16,16,32,128,131072,0.008141,0.008448,0.963636,1.0,True,pass,,0.9339882079511881
97,96,Real-World,cublas,FP32,16,32,128,131072,0.012083,0.018893,0.639566,1.0,True,pass,,0.9339882079511881
97,96,Real-World,cublas,INT8,16,32,128,131072,0.008346,0.008397,0.993903,1.0,True,pass,,0.9339882079511881
98,97,Real-World,cublas,FP16,32,16,128,131072,0.008806,0.00896,0.982857,1.0,True,pass,,1.033586686477065
98,97,Real-World,cublas,FP32,32,16,128,131072,0.015155,0.019098,0.793566,1.0,True,pass,,1.033586686477065
98,97,Real-World,cublas,INT8,32,16,128,131072,0.007834,0.008806,0.889535,1.0,True,pass,,1.033586686477065
99,98,Real-World,cublas,FP16,32,128,16,131072,0.007322,0.007629,0.959732,1.0,True,pass,,0.9134537559002638
99,98,Real-World,cublas,FP32,32,128,16,131072,0.009216,0.009114,1.011236,1.0,True,pass,,0.9134537559002638
99,98,Real-World,cublas,INT8,32,128,16,131072,0.008243,0.007987,1.032052,1.0,True,pass,,0.9134537559002638
100,99,Real-World,cublas,FP16,16,128,32,131072,0.007526,0.007526,1.0,1.0,True,pass,,1.017530096694827
100,99,Real-World,cublas,FP32,16,128,32,131072,0.009523,0.010906,0.873239,1.0,True,pass,,1.017530096694827
100,99,Real-World,cublas,INT8,16,128,32,131072,0.008653,0.008141,1.062893,1.0,True,pass,,1.017530096694827
101,100,Real-World,cublas,FP16,128,16,32,131072,0.007475,0.007424,1.006897,1.0,True,pass,,1.0292122811079025
101,100,Real-World,cublas,FP32,128,16,32,131072,0.008909,0.011008,0.809302,1.0,True,pass,,1.0292122811079025
101,100,Real-World,cublas,INT8,128,16,32,131072,0.007885,0.008192,0.9625,1.0,True,pass,,1.0292122811079025
102,101,Real-World,cublas,FP16,16,16,208,106496,0.009574,0.010291,0.930348,1.0,True,pass,,0.9817573558539152
102,101,Real-World,cublas,FP32,16,16,208,106496,0.020019,0.026163,0.765166,1.0,True,pass,,0.9817573558539152
102,101,Real-World,cublas,INT8,16,16,208,106496,0.00809,0.00937,0.863388,1.0,True,pass,,0.9817573558539152
103,102,Real-World,cublas,FP16,208,16,16,106496,0.007629,0.007629,1.0,1.0,True,pass,,0.9443602673709393
103,102,Real-World,cublas,FP32,208,16,16,106496,0.008243,0.009216,0.894445,1.0,True,pass,,0.9443602673709393
103,102,Real-World,cublas,INT8,208,16,16,106496,0.007885,0.007936,0.993549,1.0,True,pass,,0.9443602673709393
104,103,Real-World,cublas,FP16,95,32,32,194560,0.008294,0.007629,1.087249,1.0,True,pass,,1.1155586019158363
104,103,Real-World,cublas,FP32,95,32,32,194560,0.009626,0.010752,0.895238,1.0,True,pass,,1.1155586019158363
104,103,Real-World,cublas,INT8,95,32,32,194560,,,,,False,missing,Running INT8...Error benchmarking size 95x32x32: std::exception,1.1155586019158363
105,104,Real-World,cublas,FP16,61,32,56,218624,0.008294,0.007526,1.102041,1.0,True,pass,,1.131290141493082
105,104,Real-World,cublas,FP32,61,32,56,218624,0.010496,0.013056,0.803922,1.0,True,pass,,1.131290141493082
105,104,Real-World,cublas,INT8,61,32,56,218624,,,,,False,missing,Running INT8...Error benchmarking size 61x32x56: std::exception,1.131290141493082
106,105,Real-World,cublas,FP16,72,2,96,27648,0.00855,0.00855,1.0,1.0,True,pass,,0.9859834909439087
106,105,Real-World,cublas,FP32,72,2,96,27648,0.008294,0.016742,0.495413,1.0,True,pass,,0.9859834909439087
106,105,Real-World,cublas,INT8,72,2,96,27648,0.007731,0.009011,0.857955,1.0,True,pass,,0.9859834909439087
107,106,Real-World,cublas,FP16,103,4,64,52736,0.007987,0.007782,1.026316,1.0,True,pass,,1.1888028997927904
107,106,Real-World,cublas,FP32,103,4,64,52736,0.007885,0.013517,0.583333,1.0,True,pass,,1.1888028997927904
107,106,Real-World,cublas,INT8,103,4,64,52736,,,,,False,missing,Running INT8...Error benchmarking size 103x4x64: std::exception,1.1888028997927904
108,107,Real-World,cublas,FP16,16,64,80,163840,0.008346,0.008294,1.006173,1.0,True,pass,,0.9421787764877081
108,107,Real-World,cublas,FP32,16,64,80,163840,0.010957,0.014899,0.735395,1.0,True,pass,,0.9421787764877081
108,107,Real-World,cublas,INT8,16,64,80,163840,0.008192,0.008499,0.963855,1.0,True,pass,,0.9421787764877081
109,108,Real-World,cublas,FP16,82,16,64,167936,0.008448,0.007578,1.114865,1.0,True,pass,,1.1158600952476263
109,108,Real-World,cublas,FP32,82,16,64,167936,0.008704,0.013312,0.653846,1.0,True,pass,,1.1158600952476263
109,108,Real-World,cublas,INT8,82,16,64,167936,,,,,False,missing,Running INT8...Error benchmarking size 82x16x64: std::exception,1.1158600952476263
110,109,Real-World,cublas,FP16,193,24,14,129696,0.008346,0.007782,1.072369,1.0,True,pass,,1.2096868865191936
110,109,Real-World,cublas,FP32,193,24,14,129696,0.009267,0.010342,0.89604,1.0,True,pass,,1.2096868865191936
110,109,Real-World,cublas,INT8,193,24,14,129696,,,,,False,missing,Running INT8...Error benchmarking size 193x24x14: std::exception,1.2096868865191936
111,110,Real-World,cublas,FP16,1,75,100,15000,0.007629,0.008448,0.90303,1.0,True,pass,,1.271043237298727
111,110,Real-World,cublas,FP32,1,75,100,15000,0.01024,0.017306,0.591716,1.0,True,pass,,1.271043237298727
111,110,Real-World,cublas,INT8,1,75,100,15000,,,,,False,missing,Running INT8...Error benchmarking size 1x75x100: std::exception,1.271043237298727
112,111,Real-World,cublas,FP16,25,1,300,15000,0.009933,0.010957,0.906542,1.0,True,pass,,1.0401168800890446
112,111,Real-World,cublas,FP32,25,1,300,15000,0.009882,0.03625,0.272599,1.0,True,pass,,1.0401168800890446
112,111,Real-World,cublas,INT8,25,1,300,15000,0.007629,0.012083,0.631356,1.0,True,pass,,1.0401168800890446
113,112,Real-World,cublas,FP16,112,16,48,172032,0.007885,0.00768,1.026667,1.0,True,pass,,0.9202239718288183
113,112,Real-World,cublas,FP32,112,16,48,172032,0.008858,0.012544,0.706122,1.0,True,pass,,0.9202239718288183
113,112,Real-World,cublas,INT8,112,16,48,172032,0.00768,0.008192,0.9375,1.0,True,pass,,0.9202239718288183
114,113,Real-World,cublas,FP16,78,1,100,15600,0.009882,0.009882,1.0,1.0,True,pass,,0.7635288797318935
114,113,Real-World,cublas,FP32,78,1,100,15600,0.011981,0.017152,0.698507,1.0,True,pass,,0.7635288797318935
114,113,Real-World,cublas,INT8,78,1,100,15600,0.008397,0.007782,1.078947,1.0,True,pass,,0.7635288797318935
115,114,Real-World,cublas,FP16,24,192,16,147456,0.009574,0.012083,0.792373,1.0,True,pass,,0.7362715117633343
115,114,Real-World,cublas,FP32,24,192,16,147456,0.010598,0.009318,1.137363,1.0,True,pass,,0.7362715117633343
115,114,Real-World,cublas,INT8,24,192,16,147456,0.012134,0.008346,1.453987,1.0,True,pass,,0.7362715117633343
116,115,Real-World,cublas,FP16,32,64,64,262144,0.009574,0.011878,0.806034,1.0,True,pass,,0.7042074352502823
116,115,Real-World,cublas,FP32,32,64,64,262144,0.011776,0.013568,0.867925,1.0,True,pass,,0.7042074352502823
116,115,Real-World,cublas,INT8,32,64,64,262144,0.010445,0.008038,1.299363,1.0,True,pass,,0.7042074352502823
117,116,Real-World,cublas,FP16,16,256,16,131072,0.009267,0.01193,0.776824,1.0,True,pass,,0.7250866387039423
117,116,Real-World,cublas,FP32,16,256,16,131072,0.011162,0.010086,1.106599,1.0,True,pass,,0.7250866387039423
117,116,Real-World,cublas,INT8,16,256,16,131072,0.010291,0.008192,1.25625,1.0,True,pass,,0.7250866387039423
118,117,Real-World,cublas,FP16,16,16,256,131072,0.010854,0.013875,0.782288,1.0,True,pass,,0.6978550888597965
118,117,Real-World,cublas,FP32,16,16,256,131072,0.021811,0.029747,0.733219,1.0,True,pass,,0.6978550888597965
118,117,Real-World,cublas,INT8,16,16,256,131072,0.009267,0.00937,0.989071,1.0,True,pass,,0.6978550888597965
119,118,Real-World,cublas,FP16,1,32,256,16384,0.013312,0.014336,0.928571,1.0,True,pass,,0.8009959869086742
119,118,Real-World,cublas,FP32,1,32,256,16384,0.013466,0.030106,0.447279,1.0,True,pass,,0.8009959869086742
119,118,Real-World,cublas,INT8,1,32,256,16384,,,,,False,missing,Running INT8...Error benchmarking size 1x32x256: std::exception,0.8009959869086742
120,119,Real-World,cublas,FP16,128,1,65,16640,0.009114,0.007834,1.163398,1.0,True,pass,,0.7298558801412582
120,119,Real-World,cublas,FP32,128,1,65,16640,0.012083,0.014387,0.839858,1.0,True,pass,,0.7298558801412582
120,119,Real-World,cublas,INT8,128,1,65,16640,0.009933,0.012186,0.815126,0.0,False,incorrect,Cosine similarity threshold failed,0.7298558801412582
121,120,Real-World,cublas,FP16,153,7,48,102816,0.009882,0.01193,0.828326,1.0,True,pass,,0.7695878446102142
121,120,Real-World,cublas,FP32,153,7,48,102816,0.009677,0.012134,0.797468,1.0,True,pass,,0.7695878446102142
121,120,Real-World,cublas,INT8,153,7,48,102816,,,,,False,missing,Running INT8...Error benchmarking size 153x7x48: std::exception,0.7695878446102142
122,121,Real-World,cublas,FP16,16,48,128,196608,0.00983,0.012698,0.774193,1.0,True,pass,,0.7512126713991165
122,121,Real-World,cublas,FP32,16,48,128,196608,0.013005,0.018893,0.688347,1.0,True,pass,,0.7512126713991165
122,121,Real-World,cublas,INT8,16,48,128,196608,0.010342,0.008294,1.246914,1.0,True,pass,,0.7512126713991165
123,122,Real-World,cublas,FP16,176,16,32,180224,0.009882,0.012083,0.817796,1.0,True,pass,,0.7012125048786402
123,122,Real-World,cublas,FP32,176,16,32,180224,0.009216,0.010957,0.841121,1.0,True,pass,,0.7012125048786402
123,122,Real-World,cublas,INT8,176,16,32,180224,0.009267,0.008243,1.124223,1.0,True,pass,,0.7012125048786402
124,123,Real-World,cublas,FP16,1,69,128,17664,0.008602,0.012544,0.685714,1.0,True,pass,,0.7841753829270601
124,123,Real-World,cublas,FP32,1,69,128,17664,0.012186,0.018995,0.64151,1.0,True,pass,,0.7841753829270601
124,123,Real-World,cublas,INT8,1,69,128,17664,,,,,False,missing,Running INT8...Error benchmarking size 1x69x128: std::exception,0.7841753829270601
125,124,Real-World,cublas,FP16,20,1,432,17280,0.014234,0.0128,1.112,1.0,True,pass,,0.7292272597551346
125,124,Real-World,cublas,FP32,20,1,432,17280,0.01193,0.044493,0.268124,1.0,True,pass,,0.7292272597551346
125,124,Real-World,cublas,INT8,20,1,432,17280,0.009165,0.010086,0.908629,1.0,True,pass,,0.7292272597551346
126,125,Real-World,cublas,FP16,8,1,1024,16384,0.011827,0.01408,0.84,1.0,True,pass,,0.6948299910873175
126,125,Real-World,cublas,FP32,8,1,1024,16384,0.011674,0.054016,0.216114,1.0,True,pass,,0.6948299910873175
126,125,Real-World,cublas,INT8,8,1,1024,16384,0.009984,0.012134,0.822785,1.0,True,pass,,0.6948299910873175
127,126,Real-World,cublas,FP16,108,64,16,221184,0.009574,0.012698,0.754032,1.0,True,pass,,0.6868402920663357
127,126,Real-World,cublas,FP32,108,64,16,221184,0.010547,0.009728,1.084211,1.0,True,pass,,0.6868402920663357
127,126,Real-World,cublas,INT8,108,64,16,221184,0.013978,0.008038,1.738853,1.0,True,pass,,0.6868402920663357
128,127,Real-World,cublas,FP16,32,64,80,327680,0.010035,0.012595,0.796748,1.0,True,pass,,0.698048148304224
128,127,Real-World,cublas,FP32,32,64,80,327680,0.012442,0.014746,0.84375,1.0,True,pass,,0.698048148304224
128,127,Real-World,cublas,INT8,32,64,80,327680,0.010496,0.00855,1.227545,1.0,True,pass,,0.698048148304224
129,128,Real-World,cublas,FP16,32,128,36,294912,0.009574,0.009267,1.033149,1.0,True,pass,,0.691271374002099
129,128,Real-World,cublas,FP32,32,128,36,294912,0.012032,0.011315,1.063349,1.0,True,pass,,0.691271374002099
129,128,Real-World,cublas,INT8,32,128,36,294912,0.014592,0.007014,2.080292,1.0,True,pass,,0.691271374002099
130,129,Real-World,cublas,FP16,194,1,50,19400,0.00855,0.008806,0.97093,1.0,True,pass,,0.6873923018574715
130,129,Real-World,cublas,FP32,194,1,50,19400,0.008602,0.012698,0.677419,1.0,True,pass,,0.6873923018574715
130,129,Real-World,cublas,INT8,194,1,50,19400,0.009728,0.007219,1.347518,0.0,False,incorrect,Cosine similarity threshold failed,0.6873923018574715
131,130,Real-World,cublas,FP16,112,64,16,229376,0.009626,0.012237,0.786611,1.0,True,pass,,0.7277049925178289
131,130,Real-World,cublas,FP32,112,64,16,229376,0.010445,0.009267,1.127072,1.0,True,pass,,0.7277049925178289
131,130,Real-World,cublas,INT8,112,64,16,229376,0.010445,0.008038,1.299363,1.0,True,pass,,0.7277049925178289
132,131,Real-World,cublas,FP16,16,16,304,155648,0.011162,0.027597,0.404453,1.0,True,pass,,0.8394200280308723
132,131,Real-World,cublas,FP32,16,16,304,155648,0.024883,0.033946,0.733032,1.0,True,pass,,0.8394200280308723
132,131,Real-World,cublas,INT8,16,16,304,155648,0.009011,0.009779,0.921466,1.0,True,pass,,0.8394200280308723
133,132,Real-World,cublas,FP16,16,112,64,229376,0.009114,0.011878,0.767241,1.0,True,pass,,1.0412370394915342
133,132,Real-World,cublas,FP32,16,112,64,229376,0.01065,0.028314,0.37613,1.0,True,pass,,1.0412370394915342
133,132,Real-World,cublas,INT8,16,112,64,229376,0.008499,0.008909,0.954023,1.0,True,pass,,1.0412370394915342
134,133,Real-World,cublas,FP16,127,24,48,292608,0.008704,0.008243,1.055901,1.0,True,pass,,1.357545556500554
134,133,Real-World,cublas,FP32,127,24,48,292608,0.011776,0.013363,0.881226,1.0,True,pass,,1.357545556500554
134,133,Real-World,cublas,INT8,127,24,48,292608,,,,,False,missing,Running INT8...Error benchmarking size 127x24x48: std::exception,1.357545556500554
135,134,Real-World,cublas,FP16,136,64,8,139264,0.007373,0.007629,0.966443,1.0,True,pass,,1.037154946476221
135,134,Real-World,cublas,FP32,136,64,8,139264,0.008346,0.008141,1.025157,1.0,True,pass,,1.037154946476221
135,134,Real-World,cublas,INT8,136,64,8,139264,0.01193,0.00809,1.474684,1.0,True,pass,,1.037154946476221
136,135,Real-World,cublas,FP16,43,12,180,185760,0.009882,0.009011,1.096591,1.0,True,pass,,1.2107470650225878
136,135,Real-World,cublas,FP32,43,12,180,185760,0.020275,0.023501,0.862745,1.0,True,pass,,1.2107470650225878
136,135,Real-World,cublas,INT8,43,12,180,185760,,,,,False,missing,Running INT8...Error benchmarking size 43x12x180: std::exception,1.2107470650225878
137,136,Real-World,cublas,FP16,32,75,75,360000,0.009677,0.008653,1.118343,1.0,True,pass,,1.0742985364049673
137,136,Real-World,cublas,FP32,32,75,75,360000,0.011725,0.015667,0.748366,1.0,True,pass,,1.0742985364049673
137,136,Real-World,cublas,INT8,32,75,75,360000,0.003379,0.016589,0.203704,0.0,False,incorrect,Cosine similarity threshold failed,1.0742985364049673
138,137,Real-World,cublas,FP16,32,16,208,212992,0.009882,0.00983,1.005208,1.0,True,pass,,1.003922013565898
138,137,Real-World,cublas,FP32,32,16,208,212992,0.020326,0.026982,0.753321,1.0,True,pass,,1.003922013565898
138,137,Real-World,cublas,INT8,32,16,208,212992,0.008192,0.009216,0.888889,1.0,True,pass,,1.003922013565898
139,138,Real-World,cublas,FP16,208,16,32,212992,0.007475,0.007987,0.935898,1.0,True,pass,,1.0367756392806768
139,138,Real-World,cublas,FP32,208,16,32,212992,0.008397,0.010803,0.777251,1.0,True,pass,,1.0367756392806768
139,138,Real-World,cublas,INT8,208,16,32,212992,0.007987,0.007578,1.054054,1.0,True,pass,,1.0367756392806768
140,139,Real-World,cublas,FP16,30,5,300,90000,0.01239,0.011059,1.120371,1.0,True,pass,,1.2122955229133368
140,139,Real-World,cublas,FP32,30,5,300,90000,0.029286,0.036966,0.792244,1.0,True,pass,,1.2122955229133368
140,139,Real-World,cublas,INT8,30,5,300,90000,,,,,False,missing,Running INT8...Error benchmarking size 30x5x300: std::exception,1.2122955229133368
141,140,Real-World,cublas,FP16,32,9,256,147456,0.009728,0.010394,0.93596,1.0,True,pass,,0.9559651259332895
141,140,Real-World,cublas,FP32,32,9,256,147456,0.02217,0.029747,0.745267,1.0,True,pass,,0.9559651259332895
141,140,Real-World,cublas,INT8,32,9,256,147456,0.008243,0.00937,0.879782,1.0,True,pass,,0.9559651259332895
142,141,Real-World,cublas,FP16,8,6,768,73728,0.011469,0.009933,1.154639,1.0,True,pass,,1.0535277165472507
142,141,Real-World,cublas,FP32,8,6,768,73728,0.05079,0.028518,1.78097,1.0,True,pass,,1.0535277165472507
142,141,Real-World,cublas,INT8,8,6,768,73728,0.009472,0.011264,0.840909,1.0,True,pass,,1.0535277165472507
143,142,Real-World,cublas,FP16,1,432,24,20736,0.007424,0.007731,0.960265,1.0,True,pass,,1.194502379745245
143,142,Real-World,cublas,FP32,1,432,24,20736,0.007168,0.009472,0.756757,1.0,True,pass,,1.194502379745245
143,142,Real-World,cublas,INT8,1,432,24,20736,,,,,False,missing,Running INT8...Error benchmarking size 1x432x24: std::exception,1.194502379745245
144,143,Real-World,cublas,FP16,159,48,16,244224,0.008141,0.007629,1.067114,1.0,True,pass,,1.2053169962018728
144,143,Real-World,cublas,FP32,159,48,16,244224,0.009062,0.009216,0.983333,1.0,True,pass,,1.2053169962018728
144,143,Real-World,cublas,INT8,159,48,16,244224,,,,,False,missing,Running INT8...Error benchmarking size 159x48x16: std::exception,1.2053169962018728
145,144,Real-World,cublas,FP16,143,10,64,183040,0.007834,0.007373,1.0625,1.0,True,pass,,1.2015818860381842
145,144,Real-World,cublas,FP32,143,10,64,183040,0.008243,0.01367,0.602996,1.0,True,pass,,1.2015818860381842
145,144,Real-World,cublas,INT8,143,10,64,183040,,,,,False,missing,Running INT8...Error benchmarking size 143x10x64: std::exception,1.2015818860381842
146,145,Real-World,cublas,FP16,64,128,16,262144,0.007219,0.007373,0.979167,1.0,True,pass,,0.9396689757704735
146,145,Real-World,cublas,FP32,64,128,16,262144,0.009216,0.009011,1.022727,1.0,True,pass,,0.9396689757704735
146,145,Real-World,cublas,INT8,64,128,16,262144,0.008806,0.008038,1.095541,1.0,True,pass,,0.9396689757704735
147,146,Real-World,cublas,FP16,64,16,128,262144,0.008192,0.008806,0.930232,1.0,True,pass,,1.0071618277579546
147,146,Real-World,cublas,FP32,64,16,128,262144,0.009523,0.018893,0.504065,1.0,True,pass,,1.0071618277579546
147,146,Real-World,cublas,INT8,64,16,128,262144,0.007936,0.008346,0.95092,1.0,True,pass,,1.0071618277579546
148,147,Real-World,cublas,FP16,16,64,128,262144,0.007936,0.008243,0.962733,1.0,True,pass,,0.9515689052641392
148,147,Real-World,cublas,FP32,16,64,128,262144,0.012442,0.01879,0.662125,1.0,True,pass,,0.9515689052641392
148,147,Real-World,cublas,INT8,16,64,128,262144,0.008192,0.008397,0.97561,1.0,True,pass,,0.9515689052641392
149,148,Real-World,cublas,FP16,133,64,16,272384,0.007936,0.007629,1.040269,1.0,True,pass,,1.2071964610368013
149,148,Real-World,cublas,FP32,133,64,16,272384,0.008806,0.009114,0.966292,1.0,True,pass,,1.2071964610368013
149,148,Real-World,cublas,INT8,133,64,16,272384,,,,,False,missing,Running INT8...Error benchmarking size 133x64x16: std::exception,1.2071964610368013
150,149,Real-World,cublas,FP16,85,4,128,87040,0.009318,0.008243,1.130434,1.0,True,pass,,1.2114273644983768
150,149,Real-World,cublas,FP32,85,4,128,87040,0.007782,0.019149,0.406417,1.0,True,pass,,1.2114273644983768
150,149,Real-World,cublas,INT8,85,4,128,87040,,,,,False,missing,Running INT8...Error benchmarking size 85x4x128: std::exception,1.2114273644983768
151,150,Real-World,cublas,FP16,144,2,80,46080,0.008141,0.00855,0.952096,1.0,True,pass,,1.0050106905400753
151,150,Real-World,cublas,FP32,144,2,80,46080,0.007782,0.014694,0.529617,1.0,True,pass,,1.0050106905400753
151,150,Real-World,cublas,INT8,144,2,80,46080,0.007629,0.008448,0.90303,1.0,True,pass,,1.0050106905400753
152,151,Real-World,cublas,FP16,16,80,112,286720,0.008192,0.008192,1.0,1.0,True,pass,,0.9951978381723166
152,151,Real-World,cublas,FP32,16,80,112,286720,0.011878,0.017971,0.660969,1.0,True,pass,,0.9951978381723166
152,151,Real-World,cublas,INT8,16,80,112,286720,0.008499,0.008602,0.988095,1.0,True,pass,,0.9951978381723166
153,152,Real-World,cublas,FP16,64,64,64,524288,0.009677,0.011981,0.807692,1.0,True,pass,,0.8525847438722849
153,152,Real-World,cublas,FP32,64,64,64,524288,0.011878,0.013722,0.865672,1.0,True,pass,,0.8525847438722849
153,152,Real-World,cublas,INT8,64,64,64,524288,0.010394,0.008243,1.26087,1.0,True,pass,,0.8525847438722849
154,153,Real-World,cublas,FP16,16,96,96,294912,0.01239,0.012646,0.979757,1.0,True,pass,,0.7832907941192389
154,153,Real-World,cublas,FP32,16,96,96,294912,0.012237,0.016282,0.751572,1.0,True,pass,,0.7832907941192389
154,153,Real-World,cublas,INT8,16,96,96,294912,0.010342,0.008346,1.239264,1.0,True,pass,,0.7832907941192389
155,154,Real-World,cublas,FP16,10,2,1024,40960,0.015155,0.014438,1.049645,1.0,True,pass,,0.7971914559602737
155,154,Real-World,cublas,FP32,10,2,1024,40960,0.058573,0.054528,1.074179,1.0,True,pass,,0.7971914559602737
155,154,Real-World,cublas,INT8,10,2,1024,40960,,,,,False,missing,Running INT8...Error benchmarking size 10x2x1024: std::exception,0.7971914559602737
156,155,Real-World,cublas,FP16,50,100,50,500000,0.009574,0.008858,1.080925,1.0,True,pass,,0.7086069006472826
156,155,Real-World,cublas,FP32,50,100,50,500000,0.011827,0.012851,0.920319,1.0,True,pass,,0.7086069006472826
156,155,Real-World,cublas,INT8,50,100,50,500000,0.009626,0.007117,1.352518,0.0,False,incorrect,Cosine similarity threshold failed,0.7086069006472826
157,156,Real-World,cublas,FP16,32,16,256,262144,0.010854,0.014182,0.765343,1.0,True,pass,,0.7910341192036867
157,156,Real-World,cublas,FP32,32,16,256,262144,0.022067,0.029952,0.736752,1.0,True,pass,,0.7910341192036867
157,156,Real-World,cublas,INT8,32,16,256,262144,0.009267,0.009472,0.978378,1.0,True,pass,,0.7910341192036867
158,157,Real-World,cublas,FP16,16,32,256,262144,0.01408,0.014234,0.989209,1.0,True,pass,,0.7339614145457745
158,157,Real-World,cublas,FP32,16,32,256,262144,0.015155,0.029747,0.509467,1.0,True,pass,,0.7339614145457745
158,157,Real-World,cublas,INT8,16,32,256,262144,0.011008,0.009421,1.168478,1.0,True,pass,,0.7339614145457745
159,158,Real-World,cublas,FP16,16,256,32,262144,0.013056,0.015718,0.830619,1.0,True,pass,,0.7588980179280043
159,158,Real-World,cublas,FP32,16,256,32,262144,0.011008,0.01065,1.033654,1.0,True,pass,,0.7588980179280043
159,158,Real-World,cublas,INT8,16,256,32,262144,0.010138,0.008243,1.229813,1.0,True,pass,,0.7588980179280043
160,159,Real-World,cublas,FP16,32,256,16,262144,0.009421,0.012134,0.776371,1.0,True,pass,,0.7386219333857298
160,159,Real-World,cublas,FP32,32,256,16,262144,0.010547,0.009114,1.157303,1.0,True,pass,,0.7386219333857298
160,159,Real-World,cublas,INT8,32,256,16,262144,0.010445,0.00809,1.291139,1.0,True,pass,,0.7386219333857298
161,160,Real-World,cublas,FP16,112,32,64,458752,0.009677,0.012698,0.762097,1.0,True,pass,,0.7019448131322861
161,160,Real-World,cublas,FP32,112,32,64,458752,0.011674,0.013875,0.841328,1.0,True,pass,,0.7019448131322861
161,160,Real-World,cublas,INT8,112,32,64,458752,0.010291,0.008038,1.280255,1.0,True,pass,,0.7019448131322861
162,161,Real-World,cublas,FP16,256,16,32,262144,0.010701,0.012339,0.86722,1.0,True,pass,,0.7015606053173542
162,161,Real-World,cublas,FP32,256,16,32,262144,0.009779,0.011059,0.884259,1.0,True,pass,,0.7015606053173542
162,161,Real-World,cublas,INT8,256,16,32,262144,0.009165,0.008038,1.140127,1.0,True,pass,,0.7015606053173542
163,162,Real-World,cublas,FP16,32,112,64,458752,0.009626,0.012237,0.786611,1.0,True,pass,,0.7019853331148624
163,162,Real-World,cublas,FP32,32,112,64,458752,0.011776,0.013414,0.877863,1.0,True,pass,,0.7019853331148624
163,162,Real-World,cublas,INT8,32,112,64,458752,0.010342,0.008141,1.27044,1.0,True,pass,,0.7019853331148624
164,163,Real-World,cublas,FP16,41,2,300,49200,0.013005,0.01152,1.128889,1.0,True,pass,,0.8200258184224367
164,163,Real-World,cublas,FP32,41,2,300,49200,0.024371,0.033894,0.719033,1.0,True,pass,,0.8200258184224367
164,163,Real-World,cublas,INT8,41,2,300,49200,,,,,False,missing,Running INT8...Error benchmarking size 41x2x300: std::exception,0.8200258184224367
165,164,Real-World,cublas,FP16,400,16,16,204800,0.009472,0.011981,0.790598,1.0,True,pass,,0.6967807039618492
165,164,Real-World,cublas,FP32,400,16,16,204800,0.009318,0.009267,1.005525,1.0,True,pass,,0.6967807039618492
165,164,Real-World,cublas,INT8,400,16,16,204800,0.009267,0.007936,1.167742,1.0,True,pass,,0.6967807039618492
166,165,Real-World,cublas,FP16,53,128,36,488448,0.010086,0.009114,1.106742,1.0,True,pass,,0.7626319564878941
166,165,Real-World,cublas,FP32,53,128,36,488448,0.011827,0.011366,1.040541,1.0,True,pass,,0.7626319564878941
166,165,Real-World,cublas,INT8,53,128,36,488448,,,,,False,missing,Running INT8...Error benchmarking size 53x128x36: std::exception,0.7626319564878941
167,166,Real-World,cublas,FP16,72,64,64,589824,0.009523,0.012032,0.791489,1.0,True,pass,,0.7307434603571892
167,166,Real-World,cublas,FP32,72,64,64,589824,0.011776,0.013926,0.845588,1.0,True,pass,,0.7307434603571892
167,166,Real-World,cublas,INT8,72,64,64,589824,0.014848,0.008448,1.757576,1.0,True,pass,,0.7307434603571892
168,167,Real-World,cublas,FP16,58,128,32,475136,0.009267,0.012749,0.726907,1.0,True,pass,,0.8038799576461315
168,167,Real-World,cublas,FP32,58,128,32,475136,0.010957,0.010854,1.009434,1.0,True,pass,,0.8038799576461315
168,167,Real-World,cublas,INT8,58,128,32,475136,,,,,False,missing,Running INT8...Error benchmarking size 58x128x32: std::exception,0.8038799576461315
169,168,Real-World,cublas,FP16,132,100,1,26400,0.008653,0.007731,1.119205,1.0,True,pass,,0.6985417325049639
169,168,Real-World,cublas,FP32,132,100,1,26400,0.008192,0.00896,0.914286,1.0,True,pass,,0.6985417325049639
169,168,Real-World,cublas,INT8,132,100,1,26400,0.009677,0.008499,1.138554,0.0,False,incorrect,Cosine similarity threshold failed,0.6985417325049639
170,169,Real-World,cublas,FP16,16,10,512,163840,0.013722,0.013005,1.055118,1.0,True,pass,,0.7139485497027636
170,169,Real-World,cublas,FP32,16,10,512,163840,0.033792,0.019866,1.701031,1.0,True,pass,,0.7139485497027636
170,169,Real-World,cublas,INT8,16,10,512,163840,0.009574,0.010394,0.921182,1.0,True,pass,,0.7139485497027636
171,170,Real-World,cublas,FP16,16,128,80,327680,0.010189,0.012749,0.799197,1.0,True,pass,,0.725137684494257
171,170,Real-World,cublas,FP32,16,128,80,327680,0.012339,0.01495,0.825343,1.0,True,pass,,0.725137684494257
171,170,Real-World,cublas,INT8,16,128,80,327680,0.011418,0.008499,1.343373,1.0,True,pass,,0.725137684494257
172,171,Real-World,cublas,FP16,128,16,80,327680,0.009882,0.012646,0.781376,1.0,True,pass,,0.6912741027772427
172,171,Real-World,cublas,FP32,128,16,80,327680,0.009472,0.014592,0.649123,1.0,True,pass,,0.6912741027772427
172,171,Real-World,cublas,INT8,128,16,80,327680,0.008909,0.008499,1.048193,1.0,True,pass,,0.6912741027772427
173,172,Real-World,cublas,FP16,33,1,400,26400,0.01664,0.01705,0.975976,1.0,True,pass,,0.7837681230157614
173,172,Real-World,cublas,FP32,33,1,400,26400,0.01193,0.041779,0.285539,1.0,True,pass,,0.7837681230157614
173,172,Real-World,cublas,INT8,33,1,400,26400,0.009421,0.010138,0.929293,1.0,True,pass,,0.7837681230157614
174,173,Real-World,cublas,FP16,92,10,128,235520,0.011213,0.012544,0.893877,1.0,True,pass,,0.7125710770487785
174,173,Real-World,cublas,FP32,92,10,128,235520,0.00937,0.019507,0.480315,1.0,True,pass,,0.7125710770487785
174,173,Real-World,cublas,INT8,92,10,128,235520,0.009011,0.008397,1.07317,1.0,True,pass,,0.7125710770487785
175,174,Real-World,cublas,FP16,32,64,128,524288,0.009984,0.012595,0.792683,1.0,True,pass,,0.6969916727393866
175,174,Real-World,cublas,FP32,32,64,128,524288,0.013568,0.019302,0.702918,1.0,True,pass,,0.6969916727393866
175,174,Real-World,cublas,INT8,32,64,128,524288,0.010803,0.00855,1.263473,1.0,True,pass,,0.6969916727393866
176,175,Real-World,cublas,FP16,128,32,64,524288,0.009472,0.012237,0.774058,1.0,True,pass,,0.9179310761392117
176,175,Real-World,cublas,FP32,128,32,64,524288,0.011315,0.013926,0.8125,1.0,True,pass,,0.9179310761392117
176,175,Real-World,cublas,INT8,128,32,64,524288,0.053965,0.008448,6.387877,1.0,True,pass,,0.9179310761392117
177,176,Real-World,cublas,FP16,16,16,448,229376,0.01111,0.009882,1.124352,1.0,True,pass,,1.3125555031001568
177,176,Real-World,cublas,FP32,16,16,448,229376,0.036352,0.052736,0.68932,1.0,True,pass,,1.3125555031001568
177,176,Real-World,cublas,INT8,16,16,448,229376,0.010086,0.011264,0.895455,1.0,True,pass,,1.3125555031001568
178,177,Real-World,cublas,FP16,64,10,192,245760,0.010291,0.010342,0.995049,1.0,True,pass,,1.2091606240719557
178,177,Real-World,cublas,FP32,64,10,192,245760,0.010957,0.027904,0.392661,1.0,True,pass,,1.2091606240719557
178,177,Real-World,cublas,INT8,64,10,192,245760,0.009165,0.010035,0.913265,1.0,True,pass,,1.2091606240719557
179,178,Real-World,cublas,FP16,99,40,80,633600,0.008858,0.008755,1.011696,1.0,True,pass,,1.145798372104764
179,178,Real-World,cublas,FP32,99,40,80,633600,0.01152,0.01536,0.75,1.0,True,pass,,1.145798372104764
179,178,Real-World,cublas,INT8,99,40,80,633600,,,,,False,missing,Running INT8...Error benchmarking size 99x40x80: std::exception,1.145798372104764
180,179,Real-World,cublas,FP16,16,16,464,237568,0.010854,0.008909,1.218391,1.0,True,pass,,1.0285450350493193
180,179,Real-World,cublas,FP32,16,16,464,237568,0.03543,0.04992,0.709744,1.0,True,pass,,1.0285450350493193
180,179,Real-World,cublas,INT8,16,16,464,237568,0.00937,0.010291,0.910448,1.0,True,pass,,1.0285450350493193
181,180,Real-World,cublas,FP16,32,80,112,573440,0.008141,0.008755,0.929824,1.0,True,pass,,0.9897666648030281
181,180,Real-World,cublas,FP32,32,80,112,573440,0.012442,0.017971,0.692308,1.0,True,pass,,0.9897666648030281
181,180,Real-World,cublas,INT8,32,80,112,573440,0.008806,0.008602,1.023809,1.0,True,pass,,0.9897666648030281
182,181,Real-World,cublas,FP16,47,300,3,84600,0.007731,0.007578,1.02027,1.0,True,pass,,0.9476539399474859
182,181,Real-World,cublas,FP32,47,300,3,84600,0.008806,0.008602,1.02381,1.0,True,pass,,0.9476539399474859
182,181,Real-World,cublas,INT8,47,300,3,84600,0.003123,0.010189,0.306533,0.0,False,incorrect,Cosine similarity threshold failed,0.9476539399474859
183,182,Real-World,cublas,FP16,92,128,16,376832,0.007373,0.007885,0.935065,1.0,True,pass,,0.9484616834670305
183,182,Real-World,cublas,FP32,92,128,16,376832,0.009267,0.009267,1.0,1.0,True,pass,,0.9484616834670305
183,182,Real-World,cublas,INT8,92,128,16,376832,0.012288,0.008141,1.509434,1.0,True,pass,,0.9484616834670305
184,183,Real-World,cublas,FP16,24,384,16,294912,0.007219,0.007782,0.927632,1.0,True,pass,,0.99048119969666
184,183,Real-World,cublas,FP32,24,384,16,294912,0.009216,0.00896,1.028571,1.0,True,pass,,0.99048119969666
184,183,Real-World,cublas,INT8,24,384,16,294912,0.011008,0.007834,1.405228,1.0,True,pass,,0.99048119969666
185,184,Real-World,cublas,FP16,16,96,128,393216,0.008448,0.008806,0.959302,1.0,True,pass,,0.995284317061305
185,184,Real-World,cublas,FP32,16,96,128,393216,0.012083,0.019456,0.621053,1.0,True,pass,,0.995284317061305
185,184,Real-World,cublas,INT8,16,96,128,393216,0.008704,0.009165,0.949721,1.0,True,pass,,0.995284317061305
186,185,Real-World,cublas,FP16,135,50,50,675000,0.008243,0.007731,1.066225,1.0,True,pass,,1.2515152767300606
186,185,Real-World,cublas,FP32,135,50,50,675000,0.010342,0.013414,0.770992,1.0,True,pass,,1.2515152767300606
186,185,Real-World,cublas,INT8,135,50,50,675000,,,,,False,missing,Running INT8...Error benchmarking size 135x50x50: std::exception,1.2515152767300606
187,186,Real-World,cublas,FP16,122,2,128,62464,0.009677,0.008653,1.118343,1.0,True,pass,,1.2189595215022564
187,186,Real-World,cublas,FP32,122,2,128,62464,0.008192,0.01961,0.417755,1.0,True,pass,,1.2189595215022564
187,186,Real-World,cublas,INT8,122,2,128,62464,,,,,False,missing,Running INT8...Error benchmarking size 122x2x128: std::exception,1.2189595215022564
188,187,Real-World,cublas,FP16,37,96,96,681984,0.008653,0.008448,1.024242,1.0,True,pass,,1.2208520602434874
188,187,Real-World,cublas,FP32,37,96,96,681984,0.011571,0.016077,0.719745,1.0,True,pass,,1.2208520602434874
188,187,Real-World,cublas,INT8,37,96,96,681984,,,,,False,missing,Running INT8...Error benchmarking size 37x96x96: std::exception,1.2208520602434874
189,188,Real-World,cublas,FP16,128,1,128,32768,0.006861,0.008858,0.774566,1.0,True,pass,,0.9767373073846102
189,188,Real-World,cublas,FP32,128,1,128,32768,0.010035,0.019405,0.517151,1.0,True,pass,,0.9767373073846102
189,188,Real-World,cublas,INT8,128,1,128,32768,0.00727,0.008806,0.825581,1.0,True,pass,,0.9767373073846102
190,189,Real-World,cublas,FP16,1,128,128,32768,0.00855,0.0128,0.668,1.0,True,pass,,1.1138984952121973
190,189,Real-World,cublas,FP32,1,128,128,32768,0.010086,0.018995,0.530997,1.0,True,pass,,1.1138984952121973
190,189,Real-World,cublas,INT8,1,128,128,32768,,,,,False,missing,Running INT8...Error benchmarking size 1x128x128: std::exception,1.1138984952121973
191,190,Real-World,cublas,FP16,16,16,512,262144,0.009165,0.009011,1.017045,1.0,True,pass,,0.9989188872277737
191,190,Real-World,cublas,FP32,16,16,512,262144,0.036659,0.02217,1.65358,1.0,True,pass,,0.9989188872277737
191,190,Real-World,cublas,INT8,16,16,512,262144,0.009114,0.010035,0.908163,1.0,True,pass,,0.9989188872277737
192,191,Real-World,cublas,FP16,32,1,512,32768,0.009779,0.009114,1.073034,1.0,True,pass,,1.0247037205845118
192,191,Real-World,cublas,FP32,32,1,512,32768,0.009882,0.024218,0.408034,1.0,True,pass,,1.0247037205845118
192,191,Real-World,cublas,INT8,32,1,512,32768,0.008448,0.010445,0.808824,1.0,True,pass,,1.0247037205845118
193,192,Real-World,cublas,FP16,16,48,256,393216,0.008755,0.009933,0.881443,1.0,True,pass,,1.0195059441030025
193,192,Real-World,cublas,FP32,16,48,256,393216,0.012954,0.03072,0.421667,1.0,True,pass,,1.0195059441030025
193,192,Real-World,cublas,INT8,16,48,256,393216,0.008653,0.00937,0.923497,1.0,True,pass,,1.0195059441030025
194,193,Real-World,cublas,FP16,77,6,204,188496,0.011315,0.01065,1.0625,1.0,True,pass,,1.1885693445801735
194,193,Real-World,cublas,FP32,77,6,204,188496,0.011315,0.026317,0.429961,1.0,True,pass,,1.1885693445801735
194,193,Real-World,cublas,INT8,77,6,204,188496,,,,,False,missing,Running INT8...Error benchmarking size 77x6x204: std::exception,1.1885693445801735
195,194,Real-World,cublas,FP16,32,32,256,524288,0.008858,0.010138,0.873737,1.0,True,pass,,1.0060448963195086
195,194,Real-World,cublas,FP32,32,32,256,524288,0.013107,0.030669,0.427379,1.0,True,pass,,1.0060448963195086
195,194,Real-World,cublas,INT8,32,32,256,524288,0.008909,0.009728,0.915789,1.0,True,pass,,1.0060448963195086
196,195,Real-World,cublas,FP16,32,256,32,524288,0.007322,0.008346,0.877301,1.0,True,pass,,0.9440404418855906
196,195,Real-World,cublas,FP32,32,256,32,524288,0.00937,0.010394,0.901478,1.0,True,pass,,0.9440404418855906
196,195,Real-World,cublas,INT8,32,256,32,524288,0.008397,0.007885,1.064935,1.0,True,pass,,0.9440404418855906
197,196,Real-World,cublas,FP16,16,1,1024,32768,0.009779,0.01024,0.955,1.0,True,pass,,0.896009212359786
197,196,Real-World,cublas,FP32,16,1,1024,32768,0.00983,0.06231,0.157765,1.0,True,pass,,0.896009212359786
197,196,Real-World,cublas,INT8,16,1,1024,32768,0.010752,0.012237,0.878661,1.0,True,pass,,0.896009212359786
198,197,Real-World,cublas,FP16,64,16,208,425984,0.010957,0.014029,0.781022,1.0,True,pass,,0.7900751885026693
198,197,Real-World,cublas,FP32,64,16,208,425984,0.010854,0.026573,0.408478,1.0,True,pass,,0.7900751885026693
198,197,Real-World,cublas,INT8,64,16,208,425984,0.009523,0.009882,0.96373,1.0,True,pass,,0.7900751885026693
199,198,Real-World,cublas,FP16,112,48,80,860160,0.010496,0.013158,0.797666,1.0,True,pass,,0.7159624490886927
199,198,Real-World,cublas,FP32,112,48,80,860160,0.013005,0.015411,0.843854,1.0,True,pass,,0.7159624490886927
199,198,Real-World,cublas,INT8,112,48,80,860160,0.011008,0.008755,1.25731,1.0,True,pass,,0.7159624490886927
200,199,Real-World,cublas,FP16,21,9,600,226800,0.01664,0.013466,1.235742,1.0,True,pass,,0.8849013540893793
200,199,Real-World,cublas,FP32,21,9,600,226800,0.038093,0.052326,0.727984,1.0,True,pass,,0.8849013540893793
200,199,Real-World,cublas,INT8,21,9,600,226800,,,,,False,missing,Running INT8...Error benchmarking size 21x9x600: std::exception,0.8849013540893793
201,200,Real-World,cublas,FP16,110,50,80,880000,0.01152,0.013005,0.885827,1.0,True,pass,,0.794623788446188
201,200,Real-World,cublas,FP32,110,50,80,880000,0.012749,0.015667,0.813725,1.0,True,pass,,0.794623788446188
201,200,Real-World,cublas,INT8,110,50,80,880000,,,,,False,missing,Running INT8...Error benchmarking size 110x50x80: std::exception,0.794623788446188
202,201,Real-World,cublas,FP16,170,32,64,696320,0.010086,0.012749,0.791165,1.0,True,pass,,0.800492238253355
202,201,Real-World,cublas,FP32,170,32,64,696320,0.012544,0.014131,0.887681,1.0,True,pass,,0.800492238253355
202,201,Real-World,cublas,INT8,170,32,64,696320,,,,,False,missing,Running INT8...Error benchmarking size 170x32x64: std::exception,0.800492238253355
203,202,Real-World,cublas,FP16,159,50,50,795000,0.011008,0.009472,1.162162,1.0,True,pass,,0.8079535067081451
203,202,Real-World,cublas,FP32,159,50,50,795000,0.012134,0.013261,0.915058,1.0,True,pass,,0.8079535067081451
203,202,Real-World,cublas,INT8,159,50,50,795000,,,,,False,missing,Running INT8...Error benchmarking size 159x50x50: std::exception,0.8079535067081451
204,203,Real-World,cublas,FP16,112,64,64,917504,0.00983,0.012595,0.780488,1.0,True,pass,,0.7156173512339592
204,203,Real-World,cublas,FP32,112,64,64,917504,0.012032,0.013926,0.863971,1.0,True,pass,,0.7156173512339592
204,203,Real-World,cublas,INT8,112,64,64,917504,0.010394,0.008038,1.292994,1.0,True,pass,,0.7156173512339592
205,204,Real-World,cublas,FP16,48,96,96,884736,0.012237,0.0128,0.956,1.0,True,pass,,0.7407142780721188
205,204,Real-World,cublas,FP32,48,96,96,884736,0.012544,0.01705,0.735736,1.0,True,pass,,0.7407142780721188
205,204,Real-World,cublas,INT8,48,96,96,884736,0.010752,0.008704,1.235294,1.0,True,pass,,0.7407142780721188
206,205,Real-World,cublas,FP16,16,1024,2,65536,0.01065,0.009267,1.149171,1.0,True,pass,,0.6956943832337856
206,205,Real-World,cublas,FP32,16,1024,2,65536,0.010598,0.009984,1.061539,1.0,True,pass,,0.6956943832337856
206,205,Real-World,cublas,INT8,16,1024,2,65536,0.009984,0.00727,1.373239,0.0,False,incorrect,Cosine similarity threshold failed,0.6956943832337856
207,206,Real-World,cublas,FP16,1,192,96,36864,0.008653,0.012902,0.670635,1.0,True,pass,,0.8116961717605591
207,206,Real-World,cublas,FP32,1,192,96,36864,0.012339,0.016128,0.76508,1.0,True,pass,,0.8116961717605591
207,206,Real-World,cublas,INT8,1,192,96,36864,,,,,False,missing,Running INT8...Error benchmarking size 1x192x96: std::exception,0.8116961717605591
208,207,Real-World,cublas,FP16,1,96,192,36864,0.012288,0.013056,0.941177,1.0,True,pass,,0.8213976640254259
208,207,Real-World,cublas,FP32,1,96,192,36864,0.01367,0.024525,0.557411,1.0,True,pass,,0.8213976640254259
208,207,Real-World,cublas,INT8,1,96,192,36864,,,,,False,missing,Running INT8...Error benchmarking size 1x96x192: std::exception,0.8213976640254259
209,208,Real-World,cublas,FP16,48,1,384,36864,0.013005,0.015309,0.849498,1.0,True,pass,,0.7105675507336855
209,208,Real-World,cublas,FP32,48,1,384,36864,0.0128,0.089754,0.142613,1.0,True,pass,,0.7105675507336855
209,208,Real-World,cublas,INT8,48,1,384,36864,0.008806,0.009472,0.92973,1.0,True,pass,,0.7105675507336855
210,209,Real-World,cublas,FP16,1,384,48,36864,0.009267,0.012186,0.760504,1.0,True,pass,,0.8212180882692337
210,209,Real-World,cublas,FP32,1,384,48,36864,0.008704,0.012186,0.714286,1.0,True,pass,,0.8212180882692337
210,209,Real-World,cublas,INT8,1,384,48,36864,,,,,False,missing,Running INT8...Error benchmarking size 1x384x48: std::exception,0.8212180882692337
211,210,Real-World,cublas,FP16,1,48,384,36864,0.012339,0.015258,0.808725,1.0,True,pass,,0.8173299804329872
211,210,Real-World,cublas,FP32,1,48,384,36864,0.012288,0.088986,0.13809,1.0,True,pass,,0.8173299804329872
211,210,Real-World,cublas,INT8,1,48,384,36864,,,,,False,missing,Running INT8...Error benchmarking size 1x48x384: std::exception,0.8173299804329872
212,211,Real-World,cublas,FP16,192,10,84,322560,0.010086,0.009984,1.010256,1.0,True,pass,,0.7611595820635557
212,211,Real-World,cublas,FP32,192,10,84,322560,0.009472,0.015565,0.608553,1.0,True,pass,,0.7611595820635557
212,211,Real-World,cublas,INT8,192,10,84,322560,0.009011,0.007834,1.150327,1.0,True,pass,,0.7611595820635557
213,212,Real-World,cublas,FP16,250,10,64,320000,0.01065,0.012288,0.866667,1.0,True,pass,,0.7978971637785435
213,212,Real-World,cublas,FP32,250,10,64,320000,0.009523,0.014285,0.666667,1.0,True,pass,,0.7978971637785435
213,212,Real-World,cublas,INT8,250,10,64,320000,,,,,False,missing,Running INT8...Error benchmarking size 250x10x64: std::exception,0.7978971637785435
214,213,Real-World,cublas,FP16,79,64,100,1011200,0.011213,0.010086,1.111675,1.0,True,pass,,0.8182814717292786
214,213,Real-World,cublas,FP32,79,64,100,1011200,0.013363,0.017408,0.767647,1.0,True,pass,,0.8182814717292786
214,213,Real-World,cublas,INT8,79,64,100,1011200,,,,,False,missing,Running INT8...Error benchmarking size 79x64x100: std::exception,0.8182814717292786
215,214,Real-World,cublas,FP16,191,1,100,38200,0.00896,0.009984,0.897436,1.0,True,pass,,0.7990861553698778
215,214,Real-World,cublas,FP32,191,1,100,38200,0.012902,0.017664,0.730435,1.0,True,pass,,0.7990861553698778
215,214,Real-World,cublas,INT8,191,1,100,38200,0.00937,0.008704,1.07647,1.0,True,pass,,0.7990861553698778
216,215,Real-World,cublas,FP16,32,40,256,655360,0.0128,0.01408,0.909091,1.0,True,pass,,0.7507335618138313
216,215,Real-World,cublas,FP32,32,40,256,655360,0.015974,0.030106,0.530612,1.0,True,pass,,0.7507335618138313
216,215,Real-World,cublas,INT8,32,40,256,655360,0.010701,0.009523,1.123656,1.0,True,pass,,0.7507335618138313
217,216,Real-World,cublas,FP16,400,16,32,409600,0.01024,0.01239,0.826446,1.0,True,pass,,0.7166446913033724
217,216,Real-World,cublas,FP32,400,16,32,409600,0.009267,0.011059,0.837963,1.0,True,pass,,0.7166446913033724
217,216,Real-World,cublas,INT8,400,16,32,409600,0.009216,0.008038,1.146497,1.0,True,pass,,0.7166446913033724
218,217,Real-World,cublas,FP16,186,32,64,761856,0.011162,0.013005,0.858268,1.0,True,pass,,0.8493255376815796
218,217,Real-World,cublas,FP32,186,32,64,761856,0.01239,0.014182,0.873646,1.0,True,pass,,0.8493255376815796
218,217,Real-World,cublas,INT8,186,32,64,761856,,,,,False,missing,Running INT8...Error benchmarking size 186x32x64: std::exception,0.8493255376815796
219,218,Real-World,cublas,FP16,48,128,80,983040,0.010138,0.012544,0.808163,1.0,True,pass,,0.7051801644265652
219,218,Real-World,cublas,FP32,48,128,80,983040,0.013056,0.015206,0.858586,1.0,True,pass,,0.7051801644265652
219,218,Real-World,cublas,INT8,48,128,80,983040,0.010957,0.008038,1.363057,1.0,True,pass,,0.7051801644265652
220,219,Real-World,cublas,FP16,16,128,128,524288,0.012442,0.013619,0.913534,1.0,True,pass,,0.7087249606847763
220,219,Real-World,cublas,FP32,16,128,128,524288,0.013978,0.018995,0.735849,1.0,True,pass,,0.7087249606847763
220,219,Real-World,cublas,INT8,16,128,128,524288,0.011162,0.008448,1.321212,1.0,True,pass,,0.7087249606847763
221,220,Real-World,cublas,FP16,128,16,128,524288,0.010086,0.012954,0.778656,1.0,True,pass,,0.7164867408573627
221,220,Real-World,cublas,FP32,128,16,128,524288,0.01024,0.019507,0.524934,1.0,True,pass,,0.7164867408573627
221,220,Real-World,cublas,INT8,128,16,128,524288,0.008909,0.008448,1.054545,1.0,True,pass,,0.7164867408573627
222,221,Real-World,cublas,FP16,10,1024,10,204800,0.009523,0.009523,1.0,1.0,True,pass,,0.7312089577317238
222,221,Real-World,cublas,FP32,10,1024,10,204800,0.010752,0.00896,1.2,1.0,True,pass,,0.7312089577317238
222,221,Real-World,cublas,INT8,10,1024,10,204800,0.01024,0.007578,1.351351,0.0,False,incorrect,Cosine similarity threshold failed,0.7312089577317238
223,222,Real-World,cublas,FP16,127,17,128,552704,0.011162,0.013056,0.854902,1.0,True,pass,,0.7718255054205656
223,222,Real-World,cublas,FP32,127,17,128,552704,0.013978,0.02007,0.696429,1.0,True,pass,,0.7718255054205656
223,222,Real-World,cublas,INT8,127,17,128,552704,,,,,False,missing,Running INT8...Error benchmarking size 127x17x128: std::exception,0.7718255054205656
224,223,Real-World,cublas,FP16,64,312,2,79872,0.009779,0.008858,1.104046,1.0,True,pass,,0.7098324801772833
224,223,Real-World,cublas,FP32,64,312,2,79872,0.010394,0.008346,1.245399,1.0,True,pass,,0.7098324801772833
224,223,Real-World,cublas,INT8,64,312,2,79872,0.00983,0.007066,1.391304,0.0,False,incorrect,Cosine similarity threshold failed,0.7098324801772833
225,224,Real-World,cublas,FP16,39,2,512,79872,0.014592,0.013005,1.122047,1.0,True,pass,,0.7799156811088324
225,224,Real-World,cublas,FP32,39,2,512,79872,0.03415,0.02007,1.701531,1.0,True,pass,,0.7799156811088324
225,224,Real-World,cublas,INT8,39,2,512,79872,,,,,False,missing,Running INT8...Error benchmarking size 39x2x512: std::exception,0.7799156811088324
226,225,Real-World,cublas,FP16,199,64,32,815104,0.01024,0.013005,0.787402,1.0,True,pass,,0.7714718785136938
226,225,Real-World,cublas,FP32,199,64,32,815104,0.011622,0.011264,1.031818,1.0,True,pass,,0.7714718785136938
226,225,Real-World,cublas,INT8,199,64,32,815104,,,,,False,missing,Running INT8...Error benchmarking size 199x64x32: std::exception,0.7714718785136938
227,226,Real-World,cublas,FP16,16,80,208,532480,0.010394,0.013875,0.749078,1.0,True,pass,,0.7707017008215189
227,226,Real-World,cublas,FP32,16,80,208,532480,0.016589,0.025856,0.641584,1.0,True,pass,,0.7707017008215189
227,226,Real-World,cublas,INT8,16,80,208,532480,0.011315,0.009626,1.175532,1.0,True,pass,,0.7707017008215189
228,227,Real-World,cublas,FP16,80,16,208,532480,0.010803,0.014182,0.761733,1.0,True,pass,,0.7436781544238329
228,227,Real-World,cublas,FP32,80,16,208,532480,0.011366,0.026931,0.422053,1.0,True,pass,,0.7436781544238329
228,227,Real-World,cublas,INT8,80,16,208,532480,0.009523,0.009882,0.96373,1.0,True,pass,,0.7436781544238329
229,228,Real-World,cublas,FP16,256,16,64,524288,0.010342,0.012646,0.817814,1.0,True,pass,,0.8053273633122444
229,228,Real-World,cublas,FP32,256,16,64,524288,0.012493,0.015821,0.789644,1.0,True,pass,,0.8053273633122444
229,228,Real-World,cublas,INT8,256,16,64,524288,0.01152,0.009933,1.159794,1.0,True,pass,,0.8053273633122444
230,229,Real-World,cublas,FP16,16,64,256,524288,0.0128,0.014131,0.905797,1.0,True,pass,,0.7178525850176811
230,229,Real-World,cublas,FP32,16,64,256,524288,0.014848,0.030106,0.493197,1.0,True,pass,,0.7178525850176811
230,229,Real-World,cublas,INT8,16,64,256,524288,0.011264,0.009882,1.139896,1.0,True,pass,,0.7178525850176811
231,230,Real-World,cublas,FP16,16,256,64,524288,0.009421,0.012442,0.757201,1.0,True,pass,,0.6968796439468861
231,230,Real-World,cublas,FP32,16,256,64,524288,0.011827,0.013722,0.86194,1.0,True,pass,,0.6968796439468861
231,230,Real-World,cublas,INT8,16,256,64,524288,0.01024,0.008038,1.273885,1.0,True,pass,,0.6968796439468861
232,231,Real-World,cublas,FP16,32,23,384,565248,0.014643,0.015053,0.972789,1.0,True,pass,,0.8595092669129372
232,231,Real-World,cublas,FP32,32,23,384,565248,0.016333,0.089498,0.182494,1.0,True,pass,,0.8595092669129372
232,231,Real-World,cublas,INT8,32,23,384,565248,0.011162,0.010342,1.079208,1.0,True,pass,,0.8595092669129372
233,232,Real-World,cublas,FP16,148,96,32,909312,0.00937,0.012902,0.72619,1.0,True,pass,,0.6915627103298903
233,232,Real-World,cublas,FP32,148,96,32,909312,0.010957,0.011059,0.990741,1.0,True,pass,,0.6915627103298903
233,232,Real-World,cublas,INT8,148,96,32,909312,0.013312,0.008499,1.566265,1.0,True,pass,,0.6915627103298903
234,233,Real-World,cublas,FP16,208,32,64,851968,0.007936,0.00768,1.033333,1.0,True,pass,,0.8806211203336716
234,233,Real-World,cublas,FP32,208,32,64,851968,0.010906,0.013875,0.785978,1.0,True,pass,,0.8806211203336716
234,233,Real-World,cublas,INT8,208,32,64,851968,0.010394,0.008243,1.26087,1.0,True,pass,,0.8806211203336716
235,234,Real-World,cublas,FP16,188,16,96,577536,0.00937,0.00937,1.0,1.0,True,pass,,1.2195166889578104
235,234,Real-World,cublas,FP32,188,16,96,577536,0.011469,0.018381,0.623955,1.0,True,pass,,1.2195166889578104
235,234,Real-World,cublas,INT8,188,16,96,577536,0.00937,0.009318,1.005495,1.0,True,pass,,1.2195166889578104
236,235,Real-World,cublas,FP16,116,128,32,950272,0.008755,0.009933,0.881443,1.0,True,pass,,1.076891204342246
236,235,Real-World,cublas,FP32,116,128,32,950272,0.009677,0.010803,0.895735,1.0,True,pass,,1.076891204342246
236,235,Real-World,cublas,INT8,116,128,32,950272,0.011981,0.007936,1.509677,1.0,True,pass,,1.076891204342246
237,236,Real-World,cublas,FP16,22,64,257,723712,0.01152,0.010394,1.108374,1.0,True,pass,,0.920202961191535
237,236,Real-World,cublas,FP32,22,64,257,723712,0.016179,0.031386,0.515498,1.0,True,pass,,0.920202961191535
237,236,Real-World,cublas,INT8,22,64,257,723712,0.003072,0.029696,0.103448,0.0,False,incorrect,Cosine similarity threshold failed,0.920202961191535
238,237,Real-World,cublas,FP16,128,64,80,1310720,0.007936,0.008038,0.987261,1.0,True,pass,,0.953961405903101
238,237,Real-World,cublas,FP32,128,64,80,1310720,0.011008,0.014899,0.738832,1.0,True,pass,,0.953961405903101
238,237,Real-World,cublas,INT8,128,64,80,1310720,0.008704,0.008909,0.977011,1.0,True,pass,,0.953961405903101
239,238,Real-World,cublas,FP16,164,32,96,1007616,0.008448,0.008397,1.006098,1.0,True,pass,,1.0044358596205711
239,238,Real-World,cublas,FP32,164,32,96,1007616,0.011571,0.016538,0.69969,1.0,True,pass,,1.0044358596205711
239,238,Real-World,cublas,INT8,164,32,96,1007616,0.014746,0.008294,1.777778,1.0,True,pass,,1.0044358596205711
240,239,Real-World,cublas,FP16,67,12,300,482400,0.016282,0.047974,0.339381,1.0,True,pass,,1.2246202360838652
240,239,Real-World,cublas,FP32,67,12,300,482400,0.013773,0.037018,0.372061,1.0,True,pass,,1.2246202360838652
240,239,Real-World,cublas,INT8,67,12,300,482400,,,,,False,missing,Running INT8...Error benchmarking size 67x12x300: std::exception,1.2246202360838652
241,240,Real-World,cublas,FP16,32,128,128,1048576,0.008192,0.00855,0.958084,1.0,True,pass,,0.9959883559495211
241,240,Real-World,cublas,FP32,32,128,128,1048576,0.012442,0.019149,0.649733,1.0,True,pass,,0.9959883559495211
241,240,Real-World,cublas,INT8,32,128,128,1048576,0.011264,0.010496,1.073171,1.0,True,pass,,0.9959883559495211
242,241,Real-World,cublas,FP16,16,16,768,393216,0.00983,0.010189,0.964824,1.0,True,pass,,1.1039786152541637
242,241,Real-World,cublas,FP32,16,16,768,393216,0.051098,0.02857,1.788531,1.0,True,pass,,1.1039786152541637
242,241,Real-World,cublas,INT8,16,16,768,393216,0.01024,0.01111,0.921659,1.0,True,pass,,1.1039786152541637
243,242,Real-World,cublas,FP16,123,200,1,49200,0.006656,0.007885,0.844156,1.0,True,pass,,1.0284461043775082
243,242,Real-World,cublas,FP32,123,200,1,49200,0.006656,0.008346,0.797546,1.0,True,pass,,1.0284461043775082
243,242,Real-World,cublas,INT8,123,200,1,49200,0.003021,0.009472,0.318919,0.0,False,incorrect,Cosine similarity threshold failed,1.0284461043775082
244,243,Real-World,cublas,FP16,193,1,128,49408,0.007629,0.008653,0.881657,1.0,True,pass,,0.9602464120835066
244,243,Real-World,cublas,FP32,193,1,128,49408,0.01024,0.019507,0.524935,1.0,True,pass,,0.9602464120835066
244,243,Real-World,cublas,INT8,193,1,128,49408,0.007526,0.008294,0.907407,1.0,True,pass,,0.9602464120835066
245,244,Real-World,cublas,FP16,16,32,512,524288,0.010598,0.00896,1.182857,1.0,True,pass,,0.9533584769815207
245,244,Real-World,cublas,FP32,16,32,512,524288,0.014848,0.023245,0.638766,1.0,True,pass,,0.9533584769815207
245,244,Real-World,cublas,INT8,16,32,512,524288,0.009216,0.010291,0.895522,1.0,True,pass,,0.9533584769815207
246,245,Real-World,cublas,FP16,512,16,32,524288,0.007885,0.008806,0.895349,1.0,True,pass,,0.9981173109263182
246,245,Real-World,cublas,FP32,512,16,32,524288,0.009114,0.01065,0.855769,1.0,True,pass,,0.9981173109263182
246,245,Real-World,cublas,INT8,512,16,32,524288,0.008499,0.008141,1.044025,1.0,True,pass,,0.9981173109263182
247,246,Real-World,cublas,FP16,32,59,256,966656,0.011264,0.012954,0.869565,1.0,True,pass,,0.9967682361602783
247,246,Real-World,cublas,FP32,32,59,256,966656,0.016486,0.030669,0.537563,1.0,True,pass,,0.9967682361602783
247,246,Real-World,cublas,INT8,32,59,256,966656,0.009267,0.009267,1.0,1.0,True,pass,,0.9967682361602783
248,247,Real-World,cublas,FP16,16,144,144,663552,0.008243,0.009677,0.851852,1.0,True,pass,,0.9913158174604177
248,247,Real-World,cublas,FP32,16,144,144,663552,0.012544,0.020941,0.599022,1.0,True,pass,,0.9913158174604177
248,247,Real-World,cublas,INT8,16,144,144,663552,0.008858,0.009267,0.955801,1.0,True,pass,,0.9913158174604177
249,248,Real-World,cublas,FP16,1,128,197,50432,0.00809,0.009626,0.840425,1.0,True,pass,,1.0255643278360367
249,248,Real-World,cublas,FP32,1,128,197,50432,0.010086,0.027034,0.373106,1.0,True,pass,,1.0255643278360367
249,248,Real-World,cublas,INT8,1,128,197,50432,0.003328,0.021811,0.152582,0.0,False,incorrect,Cosine similarity threshold failed,1.0255643278360367
250,249,Real-World,cublas,FP16,168,64,64,1376256,0.007526,0.00809,0.93038,1.0,True,pass,,0.9897967129945755
250,249,Real-World,cublas,FP32,168,64,64,1376256,0.01024,0.013619,0.75188,1.0,True,pass,,0.9897967129945755
250,249,Real-World,cublas,INT8,168,64,64,1376256,0.0128,0.008602,1.488095,1.0,True,pass,,0.9897967129945755
251,250,Real-World,cublas,FP16,16,16,800,409600,0.01024,0.010291,0.995025,1.0,True,pass,,0.9947665091603994
251,250,Real-World,cublas,FP32,16,16,800,409600,0.053453,0.062054,0.861386,1.0,True,pass,,0.9947665091603994
251,250,Real-World,cublas,INT8,16,16,800,409600,0.010445,0.011315,0.923077,1.0,True,pass,,0.9947665091603994
252,251,Real-World,cublas,FP16,800,16,16,409600,0.007834,0.008141,0.962264,1.0,True,pass,,0.9208834413439035
252,251,Real-World,cublas,FP32,800,16,16,409600,0.008858,0.009318,0.950549,1.0,True,pass,,0.9208834413439035
252,251,Real-World,cublas,INT8,800,16,16,409600,0.008909,0.008243,1.080745,1.0,True,pass,,0.9208834413439035
253,252,Real-World,cublas,FP16,110,50,128,1408000,0.008294,0.008602,0.964286,1.0,True,pass,,1.1935710590332747
253,252,Real-World,cublas,FP32,110,50,128,1408000,0.012186,0.019661,0.619792,1.0,True,pass,,1.1935710590332747
253,252,Real-World,cublas,INT8,110,50,128,1408000,,,,,False,missing,Running INT8...Error benchmarking size 110x50x128: std::exception,1.1935710590332747
254,253,Real-World,cublas,FP16,32,768,2,98304,0.00727,0.00768,0.946667,1.0,True,pass,,0.9084152579307556
254,253,Real-World,cublas,FP32,32,768,2,98304,0.008602,0.008141,1.056604,1.0,True,pass,,0.9084152579307556
254,253,Real-World,cublas,INT8,32,768,2,98304,0.003328,0.008192,0.40625,0.0,False,incorrect,Cosine similarity threshold failed,0.9084152579307556
255,254,Real-World,cublas,FP16,400,16,48,614400,0.007834,0.007731,1.013245,1.0,True,pass,,0.9673000946640968
255,254,Real-World,cublas,FP32,400,16,48,614400,0.00937,0.012032,0.778723,1.0,True,pass,,0.9673000946640968
255,254,Real-World,cublas,INT8,400,16,48,614400,0.007987,0.007885,1.012987,1.0,True,pass,,0.9673000946640968
256,255,Real-World,cublas,FP16,164,7,148,339808,0.011213,0.010496,1.068293,1.0,True,pass,,0.8035838939249516
256,255,Real-World,cublas,FP32,164,7,148,339808,0.010701,0.02135,0.501199,1.0,True,pass,,0.8035838939249516
256,255,Real-World,cublas,INT8,164,7,148,339808,0.009114,0.008346,1.092024,1.0,True,pass,,0.8035838939249516
257,256,Real-World,cublas,FP16,256,32,64,1048576,0.009779,0.013005,0.751968,1.0,True,pass,,0.7158318907022476
257,256,Real-World,cublas,FP32,256,32,64,1048576,0.011059,0.013619,0.81203,1.0,True,pass,,0.7158318907022476
257,256,Real-World,cublas,INT8,256,32,64,1048576,0.010906,0.008704,1.252941,1.0,True,pass,,0.7158318907022476
258,257,Real-World,cublas,FP16,5,64,384,245760,0.013005,0.015053,0.863946,1.0,True,pass,,0.7964470218867064
258,257,Real-World,cublas,FP32,5,64,384,245760,0.017766,0.089805,0.197834,1.0,True,pass,,0.7964470218867064
258,257,Real-World,cublas,INT8,5,64,384,245760,,,,,False,missing,Running INT8...Error benchmarking size 5x64x384: std::exception,0.7964470218867064
259,258,Real-World,cublas,FP16,80,128,80,1638400,0.010342,0.012493,0.827869,1.0,True,pass,,0.7590196076780558
259,258,Real-World,cublas,FP32,80,128,80,1638400,0.0128,0.014899,0.859107,1.0,True,pass,,0.7590196076780558
259,258,Real-World,cublas,INT8,80,128,80,1638400,0.010752,0.00855,1.257485,1.0,True,pass,,0.7590196076780558
260,259,Real-World,cublas,FP16,16,208,112,745472,0.012749,0.0128,0.996,1.0,True,pass,,0.7766361273825169
260,259,Real-World,cublas,FP32,16,208,112,745472,0.013261,0.017613,0.752907,1.0,True,pass,,0.7766361273825169
260,259,Real-World,cublas,INT8,16,208,112,745472,0.010701,0.008294,1.290123,1.0,True,pass,,0.7766361273825169
261,260,Real-World,cublas,FP16,184,16,128,753664,0.010291,0.01321,0.77907,1.0,True,pass,,0.7326656766235828
261,260,Real-World,cublas,FP32,184,16,128,753664,0.010138,0.019968,0.507692,1.0,True,pass,,0.7326656766235828
261,260,Real-World,cublas,INT8,184,16,128,753664,0.009318,0.008602,1.083333,1.0,True,pass,,0.7326656766235828
262,261,Real-World,cublas,FP16,32,5,768,245760,0.015053,0.015616,0.963935,1.0,True,pass,,0.7972880452871323
262,261,Real-World,cublas,FP32,32,5,768,245760,0.046182,0.022016,2.097675,1.0,True,pass,,0.7972880452871323
262,261,Real-World,cublas,INT8,32,5,768,245760,0.009472,0.011213,0.844749,1.0,True,pass,,0.7972880452871323
263,262,Real-World,cublas,FP16,183,69,64,1616256,0.010394,0.012954,0.802372,1.0,True,pass,,0.8583376724272966
263,262,Real-World,cublas,FP32,183,69,64,1616256,0.011622,0.01408,0.825454,1.0,True,pass,,0.8583376724272966
263,262,Real-World,cublas,INT8,183,69,64,1616256,,,,,False,missing,Running INT8...Error benchmarking size 183x69x64: std::exception,0.8583376724272966
264,263,Real-World,cublas,FP16,16,128,192,786432,0.013261,0.013978,0.948718,1.0,True,pass,,0.7911432813853025
264,263,Real-World,cublas,FP32,16,128,192,786432,0.016282,0.024678,0.659751,1.0,True,pass,,0.7911432813853025
264,263,Real-World,cublas,INT8,16,128,192,786432,0.010957,0.009011,1.215909,1.0,True,pass,,0.7911432813853025
265,264,Real-World,cublas,FP16,128,112,64,1835008,0.010138,0.012339,0.821577,1.0,True,pass,,0.7712454404681921
265,264,Real-World,cublas,FP32,128,112,64,1835008,0.01152,0.014182,0.812274,1.0,True,pass,,0.7712454404681921
265,264,Real-World,cublas,INT8,128,112,64,1835008,0.011213,0.008448,1.327273,1.0,True,pass,,0.7712454404681921
266,265,Real-World,cublas,FP16,100,100,100,2000000,0.011008,0.009728,1.131579,1.0,True,pass,,0.7369316834956408
266,265,Real-World,cublas,FP32,100,100,100,2000000,0.013517,0.017203,0.785714,1.0,True,pass,,0.7369316834956408
266,265,Real-World,cublas,INT8,100,100,100,2000000,0.017408,0.007731,2.251656,1.0,True,pass,,0.7369316834956408
267,266,Real-World,cublas,FP16,123,64,120,1889280,0.011213,0.012186,0.920168,1.0,True,pass,,0.7978594340384007
267,266,Real-World,cublas,FP32,123,64,120,1889280,0.013107,0.018842,0.695652,1.0,True,pass,,0.7978594340384007
267,266,Real-World,cublas,INT8,123,64,120,1889280,,,,,False,missing,Running INT8...Error benchmarking size 123x64x120: std::exception,0.7978594340384007
268,267,Real-World,cublas,FP16,208,64,64,1703936,0.009984,0.013722,0.727612,1.0,True,pass,,0.7592192254960537
268,267,Real-World,cublas,FP32,208,64,64,1703936,0.011571,0.014182,0.815884,1.0,True,pass,,0.7592192254960537
268,267,Real-World,cublas,INT8,208,64,64,1703936,0.013875,0.010547,1.315534,1.0,True,pass,,0.7592192254960537
269,268,Real-World,cublas,FP16,140,24,168,1128960,0.0128,0.013773,0.929368,1.0,True,pass,,0.720610436052084
269,268,Real-World,cublas,FP32,140,24,168,1128960,0.017664,0.023091,0.764967,1.0,True,pass,,0.720610436052084
269,268,Real-World,cublas,INT8,140,24,168,1128960,0.013978,0.009011,1.551136,1.0,True,pass,,0.720610436052084
270,269,Real-World,cublas,FP16,960,16,16,491520,0.010035,0.012134,0.827004,1.0,True,pass,,0.7024116888642311
270,269,Real-World,cublas,FP32,960,16,16,491520,0.010598,0.009677,1.095238,1.0,True,pass,,0.7024116888642311
270,269,Real-World,cublas,INT8,960,16,16,491520,0.010701,0.008243,1.298137,1.0,True,pass,,0.7024116888642311
271,270,Real-World,cublas,FP16,24,768,16,589824,0.009984,0.012134,0.822785,1.0,True,pass,,0.6906685959547758
271,270,Real-World,cublas,FP32,24,768,16,589824,0.010394,0.009267,1.121547,1.0,True,pass,,0.6906685959547758
271,270,Real-World,cublas,INT8,24,768,16,589824,0.011315,0.008346,1.355828,1.0,True,pass,,0.6906685959547758
272,271,Real-World,cublas,FP16,80,256,32,1310720,0.009728,0.012646,0.769231,1.0,True,pass,,0.6979639232158661
272,271,Real-World,cublas,FP32,80,256,32,1310720,0.011366,0.011059,1.027778,1.0,True,pass,,0.6979639232158661
272,271,Real-World,cublas,INT8,80,256,32,1310720,0.010598,0.008294,1.277778,1.0,True,pass,,0.6979639232158661
273,272,Real-World,cublas,FP16,175,101,50,1767500,0.011213,0.009728,1.152632,1.0,True,pass,,0.8068598415702581
273,272,Real-World,cublas,FP32,175,101,50,1767500,0.011981,0.013414,0.89313,1.0,True,pass,,0.8068598415702581
273,272,Real-World,cublas,INT8,175,101,50,1767500,,,,,False,missing,Running INT8...Error benchmarking size 175x101x50: std::exception,0.8068598415702581
274,273,Real-World,cublas,FP16,167,35,128,1496320,0.009626,0.01367,0.70412,1.0,True,pass,,1.064464619383216
274,273,Real-World,cublas,FP32,167,35,128,1496320,0.012134,0.021504,0.564286,1.0,True,pass,,1.064464619383216
274,273,Real-World,cublas,INT8,167,35,128,1496320,,,,,False,missing,Running INT8...Error benchmarking size 167x35x128: std::exception,1.064464619383216
275,274,Real-World,cublas,FP16,112,9,256,516096,0.01111,0.011213,0.990868,1.0,True,pass,,1.2773374635726213
275,274,Real-World,cublas,FP32,112,9,256,516096,0.011981,0.033946,0.352941,1.0,True,pass,,1.2773374635726213
275,274,Real-World,cublas,INT8,112,9,256,516096,0.009267,0.010035,0.923469,1.0,True,pass,,1.2773374635726213
276,275,Real-World,cublas,FP16,16,16,1008,516096,0.010291,0.010445,0.985294,1.0,True,pass,,1.0668168403208256
276,275,Real-World,cublas,FP32,16,16,1008,516096,0.066509,0.06359,1.045894,1.0,True,pass,,1.0668168403208256
276,275,Real-World,cublas,INT8,16,16,1008,516096,0.010752,0.012186,0.882353,1.0,True,pass,,1.0668168403208256
277,276,Real-World,cublas,FP16,179,32,128,1466368,0.008909,0.008653,1.029586,1.0,True,pass,,1.1687135696411133
277,276,Real-World,cublas,FP32,179,32,128,1466368,0.012237,0.01961,0.624021,1.0,True,pass,,1.1687135696411133
277,276,Real-World,cublas,INT8,179,32,128,1466368,,,,,False,missing,Running INT8...Error benchmarking size 179x32x128: std::exception,1.1687135696411133
278,277,Real-World,cublas,FP16,128,128,64,2097152,0.007526,0.007526,1.0,1.0,True,pass,,1.0072475410997868
278,277,Real-World,cublas,FP32,128,128,64,2097152,0.010547,0.013824,0.762963,1.0,True,pass,,1.0072475410997868
278,277,Real-World,cublas,INT8,128,128,64,2097152,0.008397,0.008243,1.018634,1.0,True,pass,,1.0072475410997868
279,278,Real-World,cublas,FP16,64,128,128,2097152,0.008499,0.007731,1.099338,1.0,True,pass,,0.9252215065062046
279,278,Real-World,cublas,FP32,64,128,128,2097152,0.012134,0.019405,0.62533,1.0,True,pass,,0.9252215065062046
279,278,Real-World,cublas,INT8,64,128,128,2097152,0.00855,0.008704,0.982353,1.0,True,pass,,0.9252215065062046
280,279,Real-World,cublas,FP16,16,16,1024,524288,0.010496,0.010189,1.030151,1.0,True,pass,,0.9534047767519951
280,279,Real-World,cublas,FP32,16,16,1024,524288,0.068762,0.062566,1.099018,1.0,True,pass,,0.9534047767519951
280,279,Real-World,cublas,INT8,16,16,1024,524288,0.011469,0.012134,0.945148,1.0,True,pass,,0.9534047767519951
281,280,Real-World,cublas,FP16,128,1,256,65536,0.007834,0.010394,0.753695,1.0,True,pass,,0.9502092525362968
281,280,Real-World,cublas,FP32,128,1,256,65536,0.007475,0.031283,0.238953,1.0,True,pass,,0.9502092525362968
281,280,Real-World,cublas,INT8,128,1,256,65536,0.008038,0.009318,0.862637,1.0,True,pass,,0.9502092525362968
282,281,Real-World,cublas,FP16,128,80,112,2293760,0.007731,0.007834,0.986928,1.0,True,pass,,0.9286789670586586
282,281,Real-World,cublas,FP32,128,80,112,2293760,0.011827,0.017869,0.661891,1.0,True,pass,,0.9286789670586586
282,281,Real-World,cublas,INT8,128,80,112,2293760,0.008243,0.009165,0.899441,1.0,True,pass,,0.9286789670586586
283,282,Real-World,cublas,FP16,42,10,640,537600,0.012954,0.009267,1.39779,1.0,True,pass,,1.1252977196127176
283,282,Real-World,cublas,FP32,42,10,640,537600,0.044646,0.025293,1.765182,1.0,True,pass,,1.1252977196127176
283,282,Real-World,cublas,INT8,42,10,640,537600,,,,,False,missing,Running INT8...Error benchmarking size 42x10x640: std::exception,1.1252977196127176
284,283,Real-World,cublas,FP16,32,32,512,1048576,0.009318,0.00896,1.04,1.0,True,pass,,1.0286212358623743
284,283,Real-World,cublas,FP32,32,32,512,1048576,0.015002,0.024218,0.61945,1.0,True,pass,,1.0286212358623743
284,283,Real-World,cublas,INT8,32,32,512,1048576,0.009165,0.01024,0.895,1.0,True,pass,,1.0286212358623743
285,284,Real-World,cublas,FP16,41,80,256,1679360,0.010701,0.010394,1.029556,1.0,True,pass,,1.1780854295939207
285,284,Real-World,cublas,FP32,41,80,256,1679360,0.015309,0.03072,0.498333,1.0,True,pass,,1.1780854295939207
285,284,Real-World,cublas,INT8,41,80,256,1679360,,,,,False,missing,Running INT8...Error benchmarking size 41x80x256: std::exception,1.1780854295939207
286,285,Real-World,cublas,FP16,195,29,128,1447680,0.009165,0.008806,1.040698,1.0,True,pass,,1.16246378980577
286,285,Real-World,cublas,FP32,195,29,128,1447680,0.012493,0.019763,0.632124,1.0,True,pass,,1.16246378980577
286,285,Real-World,cublas,INT8,195,29,128,1447680,,,,,False,missing,Running INT8...Error benchmarking size 195x29x128: std::exception,1.16246378980577
287,286,Real-World,cublas,FP16,83,40,256,1699840,0.011213,0.009882,1.134715,1.0,True,pass,,1.1652330569922924
287,286,Real-World,cublas,FP32,83,40,256,1699840,0.013517,0.031386,0.430669,1.0,True,pass,,1.1652330569922924
287,286,Real-World,cublas,INT8,83,40,256,1699840,,,,,False,missing,Running INT8...Error benchmarking size 83x40x256: std::exception,1.1652330569922924
288,287,Real-World,cublas,FP16,32,1024,2,131072,0.007373,0.008397,0.878049,1.0,True,pass,,1.0160077288746834
288,287,Real-World,cublas,FP32,32,1024,2,131072,0.008653,0.008346,1.03681,1.0,True,pass,,1.0160077288746834
288,287,Real-World,cublas,INT8,32,1024,2,131072,0.003072,0.008243,0.372671,0.0,False,incorrect,Cosine similarity threshold failed,1.0160077288746834
289,288,Real-World,cublas,FP16,50,100,200,2000000,0.01239,0.028518,0.43447,1.0,True,pass,,1.2585582677274942
289,288,Real-World,cublas,FP32,50,100,200,2000000,0.014592,0.027085,0.538752,1.0,True,pass,,1.2585582677274942
289,288,Real-World,cublas,INT8,50,100,200,2000000,,,,,False,missing,Running INT8...Error benchmarking size 50x100x200: std::exception,1.2585582677274942
290,289,Real-World,cublas,FP16,85,64,200,2176000,0.010496,0.01024,1.025,1.0,True,pass,,1.247576491907239
290,289,Real-World,cublas,FP32,85,64,200,2176000,0.014643,0.027546,0.531598,1.0,True,pass,,1.247576491907239
290,289,Real-World,cublas,INT8,85,64,200,2176000,,,,,False,missing,Running INT8...Error benchmarking size 85x64x200: std::exception,1.247576491907239
291,290,Real-World,cublas,FP16,125,10,256,640000,0.011315,0.010291,1.099502,1.0,True,pass,,1.2242653761059046
291,290,Real-World,cublas,FP32,125,10,256,640000,0.010086,0.03113,0.324013,1.0,True,pass,,1.2242653761059046
291,290,Real-World,cublas,INT8,125,10,256,640000,,,,,False,missing,Running INT8...Error benchmarking size 125x10x256: std::exception,1.2242653761059046
292,291,Real-World,cublas,FP16,128,10,256,655360,0.009677,0.010291,0.940299,1.0,True,pass,,0.949957637116313
292,291,Real-World,cublas,FP32,128,10,256,655360,0.010189,0.030925,0.32947,1.0,True,pass,,0.949957637116313
292,291,Real-World,cublas,INT8,128,10,256,655360,0.008397,0.009472,0.886487,1.0,True,pass,,0.949957637116313
293,292,Real-World,cublas,FP16,112,80,144,2580480,0.008602,0.007987,1.076923,1.0,True,pass,,0.9096926432102919
293,292,Real-World,cublas,FP32,112,80,144,2580480,0.013158,0.02089,0.629902,1.0,True,pass,,0.9096926432102919
293,292,Real-World,cublas,INT8,112,80,144,2580480,0.008909,0.008858,1.00578,1.0,True,pass,,0.9096926432102919
294,293,Real-World,cublas,FP16,128,81,128,2654208,0.008243,0.007987,1.032051,1.0,True,pass,,0.968584481626749
294,293,Real-World,cublas,FP32,128,81,128,2654208,0.01239,0.019712,0.628571,1.0,True,pass,,0.968584481626749
294,293,Real-World,cublas,INT8,128,81,128,2654208,0.008499,0.008448,1.006061,1.0,True,pass,,0.968584481626749
295,294,Real-World,cublas,FP16,32,768,16,786432,0.010342,0.012339,0.838174,1.0,True,pass,,0.8018024768680334
295,294,Real-World,cublas,FP32,32,768,16,786432,0.010342,0.00983,1.052083,1.0,True,pass,,0.8018024768680334
295,294,Real-World,cublas,INT8,32,768,16,786432,0.010854,0.008653,1.254438,1.0,True,pass,,0.8018024768680334
296,295,Real-World,cublas,FP16,71,2,512,145408,0.014541,0.012851,1.131474,1.0,True,pass,,0.826224921271205
296,295,Real-World,cublas,FP32,71,2,512,145408,0.010598,0.019866,0.533505,1.0,True,pass,,0.826224921271205
296,295,Real-World,cublas,INT8,71,2,512,145408,,,,,False,missing,Running INT8...Error benchmarking size 71x2x512: std::exception,0.826224921271205
297,296,Real-World,cublas,FP16,144,32,188,1732608,0.011418,0.010906,1.046948,1.0,True,pass,,0.7621980775147676
297,296,Real-World,cublas,FP32,144,32,188,1732608,0.020736,0.027034,0.767045,1.0,True,pass,,0.7621980775147676
297,296,Real-World,cublas,INT8,144,32,188,1732608,0.013107,0.008448,1.551515,1.0,True,pass,,0.7621980775147676
298,297,Real-World,cublas,FP16,119,312,2,148512,0.00983,0.008346,1.177914,1.0,True,pass,,0.7985478080809116
298,297,Real-World,cublas,FP32,119,312,2,148512,0.010496,0.009011,1.164773,1.0,True,pass,,0.7985478080809116
298,297,Real-World,cublas,INT8,119,312,2,148512,,,,,False,missing,Running INT8...Error benchmarking size 119x312x2: std::exception,0.7985478080809116
299,298,Real-World,cublas,FP16,24,1,1536,73728,0.011827,0.015616,0.757377,1.0,True,pass,,0.7153687234967947
299,298,Real-World,cublas,FP32,24,1,1536,73728,0.012288,0.136909,0.089753,1.0,True,pass,,0.7153687234967947
299,298,Real-World,cublas,INT8,24,1,1536,73728,0.011213,0.014336,0.782143,1.0,True,pass,,0.7153687234967947
300,299,Real-World,cublas,FP16,54,256,80,2211840,0.009984,0.012083,0.826271,1.0,True,pass,,0.7995268050581217
300,299,Real-World,cublas,FP32,54,256,80,2211840,0.012749,0.015206,0.838384,1.0,True,pass,,0.7995268050581217
300,299,Real-World,cublas,INT8,54,256,80,2211840,,,,,False,missing,Running INT8...Error benchmarking size 54x256x80: std::exception,0.7995268050581217
301,300,Real-World,cublas,FP16,16,128,256,1048576,0.012749,0.013517,0.943182,1.0,True,pass,,0.7198306173086166
301,300,Real-World,cublas,FP32,16,128,256,1048576,0.015411,0.030003,0.513652,1.0,True,pass,,0.7198306173086166
301,300,Real-World,cublas,INT8,16,128,256,1048576,0.011366,0.009779,1.162304,1.0,True,pass,,0.7198306173086166
302,301,Real-World,cublas,FP16,16,32,800,819200,0.014592,0.013773,1.059479,1.0,True,pass,,0.7206646949052811
302,301,Real-World,cublas,FP32,16,32,800,819200,0.017152,0.059955,0.28608,1.0,True,pass,,0.7206646949052811
302,301,Real-World,cublas,INT8,16,32,800,819200,0.012493,0.011981,1.042735,1.0,True,pass,,0.7206646949052811
303,302,Real-World,cublas,FP16,256,16,128,1048576,0.010342,0.013005,0.795276,1.0,True,pass,,0.7552138939499855
303,302,Real-World,cublas,FP32,256,16,128,1048576,0.010701,0.020019,0.534527,1.0,True,pass,,0.7552138939499855
303,302,Real-World,cublas,INT8,256,16,128,1048576,0.009574,0.009062,1.056497,1.0,True,pass,,0.7552138939499855
304,303,Real-World,cublas,FP16,128,16,256,1048576,0.011264,0.014234,0.791367,1.0,True,pass,,0.7136301342397928
304,303,Real-World,cublas,FP32,128,16,256,1048576,0.011213,0.030874,0.363184,1.0,True,pass,,0.7136301342397928
304,303,Real-World,cublas,INT8,128,16,256,1048576,0.009421,0.009574,0.983957,1.0,True,pass,,0.7136301342397928
305,304,Real-World,cublas,FP16,800,16,32,819200,0.009882,0.012595,0.784553,1.0,True,pass,,0.7358549498021603
305,304,Real-World,cublas,FP32,800,16,32,819200,0.009779,0.010906,0.896714,1.0,True,pass,,0.7358549498021603
305,304,Real-World,cublas,INT8,800,16,32,819200,0.01024,0.008243,1.242236,1.0,True,pass,,0.7358549498021603
306,305,Real-World,cublas,FP16,160,16,208,1064960,0.010957,0.013363,0.819923,1.0,True,pass,,0.7185055669397116
306,305,Real-World,cublas,FP32,160,16,208,1064960,0.01111,0.026522,0.418919,1.0,True,pass,,0.7185055669397116
306,305,Real-World,cublas,INT8,160,16,208,1064960,0.009728,0.010035,0.969388,1.0,True,pass,,0.7185055669397116
307,306,Real-World,cublas,FP16,49,64,321,2013312,0.013517,0.010035,1.346939,1.0,True,pass,,0.7086008545011282
307,306,Real-World,cublas,FP32,49,64,321,2013312,0.017613,0.07895,0.223087,1.0,True,pass,,0.7086008545011282
307,306,Real-World,cublas,INT8,49,64,321,2013312,0.009626,0.024627,0.390852,0.0,False,incorrect,Cosine similarity threshold failed,0.7086008545011282
308,307,Real-World,cublas,FP16,88,1,448,78848,0.012339,0.013568,0.909434,1.0,True,pass,,0.7594896834343672
308,307,Real-World,cublas,FP32,88,1,448,78848,0.009626,0.046131,0.208657,1.0,True,pass,,0.7594896834343672
308,307,Real-World,cublas,INT8,88,1,448,78848,0.009421,0.010547,0.893204,1.0,True,pass,,0.7594896834343672
309,308,Real-World,cublas,FP16,144,128,80,2949120,0.010445,0.012442,0.839506,1.0,True,pass,,0.7438051328063011
309,308,Real-World,cublas,FP32,144,128,80,2949120,0.0128,0.015411,0.830565,1.0,True,pass,,0.7438051328063011
309,308,Real-World,cublas,INT8,144,128,80,2949120,0.010854,0.009216,1.177778,1.0,True,pass,,0.7438051328063011
310,309,Real-World,cublas,FP16,199,1,200,79600,0.009165,0.013875,0.660517,1.0,True,pass,,0.7209928557276726
310,309,Real-World,cublas,FP32,199,1,200,79600,0.012442,0.025293,0.491903,1.0,True,pass,,0.7209928557276726
310,309,Real-World,cublas,INT8,199,1,200,79600,0.00896,0.009779,0.91623,1.0,True,pass,,0.7209928557276726
311,310,Real-World,cublas,FP16,26,13,1024,692224,0.016691,0.014592,1.14386,1.0,True,pass,,0.933790598064661
311,310,Real-World,cublas,FP32,26,13,1024,692224,0.059546,0.071424,0.833692,1.0,True,pass,,0.933790598064661
311,310,Real-World,cublas,INT8,26,13,1024,692224,,,,,False,missing,Running INT8...Error benchmarking size 26x13x1024: std::exception,0.933790598064661
312,311,Real-World,cublas,FP16,400,32,64,1638400,0.008653,0.134042,0.064553,1.0,True,pass,,1.1324830763041973
312,311,Real-World,cublas,FP32,400,32,64,1638400,0.025651,0.0128,2.004,1.0,True,pass,,1.1324830763041973
312,311,Real-World,cublas,INT8,400,32,64,1638400,0.008858,0.008858,1.0,1.0,True,pass,,1.1324830763041973
313,312,Real-World,cublas,FP16,96,128,128,3145728,0.009267,0.008909,1.04023,1.0,True,pass,,1.150788215920329
313,312,Real-World,cublas,FP32,96,128,128,3145728,0.01449,0.02263,0.640272,1.0,True,pass,,1.150788215920329
313,312,Real-World,cublas,INT8,96,128,128,3145728,0.00896,0.008704,1.029412,1.0,True,pass,,1.150788215920329
314,313,Real-World,cublas,FP16,152,84,120,3064320,0.007834,0.008704,0.9,1.0,True,pass,,1.0148334950208664
314,313,Real-World,cublas,FP32,152,84,120,3064320,0.011674,0.018688,0.624658,1.0,True,pass,,1.0148334950208664
314,313,Real-World,cublas,INT8,152,84,120,3064320,0.016282,0.009626,1.69149,1.0,True,pass,,1.0148334950208664
315,314,Real-World,cublas,FP16,99,45,256,2280960,0.010701,0.01065,1.004807,1.0,True,pass,,1.2685452923178673
315,314,Real-World,cublas,FP32,99,45,256,2280960,0.013722,0.032307,0.424723,1.0,True,pass,,1.2685452923178673
315,314,Real-World,cublas,INT8,99,45,256,2280960,,,,,False,missing,Running INT8...Error benchmarking size 99x45x256: std::exception,1.2685452923178673
316,315,Real-World,cublas,FP16,136,80,144,3133440,0.008653,0.007834,1.104575,1.0,True,pass,,1.016598828136921
316,315,Real-World,cublas,FP32,136,80,144,3133440,0.012698,0.02135,0.594724,1.0,True,pass,,1.016598828136921
316,315,Real-World,cublas,INT8,136,80,144,3133440,0.010957,0.008909,1.229885,1.0,True,pass,,1.016598828136921
317,316,Real-World,cublas,FP16,24,128,256,1572864,0.009574,0.032,0.2992,1.0,True,pass,,0.9847334958612919
317,316,Real-World,cublas,FP32,24,128,256,1572864,0.016179,0.030874,0.524046,1.0,True,pass,,0.9847334958612919
317,316,Real-World,cublas,INT8,24,128,256,1572864,0.010803,0.009779,1.104712,1.0,True,pass,,0.9847334958612919
318,317,Real-World,cublas,FP16,16,64,512,1048576,0.009984,0.009011,1.107955,1.0,True,pass,,1.0201921965926886
318,317,Real-World,cublas,FP32,16,64,512,1048576,0.022426,0.023347,0.960526,1.0,True,pass,,1.0201921965926886
318,317,Real-World,cublas,INT8,16,64,512,1048576,0.009626,0.010291,0.935323,1.0,True,pass,,1.0201921965926886
319,318,Real-World,cublas,FP16,16,512,64,1048576,0.007475,0.007987,0.935897,1.0,True,pass,,1.0066514946520329
319,318,Real-World,cublas,FP32,16,512,64,1048576,0.010496,0.013466,0.779468,1.0,True,pass,,1.0066514946520329
319,318,Real-World,cublas,INT8,16,512,64,1048576,0.008192,0.008141,1.006289,1.0,True,pass,,1.0066514946520329
320,319,Real-World,cublas,FP16,256,64,80,2621440,0.008192,0.008141,1.006289,1.0,True,pass,,1.0002626720815897
320,319,Real-World,cublas,FP32,256,64,80,2621440,0.011264,0.015053,0.748299,1.0,True,pass,,1.0002626720815897
320,319,Real-World,cublas,INT8,256,64,80,2621440,0.00855,0.008346,1.02454,1.0,True,pass,,1.0002626720815897
321,320,Real-World,cublas,FP16,32,48,512,1572864,0.010035,0.008806,1.139535,1.0,True,pass,,1.004609227180481
321,320,Real-World,cublas,FP32,32,48,512,1572864,0.015411,0.02519,0.611789,1.0,True,pass,,1.004609227180481
321,320,Real-World,cublas,INT8,32,48,512,1572864,0.00983,0.010291,0.955224,1.0,True,pass,,1.004609227180481
322,321,Real-World,cublas,FP16,1,21316,1,42632,0.007014,0.009677,0.724868,1.0,True,pass,,0.9305174965411425
322,321,Real-World,cublas,FP32,1,21316,1,42632,0.006758,0.012954,0.521739,1.0,True,pass,,0.9305174965411425
322,321,Real-World,cublas,INT8,1,21316,1,42632,0.003174,0.014387,0.220641,0.0,False,incorrect,Cosine similarity threshold failed,0.9305174965411425
323,322,Real-World,cublas,FP16,16,208,176,1171456,0.008243,0.00983,0.838542,1.0,True,pass,,1.0098705664277077
323,322,Real-World,cublas,FP32,16,208,176,1171456,0.013824,0.02391,0.578158,1.0,True,pass,,1.0098705664277077
323,322,Real-World,cublas,INT8,16,208,176,1171456,0.008806,0.00896,0.982857,1.0,True,pass,,1.0098705664277077
324,323,Real-World,cublas,FP16,159,128,80,3256320,0.008704,0.007885,1.103896,1.0,True,pass,,1.1319119781255722
324,323,Real-World,cublas,FP32,159,128,80,3256320,0.011622,0.014848,0.782759,1.0,True,pass,,1.1319119781255722
324,323,Real-World,cublas,INT8,159,128,80,3256320,,,,,False,missing,Running INT8...Error benchmarking size 159x128x80: std::exception,1.1319119781255722
325,324,Real-World,cublas,FP16,64,112,208,2981888,0.00937,0.008397,1.115854,1.0,True,pass,,0.9511945024132729
325,324,Real-World,cublas,FP32,64,112,208,2981888,0.014387,0.028006,0.513711,1.0,True,pass,,0.9511945024132729
325,324,Real-World,cublas,INT8,64,112,208,2981888,0.009318,0.010086,0.923858,1.0,True,pass,,0.9511945024132729
326,325,Real-World,cublas,FP16,208,112,64,2981888,0.007475,0.00768,0.973333,1.0,True,pass,,1.0080711394548416
326,325,Real-World,cublas,FP32,208,112,64,2981888,0.01024,0.013619,0.75188,1.0,True,pass,,1.0080711394548416
326,325,Real-World,cublas,INT8,208,112,64,2981888,0.008397,0.008038,1.044586,1.0,True,pass,,1.0080711394548416
327,326,Real-World,cublas,FP16,72,1,600,86400,0.010189,0.009011,1.130682,1.0,True,pass,,0.9665470402687788
327,326,Real-World,cublas,FP32,72,1,600,86400,0.010086,0.05929,0.170121,1.0,True,pass,,0.9665470402687788
327,326,Real-World,cublas,INT8,72,1,600,86400,0.009011,0.01536,0.586667,1.0,True,pass,,0.9665470402687788
328,327,Real-World,cublas,FP16,165,4,256,337920,0.01065,0.010342,1.029703,1.0,True,pass,,1.1909255646169186
328,327,Real-World,cublas,FP32,165,4,256,337920,0.008704,0.030874,0.281924,1.0,True,pass,,1.1909255646169186
328,327,Real-World,cublas,INT8,165,4,256,337920,,,,,False,missing,Running INT8...Error benchmarking size 165x4x256: std::exception,1.1909255646169186
329,328,Real-World,cublas,FP16,103,20,342,1409040,0.012954,0.011725,1.104803,1.0,True,pass,,1.1877909693866968
329,328,Real-World,cublas,FP32,103,20,342,1409040,0.01408,0.097741,0.144054,1.0,True,pass,,1.1877909693866968
329,328,Real-World,cublas,INT8,103,20,342,1409040,,,,,False,missing,Running INT8...Error benchmarking size 103x20x342: std::exception,1.1877909693866968
330,329,Real-World,cublas,FP16,172,100,100,3440000,0.008755,0.009421,0.929348,1.0,True,pass,,0.8924206905066967
330,329,Real-World,cublas,FP32,172,100,100,3440000,0.011878,0.017562,0.676385,1.0,True,pass,,0.8924206905066967
330,329,Real-World,cublas,INT8,172,100,100,3440000,0.016794,0.008755,1.918129,1.0,True,pass,,0.8924206905066967
331,330,Real-World,cublas,FP16,190,64,128,3112960,0.008243,0.025754,0.32008,1.0,True,pass,,1.0999418161809444
331,330,Real-World,cublas,FP32,190,64,128,3112960,0.012186,0.019917,0.611825,1.0,True,pass,,1.0999418161809444
331,330,Real-World,cublas,INT8,190,64,128,3112960,,,,,False,missing,Running INT8...Error benchmarking size 190x64x128: std::exception,1.0999418161809444
332,331,Real-World,cublas,FP16,32,128,256,2097152,0.008448,0.010854,0.778302,1.0,True,pass,,0.9078389164060354
332,331,Real-World,cublas,FP32,32,128,256,2097152,0.017101,0.03072,0.556667,1.0,True,pass,,0.9078389164060354
332,331,Real-World,cublas,INT8,32,128,256,2097152,0.009062,0.009574,0.946524,1.0,True,pass,,0.9078389164060354
333,332,Real-World,cublas,FP16,32,256,128,2097152,0.013312,0.012186,1.092437,1.0,True,pass,,0.7222037892788649
333,332,Real-World,cublas,FP32,32,256,128,2097152,0.013056,0.019046,0.685484,1.0,True,pass,,0.7222037892788649
333,332,Real-World,cublas,INT8,32,256,128,2097152,0.010598,0.008499,1.246988,1.0,True,pass,,0.7222037892788649
334,333,Real-World,cublas,FP16,170,128,80,3481600,0.010496,0.012544,0.836735,1.0,True,pass,,0.8674905207008123
334,333,Real-World,cublas,FP32,170,128,80,3481600,0.012698,0.015462,0.821192,1.0,True,pass,,0.8674905207008123
334,333,Real-World,cublas,INT8,170,128,80,3481600,,,,,False,missing,Running INT8...Error benchmarking size 170x128x80: std::exception,0.8674905207008123
335,334,Real-World,cublas,FP16,57,29,512,1692672,0.014592,0.013414,1.087786,1.0,True,pass,,1.010858427733183
335,334,Real-World,cublas,FP32,57,29,512,1692672,0.017101,0.020736,0.824691,1.0,True,pass,,1.010858427733183
335,334,Real-World,cublas,INT8,57,29,512,1692672,,,,,False,missing,Running INT8...Error benchmarking size 57x29x512: std::exception,1.010858427733183
336,335,Real-World,cublas,FP16,192,96,96,3538944,0.010035,0.013363,0.750958,1.0,True,pass,,0.7267899084836245
336,335,Real-World,cublas,FP32,192,96,96,3538944,0.012493,0.016794,0.743902,1.0,True,pass,,0.7267899084836245
336,335,Real-World,cublas,INT8,192,96,96,3538944,0.010547,0.008448,1.248485,1.0,True,pass,,0.7267899084836245
337,336,Real-World,cublas,FP16,59,28,512,1691648,0.014643,0.013005,1.125984,1.0,True,pass,,0.825518136844039
337,336,Real-World,cublas,FP32,59,28,512,1691648,0.017613,0.020736,0.849383,1.0,True,pass,,0.825518136844039
337,336,Real-World,cublas,INT8,59,28,512,1691648,,,,,False,missing,Running INT8...Error benchmarking size 59x28x512: std::exception,0.825518136844039
338,337,Real-World,cublas,FP16,91,144,144,3773952,0.011622,0.0128,0.908,1.0,True,pass,,0.8459272850304842
338,337,Real-World,cublas,FP32,91,144,144,3773952,0.014234,0.02089,0.681373,1.0,True,pass,,0.8459272850304842
338,337,Real-World,cublas,INT8,91,144,144,3773952,,,,,False,missing,Running INT8...Error benchmarking size 91x144x144: std::exception,0.8459272850304842
339,338,Real-World,cublas,FP16,128,320,16,1310720,0.009626,0.012339,0.780083,1.0,True,pass,,0.7634402699768543
339,338,Real-World,cublas,FP32,128,320,16,1310720,0.01111,0.009574,1.160428,1.0,True,pass,,0.7634402699768543
339,338,Real-World,cublas,INT8,128,320,16,1310720,0.010547,0.008294,1.271605,1.0,True,pass,,0.7634402699768543
340,339,Real-World,cublas,FP16,49,96,300,2822400,0.013517,0.012186,1.109244,1.0,True,pass,,0.8237372934818268
340,339,Real-World,cublas,FP32,49,96,300,2822400,0.017613,0.03415,0.515742,1.0,True,pass,,0.8237372934818268
340,339,Real-World,cublas,INT8,49,96,300,2822400,,,,,False,missing,Running INT8...Error benchmarking size 49x96x300: std::exception,0.8237372934818268
341,340,Real-World,cublas,FP16,48,96,304,2801664,0.012134,0.01495,0.811644,1.0,True,pass,,0.7292917873710394
341,340,Real-World,cublas,FP32,48,96,304,2801664,0.017203,0.033946,0.506787,1.0,True,pass,,0.7292917873710394
341,340,Real-World,cublas,INT8,48,96,304,2801664,0.01193,0.01024,1.165,1.0,True,pass,,0.7292917873710394
342,341,Real-World,cublas,FP16,186,2,256,190464,0.010752,0.014182,0.758123,1.0,True,pass,,0.7886099293828011
342,341,Real-World,cublas,FP32,186,2,256,190464,0.009421,0.030822,0.305648,1.0,True,pass,,0.7886099293828011
342,341,Real-World,cublas,INT8,186,2,256,190464,,,,,False,missing,Running INT8...Error benchmarking size 186x2x256: std::exception,0.7886099293828011
343,342,Real-World,cublas,FP16,128,128,128,4194304,0.012595,0.012339,1.020747,1.0,True,pass,,0.6957399230450392
343,342,Real-World,cublas,FP32,128,128,128,4194304,0.01321,0.019917,0.663239,1.0,True,pass,,0.6957399230450392
343,342,Real-World,cublas,INT8,128,128,128,4194304,0.010598,0.009062,1.169492,1.0,True,pass,,0.6957399230450392
344,343,Real-World,cublas,FP16,1,1,24576,49152,0.012493,0.038758,0.322325,1.0,True,pass,,0.7954888734966516
344,343,Real-World,cublas,FP32,1,1,24576,49152,0.013107,2.059674,0.006364,1.0,True,pass,,0.7954888734966516
344,343,Real-World,cublas,INT8,1,1,24576,49152,0.055398,0.158208,0.350162,1.0,True,pass,,0.7954888734966516
345,344,Real-World,cublas,FP16,32,1024,16,1048576,0.009728,0.012237,0.794979,1.0,True,pass,,0.6895663142204285
345,344,Real-World,cublas,FP32,32,1024,16,1048576,0.010803,0.009472,1.140541,1.0,True,pass,,0.6895663142204285
345,344,Real-World,cublas,INT8,32,1024,16,1048576,0.01065,0.008038,1.324841,1.0,True,pass,,0.6895663142204285
346,345,Real-World,cublas,FP16,208,16,208,1384448,0.010957,0.01449,0.756184,1.0,True,pass,,0.7189450208097696
346,345,Real-World,cublas,FP32,208,16,208,1384448,0.011418,0.026214,0.435547,1.0,True,pass,,0.7189450208097696
346,345,Real-World,cublas,INT8,208,16,208,1384448,0.009472,0.00983,0.963542,1.0,True,pass,,0.7189450208097696
347,346,Real-World,cublas,FP16,100,100,200,4000000,0.011418,0.012646,0.902834,1.0,True,pass,,0.7841991819441319
347,346,Real-World,cublas,FP32,100,100,200,4000000,0.016998,0.024934,0.681725,1.0,True,pass,,0.7841991819441319
347,346,Real-World,cublas,INT8,100,100,200,4000000,0.011981,0.009677,1.238095,1.0,True,pass,,0.7841991819441319
348,347,Real-World,cublas,FP16,200,100,100,4000000,0.010547,0.00937,1.125683,1.0,True,pass,,0.7084728591144085
348,347,Real-World,cublas,FP32,200,100,100,4000000,0.013568,0.017562,0.772595,1.0,True,pass,,0.7084728591144085
348,347,Real-World,cublas,INT8,200,100,100,4000000,0.017562,0.00855,2.053892,1.0,True,pass,,0.7084728591144085
349,348,Real-World,cublas,FP16,152,120,120,4377600,0.010496,0.012544,0.836735,1.0,True,pass,,0.7233017031103373
349,348,Real-World,cublas,FP32,152,120,120,4377600,0.01367,0.018586,0.735537,1.0,True,pass,,0.7233017031103373
349,348,Real-World,cublas,INT8,152,120,120,4377600,0.018227,0.009677,1.883598,1.0,True,pass,,0.7233017031103373
350,349,Real-World,cublas,FP16,1,256,197,100864,0.009216,0.008909,1.034483,1.0,True,pass,,0.7307316344231367
350,349,Real-World,cublas,FP32,1,256,197,100864,0.009267,0.024832,0.373196,1.0,True,pass,,0.7307316344231367
350,349,Real-World,cublas,INT8,1,256,197,100864,0.009933,0.017101,0.580838,0.0,False,incorrect,Cosine similarity threshold failed,0.7307316344231367
351,350,Real-World,cublas,FP16,16,112,384,1376256,0.012851,0.014797,0.868512,1.0,True,pass,,0.7226553242653608
351,350,Real-World,cublas,FP32,16,112,384,1376256,0.017715,0.090112,0.196591,1.0,True,pass,,0.7226553242653608
351,350,Real-World,cublas,INT8,16,112,384,1376256,0.011315,0.01024,1.105,1.0,True,pass,,0.7226553242653608
352,351,Real-World,cublas,FP16,198,1,256,101376,0.009216,0.014336,0.642857,1.0,True,pass,,0.7079272195696831
352,351,Real-World,cublas,FP32,198,1,256,101376,0.008806,0.030976,0.284298,1.0,True,pass,,0.7079272195696831
352,351,Real-World,cublas,INT8,198,1,256,101376,0.009011,0.009574,0.941177,1.0,True,pass,,0.7079272195696831
353,352,Real-World,cublas,FP16,32,64,512,2097152,0.011366,0.012954,0.87747,1.0,True,pass,,0.7589182630181313
353,352,Real-World,cublas,FP32,32,64,512,2097152,0.025139,0.023296,1.079121,1.0,True,pass,,0.7589182630181313
353,352,Real-World,cublas,INT8,32,64,512,2097152,0.027904,0.01833,1.522346,1.0,True,pass,,0.7589182630181313
354,353,Real-World,cublas,FP16,32,512,64,2097152,0.009779,0.01239,0.789256,1.0,True,pass,,0.6998321712017059
354,353,Real-World,cublas,FP32,32,512,64,2097152,0.011776,0.013824,0.851852,1.0,True,pass,,0.6998321712017059
354,353,Real-World,cublas,INT8,32,512,64,2097152,0.01024,0.00809,1.265823,1.0,True,pass,,0.6998321712017059
355,354,Real-World,cublas,FP16,512,32,64,2097152,0.008602,0.028416,0.302703,1.0,True,pass,,0.8528757598251104
355,354,Real-World,cublas,FP32,512,32,64,2097152,0.011213,0.013517,0.829546,1.0,True,pass,,0.8528757598251104
355,354,Real-World,cublas,INT8,512,32,64,2097152,0.028211,0.00809,3.487341,1.0,True,pass,,0.8528757598251104
356,355,Real-World,cublas,FP16,800,16,48,1228800,0.00809,0.010445,0.77451,1.0,True,pass,,1.0309831984341145
356,355,Real-World,cublas,FP32,800,16,48,1228800,0.009933,0.011981,0.82906,1.0,True,pass,,1.0309831984341145
356,355,Real-World,cublas,INT8,800,16,48,1228800,0.008755,0.00809,1.082278,1.0,True,pass,,1.0309831984341145
357,356,Real-World,cublas,FP16,32,32,800,1638400,0.010445,0.009677,1.079365,1.0,True,pass,,1.001695217564702
357,356,Real-World,cublas,FP32,32,32,800,1638400,0.01495,0.063283,0.236246,1.0,True,pass,,1.001695217564702
357,356,Real-World,cublas,INT8,32,32,800,1638400,0.010445,0.011622,0.898678,1.0,True,pass,,1.001695217564702
358,357,Real-World,cublas,FP16,256,112,64,3670016,0.007526,0.007782,0.967105,1.0,True,pass,,0.9172693993896246
358,357,Real-World,cublas,FP32,256,112,64,3670016,0.010598,0.013773,0.769517,1.0,True,pass,,0.9172693993896246
358,357,Real-World,cublas,INT8,256,112,64,3670016,0.008755,0.007936,1.103226,1.0,True,pass,,0.9172693993896246
359,358,Real-World,cublas,FP16,116,16,384,1425408,0.011981,0.012288,0.975,1.0,True,pass,,0.9279212430119514
359,358,Real-World,cublas,FP32,116,16,384,1425408,0.014438,0.094515,0.152763,1.0,True,pass,,0.9279212430119514
359,358,Real-World,cublas,INT8,116,16,384,1425408,0.008704,0.010086,0.862944,1.0,True,pass,,0.9279212430119514
360,359,Real-World,cublas,FP16,16,112,400,1433600,0.009062,0.008704,1.041176,1.0,True,pass,,0.8997273687273264
360,359,Real-World,cublas,FP32,16,112,400,1433600,0.01961,0.044288,0.442774,1.0,True,pass,,0.8997273687273264
360,359,Real-World,cublas,INT8,16,112,400,1433600,0.009523,0.010394,0.916256,1.0,True,pass,,0.8997273687273264
361,360,Real-World,cublas,FP16,16,400,112,1433600,0.008038,0.008653,0.928994,1.0,True,pass,,0.907155517488718
361,360,Real-World,cublas,FP32,16,400,112,1433600,0.011827,0.017664,0.669565,1.0,True,pass,,0.907155517488718
361,360,Real-World,cublas,INT8,16,400,112,1433600,0.008602,0.008602,1.0,1.0,True,pass,,0.907155517488718
362,361,Real-World,cublas,FP16,105,10,456,957600,0.012083,0.009728,1.242105,1.0,True,pass,,1.2701660133898258
362,361,Real-World,cublas,FP32,105,10,456,957600,0.013107,0.054938,0.238583,1.0,True,pass,,1.2701660133898258
362,361,Real-World,cublas,INT8,105,10,456,957600,,,,,False,missing,Running INT8...Error benchmarking size 105x10x456: std::exception,1.2701660133898258
363,362,Real-World,cublas,FP16,16,16,1664,851968,0.012493,0.012237,1.02092,1.0,True,pass,,1.0163325108587742
363,362,Real-World,cublas,FP32,16,16,1664,851968,0.102246,0.08704,1.174706,1.0,True,pass,,1.0163325108587742
363,362,Real-World,cublas,INT8,16,16,1664,851968,0.01536,0.014336,1.071429,1.0,True,pass,,1.0163325108587742
364,363,Real-World,cublas,FP16,60,200,162,3888000,0.009267,0.009062,1.022599,1.0,True,pass,,0.9983724430203438
364,363,Real-World,cublas,FP32,60,200,162,3888000,0.014285,0.02432,0.587368,1.0,True,pass,,0.9983724430203438
364,363,Real-World,cublas,INT8,60,200,162,3888000,0.003277,0.01065,0.307692,0.0,False,incorrect,Cosine similarity threshold failed,0.9983724430203438
365,364,Real-World,cublas,FP16,196,10,256,1003520,0.009472,0.010547,0.898058,1.0,True,pass,,1.0191871207207441
365,364,Real-World,cublas,FP32,196,10,256,1003520,0.010394,0.031693,0.327948,1.0,True,pass,,1.0191871207207441
365,364,Real-World,cublas,INT8,196,10,256,1003520,0.008346,0.009677,0.862434,1.0,True,pass,,1.0191871207207441
366,365,Real-World,cublas,FP16,33,101,384,2559744,0.01193,0.012442,0.958848,1.0,True,pass,,1.1407083310186863
366,365,Real-World,cublas,FP32,33,101,384,2559744,0.019712,0.094925,0.207659,1.0,True,pass,,1.1407083310186863
366,365,Real-World,cublas,INT8,33,101,384,2559744,,,,,False,missing,Running INT8...Error benchmarking size 33x101x384: std::exception,1.1407083310186863
367,366,Real-World,cublas,FP16,400,48,80,3072000,0.008602,0.008448,1.018182,1.0,True,pass,,0.9758102800697088
367,366,Real-World,cublas,FP32,400,48,80,3072000,0.011059,0.015309,0.722408,1.0,True,pass,,0.9758102800697088
367,366,Real-World,cublas,INT8,400,48,80,3072000,0.008602,0.008602,1.0,1.0,True,pass,,0.9758102800697088
368,367,Real-World,cublas,FP16,192,16,256,1572864,0.009523,0.009984,0.953846,1.0,True,pass,,1.0062437281012535
368,367,Real-World,cublas,FP32,192,16,256,1572864,0.012134,0.031181,0.389163,1.0,True,pass,,1.0062437281012535
368,367,Real-World,cublas,INT8,192,16,256,1572864,0.008294,0.009472,0.875676,1.0,True,pass,,1.0062437281012535
369,368,Real-World,cublas,FP16,55,64,449,3160960,0.014029,0.012851,1.091633,1.0,True,pass,,0.9674051105976105
369,368,Real-World,cublas,FP32,55,64,449,3160960,0.022067,0.049152,0.448958,1.0,True,pass,,0.9674051105976105
369,368,Real-World,cublas,INT8,55,64,449,3160960,0.003021,0.04777,0.063237,0.0,False,incorrect,Cosine similarity threshold failed,0.9674051105976105
370,369,Real-World,cublas,FP16,32,5,1536,491520,0.011776,0.011418,1.03139,1.0,True,pass,,0.929029518738389
370,369,Real-World,cublas,FP32,32,5,1536,491520,0.095078,0.14464,0.657345,1.0,True,pass,,0.929029518738389
370,369,Real-World,cublas,INT8,32,5,1536,491520,0.013005,0.014438,0.900709,1.0,True,pass,,0.929029518738389
371,370,Real-World,cublas,FP16,384,16,128,1572864,0.008448,0.008806,0.959302,1.0,True,pass,,0.9140240680426359
371,370,Real-World,cublas,FP32,384,16,128,1572864,0.010496,0.019763,0.531088,1.0,True,pass,,0.9140240680426359
371,370,Real-World,cublas,INT8,384,16,128,1572864,0.008141,0.00855,0.952096,1.0,True,pass,,0.9140240680426359
372,371,Real-World,cublas,FP16,129,256,64,4227072,0.008141,0.00768,1.06,1.0,True,pass,,1.1860571838915348
372,371,Real-World,cublas,FP32,129,256,64,4227072,0.010394,0.013773,0.754647,1.0,True,pass,,1.1860571838915348
372,371,Real-World,cublas,INT8,129,256,64,4227072,,,,,False,missing,Running INT8...Error benchmarking size 129x256x64: std::exception,1.1860571838915348
373,372,Real-World,cublas,FP16,44,512,64,2883584,0.007782,0.007885,0.987013,1.0,True,pass,,0.9031045120209455
373,372,Real-World,cublas,FP32,44,512,64,2883584,0.010496,0.01367,0.76779,1.0,True,pass,,0.9031045120209455
373,372,Real-World,cublas,INT8,44,512,64,2883584,0.01367,0.008243,1.658385,1.0,True,pass,,0.9031045120209455
374,373,Real-World,cublas,FP16,256,80,112,4587520,0.008192,0.00809,1.012658,1.0,True,pass,,0.9345070291310549
374,373,Real-World,cublas,FP32,256,80,112,4587520,0.012134,0.017971,0.675214,1.0,True,pass,,0.9345070291310549
374,373,Real-World,cublas,INT8,256,80,112,4587520,0.008653,0.00855,1.011976,1.0,True,pass,,0.9345070291310549
375,374,Real-World,cublas,FP16,16,320,160,1638400,0.008346,0.00983,0.848958,1.0,True,pass,,0.9649879802018404
375,374,Real-World,cublas,FP32,16,320,160,1638400,0.013005,0.021914,0.593458,1.0,True,pass,,0.9649879802018404
375,374,Real-World,cublas,INT8,16,320,160,1638400,0.008909,0.00937,0.95082,1.0,True,pass,,0.9649879802018404
376,375,Real-World,cublas,FP16,74,100,300,4440000,0.013722,0.014131,0.971014,1.0,True,pass,,0.9221886601299047
376,375,Real-World,cublas,FP32,74,100,300,4440000,0.018842,0.049766,0.378601,1.0,True,pass,,0.9221886601299047
376,375,Real-World,cublas,INT8,74,100,300,4440000,,,,,False,missing,Running INT8...Error benchmarking size 74x100x300: std::exception,0.9221886601299047
377,376,Real-World,cublas,FP16,50,200,200,4000000,0.011366,0.012698,0.895161,1.0,True,pass,,0.8323617745190859
377,376,Real-World,cublas,FP32,50,200,200,4000000,0.01664,0.02519,0.660569,1.0,True,pass,,0.8323617745190859
377,376,Real-World,cublas,INT8,50,200,200,4000000,,,,,False,missing,Running INT8...Error benchmarking size 50x200x200: std::exception,0.8323617745190859
378,377,Real-World,cublas,FP16,256,16,208,1703936,0.011162,0.014438,0.77305,1.0,True,pass,,0.7388757485896349
378,377,Real-World,cublas,FP32,256,16,208,1703936,0.011418,0.026522,0.430502,1.0,True,pass,,0.7388757485896349
378,377,Real-World,cublas,INT8,256,16,208,1703936,0.009216,0.010035,0.918367,1.0,True,pass,,0.7388757485896349
379,378,Real-World,cublas,FP16,79,122,256,4934656,0.012288,0.01321,0.930233,1.0,True,pass,,0.8007074892520905
379,378,Real-World,cublas,FP32,79,122,256,4934656,0.015923,0.031488,0.505691,1.0,True,pass,,0.8007074892520905
379,378,Real-World,cublas,INT8,79,122,256,4934656,,,,,False,missing,Running INT8...Error benchmarking size 79x122x256: std::exception,0.8007074892520905
380,379,Real-World,cublas,FP16,32,400,112,2867200,0.012646,0.012339,1.024896,1.0,True,pass,,0.7403269931674004
380,379,Real-World,cublas,FP32,32,400,112,2867200,0.013363,0.017562,0.760933,1.0,True,pass,,0.7403269931674004
380,379,Real-World,cublas,INT8,32,400,112,2867200,0.011162,0.008704,1.282353,1.0,True,pass,,0.7403269931674004
381,380,Real-World,cublas,FP16,24,1536,16,1179648,0.009882,0.012442,0.794239,1.0,True,pass,,0.7484682593494654
381,380,Real-World,cublas,FP32,24,1536,16,1179648,0.010854,0.009523,1.139785,1.0,True,pass,,0.7484682593494654
381,380,Real-World,cublas,INT8,24,1536,16,1179648,0.011315,0.008192,1.38125,1.0,True,pass,,0.7484682593494654
382,381,Real-World,cublas,FP16,22,64,705,1985280,0.017152,0.012851,1.334662,1.0,True,pass,,0.7130898162722588
382,381,Real-World,cublas,FP32,22,64,705,1985280,0.02473,0.022118,1.118056,1.0,True,pass,,0.7130898162722588
382,381,Real-World,cublas,INT8,22,64,705,1985280,0.009984,0.04137,0.241337,0.0,False,incorrect,Cosine similarity threshold failed,0.7130898162722588
383,382,Real-World,cublas,FP16,1,80,768,122880,0.012339,0.01367,0.902622,1.0,True,pass,,0.7809215076267719
383,382,Real-World,cublas,FP32,1,80,768,122880,0.01193,0.023245,0.513216,1.0,True,pass,,0.7809215076267719
383,382,Real-World,cublas,INT8,1,80,768,122880,,,,,False,missing,Running INT8...Error benchmarking size 1x80x768: std::exception,0.7809215076267719
384,383,Real-World,cublas,FP16,190,32,256,3112960,0.011059,0.014131,0.782609,1.0,True,pass,,0.817779591307044
384,383,Real-World,cublas,FP32,190,32,256,3112960,0.015514,0.031488,0.492683,1.0,True,pass,,0.817779591307044
384,383,Real-World,cublas,INT8,190,32,256,3112960,,,,,False,missing,Running INT8...Error benchmarking size 190x32x256: std::exception,0.817779591307044
385,384,Real-World,cublas,FP16,99,108,256,5474304,0.012442,0.012954,0.960475,1.0,True,pass,,0.8018104285001755
385,384,Real-World,cublas,FP32,99,108,256,5474304,0.015667,0.031642,0.495146,1.0,True,pass,,0.8018104285001755
385,384,Real-World,cublas,INT8,99,108,256,5474304,,,,,False,missing,Running INT8...Error benchmarking size 99x108x256: std::exception,0.8018104285001755
386,385,Real-World,cublas,FP16,16,128,432,1769472,0.013619,0.013107,1.039063,1.0,True,pass,,0.7065238878130913
386,385,Real-World,cublas,FP32,16,128,432,1769472,0.019046,0.044698,0.426117,1.0,True,pass,,0.7065238878130913
386,385,Real-World,cublas,INT8,16,128,432,1769472,0.011981,0.010957,1.093458,1.0,True,pass,,0.7065238878130913
387,386,Real-World,cublas,FP16,174,80,200,5568000,0.011315,0.012186,0.928571,1.0,True,pass,,0.8215203229337931
387,386,Real-World,cublas,FP32,174,80,200,5568000,0.016845,0.025498,0.660643,1.0,True,pass,,0.8215203229337931
387,386,Real-World,cublas,INT8,174,80,200,5568000,,,,,False,missing,Running INT8...Error benchmarking size 174x80x200: std::exception,0.8215203229337931
388,387,Real-World,cublas,FP16,640,1,100,128000,0.009574,0.00983,0.973958,1.0,True,pass,,0.7424059957265854
388,387,Real-World,cublas,FP32,640,1,100,128000,0.009062,0.016742,0.541284,1.0,True,pass,,0.7424059957265854
388,387,Real-World,cublas,INT8,640,1,100,128000,0.008704,0.00768,1.133333,1.0,True,pass,,0.7424059957265854
389,388,Real-World,cublas,FP16,84,128,256,5505024,0.010752,0.012544,0.857143,1.0,True,pass,,0.7489251550287008
389,388,Real-World,cublas,FP32,84,128,256,5505024,0.015411,0.031437,0.490228,1.0,True,pass,,0.7489251550287008
389,388,Real-World,cublas,INT8,84,128,256,5505024,0.012646,0.010189,1.241206,1.0,True,pass,,0.7489251550287008
390,389,Real-World,cublas,FP16,16,240,240,1843200,0.012851,0.014029,0.916058,1.0,True,pass,,0.777178443968296
390,389,Real-World,cublas,FP32,16,240,240,1843200,0.018022,0.029389,0.613241,1.0,True,pass,,0.777178443968296
390,389,Real-World,cublas,INT8,16,240,240,1843200,0.012493,0.010547,1.184466,1.0,True,pass,,0.777178443968296
391,390,Real-World,cublas,FP16,48,32,800,2457600,0.012954,0.029645,0.43696,1.0,True,pass,,0.9245296847075224
391,390,Real-World,cublas,FP32,48,32,800,2457600,0.017152,0.06057,0.283178,1.0,True,pass,,0.9245296847075224
391,390,Real-World,cublas,INT8,48,32,800,2457600,0.01239,0.012083,1.025424,1.0,True,pass,,0.9245296847075224
392,391,Real-World,cublas,FP16,1,1,32768,65536,0.011878,2.510029,0.004732,1.0,True,pass,,1.5876772329211235
392,391,Real-World,cublas,FP32,1,1,32768,65536,0.012134,5.42766,0.002236,1.0,True,pass,,1.5876772329211235
392,391,Real-World,cublas,INT8,1,1,32768,65536,,,,,False,missing,Running INT8...Error benchmarking size 1x1x32768: std::exception,1.5876772329211235
393,392,Real-World,cublas,FP16,16,16,2048,1048576,0.011981,0.72279,0.016576,1.0,True,pass,,1.0853841453790665
393,392,Real-World,cublas,FP32,16,16,2048,1048576,0.122317,0.113203,1.080507,1.0,True,pass,,1.0853841453790665
393,392,Real-World,cublas,INT8,16,16,2048,1048576,0.015309,0.015923,0.961415,1.0,True,pass,,1.0853841453790665
394,393,Real-World,cublas,FP16,52,400,100,4160000,0.00855,0.008192,1.04375,1.0,True,pass,,0.9875978231430054
394,393,Real-World,cublas,FP32,52,400,100,4160000,0.011725,0.017818,0.658046,1.0,True,pass,,0.9875978231430054
394,393,Real-World,cublas,INT8,52,400,100,4160000,0.016333,0.00855,1.91018,1.0,True,pass,,0.9875978231430054
395,394,Real-World,cublas,FP16,64,1,1034,132352,0.043264,0.021146,2.046004,1.0,True,pass,,0.9287024140357971
395,394,Real-World,cublas,FP32,64,1,1034,132352,0.010342,0.096922,0.106709,1.0,True,pass,,0.9287024140357971
395,394,Real-World,cublas,INT8,64,1,1034,132352,0.003482,0.027648,0.125926,0.0,False,incorrect,Cosine similarity threshold failed,0.9287024140357971
396,395,Real-World,cublas,FP16,16,112,512,1835008,0.009165,0.008909,1.028736,1.0,True,pass,,0.9062641486525536
396,395,Real-World,cublas,FP32,16,112,512,1835008,0.022323,0.024371,0.915967,1.0,True,pass,,0.9062641486525536
396,395,Real-World,cublas,INT8,16,112,512,1835008,0.009677,0.01024,0.945,1.0,True,pass,,0.9062641486525536
397,396,Real-World,cublas,FP16,48,400,112,4300800,0.008141,0.008499,0.957831,1.0,True,pass,,0.8967718686908484
397,396,Real-World,cublas,FP32,48,400,112,4300800,0.012237,0.018483,0.66205,1.0,True,pass,,0.8967718686908484
397,396,Real-World,cublas,INT8,48,400,112,4300800,0.008806,0.008806,1.0,1.0,True,pass,,0.8967718686908484
398,397,Real-World,cublas,FP16,64,208,208,5537792,0.009011,0.008243,1.093167,1.0,True,pass,,0.9134290516376495
398,397,Real-World,cublas,FP32,64,208,208,5537792,0.014694,0.026931,0.545627,1.0,True,pass,,0.9134290516376495
398,397,Real-World,cublas,INT8,64,208,208,5537792,0.009165,0.009626,0.952128,1.0,True,pass,,0.9134290516376495
399,398,Real-World,cublas,FP16,171,200,100,6840000,0.00896,0.008294,1.080247,1.0,True,pass,,1.2077401969581842
399,398,Real-World,cublas,FP32,171,200,100,6840000,0.011418,0.02391,0.477516,1.0,True,pass,,1.2077401969581842
399,398,Real-World,cublas,INT8,171,200,100,6840000,,,,,False,missing,Running INT8...Error benchmarking size 171x200x100: std::exception,1.2077401969581842
400,399,Real-World,cublas,FP16,100,100,309,6180000,0.012544,0.010394,1.206897,1.0,True,pass,,0.9071422312408686
400,399,Real-World,cublas,FP32,100,100,309,6180000,0.013824,0.056474,0.244787,1.0,True,pass,,0.9071422312408686
400,399,Real-World,cublas,INT8,100,100,309,6180000,0.009984,0.024115,0.414013,0.0,False,incorrect,Cosine similarity threshold failed,0.9071422312408686
401,400,Real-World,cublas,FP16,93,24,600,2678400,0.015923,0.01321,1.205427,1.0,True,pass,,1.0972135178744793
401,400,Real-World,cublas,FP32,93,24,600,2678400,0.014387,0.060928,0.236135,1.0,True,pass,,1.0972135178744793
401,400,Real-World,cublas,INT8,93,24,600,2678400,,,,,False,missing,Running INT8...Error benchmarking size 93x24x600: std::exception,1.0972135178744793
402,401,Real-World,cublas,FP16,69,64,513,4530816,0.012186,0.013619,0.894737,1.0,True,pass,,0.9252618961036205
402,401,Real-World,cublas,FP32,69,64,513,4530816,0.015309,0.053811,0.284491,1.0,True,pass,,0.9252618961036205
402,401,Real-World,cublas,INT8,69,64,513,4530816,0.003328,0.059494,0.055938,0.0,False,incorrect,Cosine similarity threshold failed,0.9252618961036205
403,402,Real-World,cublas,FP16,108,64,385,5322240,0.01193,0.011981,0.995726,1.0,True,pass,,0.9940911717712879
403,402,Real-World,cublas,FP32,108,64,385,5322240,0.014285,0.04695,0.304253,1.0,True,pass,,0.9940911717712879
403,402,Real-World,cublas,INT8,108,64,385,5322240,0.003174,0.04905,0.064718,0.0,False,incorrect,Cosine similarity threshold failed,0.9940911717712879
404,403,Real-World,cublas,FP16,47,128,384,4620288,0.01239,0.01193,1.038627,1.0,True,pass,,1.1712250914424658
404,403,Real-World,cublas,FP32,47,128,384,4620288,0.015514,0.094362,0.164406,1.0,True,pass,,1.1712250914424658
404,403,Real-World,cublas,INT8,47,128,384,4620288,,,,,False,missing,Running INT8...Error benchmarking size 47x128x384: std::exception,1.1712250914424658
405,404,Real-World,cublas,FP16,16,256,256,2097152,0.008294,0.010189,0.814071,1.0,True,pass,,0.9316282272338867
405,404,Real-World,cublas,FP32,16,256,256,2097152,0.015258,0.031078,0.490939,1.0,True,pass,,0.9316282272338867
405,404,Real-World,cublas,INT8,16,256,256,2097152,0.008602,0.009472,0.908108,1.0,True,pass,,0.9316282272338867
406,405,Real-World,cublas,FP16,1,384,192,147456,0.007629,0.009984,0.764103,1.0,True,pass,,1.169939549639821
406,405,Real-World,cublas,FP32,1,384,192,147456,0.007526,0.024986,0.30123,1.0,True,pass,,1.169939549639821
406,405,Real-World,cublas,INT8,1,384,192,147456,,,,,False,missing,Running INT8...Error benchmarking size 1x384x192: std::exception,1.169939549639821
407,406,Real-World,cublas,FP16,1,192,384,147456,0.007782,0.012749,0.610442,1.0,True,pass,,1.1605133563280106
407,406,Real-World,cublas,FP32,1,192,384,147456,0.008346,0.091494,0.091214,1.0,True,pass,,1.1605133563280106
407,406,Real-World,cublas,INT8,1,192,384,147456,,,,,False,missing,Running INT8...Error benchmarking size 1x192x384: std::exception,1.1605133563280106
408,407,Real-World,cublas,FP16,320,16,208,2129920,0.009933,0.011008,0.902326,1.0,True,pass,,0.9988675899803638
408,407,Real-World,cublas,FP32,320,16,208,2129920,0.011827,0.027136,0.435849,1.0,True,pass,,0.9988675899803638
408,407,Real-World,cublas,INT8,320,16,208,2129920,0.008448,0.00983,0.859375,1.0,True,pass,,0.9988675899803638
409,408,Real-World,cublas,FP16,32,2304,1,147456,0.006758,0.008397,0.804878,1.0,True,pass,,0.9844259675592184
409,408,Real-World,cublas,FP32,32,2304,1,147456,0.006758,0.00855,0.790419,1.0,True,pass,,0.9844259675592184
409,408,Real-World,cublas,INT8,32,2304,1,147456,0.003123,0.00937,0.333333,0.0,False,incorrect,Cosine similarity threshold failed,0.9844259675592184
410,409,Real-World,cublas,FP16,150,2,500,300000,0.011469,0.014285,0.802867,1.0,True,pass,,1.1421205177903175
410,409,Real-World,cublas,FP32,150,2,500,300000,0.012749,0.027648,0.461111,1.0,True,pass,,1.1421205177903175
410,409,Real-World,cublas,INT8,150,2,500,300000,,,,,False,missing,Running INT8...Error benchmarking size 150x2x500: std::exception,1.1421205177903175
411,410,Real-World,cublas,FP16,64,400,112,5734400,0.007936,0.008346,0.95092,1.0,True,pass,,0.9081719908863306
411,410,Real-World,cublas,FP32,64,400,112,5734400,0.012851,0.018125,0.70904,1.0,True,pass,,0.9081719908863306
411,410,Real-World,cublas,INT8,64,400,112,5734400,0.00896,0.00855,1.047904,1.0,True,pass,,0.9081719908863306
412,411,Real-World,cublas,FP16,58,200,256,5939200,0.009574,0.012749,0.751004,1.0,True,pass,,1.1659841630607843
412,411,Real-World,cublas,FP32,58,200,256,5939200,0.013773,0.031693,0.434572,1.0,True,pass,,1.1659841630607843
412,411,Real-World,cublas,INT8,58,200,256,5939200,,,,,False,missing,Running INT8...Error benchmarking size 58x200x256: std::exception,1.1659841630607843
413,412,Real-World,cublas,FP16,192,64,256,6291456,0.013261,0.013261,1.0,1.0,True,pass,,0.8569587245583534
413,412,Real-World,cublas,FP32,192,64,256,6291456,0.015514,0.031642,0.490291,1.0,True,pass,,0.8569587245583534
413,412,Real-World,cublas,INT8,192,64,256,6291456,0.011315,0.010035,1.127551,1.0,True,pass,,0.8569587245583534
414,413,Real-World,cublas,FP16,800,32,64,3276800,0.009984,0.012186,0.819328,1.0,True,pass,,0.7719650343060493
414,413,Real-World,cublas,FP32,800,32,64,3276800,0.012493,0.014029,0.890511,1.0,True,pass,,0.7719650343060493
414,413,Real-World,cublas,INT8,800,32,64,3276800,0.010496,0.008346,1.257669,1.0,True,pass,,0.7719650343060493
415,414,Real-World,cublas,FP16,512,64,80,5242880,0.012646,0.012749,0.991968,1.0,True,pass,,0.7226022556424141
415,414,Real-World,cublas,FP32,512,64,80,5242880,0.012237,0.014848,0.824138,1.0,True,pass,,0.7226022556424141
415,414,Real-World,cublas,INT8,512,64,80,5242880,0.011213,0.008806,1.273256,1.0,True,pass,,0.7226022556424141
416,415,Real-World,cublas,FP16,26,257,257,3434548,0.013312,0.009933,1.340206,1.0,True,pass,,0.7670007590204477
416,415,Real-World,cublas,FP32,26,257,257,3434548,0.016384,0.043213,0.379147,1.0,True,pass,,0.7670007590204477
416,415,Real-World,cublas,INT8,26,257,257,3434548,0.010394,0.021965,0.473194,0.0,False,incorrect,Cosine similarity threshold failed,0.7670007590204477
417,416,Real-World,cublas,FP16,368,96,96,6782976,0.013312,0.014387,0.925267,1.0,True,pass,,0.7419241964817047
417,416,Real-World,cublas,FP32,368,96,96,6782976,0.013363,0.018074,0.739377,1.0,True,pass,,0.7419241964817047
417,416,Real-World,cublas,INT8,368,96,96,6782976,0.010854,0.008653,1.254438,1.0,True,pass,,0.7419241964817047
418,417,Real-World,cublas,FP16,32,256,256,4194304,0.013414,0.012698,1.056452,1.0,True,pass,,0.7479219511151314
418,417,Real-World,cublas,FP32,32,256,256,4194304,0.015565,0.030669,0.507513,1.0,True,pass,,0.7479219511151314
418,417,Real-World,cublas,INT8,32,256,256,4194304,0.01111,0.009677,1.148148,1.0,True,pass,,0.7479219511151314
419,418,Real-World,cublas,FP16,16,208,352,2342912,0.013619,0.015411,0.883721,1.0,True,pass,,0.7082742508500814
419,418,Real-World,cublas,FP32,16,208,352,2342912,0.017357,0.0832,0.208615,1.0,True,pass,,0.7082742508500814
419,418,Real-World,cublas,INT8,16,208,352,2342912,0.011366,0.009984,1.138461,1.0,True,pass,,0.7082742508500814
420,419,Real-World,cublas,FP16,32,256,259,4243456,0.013158,0.009421,1.396739,1.0,True,pass,,0.7214099057018757
420,419,Real-World,cublas,FP32,32,256,259,4243456,0.016384,0.043213,0.379147,1.0,True,pass,,0.7214099057018757
420,419,Real-World,cublas,INT8,32,256,259,4243456,0.01024,0.024832,0.412371,0.0,False,incorrect,Cosine similarity threshold failed,0.7214099057018757
421,420,Real-World,cublas,FP16,1,864,96,165888,0.009728,0.013056,0.745098,1.0,True,pass,,0.7904026750475168
421,420,Real-World,cublas,FP32,1,864,96,165888,0.009062,0.016384,0.553125,1.0,True,pass,,0.7904026750475168
421,420,Real-World,cublas,INT8,1,864,96,165888,,,,,False,missing,Running INT8...Error benchmarking size 1x864x96: std::exception,0.7904026750475168
422,421,Real-World,cublas,FP16,1,96,864,165888,0.012749,0.014131,0.902174,1.0,True,pass,,0.8412743527442217
422,421,Real-World,cublas,FP32,1,96,864,165888,0.012698,0.064,0.1984,1.0,True,pass,,0.8412743527442217
422,421,Real-World,cublas,INT8,1,96,864,165888,,,,,False,missing,Running INT8...Error benchmarking size 1x96x864: std::exception,0.8412743527442217
423,422,Real-World,cublas,FP16,64,16,1040,2129920,0.015565,0.014848,1.048276,1.0,True,pass,,0.7402260676026344
423,422,Real-World,cublas,FP32,64,16,1040,2129920,0.020019,0.071066,0.2817,1.0,True,pass,,0.7402260676026344
423,422,Real-World,cublas,INT8,64,16,1040,2129920,0.011981,0.013824,0.866667,1.0,True,pass,,0.7402260676026344
424,423,Real-World,cublas,FP16,190,256,80,7782400,0.010957,0.012749,0.859438,1.0,True,pass,,0.7785341944545507
424,423,Real-World,cublas,FP32,190,256,80,7782400,0.012544,0.015514,0.808581,1.0,True,pass,,0.7785341944545507
424,423,Real-World,cublas,INT8,190,256,80,7782400,,,,,False,missing,Running INT8...Error benchmarking size 190x256x80: std::exception,0.7785341944545507
425,424,Real-World,cublas,FP16,80,400,112,7168000,0.012646,0.012544,1.008163,1.0,True,pass,,0.6909061465412378
425,424,Real-World,cublas,FP32,80,400,112,7168000,0.012954,0.017869,0.724928,1.0,True,pass,,0.6909061465412378
425,424,Real-World,cublas,INT8,80,400,112,7168000,0.011469,0.009062,1.265537,1.0,True,pass,,0.6909061465412378
426,425,Real-World,cublas,FP16,59,98,512,5920768,0.015462,0.012902,1.198413,1.0,True,pass,,0.7540332265198231
426,425,Real-World,cublas,FP32,59,98,512,5920768,0.01705,0.020838,0.818182,1.0,True,pass,,0.7540332265198231
426,425,Real-World,cublas,INT8,59,98,512,5920768,,,,,False,missing,Running INT8...Error benchmarking size 59x98x512: std::exception,0.7540332265198231
427,426,Real-World,cublas,FP16,112,48,512,5505024,0.011571,0.013875,0.833948,1.0,True,pass,,0.706025118008256
427,426,Real-World,cublas,FP32,112,48,512,5505024,0.015718,0.020429,0.769423,1.0,True,pass,,0.706025118008256
427,426,Real-World,cublas,INT8,112,48,512,5505024,0.012288,0.010854,1.132076,1.0,True,pass,,0.706025118008256
428,427,Real-World,cublas,FP16,32,100,640,4096000,0.015155,0.013261,1.142857,1.0,True,pass,,0.6906661652028561
428,427,Real-World,cublas,FP32,32,100,640,4096000,0.024781,0.021094,1.174757,1.0,True,pass,,0.6906661652028561
428,427,Real-World,cublas,INT8,32,100,640,4096000,0.012646,0.011162,1.133028,1.0,True,pass,,0.6906661652028561
429,428,Real-World,cublas,FP16,78,192,274,8206848,0.011981,0.012544,0.955102,1.0,True,pass,,0.7032898459583521
429,428,Real-World,cublas,FP32,78,192,274,8206848,0.016333,0.044749,0.364989,1.0,True,pass,,0.7032898459583521
429,428,Real-World,cublas,INT8,78,192,274,8206848,0.010138,0.012493,0.811475,0.0,False,incorrect,Cosine similarity threshold failed,0.7032898459583521
430,429,Real-World,cublas,FP16,928,64,30,3563520,0.010086,0.008858,1.138728,1.0,True,pass,,0.7346981074661016
430,429,Real-World,cublas,FP32,928,64,30,3563520,0.01152,0.011213,1.027397,1.0,True,pass,,0.7346981074661016
430,429,Real-World,cublas,INT8,928,64,30,3563520,0.01024,0.007526,1.360544,0.0,False,incorrect,Cosine similarity threshold failed,0.7346981074661016
431,430,Real-World,cublas,FP16,128,10,640,1638400,0.012544,0.01321,0.949613,1.0,True,pass,,0.7286791540682316
431,430,Real-World,cublas,FP32,128,10,640,1638400,0.013261,0.021248,0.624096,1.0,True,pass,,0.7286791540682316
431,430,Real-World,cublas,INT8,128,10,640,1638400,0.010189,0.011162,0.912844,1.0,True,pass,,0.7286791540682316
432,431,Real-World,cublas,FP16,16,288,288,2654208,0.008602,0.014848,0.57931,1.0,True,pass,,1.0392069146037102
432,431,Real-World,cublas,FP32,16,288,288,2654208,0.014285,0.155648,0.091776,1.0,True,pass,,1.0392069146037102
432,431,Real-World,cublas,INT8,16,288,288,2654208,0.011418,0.010035,1.137755,1.0,True,pass,,1.0392069146037102
433,432,Real-World,cublas,FP16,23040,1,3,138240,0.009267,0.009421,0.983696,1.0,True,pass,,1.2929019927978516
433,432,Real-World,cublas,FP32,23040,1,3,138240,0.009984,0.012288,0.8125,1.0,True,pass,,1.2929019927978516
433,432,Real-World,cublas,INT8,23040,1,3,138240,0.003584,0.012595,0.284553,0.0,False,incorrect,Cosine similarity threshold failed,1.2929019927978516
434,433,Real-World,cublas,FP16,73,240,240,8409600,0.010906,0.008653,1.260355,1.0,True,pass,,1.2215045038610697
434,433,Real-World,cublas,FP32,73,240,240,8409600,0.014899,0.030925,0.481788,1.0,True,pass,,1.2215045038610697
434,433,Real-World,cublas,INT8,73,240,240,8409600,,,,,False,missing,Running INT8...Error benchmarking size 73x240x240: std::exception,1.2215045038610697
435,434,Real-World,cublas,FP16,400,16,208,2662400,0.010701,0.010496,1.019512,1.0,True,pass,,0.9906768091022968
435,434,Real-World,cublas,FP32,400,16,208,2662400,0.013312,0.026624,0.5,1.0,True,pass,,0.9906768091022968
435,434,Real-World,cublas,INT8,400,16,208,2662400,0.009165,0.009421,0.972826,1.0,True,pass,,0.9906768091022968
436,435,Real-World,cublas,FP16,5,300,300,900000,0.011418,0.011827,0.965368,1.0,True,pass,,1.1883290112018585
436,435,Real-World,cublas,FP32,5,300,300,900000,0.016589,0.038554,0.430279,1.0,True,pass,,1.1883290112018585
436,435,Real-World,cublas,INT8,5,300,300,900000,,,,,False,missing,Running INT8...Error benchmarking size 5x300x300: std::exception,1.1883290112018585
437,436,Real-World,cublas,FP16,44,128,512,5767168,0.011315,0.009062,1.248587,1.0,True,pass,,0.9405877497047186
437,436,Real-World,cublas,FP32,44,128,512,5767168,0.014797,0.024218,0.610994,1.0,True,pass,,0.9405877497047186
437,436,Real-World,cublas,INT8,44,128,512,5767168,0.012442,0.010342,1.20297,1.0,True,pass,,0.9405877497047186
438,437,Real-World,cublas,FP16,161,256,128,10551296,0.009114,0.008038,1.133758,1.0,True,pass,,1.1219388004392385
438,437,Real-World,cublas,FP32,161,256,128,10551296,0.012339,0.026931,0.458175,1.0,True,pass,,1.1219388004392385
438,437,Real-World,cublas,INT8,161,256,128,10551296,,,,,False,missing,Running INT8...Error benchmarking size 161x256x128: std::exception,1.1219388004392385
439,438,Real-World,cublas,FP16,32,112,640,4587520,0.009728,0.00937,1.038251,1.0,True,pass,,1.0242084320634604
439,438,Real-World,cublas,FP32,32,112,640,4587520,0.014285,0.025446,0.561368,1.0,True,pass,,1.0242084320634604
439,438,Real-World,cublas,INT8,32,112,640,4587520,0.010086,0.010957,0.920561,1.0,True,pass,,1.0242084320634604
440,439,Real-World,cublas,FP16,1488,16,48,2285568,0.007885,0.009011,0.875,1.0,True,pass,,0.9693443961441517
440,439,Real-World,cublas,FP32,1488,16,48,2285568,0.010547,0.012493,0.844262,1.0,True,pass,,0.9693443961441517
440,439,Real-World,cublas,INT8,1488,16,48,2285568,0.011264,0.025907,0.434783,1.0,True,pass,,0.9693443961441517
441,440,Real-World,cublas,FP16,60,256,256,7864320,0.009728,0.009267,1.049724,1.0,True,pass,,1.0104341395199299
441,440,Real-World,cublas,FP32,60,256,256,7864320,0.01367,0.031232,0.437705,1.0,True,pass,,1.0104341395199299
441,440,Real-World,cublas,INT8,60,256,256,7864320,0.010547,0.00937,1.125683,1.0,True,pass,,1.0104341395199299
442,441,Real-World,cublas,FP16,512,112,64,7340032,0.007936,0.009523,0.833333,1.0,True,pass,,0.9891574066132307
442,441,Real-World,cublas,FP32,512,112,64,7340032,0.010598,0.013619,0.778196,1.0,True,pass,,0.9891574066132307
442,441,Real-World,cublas,INT8,512,112,64,7340032,0.008346,0.008243,1.012422,1.0,True,pass,,0.9891574066132307
443,442,Real-World,cublas,FP16,128,320,128,10485760,0.008141,0.008602,0.946429,1.0,True,pass,,0.9180677812546492
443,442,Real-World,cublas,FP32,128,320,128,10485760,0.012442,0.027238,0.456767,1.0,True,pass,,0.9180677812546492
443,442,Real-World,cublas,INT8,128,320,128,10485760,0.008806,0.008858,0.99422,1.0,True,pass,,0.9180677812546492
444,443,Real-World,cublas,FP16,63,1,1536,193536,0.010291,0.011878,0.866379,1.0,True,pass,,1.0047809202224016
444,443,Real-World,cublas,FP32,63,1,1536,193536,0.010803,0.145152,0.074427,1.0,True,pass,,1.0047809202224016
444,443,Real-World,cublas,INT8,63,1,1536,193536,0.012595,0.014285,0.881721,1.0,True,pass,,1.0047809202224016
445,444,Real-World,cublas,FP16,39,256,300,5990400,0.012134,0.011213,1.082192,1.0,True,pass,,1.1550118830054998
445,444,Real-World,cublas,FP32,39,256,300,5990400,0.014234,0.055245,0.257646,1.0,True,pass,,1.1550118830054998
445,444,Real-World,cublas,INT8,39,256,300,5990400,,,,,False,missing,Running INT8...Error benchmarking size 39x256x300: std::exception,1.1550118830054998
446,445,Real-World,cublas,FP16,99,80,512,8110080,0.01193,0.008909,1.339081,1.0,True,pass,,1.1740606632083654
446,445,Real-World,cublas,FP32,99,80,512,8110080,0.015411,0.023398,0.658643,1.0,True,pass,,1.1740606632083654
446,445,Real-World,cublas,INT8,99,80,512,8110080,,,,,False,missing,Running INT8...Error benchmarking size 99x80x512: std::exception,1.1740606632083654
447,446,Real-World,cublas,FP16,174,128,256,11403264,0.009114,0.008397,1.085366,1.0,True,pass,,1.2177998144179583
447,446,Real-World,cublas,FP32,174,128,256,11403264,0.015002,0.03241,0.462875,1.0,True,pass,,1.2177998144179583
447,446,Real-World,cublas,INT8,174,128,256,11403264,,,,,False,missing,Running INT8...Error benchmarking size 174x128x256: std::exception,1.2177998144179583
448,447,Real-World,cublas,FP16,384,2,256,393216,0.00983,0.010752,0.914286,1.0,True,pass,,0.9913185723125935
448,447,Real-World,cublas,FP32,384,2,256,393216,0.00937,0.031181,0.300493,1.0,True,pass,,0.9913185723125935
448,447,Real-World,cublas,INT8,384,2,256,393216,0.008141,0.009626,0.845745,1.0,True,pass,,0.9913185723125935
449,448,Real-World,cublas,FP16,183,10,512,1873920,0.01193,0.009267,1.287293,1.0,True,pass,,1.187519632279873
449,448,Real-World,cublas,FP32,183,10,512,1873920,0.013619,0.024269,0.561182,1.0,True,pass,,1.187519632279873
449,448,Real-World,cublas,INT8,183,10,512,1873920,,,,,False,missing,Running INT8...Error benchmarking size 183x10x512: std::exception,1.187519632279873
450,449,Real-World,cublas,FP16,384,4,256,786432,0.010598,0.010394,1.019705,1.0,True,pass,,1.0043483432382345
450,449,Real-World,cublas,FP32,384,4,256,786432,0.008909,0.031642,0.281553,1.0,True,pass,,1.0043483432382345
450,449,Real-World,cublas,INT8,384,4,256,786432,0.008192,0.009626,0.851064,1.0,True,pass,,1.0043483432382345
451,450,Real-World,cublas,FP16,100,1,1000,200000,0.011315,0.010342,1.094059,1.0,True,pass,,1.019701924175024
451,450,Real-World,cublas,FP32,100,1,1000,200000,0.01065,0.094464,0.112737,1.0,True,pass,,1.019701924175024
451,450,Real-World,cublas,INT8,100,1,1000,200000,0.011008,0.021965,0.501166,1.0,True,pass,,1.019701924175024
452,451,Real-World,cublas,FP16,400,80,144,9216000,0.008346,0.008653,0.964497,1.0,True,pass,,0.997333325445652
452,451,Real-World,cublas,FP32,400,80,144,9216000,0.013107,0.02135,0.613909,1.0,True,pass,,0.997333325445652
452,451,Real-World,cublas,INT8,400,80,144,9216000,0.008806,0.009267,0.950276,1.0,True,pass,,0.997333325445652
453,452,Real-World,cublas,FP16,8,312,312,1557504,0.013363,0.01495,0.893836,1.0,True,pass,,0.7837021667510271
453,452,Real-World,cublas,FP32,8,312,312,1557504,0.016538,0.034611,0.477811,1.0,True,pass,,0.7837021667510271
453,452,Real-World,cublas,INT8,8,312,312,1557504,0.012595,0.01024,1.23,1.0,True,pass,,0.7837021667510271
454,453,Real-World,cublas,FP16,64,64,769,6299648,0.015462,0.013363,1.157088,1.0,True,pass,,0.804823374375701
454,453,Real-World,cublas,FP32,64,64,769,6299648,0.017203,0.06057,0.284024,1.0,True,pass,,0.804823374375701
454,453,Real-World,cublas,INT8,64,64,769,6299648,0.010035,0.048794,0.205666,0.0,False,incorrect,Cosine similarity threshold failed,0.804823374375701
455,454,Real-World,cublas,FP16,32,208,400,5324800,0.013517,0.012902,1.047619,1.0,True,pass,,0.7694039884954691
455,454,Real-World,cublas,FP32,32,208,400,5324800,0.016538,0.041728,0.396319,1.0,True,pass,,0.7694039884954691
455,454,Real-World,cublas,INT8,32,208,400,5324800,0.011725,0.010803,1.085308,1.0,True,pass,,0.7694039884954691
456,455,Real-World,cublas,FP16,1600,16,48,2457600,0.009984,0.013261,0.752896,1.0,True,pass,,0.7251242361962795
456,455,Real-World,cublas,FP32,1600,16,48,2457600,0.010854,0.01239,0.876033,1.0,True,pass,,0.7251242361962795
456,455,Real-World,cublas,INT8,1600,16,48,2457600,0.011571,0.008346,1.386503,1.0,True,pass,,0.7251242361962795
457,456,Real-World,cublas,FP16,16,256,368,3014656,0.013619,0.016179,0.841772,1.0,True,pass,,0.7704521790146828
457,456,Real-World,cublas,FP32,16,256,368,3014656,0.017971,0.086016,0.208929,1.0,True,pass,,0.7704521790146828
457,456,Real-World,cublas,INT8,16,256,368,3014656,0.011827,0.010701,1.105263,1.0,True,pass,,0.7704521790146828
458,457,Real-World,cublas,FP16,384,10,256,1966080,0.010906,0.014234,0.766187,1.0,True,pass,,0.7651181574910879
458,457,Real-World,cublas,FP32,384,10,256,1966080,0.011213,0.031488,0.356098,1.0,True,pass,,0.7651181574910879
458,457,Real-World,cublas,INT8,384,10,256,1966080,0.009933,0.009882,1.005181,1.0,True,pass,,0.7651181574910879
459,458,Real-World,cublas,FP16,25,300,300,4500000,0.01321,0.011315,1.167421,1.0,True,pass,,0.8178882971405983
459,458,Real-World,cublas,FP32,25,300,300,4500000,0.018022,0.048384,0.372487,1.0,True,pass,,0.8178882971405983
459,458,Real-World,cublas,INT8,25,300,300,4500000,,,,,False,missing,Running INT8...Error benchmarking size 25x300x300: std::exception,0.8178882971405983
460,459,Real-World,cublas,FP16,192,96,304,11206656,0.013005,0.013107,0.992187,1.0,True,pass,,0.731681153178215
460,459,Real-World,cublas,FP32,192,96,304,11206656,0.016794,0.047974,0.350053,1.0,True,pass,,0.731681153178215
460,459,Real-World,cublas,INT8,192,96,304,11206656,0.011981,0.010752,1.114286,1.0,True,pass,,0.731681153178215
461,460,Real-World,cublas,FP16,800,48,80,6144000,0.012646,0.013056,0.968628,1.0,True,pass,,0.7376348357647657
461,460,Real-World,cublas,FP32,800,48,80,6144000,0.012902,0.015258,0.845638,1.0,True,pass,,0.7376348357647657
461,460,Real-World,cublas,INT8,800,48,80,6144000,0.011008,0.008704,1.264706,1.0,True,pass,,0.7376348357647657
462,461,Real-World,cublas,FP16,800,64,64,6553600,0.012698,0.012698,1.0,1.0,True,pass,,0.7396617792546749
462,461,Real-World,cublas,FP32,800,64,64,6553600,0.011878,0.01408,0.843637,1.0,True,pass,,0.7396617792546749
462,461,Real-World,cublas,INT8,800,64,64,6553600,0.011264,0.008397,1.341463,1.0,True,pass,,0.7396617792546749
463,462,Real-World,cublas,FP16,102,1024,2,417792,0.011008,0.009114,1.207865,1.0,True,pass,,0.748793313279748
463,462,Real-World,cublas,FP32,102,1024,2,417792,0.010701,0.008499,1.259036,1.0,True,pass,,0.748793313279748
463,462,Real-World,cublas,INT8,102,1024,2,417792,0.010445,0.007424,1.406897,0.0,False,incorrect,Cosine similarity threshold failed,0.748793313279748
464,463,Real-World,cublas,FP16,512,80,112,9175040,0.013005,0.012646,1.02834,1.0,True,pass,,0.7646719962358475
464,463,Real-World,cublas,FP32,512,80,112,9175040,0.013978,0.025293,0.552632,1.0,True,pass,,0.7646719962358475
464,463,Real-World,cublas,INT8,512,80,112,9175040,0.011776,0.009421,1.25,1.0,True,pass,,0.7646719962358475
465,464,Real-World,cublas,FP16,102,75,564,8629200,0.015206,0.013773,1.104089,1.0,True,pass,,0.8607024755328894
465,464,Real-World,cublas,FP32,102,75,564,8629200,0.016333,0.018842,0.866848,1.0,True,pass,,0.8607024755328894
465,464,Real-World,cublas,INT8,102,75,564,8629200,,,,,False,missing,Running INT8...Error benchmarking size 102x75x564: std::exception,0.8607024755328894
466,465,Real-World,cublas,FP16,138,53,532,7782096,0.015462,0.011725,1.318777,1.0,True,pass,,0.8426793944090605
466,465,Real-World,cublas,FP32,138,53,532,7782096,0.016435,0.021862,0.751757,1.0,True,pass,,0.8426793944090605
466,465,Real-World,cublas,INT8,138,53,532,7782096,,,,,False,missing,Running INT8...Error benchmarking size 138x53x532: std::exception,0.8426793944090605
467,466,Real-World,cublas,FP16,200,10,512,2048000,0.014029,0.01321,1.062015,1.0,True,pass,,0.827129103243351
467,466,Real-World,cublas,FP32,200,10,512,2048000,0.013158,0.020378,0.645729,1.0,True,pass,,0.827129103243351
467,466,Real-World,cublas,INT8,200,10,512,2048000,0.009062,0.010547,0.859223,1.0,True,pass,,0.827129103243351
468,467,Real-World,cublas,FP16,75,200,350,10500000,0.013773,0.014387,0.957295,1.0,True,pass,,1.4404392410069704
468,467,Real-World,cublas,FP32,75,200,350,10500000,0.016998,0.109005,0.155942,1.0,True,pass,,1.4404392410069704
468,467,Real-World,cublas,INT8,75,200,350,10500000,,,,,False,missing,Running INT8...Error benchmarking size 75x200x350: std::exception,1.4404392410069704
469,468,Real-World,cublas,FP16,37,64,1089,5157504,0.012442,0.019149,0.649733,1.0,True,pass,,0.9759940411895514
469,468,Real-World,cublas,FP32,37,64,1089,5157504,0.015309,0.106701,0.143474,1.0,True,pass,,0.9759940411895514
469,468,Real-World,cublas,INT8,37,64,1089,5157504,0.003379,0.107213,0.031519,0.0,False,incorrect,Cosine similarity threshold failed,0.9759940411895514
470,469,Real-World,cublas,FP16,104,128,428,11395072,0.011264,0.010394,1.083744,1.0,True,pass,,0.9710339792072773
470,469,Real-World,cublas,FP32,104,128,428,11395072,0.014541,0.049562,0.293389,1.0,True,pass,,0.9710339792072773
470,469,Real-World,cublas,INT8,104,128,428,11395072,0.012288,0.015462,0.794702,1.0,True,pass,,0.9710339792072773
471,470,Real-World,cublas,FP16,16,320,320,3276800,0.008602,0.011469,0.75,1.0,True,pass,,1.0297690201550722
471,470,Real-World,cublas,FP32,16,320,320,3276800,0.018688,0.036915,0.506241,1.0,True,pass,,1.0297690201550722
471,470,Real-World,cublas,INT8,16,320,320,3276800,0.009062,0.009421,0.961957,1.0,True,pass,,1.0297690201550722
472,471,Real-World,cublas,FP16,128,16,768,3145728,0.011264,0.009984,1.128205,1.0,True,pass,,0.9579833224415779
472,471,Real-World,cublas,FP32,128,16,768,3145728,0.021453,0.031949,0.671475,1.0,True,pass,,0.9579833224415779
472,471,Real-World,cublas,INT8,128,16,768,3145728,0.010394,0.011776,0.882609,1.0,True,pass,,0.9579833224415779
473,472,Real-World,cublas,FP16,128,768,16,3145728,0.007834,0.008192,0.95625,1.0,True,pass,,0.947528064250946
473,472,Real-World,cublas,FP32,128,768,16,3145728,0.009165,0.00937,0.978142,1.0,True,pass,,0.947528064250946
473,472,Real-World,cublas,INT8,128,768,16,3145728,0.008397,0.008243,1.018634,1.0,True,pass,,0.947528064250946
474,473,Real-World,cublas,FP16,384,128,128,12582912,0.008038,0.008602,0.934524,1.0,True,pass,,0.9944411870092154
474,473,Real-World,cublas,FP32,384,128,128,12582912,0.012288,0.027187,0.451977,1.0,True,pass,,0.9944411870092154
474,473,Real-World,cublas,INT8,384,128,128,12582912,0.00855,0.008448,1.012121,1.0,True,pass,,0.9944411870092154
475,474,Real-World,cublas,FP16,16,128,784,3211264,0.00983,0.010086,0.974619,1.0,True,pass,,1.0062935948371887
475,474,Real-World,cublas,FP32,16,128,784,3211264,0.031846,0.067789,0.469789,1.0,True,pass,,1.0062935948371887
475,474,Real-World,cublas,INT8,16,128,784,3211264,0.01065,0.012186,0.873949,1.0,True,pass,,1.0062935948371887
476,475,Real-World,cublas,FP16,138,10,768,2119680,0.012902,0.009882,1.305699,1.0,True,pass,,1.1688439063727856
476,475,Real-World,cublas,FP32,138,10,768,2119680,0.01664,0.034611,0.480769,1.0,True,pass,,1.1688439063727856
476,475,Real-World,cublas,INT8,138,10,768,2119680,,,,,False,missing,Running INT8...Error benchmarking size 138x10x768: std::exception,1.1688439063727856
477,476,Real-World,cublas,FP16,122,64,577,9010432,0.012544,0.012851,0.976096,1.0,True,pass,,0.9592528492212296
477,476,Real-World,cublas,FP32,122,64,577,9010432,0.014336,0.059648,0.240343,1.0,True,pass,,0.9592528492212296
477,476,Real-World,cublas,INT8,122,64,577,9010432,0.003277,0.070042,0.046784,0.0,False,incorrect,Cosine similarity threshold failed,0.9592528492212296
478,477,Real-World,cublas,FP16,151,101,400,12200800,0.014234,0.009062,1.570622,1.0,True,pass,,1.2217982523143291
478,477,Real-World,cublas,FP32,151,101,400,12200800,0.015104,0.052326,0.28865,1.0,True,pass,,1.2217982523143291
478,477,Real-World,cublas,INT8,151,101,400,12200800,,,,,False,missing,Running INT8...Error benchmarking size 151x101x400: std::exception,1.2217982523143291
479,478,Real-World,cublas,FP16,62,64,897,7118592,0.012493,0.017254,0.724036,1.0,True,pass,,1.0022255200892687
479,478,Real-World,cublas,FP32,62,64,897,7118592,0.016486,0.10967,0.150327,1.0,True,pass,,1.0022255200892687
479,478,Real-World,cublas,INT8,62,64,897,7118592,0.003277,0.086989,0.037669,0.0,False,incorrect,Cosine similarity threshold failed,1.0022255200892687
480,479,Real-World,cublas,FP16,137,10,800,2192000,0.012083,0.009523,1.268817,1.0,True,pass,,1.1872966457158327
480,479,Real-World,cublas,FP32,137,10,800,2192000,0.017766,0.067123,0.264683,1.0,True,pass,,1.1872966457158327
480,479,Real-World,cublas,INT8,137,10,800,2192000,,,,,False,missing,Running INT8...Error benchmarking size 137x10x800: std::exception,1.1872966457158327
481,480,Real-World,cublas,FP16,154,768,2,473088,0.008192,0.008294,0.987654,1.0,True,pass,,0.9164419025182724
481,480,Real-World,cublas,FP32,154,768,2,473088,0.009011,0.008653,1.04142,1.0,True,pass,,0.9164419025182724
481,480,Real-World,cublas,INT8,154,768,2,473088,0.003123,0.008448,0.369697,0.0,False,incorrect,Cosine similarity threshold failed,0.9164419025182724
482,481,Real-World,cublas,FP16,64,208,400,10649600,0.010342,0.009114,1.134831,1.0,True,pass,,0.9206834249198437
482,481,Real-World,cublas,FP32,64,208,400,10649600,0.015002,0.044646,0.336009,1.0,True,pass,,0.9206834249198437
482,481,Real-World,cublas,INT8,64,208,400,10649600,0.010189,0.011008,0.925582,1.0,True,pass,,0.9206834249198437
483,482,Real-World,cublas,FP16,928,64,64,7602176,0.007782,0.00983,0.791667,1.0,True,pass,,0.9703241493552923
483,482,Real-World,cublas,FP32,928,64,64,7602176,0.010752,0.014234,0.755396,1.0,True,pass,,0.9703241493552923
483,482,Real-World,cublas,INT8,928,64,64,7602176,0.008806,0.008346,1.055215,1.0,True,pass,,0.9703241493552923
484,483,Real-World,cublas,FP16,157,64,512,10289152,0.011776,0.009267,1.270718,1.0,True,pass,,1.1871960032731295
484,483,Real-World,cublas,FP32,157,64,512,10289152,0.015923,0.0256,0.622,1.0,True,pass,,1.1871960032731295
484,483,Real-World,cublas,INT8,157,64,512,10289152,,,,,False,missing,Running INT8...Error benchmarking size 157x64x512: std::exception,1.1871960032731295
485,484,Real-World,cublas,FP16,116,4,1024,950272,0.013773,0.010496,1.312195,1.0,True,pass,,0.9394048377871513
485,484,Real-World,cublas,FP32,116,4,1024,950272,0.014797,0.08576,0.172537,1.0,True,pass,,0.9394048377871513
485,484,Real-World,cublas,INT8,116,4,1024,950272,0.011366,0.012442,0.91358,1.0,True,pass,,0.9394048377871513
486,485,Real-World,cublas,FP16,190,312,128,15175680,0.008397,0.010035,0.836735,1.0,True,pass,,1.1628308221697807
486,485,Real-World,cublas,FP32,190,312,128,15175680,0.012493,0.026982,0.462998,1.0,True,pass,,1.1628308221697807
486,485,Real-World,cublas,INT8,190,312,128,15175680,,,,,False,missing,Running INT8...Error benchmarking size 190x312x128: std::exception,1.1628308221697807
487,486,Real-World,cublas,FP16,30,30,2048,3686400,0.022886,0.811725,0.028195,1.0,True,pass,,1.348855022341013
487,486,Real-World,cublas,FP32,30,30,2048,3686400,0.016742,0.118477,0.141314,1.0,True,pass,,1.348855022341013
487,486,Real-World,cublas,INT8,30,30,2048,3686400,,,,,False,missing,Running INT8...Error benchmarking size 30x30x2048: std::exception,1.348855022341013
488,487,Real-World,cublas,FP16,16,16,4032,2064384,0.017459,0.036352,0.480282,1.0,True,pass,,0.9159897118806839
488,487,Real-World,cublas,FP32,16,16,4032,2064384,0.018227,0.184678,0.098697,1.0,True,pass,,0.9159897118806839
488,487,Real-World,cublas,INT8,16,16,4032,2064384,0.018739,0.034253,0.547085,1.0,True,pass,,0.9159897118806839
489,488,Real-World,cublas,FP16,1025,43,80,7052000,0.011315,0.012698,0.891129,1.0,True,pass,,0.8903247248381376
489,488,Real-World,cublas,FP32,1025,43,80,7052000,0.012595,0.015053,0.836735,1.0,True,pass,,0.8903247248381376
489,488,Real-World,cublas,INT8,1025,43,80,7052000,,,,,False,missing,Running INT8...Error benchmarking size 1025x43x80: std::exception,0.8903247248381376
490,489,Real-World,cublas,FP16,112,16,1008,3612672,0.01367,0.014285,0.956989,1.0,True,pass,,0.7558801807463169
490,489,Real-World,cublas,FP32,112,16,1008,3612672,0.019661,0.068506,0.286995,1.0,True,pass,,0.7558801807463169
490,489,Real-World,cublas,INT8,112,16,1008,3612672,0.011213,0.013466,0.8327,1.0,True,pass,,0.7558801807463169
491,490,Real-World,cublas,FP16,155,13,768,3095040,0.01577,0.013824,1.140741,1.0,True,pass,,0.8194455057382584
491,490,Real-World,cublas,FP32,155,13,768,3095040,0.014797,0.023501,0.62963,1.0,True,pass,,0.8194455057382584
491,490,Real-World,cublas,INT8,155,13,768,3095040,,,,,False,missing,Running INT8...Error benchmarking size 155x13x768: std::exception,0.8194455057382584
492,491,Real-World,cublas,FP16,16,16,4096,2097152,0.015206,0.03369,0.451368,1.0,True,pass,,0.7227199152112007
492,491,Real-World,cublas,FP32,16,16,4096,2097152,0.017664,0.18816,0.093878,1.0,True,pass,,0.7227199152112007
492,491,Real-World,cublas,INT8,16,16,4096,2097152,0.018432,0.03497,0.527086,1.0,True,pass,,0.7227199152112007
493,492,Real-World,cublas,FP16,80,208,400,13312000,0.014848,0.013312,1.115385,1.0,True,pass,,0.7466818299144506
493,492,Real-World,cublas,FP32,80,208,400,13312000,0.01705,0.047974,0.35539,1.0,True,pass,,0.7466818299144506
493,492,Real-World,cublas,INT8,80,208,400,13312000,0.012134,0.011878,1.021552,1.0,True,pass,,0.7466818299144506
494,493,Real-World,cublas,FP16,61,64,1025,8003200,0.016384,0.014746,1.111111,1.0,True,pass,,0.7403935398906469
494,493,Real-World,cublas,FP32,61,64,1025,8003200,0.016384,0.072397,0.226308,1.0,True,pass,,0.7403935398906469
494,493,Real-World,cublas,INT8,61,64,1025,8003200,0.010138,0.060467,0.167655,0.0,False,incorrect,Cosine similarity threshold failed,0.7403935398906469
495,494,Real-World,cublas,FP16,128,4,1024,1048576,0.013568,0.014336,0.946429,1.0,True,pass,,0.7422373257577419
495,494,Real-World,cublas,FP32,128,4,1024,1048576,0.013261,0.071117,0.186465,1.0,True,pass,,0.7422373257577419
495,494,Real-World,cublas,INT8,128,4,1024,1048576,0.010394,0.013158,0.789883,1.0,True,pass,,0.7422373257577419
496,495,Real-World,cublas,FP16,164,5,800,1312000,0.013773,0.013926,0.988971,1.0,True,pass,,0.7389674633741379
496,495,Real-World,cublas,FP32,164,5,800,1312000,0.017613,0.061491,0.286428,1.0,True,pass,,0.7389674633741379
496,495,Real-World,cublas,INT8,164,5,800,1312000,0.010138,0.012237,0.828452,1.0,True,pass,,0.7389674633741379
497,496,Real-World,cublas,FP16,64,312,312,12460032,0.011264,0.01321,0.852713,1.0,True,pass,,0.8029209803789854
497,496,Real-World,cublas,FP32,64,312,312,12460032,0.01705,0.04864,0.350526,1.0,True,pass,,0.8029209803789854
497,496,Real-World,cublas,INT8,64,312,312,12460032,0.012851,0.009933,1.293814,1.0,True,pass,,0.8029209803789854
498,497,Real-World,cublas,FP16,608,16,208,4046848,0.011213,0.012749,0.879518,1.0,True,pass,,0.7418544478714466
498,497,Real-World,cublas,FP32,608,16,208,4046848,0.012134,0.02647,0.458414,1.0,True,pass,,0.7418544478714466
498,497,Real-World,cublas,INT8,608,16,208,4046848,0.010394,0.009984,1.041026,1.0,True,pass,,0.7418544478714466
499,498,Real-World,cublas,FP16,208,48,512,10223616,0.011622,0.013517,0.859848,1.0,True,pass,,0.7532175462692976
499,498,Real-World,cublas,FP32,208,48,512,10223616,0.017306,0.020787,0.832512,1.0,True,pass,,0.7532175462692976
499,498,Real-World,cublas,INT8,208,48,512,10223616,0.01193,0.011418,1.044843,1.0,True,pass,,0.7532175462692976
500,499,Real-World,cublas,FP16,16,512,256,4194304,0.012851,0.012442,1.032922,1.0,True,pass,,0.792418111115694
500,499,Real-World,cublas,FP32,16,512,256,4194304,0.01536,0.030106,0.510204,1.0,True,pass,,0.792418111115694
500,499,Real-World,cublas,INT8,16,512,256,4194304,0.011162,0.009984,1.117948,1.0,True,pass,,0.792418111115694
501,500,Real-World,cublas,FP16,256,16,512,4194304,0.01408,0.013158,1.070039,1.0,True,pass,,0.7551058940589428
501,500,Real-World,cublas,FP32,256,16,512,4194304,0.015872,0.02048,0.775,1.0,True,pass,,0.7551058940589428
501,500,Real-World,cublas,INT8,256,16,512,4194304,0.009933,0.01065,0.932692,1.0,True,pass,,0.7551058940589428
502,501,Real-World,cublas,FP16,16,256,512,4194304,0.013466,0.013056,1.031373,1.0,True,pass,,0.7689923532307148
502,501,Real-World,cublas,FP32,16,256,512,4194304,0.018432,0.020378,0.904523,1.0,True,pass,,0.7689923532307148
502,501,Real-World,cublas,INT8,16,256,512,4194304,0.011622,0.010701,1.086124,1.0,True,pass,,0.7689923532307148
503,502,Real-World,cublas,FP16,800,112,64,11468800,0.010547,0.014234,0.741007,1.0,True,pass,,0.7540386412292719
503,502,Real-World,cublas,FP32,800,112,64,11468800,0.012339,0.014285,0.863799,1.0,True,pass,,0.7540386412292719
503,502,Real-World,cublas,INT8,800,112,64,11468800,0.010701,0.008397,1.27439,1.0,True,pass,,0.7540386412292719
504,503,Real-World,cublas,FP16,64,512,202,13238272,0.01239,0.010854,1.141509,1.0,True,pass,,0.7386953718960285
504,503,Real-World,cublas,FP32,64,512,202,13238272,0.016589,0.0256,0.648,1.0,True,pass,,0.7386953718960285
504,503,Real-World,cublas,INT8,64,512,202,13238272,0.010035,0.011213,0.894977,0.0,False,incorrect,Cosine similarity threshold failed,0.7386953718960285
505,504,Real-World,cublas,FP16,179,200,300,21480000,0.013978,0.010854,1.287736,1.0,True,pass,,0.9283445775508881
505,504,Real-World,cublas,FP32,179,200,300,21480000,0.018893,0.047923,0.394231,1.0,True,pass,,0.9283445775508881
505,504,Real-World,cublas,INT8,179,200,300,21480000,,,,,False,missing,Running INT8...Error benchmarking size 179x200x300: std::exception,0.9283445775508881
506,505,Real-World,cublas,FP16,128,1024,16,4194304,0.011008,0.014541,0.757042,1.0,True,pass,,0.737122880294919
506,505,Real-World,cublas,FP32,128,1024,16,4194304,0.011366,0.009216,1.233333,1.0,True,pass,,0.737122880294919
506,505,Real-World,cublas,INT8,128,1024,16,4194304,0.010547,0.008243,1.279503,1.0,True,pass,,0.737122880294919
507,506,Real-World,cublas,FP16,128,16,1024,4194304,0.014848,0.014182,1.046931,1.0,True,pass,,0.8299323171377182
507,506,Real-World,cublas,FP32,128,16,1024,4194304,0.016128,0.070656,0.228261,1.0,True,pass,,0.8299323171377182
507,506,Real-World,cublas,INT8,128,16,1024,4194304,0.011418,0.01321,0.864341,1.0,True,pass,,0.8299323171377182
508,507,Real-World,cublas,FP16,736,96,96,13565952,0.013158,0.01321,0.996124,1.0,True,pass,,0.7310945633798838
508,507,Real-World,cublas,FP32,736,96,96,13565952,0.012698,0.016691,0.760736,1.0,True,pass,,0.7310945633798838
508,507,Real-World,cublas,INT8,736,96,96,13565952,0.010803,0.008858,1.219653,1.0,True,pass,,0.7310945633798838
509,508,Real-World,cublas,FP16,208,400,112,18636800,0.013517,0.013875,0.97417,1.0,True,pass,,0.7193573098629713
509,508,Real-World,cublas,FP32,208,400,112,18636800,0.012902,0.017715,0.728323,1.0,True,pass,,0.7193573098629713
509,508,Real-World,cublas,INT8,208,400,112,18636800,0.011008,0.008294,1.32716,1.0,True,pass,,0.7193573098629713
510,509,Real-World,cublas,FP16,87,312,312,16937856,0.013875,0.013414,1.034351,1.0,True,pass,,0.8080059122294188
510,509,Real-World,cublas,FP32,87,312,312,16937856,0.018381,0.048998,0.375131,1.0,True,pass,,0.8080059122294188
510,509,Real-World,cublas,INT8,87,312,312,16937856,,,,,False,missing,Running INT8...Error benchmarking size 87x312x312: std::exception,0.8080059122294188
511,510,Real-World,cublas,FP16,148,1,1024,303104,0.012851,0.014285,0.899642,1.0,True,pass,,0.7451071012765169
511,510,Real-World,cublas,FP32,148,1,1024,303104,0.012902,0.070963,0.181818,1.0,True,pass,,0.7451071012765169
511,510,Real-World,cublas,INT8,148,1,1024,303104,0.010138,0.012646,0.801619,1.0,True,pass,,0.7451071012765169
512,511,Real-World,cublas,FP16,1000,50,100,10000000,0.010957,0.010496,1.043902,1.0,True,pass,,0.7268053982406855
512,511,Real-World,cublas,FP32,1000,50,100,10000000,0.013414,0.017715,0.757225,1.0,True,pass,,0.7268053982406855
512,511,Real-World,cublas,INT8,1000,50,100,10000000,0.01792,0.008397,2.134146,1.0,True,pass,,0.7268053982406855
513,512,Real-World,cublas,FP16,32,256,512,8388608,0.011776,0.013312,0.884615,1.0,True,pass,,0.8424409236758947
513,512,Real-World,cublas,FP32,32,256,512,8388608,0.017869,0.020787,0.859606,1.0,True,pass,,0.8424409236758947
513,512,Real-World,cublas,INT8,32,256,512,8388608,0.011674,0.010752,1.085714,1.0,True,pass,,0.8424409236758947
514,513,Real-World,cublas,FP16,5,512,300,1536000,0.012595,0.011469,1.098215,1.0,True,pass,,0.8064713981002569
514,513,Real-World,cublas,FP32,5,512,300,1536000,0.016589,0.033997,0.487952,1.0,True,pass,,0.8064713981002569
514,513,Real-World,cublas,INT8,5,512,300,1536000,,,,,False,missing,Running INT8...Error benchmarking size 5x512x300: std::exception,0.8064713981002569
515,514,Real-World,cublas,FP16,5,300,512,1536000,0.01367,0.012954,1.055336,1.0,True,pass,,0.8096894044429064
515,514,Real-World,cublas,FP32,5,300,512,1536000,0.020019,0.020634,0.970223,1.0,True,pass,,0.8096894044429064
515,514,Real-World,cublas,INT8,5,300,512,1536000,,,,,False,missing,Running INT8...Error benchmarking size 5x300x512: std::exception,0.8096894044429064
516,515,Real-World,cublas,FP16,86,384,274,18097152,0.011878,0.01111,1.069125,1.0,True,pass,,0.7594956252723932
516,515,Real-World,cublas,FP32,86,384,274,18097152,0.017408,0.044954,0.387244,1.0,True,pass,,0.7594956252723932
516,515,Real-World,cublas,INT8,86,384,274,18097152,0.010189,0.012749,0.799197,0.0,False,incorrect,Cosine similarity threshold failed,0.7594956252723932
517,516,Real-World,cublas,FP16,91,63,1024,11741184,0.01664,0.014336,1.160715,1.0,True,pass,,0.8346870169043541
517,516,Real-World,cublas,FP32,91,63,1024,11741184,0.016333,0.071782,0.227532,1.0,True,pass,,0.8346870169043541
517,516,Real-World,cublas,INT8,91,63,1024,11741184,,,,,False,missing,Running INT8...Error benchmarking size 91x63x1024: std::exception,0.8346870169043541
518,517,Real-World,cublas,FP16,140,288,288,23224320,0.012442,0.013722,0.906717,1.0,True,pass,,0.7599730640649796
518,517,Real-World,cublas,FP32,140,288,288,23224320,0.017869,0.045568,0.392135,1.0,True,pass,,0.7599730640649796
518,517,Real-World,cublas,INT8,140,288,288,23224320,0.013568,0.011571,1.172566,1.0,True,pass,,0.7599730640649796
519,518,Real-World,cublas,FP16,16,208,720,4792320,0.014899,0.014029,1.062044,1.0,True,pass,,0.7742331977933645
519,518,Real-World,cublas,FP32,16,208,720,4792320,0.016384,0.022323,0.733945,1.0,True,pass,,0.7742331977933645
519,518,Real-World,cublas,INT8,16,208,720,4792320,0.012902,0.012595,1.02439,1.0,True,pass,,0.7742331977933645
520,519,Real-World,cublas,FP16,160,1,1024,327680,0.010189,0.016947,0.601209,1.0,True,pass,,0.776208370923996
520,519,Real-World,cublas,FP32,160,1,1024,327680,0.013517,0.070502,0.191721,1.0,True,pass,,0.776208370923996
520,519,Real-World,cublas,INT8,160,1,1024,327680,0.010291,0.012339,0.834025,1.0,True,pass,,0.776208370923996
521,520,Real-World,cublas,FP16,101,64,961,12423808,0.013312,0.01536,0.866667,1.0,True,pass,,0.8994582071900368
521,520,Real-World,cublas,FP32,101,64,961,12423808,0.015565,0.094259,0.165128,1.0,True,pass,,0.8994582071900368
521,520,Real-World,cublas,INT8,101,64,961,12423808,0.128358,0.069939,1.835286,0.0,False,incorrect,Cosine similarity threshold failed,0.8994582071900368
522,521,Real-World,cublas,FP16,30,128,1024,7864320,0.013466,0.012083,1.114407,1.0,True,pass,,1.2865066044032574
522,521,Real-World,cublas,FP32,30,128,1024,7864320,0.014592,0.092058,0.158509,1.0,True,pass,,1.2865066044032574
522,521,Real-World,cublas,INT8,30,128,1024,7864320,,,,,False,missing,Running INT8...Error benchmarking size 30x128x1024: std::exception,1.2865066044032574
523,522,Real-World,cublas,FP16,126,1024,32,8257536,0.007834,0.008653,0.905325,1.0,True,pass,,1.1050137896090746
523,522,Real-World,cublas,FP32,126,1024,32,8257536,0.010752,0.011366,0.945946,1.0,True,pass,,1.1050137896090746
523,522,Real-World,cublas,INT8,126,1024,32,8257536,,,,,False,missing,Running INT8...Error benchmarking size 126x1024x32: std::exception,1.1050137896090746
524,523,Real-World,cublas,FP16,151,10,1024,3092480,0.012083,0.010189,1.18593,1.0,True,pass,,1.1237501371651888
524,523,Real-World,cublas,FP32,151,10,1024,3092480,0.0192,0.089395,0.214777,1.0,True,pass,,1.1237501371651888
524,523,Real-World,cublas,INT8,151,10,1024,3092480,,,,,False,missing,Running INT8...Error benchmarking size 151x10x1024: std::exception,1.1237501371651888
525,524,Real-World,cublas,FP16,1,864,192,331776,0.009011,0.009677,0.931217,1.0,True,pass,,1.2263036333024502
525,524,Real-World,cublas,FP32,1,864,192,331776,0.00809,0.025446,0.317907,1.0,True,pass,,1.2263036333024502
525,524,Real-World,cublas,INT8,1,864,192,331776,,,,,False,missing,Running INT8...Error benchmarking size 1x864x192: std::exception,1.2263036333024502
526,525,Real-World,cublas,FP16,1,192,864,331776,0.008653,0.010138,0.853535,1.0,True,pass,,1.1731500178575516
526,525,Real-World,cublas,FP32,1,192,864,331776,0.00937,0.070861,0.132225,1.0,True,pass,,1.1731500178575516
526,525,Real-World,cublas,INT8,1,192,864,331776,,,,,False,missing,Running INT8...Error benchmarking size 1x192x864: std::exception,1.1731500178575516
527,526,Real-World,cublas,FP16,32,128,1024,8388608,0.011213,0.010394,1.078818,1.0,True,pass,,0.9300871770828962
527,526,Real-World,cublas,FP32,32,128,1024,8388608,0.01408,0.088218,0.159605,1.0,True,pass,,0.9300871770828962
527,526,Real-World,cublas,INT8,32,128,1024,8388608,0.011571,0.0128,0.904,1.0,True,pass,,0.9300871770828962
528,527,Real-World,cublas,FP16,32,1024,128,8388608,0.008141,0.008346,0.97546,1.0,True,pass,,0.9907536637037992
528,527,Real-World,cublas,FP32,32,1024,128,8388608,0.013261,0.019251,0.68883,1.0,True,pass,,0.9907536637037992
528,527,Real-World,cublas,INT8,32,1024,128,8388608,0.008704,0.008499,1.024096,1.0,True,pass,,0.9907536637037992
529,528,Real-World,cublas,FP16,78,768,128,15335424,0.0128,0.00896,1.428571,1.0,True,pass,,1.1273675672709942
529,528,Real-World,cublas,FP32,78,768,128,15335424,0.012186,0.027034,0.450758,1.0,True,pass,,1.1273675672709942
529,528,Real-World,cublas,INT8,78,768,128,15335424,,,,,False,missing,Running INT8...Error benchmarking size 78x768x128: std::exception,1.1273675672709942
530,529,Real-World,cublas,FP16,49,256,512,12845056,0.012339,0.009267,1.331492,1.0,True,pass,,1.2062233928591013
530,529,Real-World,cublas,FP32,49,256,512,12845056,0.015974,0.026726,0.597701,1.0,True,pass,,1.2062233928591013
530,529,Real-World,cublas,INT8,49,256,512,12845056,,,,,False,missing,Running INT8...Error benchmarking size 49x256x512: std::exception,1.2062233928591013
531,530,Real-World,cublas,FP16,32,10,4032,2580480,0.01239,0.809267,0.015311,1.0,True,pass,,0.9840153194963932
531,530,Real-World,cublas,FP32,32,10,4032,2580480,0.016026,0.222618,0.071987,1.0,True,pass,,0.9840153194963932
531,530,Real-World,cublas,INT8,32,10,4032,2580480,0.022886,0.033741,0.6783,1.0,True,pass,,0.9840153194963932
532,531,Real-World,cublas,FP16,128,256,361,23658496,0.013466,0.013414,1.003817,1.0,True,pass,,1.0128610953688622
532,531,Real-World,cublas,FP32,128,256,361,23658496,0.015974,0.104294,0.153166,1.0,True,pass,,1.0128610953688622
532,531,Real-World,cublas,INT8,128,256,361,23658496,0.003174,0.054374,0.05838,0.0,False,incorrect,Cosine similarity threshold failed,1.0128610953688622
533,532,Real-World,cublas,FP16,256,208,256,27262976,0.008653,0.00855,1.011976,1.0,True,pass,,0.9545946437865496
533,532,Real-World,cublas,FP32,256,208,256,27262976,0.015718,0.045005,0.349261,1.0,True,pass,,0.9545946437865496
533,532,Real-World,cublas,INT8,256,208,256,27262976,0.008704,0.009626,0.904255,1.0,True,pass,,0.9545946437865496
534,533,Real-World,cublas,FP16,167,512,128,21889024,0.009933,0.009062,1.096045,1.0,True,pass,,1.1361691188067198
534,533,Real-World,cublas,FP32,167,512,128,21889024,0.012442,0.020019,0.621483,1.0,True,pass,,1.1361691188067198
534,533,Real-World,cublas,INT8,167,512,128,21889024,,,,,False,missing,Running INT8...Error benchmarking size 167x512x128: std::exception,1.1361691188067198
535,534,Real-World,cublas,FP16,25,512,300,7680000,0.012288,0.010854,1.132075,1.0,True,pass,,1.146886508911848
535,534,Real-World,cublas,FP32,25,512,300,7680000,0.01449,0.053914,0.268756,1.0,True,pass,,1.146886508911848
535,534,Real-World,cublas,INT8,25,512,300,7680000,,,,,False,missing,Running INT8...Error benchmarking size 25x512x300: std::exception,1.146886508911848
536,535,Real-World,cublas,FP16,25,300,512,7680000,0.011674,0.009062,1.288136,1.0,True,pass,,1.14584219455719
536,535,Real-World,cublas,FP32,25,300,512,7680000,0.015514,0.028058,0.55292,1.0,True,pass,,1.14584219455719
536,535,Real-World,cublas,INT8,25,300,512,7680000,,,,,False,missing,Running INT8...Error benchmarking size 25x300x512: std::exception,1.14584219455719
537,536,Real-World,cublas,FP16,64,1024,100,13107200,0.008755,0.008653,1.011834,1.0,True,pass,,0.9467910751700401
537,536,Real-World,cublas,FP32,64,1024,100,13107200,0.012339,0.02391,0.51606,1.0,True,pass,,0.9467910751700401
537,536,Real-World,cublas,INT8,64,1024,100,13107200,0.016384,0.009779,1.675393,1.0,True,pass,,0.9467910751700401
538,537,Real-World,cublas,FP16,96,96,864,15925248,0.01152,0.009984,1.153846,1.0,True,pass,,1.0305466670542955
538,537,Real-World,cublas,FP32,96,96,864,15925248,0.016077,0.07081,0.227043,1.0,True,pass,,1.0305466670542955
538,537,Real-World,cublas,INT8,96,96,864,15925248,0.011315,0.012595,0.898374,1.0,True,pass,,1.0305466670542955
539,538,Real-World,cublas,FP16,136,256,361,25137152,0.01239,0.012749,0.971888,1.0,True,pass,,1.022349139675498
539,538,Real-World,cublas,FP32,136,256,361,25137152,0.016026,0.10327,0.155181,1.0,True,pass,,1.022349139675498
539,538,Real-World,cublas,INT8,136,256,361,25137152,0.002918,0.047872,0.060963,0.0,False,incorrect,Cosine similarity threshold failed,1.022349139675498
540,539,Real-World,cublas,FP16,368,96,304,21479424,0.00896,0.008704,1.029412,1.0,True,pass,,0.9468346331268549
540,539,Real-World,cublas,FP32,368,96,304,21479424,0.015309,0.051456,0.297513,1.0,True,pass,,0.9468346331268549
540,539,Real-World,cublas,INT8,368,96,304,21479424,0.010957,0.011725,0.934498,1.0,True,pass,,0.9468346331268549
541,540,Real-World,cublas,FP16,512,320,16,5242880,0.015821,0.017613,0.898256,1.0,True,pass,,0.8828453700989485
541,540,Real-World,cublas,FP32,512,320,16,5242880,0.019302,0.015053,1.282313,1.0,True,pass,,0.8828453700989485
541,540,Real-World,cublas,INT8,512,320,16,5242880,0.018842,0.013517,1.393939,1.0,True,pass,,0.8828453700989485
542,541,Real-World,cublas,FP16,28,257,600,8635200,0.015258,0.014029,1.087591,1.0,True,pass,,0.7271391041576862
542,541,Real-World,cublas,FP32,28,257,600,8635200,0.016333,0.052685,0.31001,1.0,True,pass,,0.7271391041576862
542,541,Real-World,cublas,INT8,28,257,600,8635200,0.014848,0.012698,1.169355,1.0,True,pass,,0.7271391041576862
543,542,Real-World,cublas,FP16,94,120,784,17687040,0.015872,0.013619,1.165414,1.0,True,pass,,0.809582969173789
543,542,Real-World,cublas,FP32,94,120,784,17687040,0.017613,0.058675,0.300175,1.0,True,pass,,0.809582969173789
543,542,Real-World,cublas,INT8,94,120,784,17687040,,,,,False,missing,Running INT8...Error benchmarking size 94x120x784: std::exception,0.809582969173789
544,543,Real-World,cublas,FP16,160,208,400,26624000,0.013722,0.01321,1.03876,1.0,True,pass,,0.7416672110557556
544,543,Real-World,cublas,FP32,160,208,400,26624000,0.018227,0.047667,0.382385,1.0,True,pass,,0.7416672110557556
544,543,Real-World,cublas,INT8,160,208,400,26624000,0.012134,0.011469,1.058036,1.0,True,pass,,0.7416672110557556
545,544,Real-World,cublas,FP16,199,64,641,16327552,0.016077,0.013773,1.167286,1.0,True,pass,,0.7317774165421724
545,544,Real-World,cublas,FP32,199,64,641,16327552,0.017971,0.022477,0.799545,1.0,True,pass,,0.7317774165421724
545,544,Real-World,cublas,INT8,199,64,641,16327552,0.012851,0.045056,0.285227,0.0,False,incorrect,Cosine similarity threshold failed,0.7317774165421724
546,545,Real-World,cublas,FP16,175,2,1024,716800,0.015002,0.014387,1.042705,1.0,True,pass,,0.8174728211015463
546,545,Real-World,cublas,FP32,175,2,1024,716800,0.013517,0.070502,0.191721,1.0,True,pass,,0.8174728211015463
546,545,Real-World,cublas,INT8,175,2,1024,716800,,,,,False,missing,Running INT8...Error benchmarking size 175x2x1024: std::exception,0.8174728211015463
547,546,Real-World,cublas,FP16,800,16,208,5324800,0.010752,0.012954,0.83004,1.0,True,pass,,0.8147569857537746
547,546,Real-World,cublas,FP32,800,16,208,5324800,0.016538,0.02647,0.624758,1.0,True,pass,,0.8147569857537746
547,546,Real-World,cublas,INT8,800,16,208,5324800,0.010854,0.010138,1.070707,1.0,True,pass,,0.8147569857537746
548,547,Real-World,cublas,FP16,128,320,320,26214400,0.012851,0.014131,0.90942,1.0,True,pass,,0.7745306938886642
548,547,Real-World,cublas,FP32,128,320,320,26214400,0.017459,0.050227,0.347604,1.0,True,pass,,0.7745306938886642
548,547,Real-World,cublas,INT8,128,320,320,26214400,0.011571,0.010086,1.147208,1.0,True,pass,,0.7745306938886642
549,548,Real-World,cublas,FP16,64,1024,110,14417920,0.010598,0.009574,1.106952,1.0,True,pass,,0.7322459388524294
549,548,Real-World,cublas,FP32,64,1024,110,14417920,0.014029,0.024832,0.564948,1.0,True,pass,,0.7322459388524294
549,548,Real-World,cublas,INT8,64,1024,110,14417920,0.00983,0.009114,1.078652,0.0,False,incorrect,Cosine similarity threshold failed,0.7322459388524294
550,549,Real-World,cublas,FP16,16,128,1280,5242880,0.015206,0.014797,1.027682,1.0,True,pass,,0.7510746847838163
550,549,Real-World,cublas,FP32,16,128,1280,5242880,0.016077,0.101939,0.15771,1.0,True,pass,,0.7510746847838163
550,549,Real-World,cublas,INT8,16,128,1280,5242880,0.014336,0.014234,1.007194,1.0,True,pass,,0.7510746847838163
551,550,Real-World,cublas,FP16,64,1024,112,14680064,0.010291,0.012749,0.807229,1.0,True,pass,,0.719378175213933
551,550,Real-World,cublas,FP32,64,1024,112,14680064,0.013773,0.024883,0.553498,1.0,True,pass,,0.719378175213933
551,550,Real-World,cublas,INT8,64,1024,112,14680064,0.011418,0.008602,1.327381,1.0,True,pass,,0.719378175213933
552,551,Real-World,cublas,FP16,131,100,764,20016800,0.017818,0.0128,1.392001,1.0,True,pass,,0.8318550810217857
552,551,Real-World,cublas,FP32,131,100,764,20016800,0.018176,0.024627,0.738046,1.0,True,pass,,0.8318550810217857
552,551,Real-World,cublas,INT8,131,100,764,20016800,,,,,False,missing,Running INT8...Error benchmarking size 131x100x764: std::exception,0.8318550810217857
553,552,Real-World,cublas,FP16,152,64,833,16206848,0.017613,0.014438,1.219858,1.0,True,pass,,0.7433588933199644
553,552,Real-World,cublas,FP32,152,64,833,16206848,0.017562,0.066202,0.265275,1.0,True,pass,,0.7433588933199644
553,552,Real-World,cublas,INT8,152,64,833,16206848,0.010035,0.051354,0.195414,0.0,False,incorrect,Cosine similarity threshold failed,0.7433588933199644
554,553,Real-World,cublas,FP16,800,80,144,18432000,0.012186,0.01408,0.865454,1.0,True,pass,,0.7367517184466124
554,553,Real-World,cublas,FP32,800,80,144,18432000,0.014285,0.020941,0.682152,1.0,True,pass,,0.7367517184466124
554,553,Real-World,cublas,INT8,800,80,144,18432000,0.01111,0.009114,1.219101,1.0,True,pass,,0.7367517184466124
555,554,Real-World,cublas,FP16,80,512,256,20971520,0.013312,0.01321,1.007752,1.0,True,pass,,0.7468729168176651
555,554,Real-World,cublas,FP32,80,512,256,20971520,0.017715,0.04521,0.391846,1.0,True,pass,,0.7468729168176651
555,554,Real-World,cublas,INT8,80,512,256,20971520,0.011315,0.010752,1.052381,1.0,True,pass,,0.7468729168176651
556,555,Real-World,cublas,FP16,32,256,640,10485760,0.014029,0.013619,1.030075,1.0,True,pass,,0.7652267720550299
556,555,Real-World,cublas,FP32,32,256,640,10485760,0.016538,0.021299,0.776443,1.0,True,pass,,0.7652267720550299
556,555,Real-World,cublas,INT8,32,256,640,10485760,0.012186,0.011059,1.101852,1.0,True,pass,,0.7652267720550299
557,556,Real-World,cublas,FP16,208,256,304,32374784,0.013261,0.014285,0.928315,1.0,True,pass,,0.7306078094989061
557,556,Real-World,cublas,FP32,208,256,304,32374784,0.018227,0.047974,0.379936,1.0,True,pass,,0.7306078094989061
557,556,Real-World,cublas,INT8,208,256,304,32374784,0.011776,0.010854,1.084906,1.0,True,pass,,0.7306078094989061
558,557,Real-World,cublas,FP16,35,256,640,11468800,0.015462,0.013414,1.152672,1.0,True,pass,,0.8282867521047592
558,557,Real-World,cublas,FP32,35,256,640,11468800,0.01751,0.020838,0.840295,1.0,True,pass,,0.8282867521047592
558,557,Real-World,cublas,INT8,35,256,640,11468800,,,,,False,missing,Running INT8...Error benchmarking size 35x256x640: std::exception,0.8282867521047592
559,558,Real-World,cublas,FP16,192,200,400,30720000,0.013619,0.013619,1.0,1.0,True,pass,,0.7548467516899109
559,558,Real-World,cublas,FP32,192,200,400,30720000,0.019098,0.047923,0.398504,1.0,True,pass,,0.7548467516899109
559,558,Real-World,cublas,INT8,192,200,400,30720000,0.012288,0.011827,1.038961,1.0,True,pass,,0.7548467516899109
560,559,Real-World,cublas,FP16,16,112,1536,5505024,0.015565,0.015104,1.030508,1.0,True,pass,,0.7459915522485971
560,559,Real-World,cublas,FP32,16,112,1536,5505024,0.016794,0.136858,0.122709,1.0,True,pass,,0.7459915522485971
560,559,Real-World,cublas,INT8,16,112,1536,5505024,0.014438,0.014746,0.979167,1.0,True,pass,,0.7459915522485971
561,560,Real-World,cublas,FP16,256,768,2,786432,0.01065,0.009216,1.155556,1.0,True,pass,,0.7193937953561544
561,560,Real-World,cublas,FP32,256,768,2,786432,0.010906,0.008858,1.231214,1.0,True,pass,,0.7193937953561544
561,560,Real-World,cublas,INT8,256,768,2,786432,0.011366,0.007526,1.510204,0.0,False,incorrect,Cosine similarity threshold failed,0.7193937953561544
562,561,Real-World,cublas,FP16,179,128,576,26394624,0.016282,0.013568,1.2,1.0,True,pass,,0.8246701546013355
562,561,Real-World,cublas,FP32,179,128,576,26394624,0.019149,0.02176,0.88,1.0,True,pass,,0.8246701546013355
562,561,Real-World,cublas,INT8,179,128,576,26394624,,,,,False,missing,Running INT8...Error benchmarking size 179x128x576: std::exception,0.8246701546013355
563,562,Real-World,cublas,FP16,200,400,200,32000000,0.013926,0.013875,1.00369,1.0,True,pass,,0.7376279775053263
563,562,Real-World,cublas,FP32,200,400,200,32000000,0.016486,0.025702,0.641434,1.0,True,pass,,0.7376279775053263
563,562,Real-World,cublas,INT8,200,400,200,32000000,0.012646,0.010189,1.241206,1.0,True,pass,,0.7376279775053263
564,563,Real-World,cublas,FP16,3025,3,64,1161600,0.009728,0.016486,0.590062,1.0,True,pass,,1.2030622530728579
564,563,Real-World,cublas,FP32,3025,3,64,1161600,0.010445,0.013926,0.75,1.0,True,pass,,1.2030622530728579
564,563,Real-World,cublas,INT8,3025,3,64,1161600,,,,,False,missing,Running INT8...Error benchmarking size 3025x3x64: std::exception,1.2030622530728579
565,564,Real-World,cublas,FP16,196,300,300,35280000,0.011776,0.011213,1.050228,1.0,True,pass,,1.3668607771396637
565,564,Real-World,cublas,FP32,196,300,300,35280000,0.020326,0.058624,0.346725,1.0,True,pass,,1.3668607771396637
565,564,Real-World,cublas,INT8,196,300,300,35280000,0.012134,0.014643,0.828671,1.0,True,pass,,1.3668607771396637
566,565,Real-World,cublas,FP16,1600,48,80,12288000,0.008755,0.00983,0.890625,1.0,True,pass,,0.9338230565190315
566,565,Real-World,cublas,FP32,1600,48,80,12288000,0.011315,0.015514,0.729373,1.0,True,pass,,0.9338230565190315
566,565,Real-World,cublas,INT8,1600,48,80,12288000,0.008858,0.008704,1.017647,1.0,True,pass,,0.9338230565190315
567,566,Real-World,cublas,FP16,1600,64,64,13107200,0.008294,0.009728,0.852632,1.0,True,pass,,1.005325436592102
567,566,Real-World,cublas,FP32,1600,64,64,13107200,0.010803,0.014182,0.761733,1.0,True,pass,,1.005325436592102
567,566,Real-World,cublas,INT8,1600,64,64,13107200,0.008858,0.008397,1.054878,1.0,True,pass,,1.005325436592102
568,567,Real-World,cublas,FP16,208,208,400,34611200,0.009011,0.010086,0.893401,1.0,True,pass,,0.9768967051059008
568,567,Real-World,cublas,FP32,208,208,400,34611200,0.01705,0.050432,0.338071,1.0,True,pass,,0.9768967051059008
568,567,Real-World,cublas,INT8,208,208,400,34611200,0.009677,0.012544,0.771428,1.0,True,pass,,0.9768967051059008
569,568,Real-World,cublas,FP16,1000,100,100,20000000,0.009114,0.011315,0.80543,1.0,True,pass,,0.9827667884528637
569,568,Real-World,cublas,FP32,1000,100,100,20000000,0.013056,0.017664,0.73913,1.0,True,pass,,0.9827667884528637
569,568,Real-World,cublas,INT8,1000,100,100,20000000,0.016026,0.009114,1.758427,1.0,True,pass,,0.9827667884528637
570,569,Real-World,cublas,FP16,16,512,384,6291456,0.008858,0.009011,0.982955,1.0,True,pass,,0.9305129200220108
570,569,Real-World,cublas,FP32,16,512,384,6291456,0.014541,0.095386,0.152442,1.0,True,pass,,0.9305129200220108
570,569,Real-World,cublas,INT8,16,512,384,6291456,0.009626,0.010035,0.959184,1.0,True,pass,,0.9305129200220108
571,570,Real-World,cublas,FP16,128,768,128,25165824,0.008602,0.00896,0.96,1.0,True,pass,,1.0026866048574448
571,570,Real-World,cublas,FP32,128,768,128,25165824,0.013107,0.019661,0.666667,1.0,True,pass,,1.0026866048574448
571,570,Real-World,cublas,INT8,128,768,128,25165824,0.008755,0.008653,1.011834,1.0,True,pass,,1.0026866048574448
572,571,Real-World,cublas,FP16,256,768,16,6291456,0.008243,0.008243,1.0,1.0,True,pass,,0.9864053148776293
572,571,Real-World,cublas,FP32,256,768,16,6291456,0.009574,0.009318,1.027473,1.0,True,pass,,0.9864053148776293
572,571,Real-World,cublas,INT8,256,768,16,6291456,0.008704,0.008243,1.0559,1.0,True,pass,,0.9864053148776293
573,572,Real-World,cublas,FP16,174,400,256,35635200,0.009626,0.009318,1.032967,1.0,True,pass,,1.1665490493178368
573,572,Real-World,cublas,FP32,174,400,256,35635200,0.016077,0.032358,0.496835,1.0,True,pass,,1.1665490493178368
573,572,Real-World,cublas,INT8,174,400,256,35635200,,,,,False,missing,Running INT8...Error benchmarking size 174x400x256: std::exception,1.1665490493178368
574,573,Real-World,cublas,FP16,16,256,784,6422528,0.010291,0.010035,1.02551,1.0,True,pass,,0.9784313552081585
574,573,Real-World,cublas,FP32,16,256,784,6422528,0.014336,0.067277,0.21309,1.0,True,pass,,0.9784313552081585
574,573,Real-World,cublas,INT8,16,256,784,6422528,0.01065,0.011725,0.908297,1.0,True,pass,,0.9784313552081585
575,574,Real-World,cublas,FP16,408,312,128,32587776,0.00896,0.01152,0.777778,1.0,True,pass,,0.9443437252193689
575,574,Real-World,cublas,FP32,408,312,128,32587776,0.013773,0.027597,0.499072,1.0,True,pass,,0.9443437252193689
575,574,Real-World,cublas,INT8,408,312,128,32587776,0.010752,0.008653,1.242603,1.0,True,pass,,0.9443437252193689
576,575,Real-World,cublas,FP16,1,864,256,442368,0.008192,0.010547,0.776699,1.0,True,pass,,1.1825845167040825
576,575,Real-World,cublas,FP32,1,864,256,442368,0.009267,0.031078,0.298188,1.0,True,pass,,1.1825845167040825
576,575,Real-World,cublas,INT8,1,864,256,442368,,,,,False,missing,Running INT8...Error benchmarking size 1x864x256: std::exception,1.1825845167040825
577,576,Real-World,cublas,FP16,51,4,4096,1671168,0.014131,0.79872,0.017692,1.0,True,pass,,1.1601731833070517
577,576,Real-World,cublas,FP32,51,4,4096,1671168,0.034816,0.224307,0.155216,1.0,True,pass,,1.1601731833070517
577,576,Real-World,cublas,INT8,51,4,4096,1671168,,,,,False,missing,Running INT8...Error benchmarking size 51x4x4096: std::exception,1.1601731833070517
578,577,Real-World,cublas,FP16,127,64,1153,18743168,0.013107,0.020019,0.654731,1.0,True,pass,,0.9603983573615551
578,577,Real-World,cublas,FP32,127,64,1153,18743168,0.016333,0.121242,0.134713,1.0,True,pass,,0.9603983573615551
578,577,Real-World,cublas,INT8,127,64,1153,18743168,0.00297,0.127232,0.02334,0.0,False,incorrect,Cosine similarity threshold failed,0.9603983573615551
579,578,Real-World,cublas,FP16,78,512,320,25559040,0.013619,0.009216,1.477778,1.0,True,pass,,1.2267504055052996
579,578,Real-World,cublas,FP32,78,512,320,25559040,0.016845,0.052378,0.321603,1.0,True,pass,,1.2267504055052996
579,578,Real-World,cublas,INT8,78,512,320,25559040,,,,,False,missing,Running INT8...Error benchmarking size 78x512x320: std::exception,1.2267504055052996
580,579,Real-World,cublas,FP16,1008,16,208,6709248,0.009165,0.008602,1.065476,1.0,True,pass,,1.0005428902804852
580,579,Real-World,cublas,FP32,1008,16,208,6709248,0.015974,0.026931,0.593156,1.0,True,pass,,1.0005428902804852
580,579,Real-World,cublas,INT8,1008,16,208,6709248,0.010086,0.009472,1.064865,1.0,True,pass,,1.0005428902804852
581,580,Real-World,cublas,FP16,128,256,512,33554432,0.010752,0.009882,1.088083,1.0,True,pass,,1.047647524625063
581,580,Real-World,cublas,FP32,128,256,512,33554432,0.016179,0.025498,0.634538,1.0,True,pass,,1.047647524625063
581,580,Real-World,cublas,INT8,128,256,512,33554432,0.009677,0.011162,0.866973,1.0,True,pass,,1.047647524625063
582,581,Real-World,cublas,FP16,31,80,2048,10158080,0.011981,0.818176,0.014643,1.0,True,pass,,1.172733260318637
582,581,Real-World,cublas,FP32,31,80,2048,10158080,0.016435,0.189338,0.086804,1.0,True,pass,,1.172733260318637
582,581,Real-World,cublas,INT8,31,80,2048,10158080,,,,,False,missing,Running INT8...Error benchmarking size 31x80x2048: std::exception,1.172733260318637
583,582,Real-World,cublas,FP16,208,1024,16,6815744,0.008448,0.00983,0.859375,1.0,True,pass,,0.94913081638515
583,582,Real-World,cublas,FP32,208,1024,16,6815744,0.009421,0.009421,1.0,1.0,True,pass,,0.94913081638515
583,582,Real-World,cublas,INT8,208,1024,16,6815744,0.008858,0.008192,1.08125,1.0,True,pass,,0.94913081638515
584,583,Real-World,cublas,FP16,110,5,2048,2252800,0.016691,0.116787,0.14292,1.0,True,pass,,1.1661662925034761
584,583,Real-World,cublas,FP32,110,5,2048,2252800,0.04823,0.192819,0.250133,1.0,True,pass,,1.1661662925034761
584,583,Real-World,cublas,INT8,110,5,2048,2252800,,,,,False,missing,Running INT8...Error benchmarking size 110x5x2048: std::exception,1.1661662925034761
585,584,Real-World,cublas,FP16,101,200,720,29088000,0.01408,0.009626,1.462766,1.0,True,pass,,1.1368278246372938
585,584,Real-World,cublas,FP32,101,200,720,29088000,0.018381,0.036966,0.49723,1.0,True,pass,,1.1368278246372938
585,584,Real-World,cublas,INT8,101,200,720,29088000,,,,,False,missing,Running INT8...Error benchmarking size 101x200x720: std::exception,1.1368278246372938
586,585,Real-World,cublas,FP16,256,208,400,42598400,0.013824,0.013773,1.003717,1.0,True,pass,,0.797710545361042
586,585,Real-World,cublas,FP32,256,208,400,42598400,0.019354,0.04823,0.401274,1.0,True,pass,,0.797710545361042
586,585,Real-World,cublas,INT8,256,208,400,42598400,0.01239,0.01193,1.038627,1.0,True,pass,,0.797710545361042
587,586,Real-World,cublas,FP16,2544,64,30,9768960,0.01065,0.009728,1.094737,1.0,True,pass,,0.7168799005448818
587,586,Real-World,cublas,FP32,2544,64,30,9768960,0.01239,0.011264,1.1,1.0,True,pass,,0.7168799005448818
587,586,Real-World,cublas,INT8,2544,64,30,9768960,0.010035,0.007578,1.324324,0.0,False,incorrect,Cosine similarity threshold failed,0.7168799005448818
588,587,Real-World,cublas,FP16,114,4,2048,1867776,0.018278,0.028262,0.646739,1.0,True,pass,,0.8357526399195194
588,587,Real-World,cublas,FP32,114,4,2048,1867776,0.017971,0.18217,0.098651,1.0,True,pass,,0.8357526399195194
588,587,Real-World,cublas,INT8,114,4,2048,1867776,,,,,False,missing,Running INT8...Error benchmarking size 114x4x2048: std::exception,0.8357526399195194
589,588,Real-World,cublas,FP16,3040,16,64,6225920,0.012595,0.014797,0.851211,1.0,True,pass,,0.7416885662823915
589,588,Real-World,cublas,FP32,3040,16,64,6225920,0.012544,0.013926,0.900735,1.0,True,pass,,0.7416885662823915
589,588,Real-World,cublas,INT8,3040,16,64,6225920,0.013978,0.008448,1.654545,1.0,True,pass,,0.7416885662823915
590,589,Real-World,cublas,FP16,400,48,512,19660800,0.011571,0.013517,0.856061,1.0,True,pass,,0.7557370569556952
590,589,Real-World,cublas,FP32,400,48,512,19660800,0.017357,0.020685,0.839109,1.0,True,pass,,0.7557370569556952
590,589,Real-World,cublas,INT8,400,48,512,19660800,0.012339,0.011264,1.095455,1.0,True,pass,,0.7557370569556952
591,590,Real-World,cublas,FP16,400,400,112,35840000,0.011213,0.015258,0.734899,1.0,True,pass,,0.7697848193347454
591,590,Real-World,cublas,FP32,400,400,112,35840000,0.015258,0.018432,0.827778,1.0,True,pass,,0.7697848193347454
591,590,Real-World,cublas,INT8,400,400,112,35840000,0.011878,0.009062,1.310735,1.0,True,pass,,0.7697848193347454
592,591,Real-World,cublas,FP16,103,1024,128,27000832,0.015923,0.019558,0.814136,1.0,True,pass,,0.9282298572361469
592,591,Real-World,cublas,FP32,103,1024,128,27000832,0.015104,0.020275,0.744949,1.0,True,pass,,0.9282298572361469
592,591,Real-World,cublas,INT8,103,1024,128,27000832,,,,,False,missing,Running INT8...Error benchmarking size 103x1024x128: std::exception,0.9282298572361469
593,592,Real-World,cublas,FP16,159,256,512,41680896,0.017715,0.014285,1.240143,1.0,True,pass,,0.8329604156315327
593,592,Real-World,cublas,FP32,159,256,512,41680896,0.02048,0.020582,0.995025,1.0,True,pass,,0.8329604156315327
593,592,Real-World,cublas,INT8,159,256,512,41680896,,,,,False,missing,Running INT8...Error benchmarking size 159x256x512: std::exception,0.8329604156315327
594,593,Real-World,cublas,FP16,256,128,576,37748736,0.014694,0.013875,1.059041,1.0,True,pass,,0.753279322758317
594,593,Real-World,cublas,FP32,256,128,576,37748736,0.018278,0.021504,0.85,1.0,True,pass,,0.753279322758317
594,593,Real-World,cublas,INT8,256,128,576,37748736,0.013056,0.012288,1.0625,1.0,True,pass,,0.753279322758317
595,594,Real-World,cublas,FP16,960,128,128,31457280,0.011469,0.015821,0.724919,1.0,True,pass,,0.7223893702030182
595,594,Real-World,cublas,FP32,960,128,128,31457280,0.015565,0.019866,0.783505,1.0,True,pass,,0.7223893702030182
595,594,Real-World,cublas,INT8,960,128,128,31457280,0.01111,0.008704,1.27647,1.0,True,pass,,0.7223893702030182
596,595,Real-World,cublas,FP16,147,10,1664,4892160,0.016384,0.015872,1.032258,1.0,True,pass,,0.8452467415481806
596,595,Real-World,cublas,FP32,147,10,1664,4892160,0.017766,0.074752,0.237671,1.0,True,pass,,0.8452467415481806
596,595,Real-World,cublas,INT8,147,10,1664,4892160,,,,,False,missing,Running INT8...Error benchmarking size 147x10x1664: std::exception,0.8452467415481806
597,596,Real-World,cublas,FP16,320,768,16,7864320,0.010957,0.013773,0.795539,1.0,True,pass,,0.7109802719205618
597,596,Real-World,cublas,FP32,320,768,16,7864320,0.011571,0.009933,1.164948,1.0,True,pass,,0.7109802719205618
597,596,Real-World,cublas,INT8,320,768,16,7864320,0.010701,0.008448,1.266667,1.0,True,pass,,0.7109802719205618
598,597,Real-World,cublas,FP16,149,32,1433,13665088,0.015821,0.01833,0.863129,1.0,True,pass,,0.7788179516792297
598,597,Real-World,cublas,FP32,149,32,1433,13665088,0.016384,0.132966,0.123219,1.0,True,pass,,0.7788179516792297
598,597,Real-World,cublas,INT8,149,32,1433,13665088,0.009984,0.106445,0.093795,0.0,False,incorrect,Cosine similarity threshold failed,0.7788179516792297
599,598,Real-World,cublas,FP16,35,128,1600,14336000,0.016589,0.015821,1.048544,1.0,True,pass,,0.8364020604640245
599,598,Real-World,cublas,FP32,35,128,1600,14336000,0.018278,0.072346,0.252654,1.0,True,pass,,0.8364020604640245
599,598,Real-World,cublas,INT8,35,128,1600,14336000,,,,,False,missing,Running INT8...Error benchmarking size 35x128x1600: std::exception,0.8364020604640245
600,599,Real-World,cublas,FP16,512,320,128,41943040,0.01193,0.016077,0.742038,1.0,True,pass,,0.7151559591293335
600,599,Real-World,cublas,FP32,512,320,128,41943040,0.01536,0.02007,0.765306,1.0,True,pass,,0.7151559591293335
600,599,Real-World,cublas,INT8,512,320,128,41943040,0.010701,0.008858,1.208092,1.0,True,pass,,0.7151559591293335
601,600,Real-World,cublas,FP16,1200,16,208,7987200,0.010957,0.01321,0.829457,1.0,True,pass,,0.7420554533600807
601,600,Real-World,cublas,FP32,1200,16,208,7987200,0.012288,0.025958,0.473373,1.0,True,pass,,0.7420554533600807
601,600,Real-World,cublas,INT8,1200,16,208,7987200,0.010854,0.009318,1.164835,1.0,True,pass,,0.7420554533600807
602,601,Real-World,cublas,FP16,197,14,1280,7060480,0.015667,0.014592,1.073684,1.0,True,pass,,0.8531035203486681
602,601,Real-World,cublas,FP32,197,14,1280,7060480,0.017408,0.102195,0.170341,1.0,True,pass,,0.8531035203486681
602,601,Real-World,cublas,INT8,197,14,1280,7060480,,,,,False,missing,Running INT8...Error benchmarking size 197x14x1280: std::exception,0.8531035203486681
603,602,Real-World,cublas,FP16,320,208,400,53248000,0.013722,0.014643,0.937063,1.0,True,pass,,0.7572013549506664
603,602,Real-World,cublas,FP32,320,208,400,53248000,0.019968,0.048077,0.415335,1.0,True,pass,,0.7572013549506664
603,602,Real-World,cublas,INT8,320,208,400,53248000,0.012595,0.012237,1.029289,1.0,True,pass,,0.7572013549506664
604,603,Real-World,cublas,FP16,16,512,512,8388608,0.013517,0.012954,1.043478,1.0,True,pass,,0.7937738690525293
604,603,Real-World,cublas,FP32,16,512,512,8388608,0.016896,0.020173,0.837563,1.0,True,pass,,0.7937738690525293
604,603,Real-World,cublas,INT8,16,512,512,8388608,0.011571,0.010854,1.066038,1.0,True,pass,,0.7937738690525293
605,604,Real-World,cublas,FP16,256,16,1024,8388608,0.01536,0.014592,1.052632,1.0,True,pass,,0.7717407643795013
605,604,Real-World,cublas,FP32,256,16,1024,8388608,0.017152,0.07168,0.239286,1.0,True,pass,,0.7717407643795013
605,604,Real-World,cublas,INT8,256,16,1024,8388608,0.01152,0.01321,0.872093,1.0,True,pass,,0.7717407643795013
606,605,Real-World,cublas,FP16,16,368,736,8667136,0.014029,0.013824,1.014815,1.0,True,pass,,0.7675431650131941
606,605,Real-World,cublas,FP32,16,368,736,8667136,0.016742,0.022989,0.728285,1.0,True,pass,,0.7675431650131941
606,605,Real-World,cublas,INT8,16,368,736,8667136,0.013107,0.011725,1.117904,1.0,True,pass,,0.7675431650131941
607,606,Real-World,cublas,FP16,1600,112,64,22937600,0.010547,0.014234,0.741007,1.0,True,pass,,0.8240572884678841
607,606,Real-World,cublas,FP32,1600,112,64,22937600,0.013619,0.014438,0.943262,1.0,True,pass,,0.8240572884678841
607,606,Real-World,cublas,INT8,1600,112,64,22937600,0.010906,0.008397,1.29878,1.0,True,pass,,0.8240572884678841
608,607,Real-World,cublas,FP16,16,2000,128,8192000,0.013158,0.0128,1.028,1.0,True,pass,,0.7485324088484049
608,607,Real-World,cublas,FP32,16,2000,128,8192000,0.013107,0.0192,0.682667,1.0,True,pass,,0.7485324088484049
608,607,Real-World,cublas,INT8,16,2000,128,8192000,0.010957,0.009011,1.215909,1.0,True,pass,,0.7485324088484049
609,608,Real-World,cublas,FP16,87,256,784,34922496,0.017818,0.014336,1.242857,1.0,True,pass,,0.8583345338702202
609,608,Real-World,cublas,FP32,87,256,784,34922496,0.02007,0.058624,0.342358,1.0,True,pass,,0.8583345338702202
609,608,Real-World,cublas,INT8,87,256,784,34922496,,,,,False,missing,Running INT8...Error benchmarking size 87x256x784: std::exception,0.8583345338702202
610,609,Real-World,cublas,FP16,169,52,1280,22497280,0.016998,0.015104,1.125424,1.0,True,pass,,0.8335794415324926
610,609,Real-World,cublas,FP32,169,52,1280,22497280,0.018381,0.102042,0.18013,1.0,True,pass,,0.8335794415324926
610,609,Real-World,cublas,INT8,169,52,1280,22497280,,,,,False,missing,Running INT8...Error benchmarking size 169x52x1280: std::exception,0.8335794415324926
611,610,Real-World,cublas,FP16,168,101,1024,34750464,0.014848,0.014746,1.006944,1.0,True,pass,,0.7489417586475611
611,610,Real-World,cublas,FP32,168,101,1024,34750464,0.018688,0.072755,0.256861,1.0,True,pass,,0.7489417586475611
611,610,Real-World,cublas,INT8,168,101,1024,34750464,0.019507,0.013824,1.411111,1.0,True,pass,,0.7489417586475611
612,611,Real-World,cublas,FP16,24,256,1024,12582912,0.015206,0.014336,1.060714,1.0,True,pass,,0.9384449888020754
612,611,Real-World,cublas,FP32,24,256,1024,12582912,0.015104,0.092518,0.163254,1.0,True,pass,,0.9384449888020754
612,611,Real-World,cublas,INT8,24,256,1024,12582912,0.01536,0.012851,1.195219,1.0,True,pass,,0.9384449888020754
613,612,Real-World,cublas,FP16,191,81,1024,31684608,0.014694,0.011418,1.286996,1.0,True,pass,,1.4603462293744087
613,612,Real-World,cublas,FP32,191,81,1024,31684608,0.019046,0.099123,0.192149,1.0,True,pass,,1.4603462293744087
613,612,Real-World,cublas,INT8,191,81,1024,31684608,,,,,False,missing,Running INT8...Error benchmarking size 191x81x1024: std::exception,1.4603462293744087
614,613,Real-World,cublas,FP16,93,128,1280,30474240,0.014694,0.011008,1.334884,1.0,True,pass,,1.2613982670009136
614,613,Real-World,cublas,FP32,93,128,1280,30474240,0.01833,0.114381,0.160251,1.0,True,pass,,1.2613982670009136
614,613,Real-World,cublas,INT8,93,128,1280,30474240,,,,,False,missing,Running INT8...Error benchmarking size 93x128x1280: std::exception,1.2613982670009136
615,614,Real-World,cublas,FP16,32,512,512,16777216,0.00937,0.009574,0.97861,1.0,True,pass,,1.1011165846139193
615,614,Real-World,cublas,FP32,32,512,512,16777216,0.015872,0.028723,0.552585,1.0,True,pass,,1.1011165846139193
615,614,Real-World,cublas,INT8,32,512,512,16777216,0.009728,0.010445,0.931373,1.0,True,pass,,1.1011165846139193
616,615,Real-World,cublas,FP16,32,512,515,16875520,0.013312,0.015718,0.846906,1.0,True,pass,,1.0504591409116983
616,615,Real-World,cublas,FP32,32,512,515,16875520,0.016998,0.028979,0.586572,1.0,True,pass,,1.0504591409116983
616,615,Real-World,cublas,INT8,32,512,515,16875520,0.003072,0.062259,0.049342,0.0,False,incorrect,Cosine similarity threshold failed,1.0504591409116983
617,616,Real-World,cublas,FP16,145,128,1024,38010880,0.015974,0.010906,1.464789,1.0,True,pass,,1.2483621072024107
617,616,Real-World,cublas,FP32,145,128,1024,38010880,0.01751,0.086989,0.201295,1.0,True,pass,,1.2483621072024107
617,616,Real-World,cublas,INT8,145,128,1024,38010880,,,,,False,missing,Running INT8...Error benchmarking size 145x128x1024: std::exception,1.2483621072024107
618,617,Real-World,cublas,FP16,1,620,500,620000,0.009216,0.014797,0.622837,1.0,True,pass,,1.2279317546635866
618,617,Real-World,cublas,FP32,1,620,500,620000,0.009779,0.026931,0.363118,1.0,True,pass,,1.2279317546635866
618,617,Real-World,cublas,INT8,1,620,500,620000,,,,,False,missing,Running INT8...Error benchmarking size 1x620x500: std::exception,1.2279317546635866
619,618,Real-World,cublas,FP16,128,512,384,50331648,0.009011,0.010189,0.884422,1.0,True,pass,,0.9491415359079838
619,618,Real-World,cublas,FP32,128,512,384,50331648,0.01751,0.094208,0.18587,1.0,True,pass,,0.9491415359079838
619,618,Real-World,cublas,INT8,128,512,384,50331648,0.009216,0.010342,0.891089,1.0,True,pass,,0.9491415359079838
620,619,Real-World,cublas,FP16,384,128,512,50331648,0.010854,0.009728,1.115789,1.0,True,pass,,0.9407241120934486
620,619,Real-World,cublas,FP32,384,128,512,50331648,0.017715,0.023706,0.7473,1.0,True,pass,,0.9407241120934486
620,619,Real-World,cublas,INT8,384,128,512,50331648,0.009421,0.010496,0.897561,1.0,True,pass,,0.9407241120934486
621,620,Real-World,cublas,FP16,384,512,128,50331648,0.009011,0.011622,0.77533,1.0,True,pass,,0.9394551645964384
621,620,Real-World,cublas,FP32,384,512,128,50331648,0.013619,0.020685,0.658416,1.0,True,pass,,0.9394551645964384
621,620,Real-World,cublas,INT8,384,512,128,50331648,0.008755,0.008602,1.017857,1.0,True,pass,,0.9394551645964384
622,621,Real-World,cublas,FP16,384,768,16,9437184,0.008602,0.009882,0.870466,1.0,True,pass,,0.9426709897816181
622,621,Real-World,cublas,FP32,384,768,16,9437184,0.00937,0.009626,0.973404,1.0,True,pass,,0.9426709897816181
622,621,Real-World,cublas,INT8,384,768,16,9437184,0.008602,0.008909,0.965517,1.0,True,pass,,0.9426709897816181
623,622,Real-World,cublas,FP16,149,600,300,53640000,0.014182,0.012544,1.130612,1.0,True,pass,,1.173025844618678
623,622,Real-World,cublas,FP32,149,600,300,53640000,0.01879,0.053862,0.348859,1.0,True,pass,,1.173025844618678
623,622,Real-World,cublas,INT8,149,600,300,53640000,,,,,False,missing,Running INT8...Error benchmarking size 149x600x300: std::exception,1.173025844618678
624,623,Real-World,cublas,FP16,98,101,1536,30406656,0.013619,0.01152,1.182222,1.0,True,pass,,1.1968894954770803
624,623,Real-World,cublas,FP32,98,101,1536,30406656,0.018022,0.134093,0.134402,1.0,True,pass,,1.1968894954770803
624,623,Real-World,cublas,INT8,98,101,1536,30406656,,,,,False,missing,Running INT8...Error benchmarking size 98x101x1536: std::exception,1.1968894954770803
625,624,Real-World,cublas,FP16,16,256,1152,9437184,0.012698,0.011008,1.153488,1.0,True,pass,,1.0452372319996357
625,624,Real-World,cublas,FP32,16,256,1152,9437184,0.015053,0.112384,0.133941,1.0,True,pass,,1.0452372319996357
625,624,Real-World,cublas,INT8,16,256,1152,9437184,0.011213,0.012595,0.890244,1.0,True,pass,,1.0452372319996357
626,625,Real-World,cublas,FP16,57,512,512,29884416,0.013824,0.010906,1.267606,1.0,True,pass,,1.1697044298052788
626,625,Real-World,cublas,FP32,57,512,512,29884416,0.019405,0.020787,0.933498,1.0,True,pass,,1.1697044298052788
626,625,Real-World,cublas,INT8,57,512,512,29884416,,,,,False,missing,Running INT8...Error benchmarking size 57x512x512: std::exception,1.1697044298052788
627,626,Real-World,cublas,FP16,736,96,304,42958848,0.009933,0.010035,0.989796,1.0,True,pass,,1.0141066070646048
627,626,Real-World,cublas,FP32,736,96,304,42958848,0.017818,0.050688,0.351515,1.0,True,pass,,1.0141066070646048
627,626,Real-World,cublas,INT8,736,96,304,42958848,0.009472,0.01065,0.889423,1.0,True,pass,,1.0141066070646048
628,627,Real-World,cublas,FP16,400,208,400,66560000,0.009523,0.010803,0.881517,1.0,True,pass,,0.9974311292171478
628,627,Real-World,cublas,FP32,400,208,400,66560000,0.020685,0.050739,0.407669,1.0,True,pass,,0.9974311292171478
628,627,Real-World,cublas,INT8,400,208,400,66560000,0.009574,0.011162,0.857798,1.0,True,pass,,0.9974311292171478
629,628,Real-World,cublas,FP16,64,512,512,33554432,0.010496,0.010342,1.014851,1.0,True,pass,,1.0291625447571278
629,628,Real-World,cublas,FP32,64,512,512,33554432,0.01792,0.026214,0.683594,1.0,True,pass,,1.0291625447571278
629,628,Real-World,cublas,INT8,64,512,512,33554432,0.009523,0.010496,0.907317,1.0,True,pass,,1.0291625447571278
630,629,Real-World,cublas,FP16,2544,64,64,20840448,0.008704,0.009882,0.880829,1.0,True,pass,,0.9951887913048267
630,629,Real-World,cublas,FP32,2544,64,64,20840448,0.011469,0.013926,0.823529,1.0,True,pass,,0.9951887913048267
630,629,Real-World,cublas,INT8,2544,64,64,20840448,0.008602,0.008346,1.030675,1.0,True,pass,,0.9951887913048267
631,630,Real-World,cublas,FP16,1,1728,192,663552,0.009626,0.008499,1.13253,1.0,True,pass,,1.228221731260419
631,630,Real-World,cublas,FP32,1,1728,192,663552,0.009165,0.024832,0.369072,1.0,True,pass,,1.228221731260419
631,630,Real-World,cublas,INT8,1,1728,192,663552,,,,,False,missing,Running INT8...Error benchmarking size 1x1728x192: std::exception,1.228221731260419
632,631,Real-World,cublas,FP16,1,192,1728,663552,0.01024,0.016179,0.632911,1.0,True,pass,,0.9890203643590212
632,631,Real-World,cublas,FP32,1,192,1728,663552,0.020326,0.081869,0.24828,1.0,True,pass,,0.9890203643590212
632,631,Real-World,cublas,INT8,1,192,1728,663552,,,,,False,missing,Running INT8...Error benchmarking size 1x192x1728: std::exception,0.9890203643590212
633,632,Real-World,cublas,FP16,16,624,512,10223616,0.011162,0.012749,0.875502,1.0,True,pass,,0.756191473454237
633,632,Real-World,cublas,FP32,16,624,512,10223616,0.017203,0.020019,0.859335,1.0,True,pass,,0.756191473454237
633,632,Real-World,cublas,INT8,16,624,512,10223616,0.011213,0.009984,1.123077,1.0,True,pass,,0.756191473454237
634,633,Real-World,cublas,FP16,176,32,1600,18022400,0.015258,0.015872,0.96129,1.0,True,pass,,0.7661652062088251
634,633,Real-World,cublas,FP32,176,32,1600,18022400,0.016998,0.072294,0.235128,1.0,True,pass,,0.7661652062088251
634,633,Real-World,cublas,INT8,176,32,1600,18022400,0.014336,0.015462,0.927152,1.0,True,pass,,0.7661652062088251
635,634,Real-World,cublas,FP16,1504,16,208,10010624,0.010496,0.012698,0.826613,1.0,True,pass,,0.7557691317051649
635,634,Real-World,cublas,FP32,1504,16,208,10010624,0.012442,0.026214,0.474609,1.0,True,pass,,0.7557691317051649
635,634,Real-World,cublas,INT8,1504,16,208,10010624,0.011213,0.009472,1.183784,1.0,True,pass,,0.7557691317051649
636,635,Real-World,cublas,FP16,149,16,2048,9764864,0.01664,0.028723,0.579323,1.0,True,pass,,0.9132133033126593
636,635,Real-World,cublas,FP32,149,16,2048,9764864,0.017766,0.188416,0.094293,1.0,True,pass,,0.9132133033126593
636,635,Real-World,cublas,INT8,149,16,2048,9764864,,,,,False,missing,Running INT8...Error benchmarking size 149x16x2048: std::exception,0.9132133033126593
637,636,Real-World,cublas,FP16,20,800,400,12800000,0.012954,0.016794,0.771341,1.0,True,pass,,0.7865558732300997
637,636,Real-World,cublas,FP32,20,800,400,12800000,0.017613,0.048179,0.365569,1.0,True,pass,,0.7865558732300997
637,636,Real-World,cublas,INT8,20,800,400,12800000,0.014234,0.011571,1.230088,1.0,True,pass,,0.7865558732300997
638,637,Real-World,cublas,FP16,384,128,576,56623104,0.013568,0.013978,0.970696,1.0,True,pass,,0.800183417275548
638,637,Real-World,cublas,FP32,384,128,576,56623104,0.018586,0.021555,0.862233,1.0,True,pass,,0.800183417275548
638,637,Real-World,cublas,INT8,384,128,576,56623104,0.012237,0.011878,1.030172,1.0,True,pass,,0.800183417275548
639,638,Real-World,cublas,FP16,82,512,512,42991616,0.017459,0.014541,1.200704,1.0,True,pass,,0.8897186052054167
639,638,Real-World,cublas,FP32,82,512,512,42991616,0.020173,0.02089,0.965686,1.0,True,pass,,0.8897186052054167
639,638,Real-World,cublas,INT8,82,512,512,42991616,,,,,False,missing,Running INT8...Error benchmarking size 82x512x512: std::exception,0.8897186052054167
640,639,Real-World,cublas,FP16,1024,320,16,10485760,0.010752,0.014336,0.75,1.0,True,pass,,0.8019837755709887
640,639,Real-World,cublas,FP32,1024,320,16,10485760,0.01152,0.010394,1.108374,1.0,True,pass,,0.8019837755709887
640,639,Real-World,cublas,INT8,1024,320,16,10485760,0.011366,0.008448,1.345454,1.0,True,pass,,0.8019837755709887
641,640,Real-World,cublas,FP16,16,576,576,10616832,0.013824,0.013619,1.015038,1.0,True,pass,,0.7789616230875254
641,640,Real-World,cublas,FP32,16,576,576,10616832,0.018074,0.019046,0.948925,1.0,True,pass,,0.7789616230875254
641,640,Real-World,cublas,INT8,16,576,576,10616832,0.011622,0.011213,1.03653,1.0,True,pass,,0.7789616230875254
642,641,Real-World,cublas,FP16,34,512,610,21237760,0.013414,0.015514,0.864687,1.0,True,pass,,0.7591866832226515
642,641,Real-World,cublas,FP32,34,512,610,21237760,0.019814,0.02135,0.928058,1.0,True,pass,,0.7591866832226515
642,641,Real-World,cublas,INT8,34,512,610,21237760,0.010291,0.016435,0.626168,0.0,False,incorrect,Cosine similarity threshold failed,0.7591866832226515
643,642,Real-World,cublas,FP16,408,312,312,79432704,0.013005,0.015462,0.84106,1.0,True,pass,,0.7308584321290255
643,642,Real-World,cublas,FP32,408,312,312,79432704,0.020787,0.048589,0.427819,1.0,True,pass,,0.7308584321290255
643,642,Real-World,cublas,INT8,408,312,312,79432704,0.013107,0.011213,1.16895,1.0,True,pass,,0.7308584321290255
644,643,Real-World,cublas,FP16,32,800,400,20480000,0.01367,0.016077,0.850318,1.0,True,pass,,0.7429430428892374
644,643,Real-World,cublas,FP32,32,800,400,20480000,0.017664,0.047872,0.368984,1.0,True,pass,,0.7429430428892374
644,643,Real-World,cublas,INT8,32,800,400,20480000,0.012032,0.011059,1.087963,1.0,True,pass,,0.7429430428892374
645,644,Real-World,cublas,FP16,165,10,2048,6758400,0.016794,0.028723,0.58467,1.0,True,pass,,0.8227628916501999
645,644,Real-World,cublas,FP32,165,10,2048,6758400,0.017459,0.190874,0.09147,1.0,True,pass,,0.8227628916501999
645,644,Real-World,cublas,INT8,165,10,2048,6758400,,,,,False,missing,Running INT8...Error benchmarking size 165x10x2048: std::exception,0.8227628916501999
646,645,Real-World,cublas,FP16,1600,16,208,10649600,0.010854,0.012698,0.854839,1.0,True,pass,,0.7476943880319595
646,645,Real-World,cublas,FP32,1600,16,208,10649600,0.013312,0.025958,0.512821,1.0,True,pass,,0.7476943880319595
646,645,Real-World,cublas,INT8,1600,16,208,10649600,0.011315,0.009523,1.188172,1.0,True,pass,,0.7476943880319595
647,646,Real-World,cublas,FP16,32,512,640,20971520,0.009421,0.134451,0.070069,1.0,True,pass,,0.9887067172676325
647,646,Real-World,cublas,FP32,32,512,640,20971520,0.017459,0.021504,0.811905,1.0,True,pass,,0.9887067172676325
647,646,Real-World,cublas,INT8,32,512,640,20971520,0.01193,0.011264,1.059091,1.0,True,pass,,0.9887067172676325
648,647,Real-World,cublas,FP16,192,192,864,63700992,0.013414,0.013978,0.959707,1.0,True,pass,,1.2983772531151772
648,647,Real-World,cublas,FP32,192,192,864,63700992,0.022733,0.077722,0.29249,1.0,True,pass,,1.2983772531151772
648,647,Real-World,cublas,INT8,192,192,864,63700992,0.012032,0.014387,0.836299,1.0,True,pass,,1.2983772531151772
649,648,Real-World,cublas,FP16,1600,80,144,36864000,0.011213,0.010394,1.078817,1.0,True,pass,,1.1082877833396196
649,648,Real-World,cublas,FP32,1600,80,144,36864000,0.015411,0.02176,0.708235,1.0,True,pass,,1.1082877833396196
649,648,Real-World,cublas,INT8,1600,80,144,36864000,0.009267,0.009574,0.967914,1.0,True,pass,,1.1082877833396196
650,649,Real-World,cublas,FP16,1,160,2304,737280,0.010342,0.847053,0.01221,1.0,True,pass,,1.2670783717185259
650,649,Real-World,cublas,FP32,1,160,2304,737280,0.010803,0.144947,0.074532,1.0,True,pass,,1.2670783717185259
650,649,Real-World,cublas,INT8,1,160,2304,737280,,,,,False,missing,Running INT8...Error benchmarking size 1x160x2304: std::exception,1.2670783717185259
651,650,Real-World,cublas,FP16,166,80,1536,40796160,0.013875,0.01152,1.204445,1.0,True,pass,,1.3021835517138243
651,650,Real-World,cublas,FP32,166,80,1536,40796160,0.018432,0.138189,0.133383,1.0,True,pass,,1.3021835517138243
651,650,Real-World,cublas,INT8,166,80,1536,40796160,,,,,False,missing,Running INT8...Error benchmarking size 166x80x1536: std::exception,1.3021835517138243
652,651,Real-World,cublas,FP16,128,512,512,67108864,0.010854,0.01111,0.976959,1.0,True,pass,,1.0500411726534367
652,651,Real-World,cublas,FP32,128,512,512,67108864,0.018893,0.073267,0.257862,1.0,True,pass,,1.0500411726534367
652,651,Real-World,cublas,INT8,128,512,512,67108864,0.009677,0.010957,0.883178,1.0,True,pass,,1.0500411726534367
653,652,Real-World,cublas,FP16,128,362,722,66909184,0.015206,0.016333,0.931034,1.0,True,pass,,1.0752879679203033
653,652,Real-World,cublas,FP32,128,362,722,66909184,0.019763,0.088166,0.224158,1.0,True,pass,,1.0752879679203033
653,652,Real-World,cublas,INT8,128,362,722,66909184,0.003123,0.027546,0.113383,0.0,False,incorrect,Cosine similarity threshold failed,1.0752879679203033
654,653,Real-World,cublas,FP16,108,1025,256,56678400,0.01111,0.009882,1.124352,1.0,True,pass,,1.04758464358747
654,653,Real-World,cublas,FP32,108,1025,256,56678400,0.018176,0.032102,0.566188,1.0,True,pass,,1.04758464358747
654,653,Real-World,cublas,INT8,108,1025,256,56678400,0.010803,0.009984,1.082051,1.0,True,pass,,1.04758464358747
655,654,Real-World,cublas,FP16,128,1502,128,49217536,0.009574,0.012083,0.792373,1.0,True,pass,,0.9592962712049484
655,654,Real-World,cublas,FP32,128,1502,128,49217536,0.01408,0.019866,0.708763,1.0,True,pass,,0.9592962712049484
655,654,Real-World,cublas,INT8,128,1502,128,49217536,0.008602,0.008755,0.982456,1.0,True,pass,,0.9592962712049484
656,655,Real-World,cublas,FP16,256,112,1024,58720256,0.013312,0.012544,1.061224,1.0,True,pass,,1.0088287517428398
656,655,Real-World,cublas,FP32,256,112,1024,58720256,0.018534,0.089037,0.208166,1.0,True,pass,,1.0088287517428398
656,655,Real-World,cublas,INT8,256,112,1024,58720256,0.011213,0.01321,0.848837,1.0,True,pass,,1.0088287517428398
657,656,Real-World,cublas,FP16,103,91,2048,38391808,0.01408,0.01321,1.065891,1.0,True,pass,,1.1998679414391518
657,656,Real-World,cublas,FP32,103,91,2048,38391808,0.018125,0.117197,0.154653,1.0,True,pass,,1.1998679414391518
657,656,Real-World,cublas,INT8,103,91,2048,38391808,,,,,False,missing,Running INT8...Error benchmarking size 103x91x2048: std::exception,1.1998679414391518
658,657,Real-World,cublas,FP16,66,576,576,43794432,0.013005,0.011162,1.165138,1.0,True,pass,,1.1840812414884567
658,657,Real-World,cublas,FP32,66,576,576,43794432,0.018893,0.02857,0.66129,1.0,True,pass,,1.1840812414884567
658,657,Real-World,cublas,INT8,66,576,576,43794432,,,,,False,missing,Running INT8...Error benchmarking size 66x576x576: std::exception,1.1840812414884567
659,658,Real-World,cublas,FP16,12800,16,16,6553600,0.00855,0.008755,0.976608,1.0,True,pass,,0.966206880286336
659,658,Real-World,cublas,FP32,12800,16,16,6553600,0.009677,0.011315,0.855204,1.0,True,pass,,0.966206880286336
659,658,Real-World,cublas,INT8,12800,16,16,6553600,0.029645,0.00983,3.015625,1.0,True,pass,,0.966206880286336
660,659,Real-World,cublas,FP16,112,96,1920,41287680,0.01239,0.0128,0.968,1.0,True,pass,,1.1069838292896748
660,659,Real-World,cublas,FP32,112,96,1920,41287680,0.017152,0.111667,0.153599,1.0,True,pass,,1.1069838292896748
660,659,Real-World,cublas,INT8,112,96,1920,41287680,0.013363,0.01792,0.745714,1.0,True,pass,,1.1069838292896748
661,660,Real-World,cublas,FP16,512,768,16,12582912,0.008909,0.009779,0.910995,1.0,True,pass,,1.035072011873126
661,660,Real-World,cublas,FP32,512,768,16,12582912,0.009523,0.00983,0.96875,1.0,True,pass,,1.035072011873126
661,660,Real-World,cublas,INT8,512,768,16,12582912,0.008755,0.008192,1.06875,1.0,True,pass,,1.035072011873126
662,661,Real-World,cublas,FP16,3200,64,64,26214400,0.024883,0.011059,2.25,1.0,True,pass,,1.0373562034219503
662,661,Real-World,cublas,FP32,3200,64,64,26214400,0.011213,0.013773,0.814126,1.0,True,pass,,1.0373562034219503
662,661,Real-World,cublas,INT8,3200,64,64,26214400,0.008346,0.008397,0.993902,1.0,True,pass,,1.0373562034219503
663,662,Real-World,cublas,FP16,256,1000,128,65536000,0.009318,0.01193,0.781116,1.0,True,pass,,1.0419702008366585
663,662,Real-World,cublas,FP32,256,1000,128,65536000,0.017562,0.02135,0.822542,1.0,True,pass,,1.0419702008366585
663,662,Real-World,cublas,INT8,256,1000,128,65536000,0.009011,0.009062,0.99435,1.0,True,pass,,1.0419702008366585
664,663,Real-World,cublas,FP16,1,16,24576,786432,0.011366,0.957389,0.011872,1.0,True,pass,,1.3505539055913687
664,663,Real-World,cublas,FP32,1,16,24576,786432,0.011776,3.607142,0.003265,1.0,True,pass,,1.3505539055913687
664,663,Real-World,cublas,INT8,1,16,24576,786432,,,,,False,missing,Running INT8...Error benchmarking size 1x16x24576: std::exception,1.3505539055913687
665,664,Real-World,cublas,FP16,1,24576,16,786432,0.009062,0.010598,0.855072,1.0,True,pass,,1.3001228217035532
665,664,Real-World,cublas,FP32,1,24576,16,786432,0.010086,0.016794,0.60061,1.0,True,pass,,1.3001228217035532
665,664,Real-World,cublas,INT8,1,24576,16,786432,,,,,False,missing,Running INT8...Error benchmarking size 1x24576x16: std::exception,1.3001228217035532
666,665,Real-World,cublas,FP16,50,600,600,36000000,0.013517,0.011622,1.162996,1.0,True,pass,,1.2223252952098846
666,665,Real-World,cublas,FP32,50,600,600,36000000,0.018381,0.069376,0.264945,1.0,True,pass,,1.2223252952098846
666,665,Real-World,cublas,INT8,50,600,600,36000000,,,,,False,missing,Running INT8...Error benchmarking size 50x600x600: std::exception,1.2223252952098846
667,666,Real-World,cublas,FP16,69,324,1024,45785088,0.01577,0.010547,1.495146,1.0,True,pass,,1.2434975635260344
667,666,Real-World,cublas,FP32,69,324,1024,45785088,0.01961,0.083917,0.233679,1.0,True,pass,,1.2434975635260344
667,666,Real-World,cublas,INT8,69,324,1024,45785088,,,,,False,missing,Running INT8...Error benchmarking size 69x324x1024: std::exception,1.2434975635260344
668,667,Real-World,cublas,FP16,76,257,1217,47540888,0.020531,0.020582,0.997512,1.0,True,pass,,0.7900774329900742
668,667,Real-World,cublas,FP32,76,257,1217,47540888,0.02176,0.098662,0.22055,1.0,True,pass,,0.7900774329900742
668,667,Real-World,cublas,INT8,76,257,1217,47540888,0.010394,0.070451,0.147529,0.0,False,incorrect,Cosine similarity threshold failed,0.7900774329900742
669,668,Real-World,cublas,FP16,512,320,320,104857600,0.012646,0.016179,0.781646,1.0,True,pass,,0.7858691215515137
669,668,Real-World,cublas,FP32,512,320,320,104857600,0.020429,0.04992,0.409231,1.0,True,pass,,0.7858691215515137
669,668,Real-World,cublas,INT8,512,320,320,104857600,0.011366,0.00983,1.15625,1.0,True,pass,,0.7858691215515137
670,669,Real-World,cublas,FP16,181,2048,29,21499904,0.012288,0.009882,1.243523,1.0,True,pass,,0.7419410869479179
670,669,Real-World,cublas,FP32,181,2048,29,21499904,0.013005,0.011776,1.104348,1.0,True,pass,,0.7419410869479179
670,669,Real-World,cublas,INT8,181,2048,29,21499904,0.010291,0.01024,1.005,0.0,False,incorrect,Cosine similarity threshold failed,0.7419410869479179
671,670,Real-World,cublas,FP16,112,96,2048,44040192,0.01536,0.018381,0.835655,1.0,True,pass,,0.788350211456418
671,670,Real-World,cublas,FP32,112,96,2048,44040192,0.019354,0.090624,0.213559,1.0,True,pass,,0.788350211456418
671,670,Real-World,cublas,INT8,112,96,2048,44040192,0.01623,0.018227,0.89045,1.0,True,pass,,0.788350211456418
672,671,Real-World,cublas,FP16,384,768,128,75497472,0.011981,0.016128,0.742857,1.0,True,pass,,0.7440311070531607
672,671,Real-World,cublas,FP32,384,768,128,75497472,0.018586,0.027648,0.672222,1.0,True,pass,,0.7440311070531607
672,671,Real-World,cublas,INT8,384,768,128,75497472,0.011264,0.009062,1.242938,1.0,True,pass,,0.7440311070531607
673,672,Real-World,cublas,FP16,2000,16,208,13312000,0.010906,0.012749,0.855422,1.0,True,pass,,0.7726007103919983
673,672,Real-World,cublas,FP32,2000,16,208,13312000,0.014029,0.026522,0.528958,1.0,True,pass,,0.7726007103919983
673,672,Real-World,cublas,INT8,2000,16,208,13312000,0.011878,0.009421,1.260869,1.0,True,pass,,0.7726007103919983
674,673,Real-World,cublas,FP16,608,208,400,101171200,0.012442,0.014643,0.84965,1.0,True,pass,,0.7790168952196836
674,673,Real-World,cublas,FP32,608,208,400,101171200,0.024064,0.048282,0.498409,1.0,True,pass,,0.7790168952196836
674,673,Real-World,cublas,INT8,608,208,400,101171200,0.012493,0.011622,1.07489,1.0,True,pass,,0.7790168952196836
675,674,Real-World,cublas,FP16,800,400,112,71680000,0.011981,0.015155,0.790541,1.0,True,pass,,0.7452575638890266
675,674,Real-World,cublas,FP32,800,400,112,71680000,0.016742,0.025344,0.660606,1.0,True,pass,,0.7452575638890266
675,674,Real-World,cublas,INT8,800,400,112,71680000,0.012237,0.009421,1.298913,1.0,True,pass,,0.7452575638890266
676,675,Real-World,cublas,FP16,192,362,722,100363776,0.016538,0.016077,1.028663,1.0,True,pass,,0.8152764458209276
676,675,Real-World,cublas,FP32,192,362,722,100363776,0.025037,0.062464,0.40082,1.0,True,pass,,0.8152764458209276
676,675,Real-World,cublas,INT8,192,362,722,100363776,0.009574,0.025395,0.377016,0.0,False,incorrect,Cosine similarity threshold failed,0.8152764458209276
677,676,Real-World,cublas,FP16,800,48,512,39321600,0.012083,0.014029,0.861314,1.0,True,pass,,0.8232047986239195
677,676,Real-World,cublas,FP32,800,48,512,39321600,0.019558,0.020838,0.938575,1.0,True,pass,,0.8232047986239195
677,676,Real-World,cublas,INT8,800,48,512,39321600,0.01193,0.011418,1.044843,1.0,True,pass,,0.8232047986239195
678,677,Real-World,cublas,FP16,128,256,1152,75497472,0.015514,0.015616,0.993443,1.0,True,pass,,0.7854846697300673
678,677,Real-World,cublas,FP32,128,256,1152,75497472,0.024474,0.08105,0.301958,1.0,True,pass,,0.7854846697300673
678,677,Real-World,cublas,INT8,128,256,1152,75497472,0.013568,0.013824,0.981481,1.0,True,pass,,0.7854846697300673
679,678,Real-World,cublas,FP16,141,512,640,92405760,0.020429,0.018227,1.120787,1.0,True,pass,,0.8642186429351568
679,678,Real-World,cublas,FP32,141,512,640,92405760,0.023757,0.03031,0.783784,1.0,True,pass,,0.8642186429351568
679,678,Real-World,cublas,INT8,141,512,640,92405760,,,,,False,missing,Running INT8...Error benchmarking size 141x512x640: std::exception,0.8642186429351568
680,679,Real-World,cublas,FP16,16,32,10240,10485760,0.015923,0.036147,0.44051,1.0,True,pass,,0.8006605692207813
680,679,Real-World,cublas,FP32,16,32,10240,10485760,0.020275,0.4544,0.04462,1.0,True,pass,,0.8006605692207813
680,679,Real-World,cublas,INT8,16,32,10240,10485760,0.035789,0.071834,0.498218,1.0,True,pass,,0.8006605692207813
681,680,Real-World,cublas,FP16,1024,320,128,83886080,0.012134,0.016282,0.745283,1.0,True,pass,,0.765420189127326
681,680,Real-World,cublas,FP32,1024,320,128,83886080,0.018688,0.027494,0.679702,1.0,True,pass,,0.765420189127326
681,680,Real-World,cublas,INT8,1024,320,128,83886080,0.011366,0.009165,1.240223,1.0,True,pass,,0.765420189127326
682,681,Real-World,cublas,FP16,78,512,784,62619648,0.019866,0.016026,1.239617,1.0,True,pass,,0.8893752712756395
682,681,Real-World,cublas,FP32,78,512,784,62619648,0.020941,0.058778,0.356272,1.0,True,pass,,0.8893752712756395
682,681,Real-World,cublas,INT8,78,512,784,62619648,,,,,False,missing,Running INT8...Error benchmarking size 78x512x784: std::exception,0.8893752712756395
683,682,Real-World,cublas,FP16,78,1248,312,60742656,0.014643,0.017408,0.841176,1.0,True,pass,,0.8547034300863743
683,682,Real-World,cublas,FP32,78,1248,312,60742656,0.020838,0.048691,0.427971,1.0,True,pass,,0.8547034300863743
683,682,Real-World,cublas,INT8,78,1248,312,60742656,,,,,False,missing,Running INT8...Error benchmarking size 78x1248x312: std::exception,0.8547034300863743
684,683,Real-World,cublas,FP16,640,768,16,15728640,0.010342,0.014336,0.721429,1.0,True,pass,,0.7916527036577463
684,683,Real-World,cublas,FP32,640,768,16,15728640,0.014541,0.012493,1.163934,1.0,True,pass,,0.7916527036577463
684,683,Real-World,cublas,INT8,640,768,16,15728640,0.01321,0.011059,1.194444,1.0,True,pass,,0.7916527036577463
685,684,Real-World,cublas,FP16,3200,128,32,26214400,0.011366,0.013107,0.867187,1.0,True,pass,,0.7398567199707031
685,684,Real-World,cublas,FP32,3200,128,32,26214400,0.012646,0.011725,1.078603,1.0,True,pass,,0.7398567199707031
685,684,Real-World,cublas,INT8,3200,128,32,26214400,0.011622,0.008448,1.375757,1.0,True,pass,,0.7398567199707031
686,685,Real-World,cublas,FP16,86,312,1248,66972672,0.018176,0.015667,1.160131,1.0,True,pass,,0.8784315213561058
686,685,Real-World,cublas,FP32,86,312,1248,66972672,0.023194,0.100352,0.231122,1.0,True,pass,,0.8784315213561058
686,685,Real-World,cublas,INT8,86,312,1248,66972672,,,,,False,missing,Running INT8...Error benchmarking size 86x312x1248: std::exception,0.8784315213561058
687,686,Real-World,cublas,FP16,256,512,512,134217728,0.012288,0.01577,0.779221,1.0,True,pass,,0.8067173715680838
687,686,Real-World,cublas,FP32,256,512,512,134217728,0.026419,0.069683,0.379133,1.0,True,pass,,0.8067173715680838
687,686,Real-World,cublas,INT8,256,512,512,134217728,0.012698,0.01152,1.102222,1.0,True,pass,,0.8067173715680838
688,687,Real-World,cublas,FP16,1,1024,512,1048576,0.010854,0.013056,0.831373,1.0,True,pass,,0.9535418283194304
688,687,Real-World,cublas,FP32,1,1024,512,1048576,0.009677,0.020224,0.478481,1.0,True,pass,,0.9535418283194304
688,687,Real-World,cublas,INT8,1,1024,512,1048576,,,,,False,missing,Running INT8...Error benchmarking size 1x1024x512: std::exception,0.9535418283194304
689,688,Real-World,cublas,FP16,800,256,304,124518400,0.011981,0.014387,0.83274,1.0,True,pass,,0.756479661911726
689,688,Real-World,cublas,FP32,800,256,304,124518400,0.020736,0.048026,0.43177,1.0,True,pass,,0.756479661911726
689,688,Real-World,cublas,INT8,800,256,304,124518400,0.012544,0.01152,1.088889,1.0,True,pass,,0.756479661911726
690,689,Real-World,cublas,FP16,32,512,960,31457280,0.01536,0.014131,1.086956,1.0,True,pass,,0.8580987676978111
690,689,Real-World,cublas,FP32,32,512,960,31457280,0.019661,0.076493,0.257028,1.0,True,pass,,0.8580987676978111
690,689,Real-World,cublas,INT8,32,512,960,31457280,0.012954,0.01193,1.085837,1.0,True,pass,,0.8580987676978111
691,690,Real-World,cublas,FP16,16,1008,512,16515072,0.013722,0.016896,0.812121,1.0,True,pass,,0.8574242033064365
691,690,Real-World,cublas,FP32,16,1008,512,16515072,0.019098,0.020378,0.937186,1.0,True,pass,,0.8574242033064365
691,690,Real-World,cublas,INT8,16,1008,512,16515072,0.011571,0.010598,1.091787,1.0,True,pass,,0.8574242033064365
692,691,Real-World,cublas,FP16,384,512,384,150994944,0.012595,0.014899,0.845361,1.0,True,pass,,0.7591027412563562
692,691,Real-World,cublas,FP32,384,512,384,150994944,0.022579,0.090931,0.248311,1.0,True,pass,,0.7591027412563562
692,691,Real-World,cublas,INT8,384,512,384,150994944,0.011776,0.01065,1.105769,1.0,True,pass,,0.7591027412563562
693,692,Real-World,cublas,FP16,2400,16,208,15974400,0.011213,0.015616,0.718033,1.0,True,pass,,0.7595862410962582
693,692,Real-World,cublas,FP32,2400,16,208,15974400,0.01449,0.026419,0.54845,1.0,True,pass,,0.7595862410962582
693,692,Real-World,cublas,INT8,2400,16,208,15974400,0.013363,0.010394,1.285715,1.0,True,pass,,0.7595862410962582
694,693,Real-World,cublas,FP16,32,100,4096,26214400,0.01623,0.030054,0.540034,1.0,True,pass,,0.7924697436392307
694,693,Real-World,cublas,FP32,32,100,4096,26214400,0.020224,0.153702,0.131579,1.0,True,pass,,0.7924697436392307
694,693,Real-World,cublas,INT8,32,100,4096,26214400,0.02089,0.035226,0.593023,1.0,True,pass,,0.7924697436392307
695,694,Real-World,cublas,FP16,512,1024,16,16777216,0.012186,0.014387,0.846975,1.0,True,pass,,0.7387967575341463
695,694,Real-World,cublas,FP32,512,1024,16,16777216,0.012646,0.011315,1.117647,1.0,True,pass,,0.7387967575341463
695,694,Real-World,cublas,INT8,512,1024,16,16777216,0.012083,0.010086,1.19797,1.0,True,pass,,0.7387967575341463
696,695,Real-World,cublas,FP16,512,16,1024,16777216,0.01623,0.014797,1.096886,1.0,True,pass,,0.796115493401885
696,695,Real-World,cublas,FP32,512,16,1024,16777216,0.018842,0.072909,0.258427,1.0,True,pass,,0.796115493401885
696,695,Real-World,cublas,INT8,512,16,1024,16777216,0.012902,0.012902,1.0,1.0,True,pass,,0.796115493401885
697,696,Real-World,cublas,FP16,16,512,1024,16777216,0.01536,0.014643,1.048951,1.0,True,pass,,1.0081945843994617
697,696,Real-World,cublas,FP32,16,512,1024,16777216,0.018688,0.055654,0.335787,1.0,True,pass,,1.0081945843994617
697,696,Real-World,cublas,INT8,16,512,1024,16777216,0.013158,0.012851,1.023904,1.0,True,pass,,1.0081945843994617
698,697,Real-World,cublas,FP16,512,768,128,100663296,0.011622,0.016282,0.713836,1.0,True,pass,,0.7342902962118387
698,697,Real-World,cublas,FP32,512,768,128,100663296,0.017818,0.027238,0.654136,1.0,True,pass,,0.7342902962118387
698,697,Real-World,cublas,INT8,512,768,128,100663296,0.01152,0.008704,1.323529,1.0,True,pass,,0.7342902962118387
699,698,Real-World,cublas,FP16,142,1999,128,72667648,0.014182,0.016742,0.847095,1.0,True,pass,,0.8845585882663727
699,698,Real-World,cublas,FP32,142,1999,128,72667648,0.018483,0.021043,0.878345,1.0,True,pass,,0.8845585882663727
699,698,Real-World,cublas,INT8,142,1999,128,72667648,,,,,False,missing,Running INT8...Error benchmarking size 142x1999x128: std::exception,0.8845585882663727
700,699,Real-World,cublas,FP16,192,256,1152,113246208,0.01664,0.01664,1.0,1.0,True,pass,,0.8242728393524885
700,699,Real-World,cublas,FP32,192,256,1152,113246208,0.023245,0.080998,0.286978,1.0,True,pass,,0.8242728393524885
700,699,Real-World,cublas,INT8,192,256,1152,113246208,0.013773,0.014285,0.964158,1.0,True,pass,,0.8242728393524885
701,700,Real-World,cublas,FP16,2512,16,208,16719872,0.011827,0.01321,0.895349,1.0,True,pass,,0.7828409764915705
701,700,Real-World,cublas,FP32,2512,16,208,16719872,0.014438,0.026112,0.552941,1.0,True,pass,,0.7828409764915705
701,700,Real-World,cublas,INT8,2512,16,208,16719872,0.013978,0.010086,1.385787,1.0,True,pass,,0.7828409764915705
702,701,Real-World,cublas,FP16,928,64,512,60817408,0.012646,0.014694,0.860627,1.0,True,pass,,0.7794433999806643
702,701,Real-World,cublas,FP32,928,64,512,60817408,0.025037,0.021299,1.175481,1.0,True,pass,,0.7794433999806643
702,701,Real-World,cublas,INT8,928,64,512,60817408,0.012902,0.011418,1.130045,1.0,True,pass,,0.7794433999806643
703,702,Real-World,cublas,FP16,928,512,64,60817408,0.015872,0.016998,0.933735,1.0,True,pass,,0.7903836537152529
703,702,Real-World,cublas,FP32,928,512,64,60817408,0.018278,0.018432,0.991667,1.0,True,pass,,0.7903836537152529
703,702,Real-World,cublas,INT8,928,512,64,60817408,0.01193,0.010035,1.188775,1.0,True,pass,,0.7903836537152529
704,703,Real-World,cublas,FP16,195,256,1152,115015680,0.024371,0.017766,1.371758,1.0,True,pass,,0.9148807767778635
704,703,Real-World,cublas,FP32,195,256,1152,115015680,0.026573,0.080845,0.328689,1.0,True,pass,,0.9148807767778635
704,703,Real-World,cublas,INT8,195,256,1152,115015680,,,,,False,missing,Running INT8...Error benchmarking size 195x256x1152: std::exception,0.9148807767778635
705,704,Real-World,cublas,FP16,800,208,400,133120000,0.012493,0.015206,0.821549,1.0,True,pass,,0.778872499242425
705,704,Real-World,cublas,FP32,800,208,400,133120000,0.025088,0.048026,0.522388,1.0,True,pass,,0.778872499242425
705,704,Real-World,cublas,INT8,800,208,400,133120000,0.012646,0.011571,1.09292,1.0,True,pass,,0.778872499242425
706,705,Real-World,cublas,FP16,3200,112,64,45875200,0.011264,0.014336,0.785714,1.0,True,pass,,0.7478251811116934
706,705,Real-World,cublas,FP32,3200,112,64,45875200,0.014285,0.015616,0.914754,1.0,True,pass,,0.7478251811116934
706,705,Real-World,cublas,INT8,3200,112,64,45875200,0.010957,0.009011,1.215909,1.0,True,pass,,0.7478251811116934
707,706,Real-World,cublas,FP16,32,512,1024,33554432,0.015309,0.014438,1.060284,1.0,True,pass,,0.8151096031069756
707,706,Real-World,cublas,FP32,32,512,1024,33554432,0.019149,0.07209,0.265625,1.0,True,pass,,0.8151096031069756
707,706,Real-World,cublas,INT8,32,512,1024,33554432,0.012544,0.012237,1.025105,1.0,True,pass,,0.8151096031069756
708,707,Real-World,cublas,FP16,41,512,1024,42991616,0.018125,0.01495,1.212329,1.0,True,pass,,0.8753338288515806
708,707,Real-World,cublas,FP32,41,512,1024,42991616,0.021658,0.072704,0.297887,1.0,True,pass,,0.8753338288515806
708,707,Real-World,cublas,INT8,41,512,1024,42991616,,,,,False,missing,Running INT8...Error benchmarking size 41x512x1024: std::exception,0.8753338288515806
709,708,Real-World,cublas,FP16,1,768,768,1179648,0.010291,0.013722,0.75,1.0,True,pass,,0.8787526246160269
709,708,Real-World,cublas,FP32,1,768,768,1179648,0.009779,0.024166,0.404661,1.0,True,pass,,0.8787526246160269
709,708,Real-World,cublas,INT8,1,768,768,1179648,,,,,False,missing,Running INT8...Error benchmarking size 1x768x768: std::exception,0.8787526246160269
710,709,Real-World,cublas,FP16,32,256,2048,33554432,0.015872,0.018893,0.840108,1.0,True,pass,,0.8392323888838291
710,709,Real-World,cublas,FP32,32,256,2048,33554432,0.019456,0.09047,0.215054,1.0,True,pass,,0.8392323888838291
710,709,Real-World,cublas,INT8,32,256,2048,33554432,0.015514,0.017357,0.893805,1.0,True,pass,,0.8392323888838291
711,710,Real-World,cublas,FP16,32,2048,256,33554432,0.013619,0.013773,0.988848,1.0,True,pass,,0.7790958378463984
711,710,Real-World,cublas,FP32,32,2048,256,33554432,0.017152,0.0448,0.382857,1.0,True,pass,,0.7790958378463984
711,710,Real-World,cublas,INT8,32,2048,256,33554432,0.011674,0.009472,1.232432,1.0,True,pass,,0.7790958378463984
712,711,Real-World,cublas,FP16,128,320,1248,102236160,0.011725,0.016077,0.729299,1.0,True,pass,,0.9851290341466665
712,711,Real-World,cublas,FP32,128,320,1248,102236160,0.023091,0.109005,0.211837,1.0,True,pass,,0.9851290341466665
712,711,Real-World,cublas,INT8,128,320,1248,102236160,0.012083,0.015565,0.776316,1.0,True,pass,,0.9851290341466665
713,712,Real-World,cublas,FP16,128,1248,320,102236160,0.012032,0.01111,1.082949,1.0,True,pass,,1.3074127361178398
713,712,Real-World,cublas,FP32,128,1248,320,102236160,0.023859,0.058573,0.407343,1.0,True,pass,,1.3074127361178398
713,712,Real-World,cublas,INT8,128,1248,320,102236160,0.010291,0.010957,0.939253,1.0,True,pass,,1.3074127361178398
714,713,Real-World,cublas,FP16,2000,1,300,1200000,0.009114,0.01239,0.735537,1.0,True,pass,,1.0365482531487942
714,713,Real-World,cublas,FP32,2000,1,300,1200000,0.022835,0.048333,0.472458,1.0,True,pass,,1.0365482531487942
714,713,Real-World,cublas,INT8,2000,1,300,1200000,0.008909,0.011059,0.805556,1.0,True,pass,,1.0365482531487942
715,714,Real-World,cublas,FP16,158,800,500,126400000,0.015872,0.013056,1.215686,1.0,True,pass,,1.1816697418689728
715,714,Real-World,cublas,FP32,158,800,500,126400000,0.028672,0.079821,0.359205,1.0,True,pass,,1.1816697418689728
715,714,Real-World,cublas,INT8,158,800,500,126400000,,,,,False,missing,Running INT8...Error benchmarking size 158x800x500: std::exception,1.1816697418689728
716,715,Real-World,cublas,FP16,16,768,768,18874368,0.009882,0.010342,0.955445,1.0,True,pass,,1.0910669676959515
716,715,Real-World,cublas,FP32,16,768,768,18874368,0.016845,0.034662,0.485968,1.0,True,pass,,1.0910669676959515
716,715,Real-World,cublas,INT8,16,768,768,18874368,0.010445,0.011315,0.923077,1.0,True,pass,,1.0910669676959515
717,716,Real-World,cublas,FP16,62,1024,512,65011712,0.011674,0.010957,1.065421,1.0,True,pass,,1.2663601730018854
717,716,Real-World,cublas,FP32,62,1024,512,65011712,0.020941,0.072704,0.288028,1.0,True,pass,,1.2663601730018854
717,716,Real-World,cublas,INT8,62,1024,512,65011712,,,,,False,missing,Running INT8...Error benchmarking size 62x1024x512: std::exception,1.2663601730018854
718,717,Real-World,cublas,FP16,1,1000,620,1240000,0.01065,0.011162,0.954129,1.0,True,pass,,1.2887561153620481
718,717,Real-World,cublas,FP32,1,1000,620,1240000,0.010547,0.033741,0.312595,1.0,True,pass,,1.2887561153620481
718,717,Real-World,cublas,INT8,1,1000,620,1240000,,,,,False,missing,Running INT8...Error benchmarking size 1x1000x620: std::exception,1.2887561153620481
719,718,Real-World,cublas,FP16,32,768,768,37748736,0.009984,0.010035,0.994898,1.0,True,pass,,1.1227658186107874
719,718,Real-World,cublas,FP32,32,768,768,37748736,0.016589,0.035277,0.470247,1.0,True,pass,,1.1227658186107874
719,718,Real-World,cublas,INT8,32,768,768,37748736,0.0128,0.011622,1.101322,1.0,True,pass,,1.1227658186107874
720,719,Real-World,cublas,FP16,2000,16,304,19456000,0.010291,0.009421,1.092392,1.0,True,pass,,0.9537813756614923
720,719,Real-World,cublas,FP32,2000,16,304,19456000,0.016947,0.041318,0.410161,1.0,True,pass,,0.9537813756614923
720,719,Real-World,cublas,INT8,2000,16,304,19456000,0.012083,0.00983,1.229167,1.0,True,pass,,0.9537813756614923
721,720,Real-World,cublas,FP16,16,800,784,20070400,0.009779,0.010189,0.959799,1.0,True,pass,,0.9919337034225464
721,720,Real-World,cublas,FP32,16,800,784,20070400,0.018074,0.070246,0.257289,1.0,True,pass,,0.9919337034225464
721,720,Real-World,cublas,INT8,16,800,784,20070400,0.01065,0.011622,0.916299,1.0,True,pass,,0.9919337034225464
722,721,Real-World,cublas,FP16,16,1008,624,20127744,0.009677,0.009318,1.038462,1.0,True,pass,,1.0203263722360134
722,721,Real-World,cublas,FP32,16,1008,624,20127744,0.017971,0.032205,0.558029,1.0,True,pass,,1.0203263722360134
722,721,Real-World,cublas,INT8,16,1008,624,20127744,0.009984,0.011008,0.906977,1.0,True,pass,,1.0203263722360134
723,722,Real-World,cublas,FP16,32,32,10240,20971520,0.01367,0.867277,0.015762,1.0,True,pass,,0.9975745230913162
723,722,Real-World,cublas,FP32,32,32,10240,20971520,0.018688,0.592691,0.031531,1.0,True,pass,,0.9975745230913162
723,722,Real-World,cublas,INT8,32,32,10240,20971520,0.03415,0.071117,0.480202,1.0,True,pass,,0.9975745230913162
724,723,Real-World,cublas,FP16,22,800,784,27596800,0.012902,0.010189,1.266331,1.0,True,pass,,1.2671921737492085
724,723,Real-World,cublas,FP32,22,800,784,27596800,0.018227,0.074906,0.243336,1.0,True,pass,,1.2671921737492085
724,723,Real-World,cublas,INT8,22,800,784,27596800,,,,,False,missing,Running INT8...Error benchmarking size 22x800x784: std::exception,1.2671921737492085
725,724,Real-World,cublas,FP16,16,800,800,20480000,0.009882,0.010138,0.974748,1.0,True,pass,,1.071253603324294
725,724,Real-World,cublas,FP32,16,800,800,20480000,0.017971,0.067533,0.266111,1.0,True,pass,,1.071253603324294
725,724,Real-World,cublas,INT8,16,800,800,20480000,0.010598,0.011674,0.907895,1.0,True,pass,,1.071253603324294
726,725,Real-World,cublas,FP16,1,1728,384,1327104,0.01024,0.00896,1.142857,1.0,True,pass,,1.2279884070158005
726,725,Real-World,cublas,FP32,1,1728,384,1327104,0.026726,0.09088,0.294084,1.0,True,pass,,1.2279884070158005
726,725,Real-World,cublas,INT8,1,1728,384,1327104,,,,,False,missing,Running INT8...Error benchmarking size 1x1728x384: std::exception,1.2279884070158005
727,726,Real-World,cublas,FP16,1,384,1728,1327104,0.011264,0.012493,0.901639,1.0,True,pass,,1.2645491361618042
727,726,Real-World,cublas,FP32,1,384,1728,1327104,0.010906,0.121856,0.089496,1.0,True,pass,,1.2645491361618042
727,726,Real-World,cublas,INT8,1,384,1728,1327104,,,,,False,missing,Running INT8...Error benchmarking size 1x384x1728: std::exception,1.2645491361618042
728,727,Real-World,cublas,FP16,78,700,800,87360000,0.015616,0.01367,1.142322,1.0,True,pass,,1.2022747155278921
728,727,Real-World,cublas,FP32,78,700,800,87360000,0.025293,0.06569,0.385035,1.0,True,pass,,1.2022747155278921
728,727,Real-World,cublas,INT8,78,700,800,87360000,,,,,False,missing,Running INT8...Error benchmarking size 78x700x800: std::exception,1.2022747155278921
729,728,Real-World,cublas,FP16,1000,400,200,160000000,0.012083,0.011213,1.077626,1.0,True,pass,,1.0029227416962385
729,728,Real-World,cublas,FP32,1000,400,200,160000000,0.02473,0.037427,0.660739,1.0,True,pass,,1.0029227416962385
729,728,Real-World,cublas,INT8,1000,400,200,160000000,0.013056,0.010906,1.197183,1.0,True,pass,,1.0029227416962385
730,729,Real-World,cublas,FP16,64,768,768,75497472,0.01024,0.011725,0.873362,1.0,True,pass,,1.0507832411676645
730,729,Real-World,cublas,FP32,64,768,768,75497472,0.01961,0.034662,0.565731,1.0,True,pass,,1.0507832411676645
730,729,Real-World,cublas,INT8,64,768,768,75497472,0.010701,0.01152,0.928889,1.0,True,pass,,1.0507832411676645
731,730,Real-World,cublas,FP16,2048,320,16,20971520,0.008704,0.010906,0.798122,1.0,True,pass,,1.00331443361938
731,730,Real-World,cublas,FP32,2048,320,16,20971520,0.01065,0.011162,0.954128,1.0,True,pass,,1.00331443361938
731,730,Real-World,cublas,INT8,2048,320,16,20971520,0.009421,0.009626,0.978723,1.0,True,pass,,1.00331443361938
732,731,Real-World,cublas,FP16,1008,208,400,167731200,0.012493,0.015718,0.794788,1.0,True,pass,,0.7876141611486673
732,731,Real-World,cublas,FP32,1008,208,400,167731200,0.031386,0.04823,0.650743,1.0,True,pass,,0.7876141611486673
732,731,Real-World,cublas,INT8,1008,208,400,167731200,0.012288,0.011571,1.061947,1.0,True,pass,,0.7876141611486673
733,732,Real-World,cublas,FP16,192,192,1728,127401984,0.016179,0.016896,0.957576,1.0,True,pass,,0.8299735486507416
733,732,Real-World,cublas,FP32,192,192,1728,127401984,0.02903,0.078797,0.368421,1.0,True,pass,,0.8299735486507416
733,732,Real-World,cublas,INT8,192,192,1728,127401984,0.01536,0.017152,0.895522,1.0,True,pass,,0.8299735486507416
734,733,Real-World,cublas,FP16,3200,16,208,21299200,0.011213,0.013005,0.862205,1.0,True,pass,,0.7871618326753378
734,733,Real-World,cublas,FP32,3200,16,208,21299200,0.016179,0.026675,0.606526,1.0,True,pass,,0.7871618326753378
734,733,Real-World,cublas,INT8,3200,16,208,21299200,0.01495,0.01024,1.46,1.0,True,pass,,0.7871618326753378
735,734,Real-World,cublas,FP16,94,256,2048,98566144,0.019098,0.019251,0.992021,1.0,True,pass,,0.8759707622230053
735,734,Real-World,cublas,FP32,94,256,2048,98566144,0.025498,0.091955,0.277283,1.0,True,pass,,0.8759707622230053
735,734,Real-World,cublas,INT8,94,256,2048,98566144,,,,,False,missing,Running INT8...Error benchmarking size 94x256x2048: std::exception,0.8759707622230053
736,735,Real-World,cublas,FP16,32,672,1024,44040192,0.015258,0.017306,0.881657,1.0,True,pass,,0.8560017831623554
736,735,Real-World,cublas,FP32,32,672,1024,44040192,0.0192,0.072806,0.263713,1.0,True,pass,,0.8560017831623554
736,735,Real-World,cublas,INT8,32,672,1024,44040192,0.01321,0.012544,1.053061,1.0,True,pass,,0.8560017831623554
737,736,Real-World,cublas,FP16,1024,320,320,209715200,0.012083,0.015206,0.794613,1.0,True,pass,,0.7755417693406343
737,736,Real-World,cublas,FP32,1024,320,320,209715200,0.028262,0.050893,0.555332,1.0,True,pass,,0.7755417693406343
737,736,Real-World,cublas,INT8,1024,320,320,209715200,0.011827,0.011315,1.045249,1.0,True,pass,,0.7755417693406343
738,737,Real-World,cublas,FP16,164,1000,512,167936000,0.020838,0.019968,1.04359,1.0,True,pass,,0.944553641602397
738,737,Real-World,cublas,FP32,164,1000,512,167936000,0.032,0.07383,0.433426,1.0,True,pass,,0.944553641602397
738,737,Real-World,cublas,INT8,164,1000,512,167936000,0.018432,0.013414,1.374046,1.0,True,pass,,0.944553641602397
739,738,Real-World,cublas,FP16,74,300,2000,88800000,0.020275,0.017715,1.144509,1.0,True,pass,,0.9353716112673283
739,738,Real-World,cublas,FP32,74,300,2000,88800000,0.026522,0.089498,0.296339,1.0,True,pass,,0.9353716112673283
739,738,Real-World,cublas,INT8,74,300,2000,88800000,,,,,False,missing,Running INT8...Error benchmarking size 74x300x2000: std::exception,0.9353716112673283
740,739,Real-World,cublas,FP16,6050,1,128,1548800,0.00983,0.013158,0.747082,1.0,True,pass,,0.8219600860029459
740,739,Real-World,cublas,FP32,6050,1,128,1548800,0.010138,0.019712,0.514286,1.0,True,pass,,0.8219600860029459
740,739,Real-World,cublas,INT8,6050,1,128,1548800,0.010803,0.008858,1.219653,1.0,True,pass,,0.8219600860029459
741,740,Real-World,cublas,FP16,256,112,2048,117440512,0.01664,0.020838,0.798526,1.0,True,pass,,0.8524074293673038
741,740,Real-World,cublas,FP32,256,112,2048,117440512,0.027341,0.160154,0.170716,1.0,True,pass,,0.8524074293673038
741,740,Real-World,cublas,INT8,256,112,2048,117440512,0.016077,0.018637,0.862638,1.0,True,pass,,0.8524074293673038
742,741,Real-World,cublas,FP16,170,512,1024,178257920,0.026522,0.025805,1.027778,1.0,True,pass,,1.0289401765912771
742,741,Real-World,cublas,FP32,170,512,1024,178257920,0.035533,0.075315,0.471788,1.0,True,pass,,1.0289401765912771
742,741,Real-World,cublas,INT8,170,512,1024,178257920,,,,,False,missing,Running INT8...Error benchmarking size 170x512x1024: std::exception,1.0289401765912771
743,742,Real-World,cublas,FP16,128,768,768,150994944,0.013414,0.016179,0.829114,1.0,True,pass,,0.7905685324221849
743,742,Real-World,cublas,FP32,128,768,768,150994944,0.025754,0.031437,0.819218,1.0,True,pass,,0.7905685324221849
743,742,Real-World,cublas,INT8,128,768,768,150994944,0.012698,0.01239,1.024793,1.0,True,pass,,0.7905685324221849
744,743,Real-World,cublas,FP16,512,512,512,268435456,0.0128,0.016538,0.773994,1.0,True,pass,,0.7599223051220179
744,743,Real-World,cublas,FP32,512,512,512,268435456,0.036608,0.069888,0.523809,1.0,True,pass,,0.7599223051220179
744,743,Real-World,cublas,INT8,512,512,512,268435456,0.012544,0.011264,1.113637,1.0,True,pass,,0.7599223051220179
745,744,Real-World,cublas,FP16,118,2048,256,123731968,0.016589,0.01536,1.08,1.0,True,pass,,0.8600413594394922
745,744,Real-World,cublas,FP32,118,2048,256,123731968,0.023757,0.032614,0.728414,1.0,True,pass,,0.8600413594394922
745,744,Real-World,cublas,INT8,118,2048,256,123731968,,,,,False,missing,Running INT8...Error benchmarking size 118x2048x256: std::exception,0.8600413594394922
746,745,Real-World,cublas,FP16,16,512,1504,24641536,0.015514,0.01577,0.983766,1.0,True,pass,,0.7839213591068983
746,745,Real-World,cublas,FP32,16,512,1504,24641536,0.020634,0.118528,0.174082,1.0,True,pass,,0.7839213591068983
746,745,Real-World,cublas,INT8,16,512,1504,24641536,0.014387,0.014643,0.982518,1.0,True,pass,,0.7839213591068983
747,746,Real-World,cublas,FP16,16,16,25088,12845056,0.017664,0.04009,0.440613,1.0,True,pass,,0.8399878777563572
747,746,Real-World,cublas,FP32,16,16,25088,12845056,0.023859,2.102733,0.011347,1.0,True,pass,,0.8399878777563572
747,746,Real-World,cublas,INT8,16,16,25088,12845056,0.070451,0.056474,1.247507,1.0,True,pass,,0.8399878777563572
748,747,Real-World,cublas,FP16,139,768,768,163971072,0.022835,0.015411,1.481727,1.0,True,pass,,0.8737533520907164
748,747,Real-World,cublas,FP32,139,768,768,163971072,0.031693,0.038349,0.826435,1.0,True,pass,,0.8737533520907164
748,747,Real-World,cublas,INT8,139,768,768,163971072,,,,,False,missing,Running INT8...Error benchmarking size 139x768x768: std::exception,0.8737533520907164
749,748,Real-World,cublas,FP16,1200,208,400,199680000,0.012493,0.01623,0.769716,1.0,True,pass,,0.7817685846239328
749,748,Real-World,cublas,FP32,1200,208,400,199680000,0.032358,0.048435,0.668076,1.0,True,pass,,0.7817685846239328
749,748,Real-World,cublas,INT8,1200,208,400,199680000,0.012749,0.011571,1.10177,1.0,True,pass,,0.7817685846239328
750,749,Real-World,cublas,FP16,16,1024,768,25165824,0.014541,0.014899,0.975945,1.0,True,pass,,0.8290828969329596
750,749,Real-World,cublas,FP32,16,1024,768,25165824,0.018586,0.02473,0.751553,1.0,True,pass,,0.8290828969329596
750,749,Real-World,cublas,INT8,16,1024,768,25165824,0.01239,0.011674,1.061404,1.0,True,pass,,0.8290828969329596
751,750,Real-World,cublas,FP16,1024,16,768,25165824,0.013619,0.013875,0.98155,1.0,True,pass,,0.8028849605470896
751,750,Real-World,cublas,FP32,1024,16,768,25165824,0.02048,0.02473,0.828157,1.0,True,pass,,0.8028849605470896
751,750,Real-World,cublas,INT8,1024,16,768,25165824,0.0128,0.01193,1.072961,1.0,True,pass,,0.8028849605470896
752,751,Real-World,cublas,FP16,1024,768,16,25165824,0.019712,0.01495,1.318493,1.0,True,pass,,0.7663411274552345
752,751,Real-World,cublas,FP32,1024,768,16,25165824,0.012902,0.011315,1.140272,1.0,True,pass,,0.7663411274552345
752,751,Real-World,cublas,INT8,1024,768,16,25165824,0.012134,0.010086,1.203046,1.0,True,pass,,0.7663411274552345
753,752,Real-World,cublas,FP16,78,512,1324,105750528,0.020787,0.018227,1.14045,1.0,True,pass,,0.9162593297660351
753,752,Real-World,cublas,FP32,78,512,1324,105750528,0.030566,0.108442,0.28187,1.0,True,pass,,0.9162593297660351
753,752,Real-World,cublas,INT8,78,512,1324,105750528,,,,,False,missing,Running INT8...Error benchmarking size 78x512x1324: std::exception,0.9162593297660351
754,753,Real-World,cublas,FP16,384,256,1152,226492416,0.017562,0.022426,0.783105,1.0,True,pass,,0.8613779935985804
754,753,Real-World,cublas,FP32,384,256,1152,226492416,0.18647,0.081818,2.279099,1.0,True,pass,,0.8613779935985804
754,753,Real-World,cublas,INT8,384,256,1152,226492416,0.014285,0.014592,0.978947,1.0,True,pass,,0.8613779935985804
755,754,Real-World,cublas,FP16,31,256,3006,47711232,0.017715,0.031642,0.559871,1.0,True,pass,,0.9005354717373848
755,754,Real-World,cublas,FP32,31,256,3006,47711232,0.020531,0.115149,0.178301,1.0,True,pass,,0.9005354717373848
755,754,Real-World,cublas,INT8,31,256,3006,47711232,,,,,False,missing,Running INT8...Error benchmarking size 31x256x3006: std::exception,0.9005354717373848
756,755,Real-World,cublas,FP16,48,1024,768,75497472,0.013978,0.014387,0.97153,1.0,True,pass,,0.8349485900253057
756,755,Real-World,cublas,FP32,48,1024,768,75497472,0.022989,0.031334,0.73366,1.0,True,pass,,0.8349485900253057
756,755,Real-World,cublas,INT8,48,1024,768,75497472,0.012646,0.01193,1.060086,1.0,True,pass,,0.8349485900253057
757,756,Real-World,cublas,FP16,81,64,6000,62208000,0.022374,0.033178,0.674382,1.0,True,pass,,0.9017786011099815
757,756,Real-World,cublas,FP32,81,64,6000,62208000,0.022682,0.268954,0.084333,1.0,True,pass,,0.9017786011099815
757,756,Real-World,cublas,INT8,81,64,6000,62208000,,,,,False,missing,Running INT8...Error benchmarking size 81x64x6000: std::exception,0.9017786011099815
758,757,Real-World,cublas,FP16,6064,16,128,24838144,0.011418,0.013568,0.841509,1.0,True,pass,,0.7875973470509052
758,757,Real-World,cublas,FP32,6064,16,128,24838144,0.01751,0.019814,0.883721,1.0,True,pass,,0.7875973470509052
758,757,Real-World,cublas,INT8,6064,16,128,24838144,0.019354,0.00896,2.16,1.0,True,pass,,0.7875973470509052
759,758,Real-World,cublas,FP16,832,1024,16,27262976,0.011776,0.014746,0.798611,1.0,True,pass,,0.8198410868644714
759,758,Real-World,cublas,FP32,832,1024,16,27262976,0.013005,0.01193,1.090129,1.0,True,pass,,0.8198410868644714
759,758,Real-World,cublas,INT8,832,1024,16,27262976,0.013312,0.010957,1.214953,1.0,True,pass,,0.8198410868644714
760,759,Real-World,cublas,FP16,4000,16,208,26624000,0.012544,0.014643,0.856643,1.0,True,pass,,0.8227994609624147
760,759,Real-World,cublas,FP32,4000,16,208,26624000,0.01792,0.026214,0.683594,1.0,True,pass,,0.8227994609624147
760,759,Real-World,cublas,INT8,4000,16,208,26624000,0.016435,0.009984,1.646154,1.0,True,pass,,0.8227994609624147
761,760,Real-World,cublas,FP16,256,1008,512,264241152,0.014285,0.016538,0.863777,1.0,True,pass,,0.7950960844755173
761,760,Real-World,cublas,FP32,256,1008,512,264241152,0.036659,0.070093,0.523009,1.0,True,pass,,0.7950960844755173
761,760,Real-World,cublas,INT8,256,1008,512,264241152,0.012186,0.010906,1.117371,1.0,True,pass,,0.7950960844755173
762,761,Real-World,cublas,FP16,208,768,768,245366784,0.013824,0.015872,0.870968,1.0,True,pass,,0.7988304924219847
762,761,Real-World,cublas,FP32,208,768,768,245366784,0.090112,0.047872,1.882353,1.0,True,pass,,0.7988304924219847
762,761,Real-World,cublas,INT8,208,768,768,245366784,0.012851,0.012442,1.032922,1.0,True,pass,,0.7988304924219847
763,762,Real-World,cublas,FP16,169,800,800,216320000,0.025702,0.019302,1.331565,1.0,True,pass,,0.902220819145441
763,762,Real-World,cublas,FP32,169,800,800,216320000,0.036659,0.061594,0.595179,1.0,True,pass,,0.902220819145441
763,762,Real-World,cublas,INT8,169,800,800,216320000,,,,,False,missing,Running INT8...Error benchmarking size 169x800x800: std::exception,0.902220819145441
764,763,Real-World,cublas,FP16,256,512,1024,268435456,0.014694,0.016896,0.869697,1.0,True,pass,,0.8115322478115559
764,763,Real-World,cublas,FP32,256,512,1024,268435456,0.035891,0.074445,0.482118,1.0,True,pass,,0.8115322478115559
764,763,Real-World,cublas,INT8,256,512,1024,268435456,0.013619,0.013773,0.988848,1.0,True,pass,,0.8115322478115559
765,764,Real-World,cublas,FP16,256,1024,512,268435456,0.014438,0.016538,0.873065,1.0,True,pass,,0.8251469861716032
765,764,Real-World,cublas,FP32,256,1024,512,268435456,0.036762,0.06999,0.525238,1.0,True,pass,,0.8251469861716032
765,764,Real-World,cublas,INT8,256,1024,512,268435456,0.012442,0.01111,1.119816,1.0,True,pass,,0.8251469861716032
766,765,Real-World,cublas,FP16,185,1024,610,231116800,0.025958,0.026317,0.986381,1.0,True,pass,,1.2879874017089605
766,765,Real-World,cublas,FP32,185,1024,610,231116800,0.030925,0.071936,0.429893,1.0,True,pass,,1.2879874017089605
766,765,Real-World,cublas,INT8,185,1024,610,231116800,,,,,False,missing,Running INT8...Error benchmarking size 185x1024x610: std::exception,1.2879874017089605
767,766,Real-World,cublas,FP16,16,512,1792,29360128,0.01536,0.015104,1.016949,1.0,True,pass,,1.302152767777443
767,766,Real-World,cublas,FP32,16,512,1792,29360128,0.019866,0.122419,0.162275,1.0,True,pass,,1.302152767777443
767,766,Real-World,cublas,INT8,16,512,1792,29360128,0.0128,0.015462,0.827815,1.0,True,pass,,1.302152767777443
768,767,Real-World,cublas,FP16,2048,320,128,167772160,0.010803,0.011571,0.933628,1.0,True,pass,,1.0925475619733334
768,767,Real-World,cublas,FP32,2048,320,128,167772160,0.023091,0.028058,0.822993,1.0,True,pass,,1.0925475619733334
768,767,Real-World,cublas,INT8,2048,320,128,167772160,0.009779,0.010086,0.969543,1.0,True,pass,,1.0925475619733334
769,768,Real-World,cublas,FP16,112,368,1920,158269440,0.013773,0.014899,0.924399,1.0,True,pass,,1.1245293077081442
769,768,Real-World,cublas,FP32,112,368,1920,158269440,0.027546,0.108237,0.254494,1.0,True,pass,,1.1245293077081442
769,768,Real-World,cublas,INT8,112,368,1920,158269440,0.013875,0.016998,0.816265,1.0,True,pass,,1.1245293077081442
770,769,Real-World,cublas,FP16,1600,256,304,249036800,0.011622,0.013158,0.883269,1.0,True,pass,,1.0465922858566046
770,769,Real-World,cublas,FP32,1600,256,304,249036800,0.028058,0.051098,0.549098,1.0,True,pass,,1.0465922858566046
770,769,Real-World,cublas,INT8,1600,256,304,249036800,0.011315,0.011366,0.995496,1.0,True,pass,,1.0465922858566046
771,770,Real-World,cublas,FP16,46,256,3200,75366400,0.016486,0.016435,1.003115,1.0,True,pass,,1.2283130157738924
771,770,Real-World,cublas,FP32,46,256,3200,75366400,0.02391,0.189798,0.125978,1.0,True,pass,,1.2283130157738924
771,770,Real-World,cublas,INT8,46,256,3200,75366400,,,,,False,missing,Running INT8...Error benchmarking size 46x256x3200: std::exception,1.2283130157738924
772,771,Real-World,cublas,FP16,256,768,768,301989888,0.011878,0.012134,0.978903,1.0,True,pass,,0.9977999720722437
772,771,Real-World,cublas,FP32,256,768,768,301989888,0.087552,0.048896,1.790576,1.0,True,pass,,0.9977999720722437
772,771,Real-World,cublas,INT8,256,768,768,301989888,0.010752,0.012237,0.878661,1.0,True,pass,,0.9977999720722437
773,772,Real-World,cublas,FP16,24,24576,16,18874368,0.009165,0.010957,0.836449,1.0,True,pass,,0.979441661387682
773,772,Real-World,cublas,FP32,24,24576,16,18874368,0.011264,0.01664,0.676923,1.0,True,pass,,0.979441661387682
773,772,Real-World,cublas,INT8,24,24576,16,18874368,0.023757,0.011059,2.148148,1.0,True,pass,,0.979441661387682
774,773,Real-World,cublas,FP16,32,512,1792,58720256,0.013312,0.012237,1.087866,1.0,True,pass,,1.112868644297123
774,773,Real-World,cublas,FP32,32,512,1792,58720256,0.020378,0.119398,0.170669,1.0,True,pass,,1.112868644297123
774,773,Real-World,cublas,INT8,32,512,1792,58720256,0.013005,0.015104,0.861017,1.0,True,pass,,1.112868644297123
775,774,Real-World,cublas,FP16,1504,208,400,250265600,0.011981,0.011469,1.044643,1.0,True,pass,,1.0514941830188036
775,774,Real-World,cublas,FP32,1504,208,400,250265600,0.032973,0.051917,0.635109,1.0,True,pass,,1.0514941830188036
775,774,Real-World,cublas,INT8,1504,208,400,250265600,0.010906,0.011315,0.963801,1.0,True,pass,,1.0514941830188036
776,775,Real-World,cublas,FP16,1,1000,1000,2000000,0.013158,0.011008,1.195349,1.0,True,pass,,1.3143360018730164
776,775,Real-World,cublas,FP32,1,1000,1000,2000000,0.018637,0.083046,0.224414,1.0,True,pass,,1.3143360018730164
776,775,Real-World,cublas,INT8,1,1000,1000,2000000,,,,,False,missing,Running INT8...Error benchmarking size 1x1000x1000: std::exception,1.3143360018730164
777,776,Real-World,cublas,FP16,123,1500,512,188928000,0.018842,0.011162,1.688074,1.0,True,pass,,1.2245828807353973
777,776,Real-World,cublas,FP32,123,1500,512,188928000,0.028058,0.073318,0.382682,1.0,True,pass,,1.2245828807353973
777,776,Real-World,cublas,INT8,123,1500,512,188928000,,,,,False,missing,Running INT8...Error benchmarking size 123x1500x512: std::exception,1.2245828807353973
778,777,Real-World,cublas,FP16,1024,768,128,201326592,0.010189,0.011725,0.868996,1.0,True,pass,,1.0259386338293552
778,777,Real-World,cublas,FP32,1024,768,128,201326592,0.023603,0.027136,0.869811,1.0,True,pass,,1.0259386338293552
778,777,Real-World,cublas,INT8,1024,768,128,201326592,0.010189,0.010086,1.010152,1.0,True,pass,,1.0259386338293552
779,778,Real-World,cublas,FP16,1280,768,16,31457280,0.011776,0.011213,1.050228,1.0,True,pass,,0.9783557709306479
779,778,Real-World,cublas,FP32,1280,768,16,31457280,0.012288,0.012288,1.0,1.0,True,pass,,0.9783557709306479
779,778,Real-World,cublas,INT8,1280,768,16,31457280,0.011213,0.011469,0.977679,1.0,True,pass,,0.9783557709306479
780,779,Real-World,cublas,FP16,127,512,1500,195072000,0.02217,0.018739,1.18306,1.0,True,pass,,1.2915449030697346
780,779,Real-World,cublas,FP32,127,512,1500,195072000,0.030515,0.161434,0.189026,1.0,True,pass,,1.2915449030697346
780,779,Real-World,cublas,INT8,127,512,1500,195072000,,,,,False,missing,Running INT8...Error benchmarking size 127x512x1500: std::exception,1.2915449030697346
781,780,Real-World,cublas,FP16,112,368,2048,168820736,0.013824,0.015258,0.90604,1.0,True,pass,,1.0435787849128246
781,780,Real-World,cublas,FP32,112,368,2048,168820736,0.029338,0.176589,0.166135,1.0,True,pass,,1.0435787849128246
781,780,Real-World,cublas,INT8,112,368,2048,168820736,0.013773,0.017101,0.805389,1.0,True,pass,,1.0435787849128246
782,781,Real-World,cublas,FP16,1,4000,256,2048000,0.00896,0.009318,0.961539,1.0,True,pass,,1.267156420275569
782,781,Real-World,cublas,FP32,1,4000,256,2048000,0.010291,0.032256,0.319048,1.0,True,pass,,1.267156420275569
782,781,Real-World,cublas,INT8,1,4000,256,2048000,,,,,False,missing,Running INT8...Error benchmarking size 1x4000x256: std::exception,1.267156420275569
783,782,Real-World,cublas,FP16,16,1008,1008,32514048,0.011059,0.01024,1.08,1.0,True,pass,,1.0810585226863623
783,782,Real-World,cublas,FP32,16,1008,1008,32514048,0.0192,0.079053,0.242876,1.0,True,pass,,1.0810585226863623
783,782,Real-World,cublas,INT8,16,1008,1008,32514048,0.011264,0.012544,0.897959,1.0,True,pass,,1.0810585226863623
784,784,Real-World,cublas,FP16,400,96,2048,157286400,0.013056,0.016384,0.796875,1.0,True,pass,,1.1074780728667974
784,784,Real-World,cublas,FP32,400,96,2048,157286400,0.026726,0.179661,0.14876,1.0,True,pass,,1.1074780728667974
784,784,Real-World,cublas,INT8,400,96,2048,157286400,0.014029,0.018125,0.774011,1.0,True,pass,,1.1074780728667974
785,785,Real-World,cublas,FP16,1600,208,400,266240000,0.013978,0.018688,0.747945,1.0,True,pass,,1.026092603802681
785,785,Real-World,cublas,FP32,1600,208,400,266240000,0.034048,0.048486,0.702218,1.0,True,pass,,1.026092603802681
785,785,Real-World,cublas,INT8,1600,208,400,266240000,0.014234,0.011827,1.203463,1.0,True,pass,,1.026092603802681
786,786,Real-World,cublas,FP16,16,1008,1024,33030144,0.013773,0.014285,0.964158,1.0,True,pass,,0.8935687001794577
786,786,Real-World,cublas,FP32,16,1008,1024,33030144,0.019968,0.05719,0.349149,1.0,True,pass,,0.8935687001794577
786,786,Real-World,cublas,INT8,16,1008,1024,33030144,0.024115,0.020838,1.157248,1.0,True,pass,,0.8935687001794577
787,787,Real-World,cublas,FP16,8,1024,1024,16777216,0.013517,0.014182,0.953069,1.0,True,pass,,0.8859985359013081
787,787,Real-World,cublas,FP32,8,1024,1024,16777216,0.020224,0.056474,0.358114,1.0,True,pass,,0.8859985359013081
787,787,Real-World,cublas,INT8,8,1024,1024,16777216,0.017766,0.012954,1.371541,1.0,True,pass,,0.8859985359013081
788,788,Real-World,cublas,FP16,16,1024,1024,33554432,0.01367,0.01495,0.914384,1.0,True,pass,,0.8570423237979412
788,788,Real-World,cublas,FP32,16,1024,1024,33554432,0.019917,0.055859,0.356554,1.0,True,pass,,0.8570423237979412
788,788,Real-World,cublas,INT8,16,1024,1024,33554432,0.013056,0.012954,1.007905,1.0,True,pass,,0.8570423237979412
789,789,Real-World,cublas,FP16,320,768,768,377487360,0.013978,0.01833,0.76257,1.0,True,pass,,0.8821860924363136
789,789,Real-World,cublas,FP32,320,768,768,377487360,0.107469,0.058778,1.828397,1.0,True,pass,,0.8821860924363136
789,789,Real-World,cublas,INT8,320,768,768,377487360,0.012954,0.01239,1.045454,1.0,True,pass,,0.8821860924363136
790,790,Real-World,cublas,FP16,1024,1024,16,33554432,0.014797,0.014848,0.996552,1.0,True,pass,,0.7767088487744331
790,790,Real-World,cublas,FP32,1024,1024,16,33554432,0.014029,0.012954,1.083004,1.0,True,pass,,0.7767088487744331
790,790,Real-World,cublas,INT8,1024,1024,16,33554432,0.013466,0.011725,1.148472,1.0,True,pass,,0.7767088487744331
791,791,Real-World,cublas,FP16,1024,16,1024,33554432,0.013568,0.013824,0.981481,1.0,True,pass,,0.8133920840919018
791,791,Real-World,cublas,FP32,1024,16,1024,33554432,0.022118,0.073677,0.300208,1.0,True,pass,,0.8133920840919018
791,791,Real-World,cublas,INT8,1024,16,1024,33554432,0.013312,0.012698,1.048387,1.0,True,pass,,0.8133920840919018
792,792,Real-World,cublas,FP16,16,512,2048,33554432,0.017203,0.021402,0.803828,1.0,True,pass,,0.8965193163603544
792,792,Real-World,cublas,FP32,16,512,2048,33554432,0.02391,0.092058,0.259733,1.0,True,pass,,0.8965193163603544
792,792,Real-World,cublas,INT8,16,512,2048,33554432,0.017869,0.018432,0.969445,1.0,True,pass,,0.8965193163603544
793,793,Real-World,cublas,FP16,16,2048,512,33554432,0.012186,0.013414,0.908397,1.0,True,pass,,0.8216706067323685
793,793,Real-World,cublas,FP32,16,2048,512,33554432,0.023245,0.021658,1.073286,1.0,True,pass,,0.8216706067323685
793,793,Real-World,cublas,INT8,16,2048,512,33554432,0.011571,0.010496,1.102439,1.0,True,pass,,0.8216706067323685
794,794,Real-World,cublas,FP16,122,2000,400,195200000,0.021299,0.01623,1.312303,1.0,True,pass,,0.8893877938389778
794,794,Real-World,cublas,FP32,122,2000,400,195200000,0.032102,0.048384,0.663492,1.0,True,pass,,0.8893877938389778
794,794,Real-World,cublas,INT8,122,2000,400,195200000,,,,,False,missing,Running INT8...Error benchmarking size 122x2000x400: std::exception,0.8893877938389778
795,795,Real-World,cublas,FP16,2072,20,512,42434560,0.01239,0.015309,0.809365,1.0,True,pass,,0.8356426078826189
795,795,Real-World,cublas,FP32,2072,20,512,42434560,0.022323,0.020685,1.079208,1.0,True,pass,,0.8356426078826189
795,795,Real-World,cublas,INT8,2072,20,512,42434560,0.014336,0.010701,1.339713,1.0,True,pass,,0.8356426078826189
796,796,Real-World,cublas,FP16,32,1024,1024,67108864,0.013773,0.01536,0.896667,1.0,True,pass,,0.834328455850482
796,796,Real-World,cublas,FP32,32,1024,1024,67108864,0.020173,0.073933,0.272853,1.0,True,pass,,0.834328455850482
796,796,Real-World,cublas,INT8,32,1024,1024,67108864,0.01321,0.013107,1.007813,1.0,True,pass,,0.834328455850482
797,797,Real-World,cublas,FP16,490,63,1960,121010400,0.019917,0.019046,1.045699,1.0,True,pass,,0.9040283989161253
797,797,Real-World,cublas,FP32,490,63,1960,121010400,0.02601,0.151552,0.171622,1.0,True,pass,,0.9040283989161253
797,797,Real-World,cublas,INT8,490,63,1960,121010400,,,,,False,missing,Running INT8...Error benchmarking size 490x63x1960: std::exception,0.9040283989161253
798,798,Real-World,cublas,FP16,33,1024,1024,69206016,0.02007,0.015462,1.298013,1.0,True,pass,,0.9227347187697887
798,798,Real-World,cublas,FP32,33,1024,1024,69206016,0.025907,0.074598,0.347289,1.0,True,pass,,0.9227347187697887
798,798,Real-World,cublas,INT8,33,1024,1024,69206016,,,,,False,missing,Running INT8...Error benchmarking size 33x1024x1024: std::exception,0.9227347187697887
799,799,Real-World,cublas,FP16,16,4096,256,33554432,0.014541,0.014131,1.028985,1.0,True,pass,,0.8188755381852388
799,799,Real-World,cublas,FP32,16,4096,256,33554432,0.019456,0.044646,0.43578,1.0,True,pass,,0.8188755381852388
799,799,Real-World,cublas,INT8,16,4096,256,33554432,0.011469,0.009882,1.160622,1.0,True,pass,,0.8188755381852388
800,800,Real-World,cublas,FP16,16,256,4096,33554432,0.01623,0.030003,0.540956,1.0,True,pass,,0.8511456977576017
800,800,Real-World,cublas,FP32,16,256,4096,33554432,0.022477,0.152525,0.147365,1.0,True,pass,,0.8511456977576017
800,800,Real-World,cublas,INT8,16,256,4096,33554432,0.020224,0.03497,0.578331,1.0,True,pass,,0.8511456977576017
801,801,Real-World,cublas,FP16,162,360,2048,238878720,0.021094,0.023347,0.903509,1.0,True,pass,,0.9589611198753119
801,801,Real-World,cublas,FP32,162,360,2048,238878720,0.040192,0.159693,0.251683,1.0,True,pass,,0.9589611198753119
801,801,Real-World,cublas,INT8,162,360,2048,238878720,,,,,False,missing,Running INT8...Error benchmarking size 162x360x2048: std::exception,0.9589611198753119
802,802,Real-World,cublas,FP16,32,512,2048,67108864,0.016128,0.01879,0.858311,1.0,True,pass,,0.855020321905613
802,802,Real-World,cublas,FP32,32,512,2048,67108864,0.022016,0.092058,0.239155,1.0,True,pass,,0.855020321905613
802,802,Real-World,cublas,INT8,32,512,2048,67108864,0.015616,0.016538,0.944272,1.0,True,pass,,0.855020321905613
803,803,Real-World,cublas,FP16,32,2048,512,67108864,0.012083,0.01449,0.833922,1.0,True,pass,,0.8239559642970562
803,803,Real-World,cublas,FP32,32,2048,512,67108864,0.02304,0.06231,0.369762,1.0,True,pass,,0.8239559642970562
803,803,Real-World,cublas,INT8,32,2048,512,67108864,0.012134,0.010854,1.117925,1.0,True,pass,,0.8239559642970562
804,804,Real-World,cublas,FP16,2080,32,512,68157440,0.0128,0.014541,0.880282,1.0,True,pass,,0.8436228763312101
804,804,Real-World,cublas,FP32,2080,32,512,68157440,0.022528,0.020531,1.097257,1.0,True,pass,,0.8436228763312101
804,804,Real-World,cublas,INT8,2080,32,512,68157440,0.012134,0.010957,1.107477,1.0,True,pass,,0.8436228763312101
805,805,Real-World,cublas,FP16,96,1000,960,184320000,0.014541,0.018074,0.804532,1.0,True,pass,,0.8554209135472775
805,805,Real-World,cublas,FP32,96,1000,960,184320000,0.028518,0.079514,0.358661,1.0,True,pass,,0.8554209135472775
805,805,Real-World,cublas,INT8,96,1000,960,184320000,0.012851,0.01239,1.03719,1.0,True,pass,,0.8554209135472775
806,806,Real-World,cublas,FP16,39,512,2048,81788928,0.020685,0.018534,1.116022,1.0,True,pass,,0.965029751881957
806,806,Real-World,cublas,FP32,39,512,2048,81788928,0.026931,0.091546,0.294183,1.0,True,pass,,0.965029751881957
806,806,Real-World,cublas,INT8,39,512,2048,81788928,,,,,False,missing,Running INT8...Error benchmarking size 39x512x2048: std::exception,0.965029751881957
807,807,Real-World,cublas,FP16,96,1008,960,185794560,0.01449,0.01623,0.892744,1.0,True,pass,,1.1873287092894316
807,807,Real-World,cublas,FP32,96,1008,960,185794560,0.045773,0.090982,0.503095,1.0,True,pass,,1.1873287092894316
807,807,Real-World,cublas,INT8,96,1008,960,185794560,0.011162,0.134195,0.083174,1.0,True,pass,,1.1873287092894316
808,808,Real-World,cublas,FP16,2072,40,512,84869120,0.01239,0.012646,0.979757,1.0,True,pass,,1.4589909370988607
808,808,Real-World,cublas,FP32,2072,40,512,84869120,0.029338,0.035942,0.816239,1.0,True,pass,,1.4589909370988607
808,808,Real-World,cublas,INT8,2072,40,512,84869120,0.013722,0.011725,1.170306,1.0,True,pass,,1.4589909370988607
809,809,Real-World,cublas,FP16,6050,128,64,99123200,0.012851,0.011059,1.162037,1.0,True,pass,,1.4335194192826748
809,809,Real-World,cublas,FP32,6050,128,64,99123200,0.016282,0.018739,0.868853,1.0,True,pass,,1.4335194192826748
809,809,Real-World,cublas,INT8,6050,128,64,99123200,,,,,False,missing,Running INT8...Error benchmarking size 6050x128x64: std::exception,1.4335194192826748
810,810,Real-World,cublas,FP16,6064,128,64,99352576,0.010445,0.01111,0.940092,1.0,True,pass,,0.9908198341727257
810,810,Real-World,cublas,FP32,6064,128,64,99352576,0.016845,0.018688,0.90137,1.0,True,pass,,0.9908198341727257
810,810,Real-World,cublas,INT8,6064,128,64,99352576,0.011571,0.011264,1.027273,1.0,True,pass,,0.9908198341727257
811,811,Real-World,cublas,FP16,384,768,768,452984832,0.012646,0.013978,0.904762,1.0,True,pass,,1.0652208104729652
811,811,Real-World,cublas,FP32,384,768,768,452984832,0.049408,0.068198,0.724475,1.0,True,pass,,1.0652208104729652
811,811,Real-World,cublas,INT8,384,768,768,452984832,0.010496,0.011981,0.876068,1.0,True,pass,,1.0652208104729652
812,812,Real-World,cublas,FP16,1200,257,600,370080000,0.014387,0.016794,0.856707,1.0,True,pass,,1.105358213186264
812,812,Real-World,cublas,FP32,1200,257,600,370080000,0.047923,0.06825,0.702176,1.0,True,pass,,1.105358213186264
812,812,Real-World,cublas,INT8,1200,257,600,370080000,0.018176,0.016435,1.105919,1.0,True,pass,,1.105358213186264
813,813,Real-World,cublas,FP16,32,4096,256,67108864,0.010189,0.011674,0.872807,1.0,True,pass,,1.133126050233841
813,813,Real-World,cublas,FP32,32,4096,256,67108864,0.020992,0.046234,0.454042,1.0,True,pass,,1.133126050233841
813,813,Real-World,cublas,INT8,32,4096,256,67108864,0.009523,0.009523,1.0,1.0,True,pass,,1.133126050233841
814,814,Real-World,cublas,FP16,2080,48,512,102236160,0.010803,0.01152,0.937778,1.0,True,pass,,1.088742071762681
814,814,Real-World,cublas,FP32,2080,48,512,102236160,0.024986,0.032461,0.769716,1.0,True,pass,,1.088742071762681
814,814,Real-World,cublas,INT8,2080,48,512,102236160,0.009933,0.010803,0.919432,1.0,True,pass,,1.088742071762681
815,815,Real-World,cublas,FP16,512,320,1248,408944640,0.013722,0.014336,0.957143,1.0,True,pass,,1.0398824140429497
815,815,Real-World,cublas,FP32,512,320,1248,408944640,0.064819,0.10921,0.59353,1.0,True,pass,,1.0398824140429497
815,815,Real-World,cublas,INT8,512,320,1248,408944640,0.012134,0.014694,0.825784,1.0,True,pass,,1.0398824140429497
816,816,Real-World,cublas,FP16,512,1248,320,408944640,0.011366,0.013568,0.837736,1.0,True,pass,,1.098316628485918
816,816,Real-World,cublas,FP32,512,1248,320,408944640,0.038349,0.051763,0.740851,1.0,True,pass,,1.098316628485918
816,816,Real-World,cublas,INT8,512,1248,320,408944640,0.011059,0.010752,1.028571,1.0,True,pass,,1.098316628485918
817,817,Real-World,cublas,FP16,1000,91,1024,186368000,0.012595,0.014182,0.888087,1.0,True,pass,,1.1184324473142624
817,817,Real-World,cublas,FP32,1000,91,1024,186368000,0.028262,0.085709,0.329749,1.0,True,pass,,1.1184324473142624
817,817,Real-World,cublas,INT8,1000,91,1024,186368000,0.017306,0.013568,1.275472,1.0,True,pass,,1.1184324473142624
818,818,Real-World,cublas,FP16,960,500,500,480000000,0.02048,0.01961,1.044387,1.0,True,pass,,1.0975050553679466
818,818,Real-World,cublas,FP32,960,500,500,480000000,0.04777,0.080486,0.593511,1.0,True,pass,,1.0975050553679466
818,818,Real-World,cublas,INT8,960,500,500,480000000,0.016794,0.015923,1.054663,1.0,True,pass,,1.0975050553679466
819,819,Real-World,cublas,FP16,64,512,2048,134217728,0.012954,0.015616,0.829508,1.0,True,pass,,1.1737250592559576
819,819,Real-World,cublas,FP32,64,512,2048,134217728,0.029286,0.182989,0.160045,1.0,True,pass,,1.1737250592559576
819,819,Real-World,cublas,INT8,64,512,2048,134217728,0.014182,0.016333,0.868339,1.0,True,pass,,1.1737250592559576
820,820,Real-World,cublas,FP16,64,2048,512,134217728,0.012186,0.01065,1.144231,1.0,True,pass,,1.0458779875189066
820,820,Real-World,cublas,FP32,64,2048,512,134217728,0.027085,0.073267,0.369671,1.0,True,pass,,1.0458779875189066
820,820,Real-World,cublas,INT8,64,2048,512,134217728,0.009574,0.010598,0.903382,1.0,True,pass,,1.0458779875189066
821,821,Real-World,cublas,FP16,1536,768,16,37748736,0.011418,0.011315,1.00905,1.0,True,pass,,1.0792097132652998
821,821,Real-World,cublas,FP32,1536,768,16,37748736,0.011981,0.012698,0.943548,1.0,True,pass,,1.0792097132652998
821,821,Real-World,cublas,INT8,1536,768,16,37748736,0.011776,0.012032,0.978723,1.0,True,pass,,1.0792097132652998
822,822,Real-World,cublas,FP16,4000,100,200,160000000,0.011418,0.012237,0.933054,1.0,True,pass,,1.0509530361741781
822,822,Real-World,cublas,FP32,4000,100,200,160000000,0.030106,0.036506,0.824684,1.0,True,pass,,1.0509530361741781
822,822,Real-World,cublas,INT8,4000,100,200,160000000,0.013773,0.010803,1.274882,1.0,True,pass,,1.0509530361741781
823,823,Real-World,cublas,FP16,1008,96,1024,198180864,0.011725,0.014438,0.812057,1.0,True,pass,,1.0928826872259378
823,823,Real-World,cublas,FP32,1008,96,1024,198180864,0.028416,0.086886,0.327048,1.0,True,pass,,1.0928826872259378
823,823,Real-World,cublas,INT8,1008,96,1024,198180864,0.011315,0.013568,0.833962,1.0,True,pass,,1.0928826872259378
824,824,Real-World,cublas,FP16,960,512,512,503316480,0.0128,0.012646,1.012146,1.0,True,pass,,1.0079045165330172
824,824,Real-World,cublas,FP32,960,512,512,503316480,0.050125,0.075059,0.667804,1.0,True,pass,,1.0079045165330172
824,824,Real-World,cublas,INT8,960,512,512,503316480,0.011827,0.010957,1.079439,1.0,True,pass,,1.0079045165330172
825,825,Real-World,cublas,FP16,118,1000,1024,241664000,0.023654,0.012442,1.901234,1.0,True,pass,,1.2862518075853586
825,825,Real-World,cublas,FP32,118,1000,1024,241664000,0.035533,0.088474,0.401621,1.0,True,pass,,1.2862518075853586
825,825,Real-World,cublas,INT8,118,1000,1024,241664000,,,,,False,missing,Running INT8...Error benchmarking size 118x1000x1024: std::exception,1.2862518075853586
826,826,Real-World,cublas,FP16,1168,32,1024,76546048,0.012544,0.013363,0.938697,1.0,True,pass,,1.0355113875120878
826,826,Real-World,cublas,FP32,1168,32,1024,76546048,0.020787,0.092826,0.223938,1.0,True,pass,,1.0355113875120878
826,826,Real-World,cublas,INT8,1168,32,1024,76546048,0.010854,0.012749,0.851405,1.0,True,pass,,1.0355113875120878
827,827,Real-World,cublas,FP16,992,512,512,520093696,0.014336,0.017306,0.828402,1.0,True,pass,,0.9130990318953991
827,827,Real-World,cublas,FP32,992,512,512,520093696,0.051558,0.070656,0.72971,1.0,True,pass,,0.9130990318953991
827,827,Real-World,cublas,INT8,992,512,512,520093696,0.014234,0.011059,1.287037,1.0,True,pass,,0.9130990318953991
828,828,Real-World,cublas,FP16,4096,312,2,5111808,0.01751,0.012186,1.436975,1.0,True,pass,,0.7553532440215349
828,828,Real-World,cublas,FP32,4096,312,2,5111808,0.01367,0.012493,1.094262,1.0,True,pass,,0.7553532440215349
828,828,Real-World,cublas,INT8,4096,312,2,5111808,0.00983,0.010291,0.955224,0.0,False,incorrect,Cosine similarity threshold failed,0.7553532440215349
829,829,Real-World,cublas,FP16,2000,300,300,360000000,0.019302,0.015616,1.236066,1.0,True,pass,,0.7882994264364243
829,829,Real-World,cublas,FP32,2000,300,300,360000000,0.042957,0.048384,0.887831,1.0,True,pass,,0.7882994264364243
829,829,Real-World,cublas,INT8,2000,300,300,360000000,0.017254,0.016282,1.059748,1.0,True,pass,,0.7882994264364243
830,830,Real-World,cublas,FP16,10000,1,128,2560000,0.011213,0.01367,0.820224,1.0,True,pass,,0.8401396442204714
830,830,Real-World,cublas,FP32,10000,1,128,2560000,0.010445,0.020122,0.519084,1.0,True,pass,,0.8401396442204714
830,830,Real-World,cublas,INT8,10000,1,128,2560000,0.013005,0.009677,1.343915,1.0,True,pass,,0.8401396442204714
831,831,Real-World,cublas,FP16,128,1008,1024,264241152,0.014541,0.016589,0.876543,1.0,True,pass,,0.8578985445201397
831,831,Real-World,cublas,FP32,128,1008,1024,264241152,0.036762,0.07465,0.492455,1.0,True,pass,,0.8578985445201397
831,831,Real-World,cublas,INT8,128,1008,1024,264241152,0.013517,0.013824,0.977778,1.0,True,pass,,0.8578985445201397
832,832,Real-World,cublas,FP16,512,1008,512,528482304,0.01495,0.016998,0.879518,1.0,True,pass,,0.8348436392843723
832,832,Real-World,cublas,FP32,512,1008,512,528482304,0.050483,0.070298,0.718135,1.0,True,pass,,0.8348436392843723
832,832,Real-World,cublas,INT8,512,1008,512,528482304,0.014182,0.011162,1.270642,1.0,True,pass,,0.8348436392843723
833,833,Real-World,cublas,FP16,2000,208,400,332800000,0.013926,0.016896,0.824242,1.0,True,pass,,0.8481198418885469
833,833,Real-World,cublas,FP32,2000,208,400,332800000,0.049152,0.049408,0.994819,1.0,True,pass,,0.8481198418885469
833,833,Real-World,cublas,INT8,2000,208,400,332800000,0.01536,0.011213,1.369863,1.0,True,pass,,0.8481198418885469
834,834,Real-World,cublas,FP16,2000,304,304,369664000,0.014643,0.018381,0.796657,1.0,True,pass,,0.8491657990962267
834,834,Real-World,cublas,FP32,2000,304,304,369664000,0.042701,0.048128,0.887234,1.0,True,pass,,0.8491657990962267
834,834,Real-World,cublas,INT8,2000,304,304,369664000,0.016128,0.011674,1.381579,1.0,True,pass,,0.8491657990962267
835,835,Real-World,cublas,FP16,127,1024,1024,266338304,0.028109,0.016845,1.668693,1.0,True,pass,,1.0136233288794756
835,835,Real-World,cublas,FP32,127,1024,1024,266338304,0.036762,0.074496,0.493471,1.0,True,pass,,1.0136233288794756
835,835,Real-World,cublas,INT8,127,1024,1024,266338304,,,,,False,missing,Running INT8...Error benchmarking size 127x1024x1024: std::exception,1.0136233288794756
836,836,Real-World,cublas,FP16,128,1024,1024,268435456,0.014387,0.016538,0.869969,1.0,True,pass,,0.8363000936806202
836,836,Real-World,cublas,FP32,128,1024,1024,268435456,0.036762,0.074394,0.49415,1.0,True,pass,,0.8363000936806202
836,836,Real-World,cublas,INT8,128,1024,1024,268435456,0.013722,0.013517,1.015151,1.0,True,pass,,0.8363000936806202
837,837,Real-World,cublas,FP16,1024,512,512,536870912,0.014234,0.016947,0.839879,1.0,True,pass,,0.8032274134457111
837,837,Real-World,cublas,FP32,1024,512,512,536870912,0.053299,0.070656,0.754348,1.0,True,pass,,0.8032274134457111
837,837,Real-World,cublas,INT8,1024,512,512,536870912,0.014029,0.011162,1.256881,1.0,True,pass,,0.8032274134457111
838,838,Real-World,cublas,FP16,103,2048,512,216006656,0.022886,0.016333,1.401254,1.0,True,pass,,0.911329222843051
838,838,Real-World,cublas,FP32,103,2048,512,216006656,0.03625,0.06999,0.517922,1.0,True,pass,,0.911329222843051
838,838,Real-World,cublas,INT8,103,2048,512,216006656,,,,,False,missing,Running INT8...Error benchmarking size 103x2048x512: std::exception,0.911329222843051
839,839,Real-World,cublas,FP16,31,600,2056,76483200,0.019712,0.019251,1.023936,1.0,True,pass,,0.9642765671014786
839,839,Real-World,cublas,FP32,31,600,2056,76483200,0.024166,0.090829,0.266065,1.0,True,pass,,0.9642765671014786
839,839,Real-World,cublas,INT8,31,600,2056,76483200,,,,,False,missing,Running INT8...Error benchmarking size 31x600x2056: std::exception,0.9642765671014786
840,840,Real-World,cublas,FP16,16,1008,1280,41287680,0.014899,0.015616,0.954098,1.0,True,pass,,0.8489568009972572
840,840,Real-World,cublas,FP32,16,1008,1280,41287680,0.02345,0.102144,0.229574,1.0,True,pass,,0.8489568009972572
840,840,Real-World,cublas,INT8,16,1008,1280,41287680,0.01367,0.013824,0.988889,1.0,True,pass,,0.8489568009972572
841,841,Real-World,cublas,FP16,1,3456,384,2654208,0.010547,0.013414,0.78626,1.0,True,pass,,0.9627107717096806
841,841,Real-World,cublas,FP32,1,3456,384,2654208,0.023654,0.089651,0.263849,1.0,True,pass,,0.9627107717096806
841,841,Real-World,cublas,INT8,1,3456,384,2654208,,,,,False,missing,Running INT8...Error benchmarking size 1x3456x384: std::exception,0.9627107717096806
842,842,Real-World,cublas,FP16,1,384,3456,2654208,0.011827,0.029798,0.396907,1.0,True,pass,,0.9627741482108831
842,842,Real-World,cublas,FP32,1,384,3456,2654208,0.01239,0.129485,0.09569,1.0,True,pass,,0.9627741482108831
842,842,Real-World,cublas,INT8,1,384,3456,2654208,,,,,False,missing,Running INT8...Error benchmarking size 1x384x3456: std::exception,0.9627741482108831
843,843,Real-World,cublas,FP16,6000,16,208,39936000,0.012493,0.014182,0.880866,1.0,True,pass,,0.8079183269292116
843,843,Real-World,cublas,FP32,6000,16,208,39936000,0.021555,0.026726,0.806513,1.0,True,pass,,0.8079183269292116
843,843,Real-World,cublas,INT8,6000,16,208,39936000,0.020122,0.009882,2.03627,1.0,True,pass,,0.8079183269292116
844,844,Real-World,cublas,FP16,104,1400,800,232960000,0.013926,0.016691,0.834356,1.0,True,pass,,0.9698840565979481
844,844,Real-World,cublas,FP32,104,1400,800,232960000,0.039219,0.068301,0.574213,1.0,True,pass,,0.9698840565979481
844,844,Real-World,cublas,INT8,104,1400,800,232960000,0.016282,0.013414,1.21374,1.0,True,pass,,0.9698840565979481
845,845,Real-World,cublas,FP16,512,768,768,603979776,0.015821,0.016128,0.980952,1.0,True,pass,,1.3284616563469172
845,845,Real-World,cublas,FP32,512,768,768,603979776,0.066611,0.093491,0.712487,1.0,True,pass,,1.3284616563469172
845,845,Real-World,cublas,INT8,512,768,768,603979776,0.012442,0.013773,0.903346,1.0,True,pass,,1.3284616563469172
846,846,Real-World,cublas,FP16,128,512,2048,268435456,0.015053,0.020224,0.744304,1.0,True,pass,,1.1488248370587826
846,846,Real-World,cublas,FP32,128,512,2048,268435456,0.038195,0.178586,0.213876,1.0,True,pass,,1.1488248370587826
846,846,Real-World,cublas,INT8,128,512,2048,268435456,0.014131,0.017562,0.804665,1.0,True,pass,,1.1488248370587826
847,847,Real-World,cublas,FP16,128,2048,512,268435456,0.01495,0.013414,1.114504,1.0,True,pass,,1.123675286769867
847,847,Real-World,cublas,FP32,128,2048,512,268435456,0.035174,0.073882,0.476092,1.0,True,pass,,1.123675286769867
847,847,Real-World,cublas,INT8,128,2048,512,268435456,0.010906,0.011008,0.990698,1.0,True,pass,,1.123675286769867
848,848,Real-World,cublas,FP16,185,1000,1024,378880000,0.033638,0.013414,2.507634,1.0,True,pass,,1.2615186795592308
848,848,Real-World,cublas,FP32,185,1000,1024,378880000,0.04393,0.084787,0.518116,1.0,True,pass,,1.2615186795592308
848,848,Real-World,cublas,INT8,185,1000,1024,378880000,,,,,False,missing,Running INT8...Error benchmarking size 185x1000x1024: std::exception,1.2615186795592308
849,849,Real-World,cublas,FP16,2560,32,512,83886080,0.011162,0.011315,0.986425,1.0,True,pass,,1.0598767679184675
849,849,Real-World,cublas,FP32,2560,32,512,83886080,0.021504,0.027597,0.779221,1.0,True,pass,,1.0598767679184675
849,849,Real-World,cublas,INT8,2560,32,512,83886080,0.009984,0.01065,0.9375,1.0,True,pass,,1.0598767679184675
850,850,Real-World,cublas,FP16,2048,320,320,419430400,0.01152,0.01495,0.770548,1.0,True,pass,,1.108440199866891
850,850,Real-World,cublas,FP32,2048,320,320,419430400,0.045107,0.052122,0.865422,1.0,True,pass,,1.108440199866891
850,850,Real-World,cublas,INT8,2048,320,320,419430400,0.011315,0.010957,1.03271,1.0,True,pass,,1.108440199866891
851,851,Real-World,cublas,FP16,160,4,8704,11141120,0.014182,0.838451,0.016915,1.0,True,pass,,1.1450340896844864
851,851,Real-World,cublas,FP32,160,4,8704,11141120,0.028006,0.539085,0.051952,1.0,True,pass,,1.1450340896844864
851,851,Real-World,cublas,INT8,160,4,8704,11141120,0.043827,0.06231,0.703369,1.0,True,pass,,1.1450340896844864
852,852,Real-World,cublas,FP16,2560,48,512,125829120,0.011366,0.010598,1.072464,1.0,True,pass,,1.032696319743991
852,852,Real-World,cublas,FP32,2560,48,512,125829120,0.075878,0.03241,2.341232,1.0,True,pass,,1.032696319743991
852,852,Real-World,cublas,INT8,2560,48,512,125829120,0.009882,0.01065,0.927885,1.0,True,pass,,1.032696319743991
853,853,Real-World,cublas,FP16,384,384,1728,509607936,0.015206,0.014899,1.020619,1.0,True,pass,,1.145524414256215
853,853,Real-World,cublas,FP32,384,384,1728,509607936,0.116992,0.09687,1.207717,1.0,True,pass,,1.145524414256215
853,853,Real-World,cublas,INT8,384,384,1728,509607936,0.013005,0.01623,0.801262,1.0,True,pass,,1.145524414256215
854,854,Real-World,cublas,FP16,1536,768,128,301989888,0.01321,0.012646,1.044534,1.0,True,pass,,1.1103344559669495
854,854,Real-World,cublas,FP32,1536,768,128,301989888,0.031744,0.030003,1.058021,1.0,True,pass,,1.1103344559669495
854,854,Real-World,cublas,INT8,1536,768,128,301989888,0.011622,0.011827,0.982684,1.0,True,pass,,1.1103344559669495
855,855,Real-World,cublas,FP16,208,1024,1024,436207616,0.014797,0.01367,1.082397,1.0,True,pass,,1.1793902833014727
855,855,Real-World,cublas,FP32,208,1024,1024,436207616,0.058675,0.096614,0.607313,1.0,True,pass,,1.1793902833014727
855,855,Real-World,cublas,INT8,208,1024,1024,436207616,0.011622,0.013568,0.856604,1.0,True,pass,,1.1793902833014727
856,856,Real-World,cublas,FP16,2544,64,512,166723584,0.01111,0.011725,0.947598,1.0,True,pass,,1.1615885850042105
856,856,Real-World,cublas,FP32,2544,64,512,166723584,0.032051,0.032307,0.992076,1.0,True,pass,,1.1615885850042105
856,856,Real-World,cublas,INT8,2544,64,512,166723584,0.009779,0.010854,0.900944,1.0,True,pass,,1.1615885850042105
857,857,Real-World,cublas,FP16,2544,512,64,166723584,0.011008,0.012339,0.892116,1.0,True,pass,,1.0383756794035435
857,857,Real-World,cublas,FP32,2544,512,64,166723584,0.020582,0.024115,0.853503,1.0,True,pass,,1.0383756794035435
857,857,Real-World,cublas,INT8,2544,512,64,166723584,0.011674,0.011878,0.982758,1.0,True,pass,,1.0383756794035435
858,858,Real-World,cublas,FP16,10000,50,100,100000000,0.012339,0.012237,1.008368,1.0,True,pass,,1.0694595370441675
858,858,Real-World,cublas,FP32,10000,50,100,100000000,0.021914,0.0256,0.856,1.0,True,pass,,1.0694595370441675
858,858,Real-World,cublas,INT8,10000,50,100,100000000,0.017459,0.014234,1.226619,1.0,True,pass,,1.0694595370441675
859,859,Real-World,cublas,FP16,256,112,4096,234881024,0.014746,0.02304,0.64,1.0,True,pass,,1.131198450922966
859,859,Real-World,cublas,FP32,256,112,4096,234881024,0.034253,0.205517,0.166667,1.0,True,pass,,1.131198450922966
859,859,Real-World,cublas,INT8,256,112,4096,234881024,0.019354,0.039782,0.486486,1.0,True,pass,,1.131198450922966
860,860,Real-World,cublas,FP16,2400,208,400,399360000,0.012288,0.012544,0.979592,1.0,True,pass,,1.0370276030153036
860,860,Real-World,cublas,FP32,2400,208,400,399360000,0.0512,0.052224,0.980392,1.0,True,pass,,1.0370276030153036
860,860,Real-World,cublas,INT8,2400,208,400,399360000,0.013107,0.011622,1.127753,1.0,True,pass,,1.0370276030153036
861,861,Real-World,cublas,FP16,59,1000,1408,166144000,0.02135,0.016384,1.303125,1.0,True,pass,,1.2792079206556082
861,861,Real-World,cublas,FP32,59,1000,1408,166144000,0.034867,0.132454,0.263239,1.0,True,pass,,1.2792079206556082
861,861,Real-World,cublas,INT8,59,1000,1408,166144000,,,,,False,missing,Running INT8...Error benchmarking size 59x1000x1408: std::exception,1.2792079206556082
862,862,Real-World,cublas,FP16,1632,128,768,320864256,0.012288,0.012954,0.948617,1.0,True,pass,,1.0350184869021177
862,862,Real-World,cublas,FP32,1632,128,768,320864256,0.043264,0.049664,0.871134,1.0,True,pass,,1.0350184869021177
862,862,Real-World,cublas,INT8,1632,128,768,320864256,0.011059,0.012186,0.907563,1.0,True,pass,,1.0350184869021177
863,863,Real-World,cublas,FP16,16,1088,1408,49020928,0.01623,0.016384,0.990625,1.0,True,pass,,0.973173638805747
863,863,Real-World,cublas,FP32,16,1088,1408,49020928,0.024576,0.111053,0.2213,1.0,True,pass,,0.973173638805747
863,863,Real-World,cublas,INT8,16,1088,1408,49020928,0.013824,0.014234,0.971223,1.0,True,pass,,0.973173638805747
864,864,Real-World,cublas,FP16,640,768,768,754974720,0.018842,0.018586,1.013774,1.0,True,pass,,0.82709925994277
864,864,Real-World,cublas,FP32,640,768,768,754974720,0.074547,0.096768,0.77037,1.0,True,pass,,0.82709925994277
864,864,Real-World,cublas,INT8,640,768,768,754974720,0.015411,0.012083,1.275424,1.0,True,pass,,0.82709925994277
865,865,Real-World,cublas,FP16,256,1024,1024,536870912,0.018893,0.017971,1.051282,1.0,True,pass,,0.9131593741476536
865,865,Real-World,cublas,FP32,256,1024,1024,536870912,0.060826,0.097638,0.622968,1.0,True,pass,,0.9131593741476536
865,865,Real-World,cublas,INT8,256,1024,1024,536870912,0.014029,0.013363,1.049808,1.0,True,pass,,0.9131593741476536
866,866,Real-World,cublas,FP16,640,100,2048,262144000,0.018022,0.023347,0.77193,1.0,True,pass,,0.8852277491241693
866,866,Real-World,cublas,FP32,640,100,2048,262144000,0.173926,0.092416,1.881995,1.0,True,pass,,0.8852277491241693
866,866,Real-World,cublas,INT8,640,100,2048,262144000,0.016538,0.019046,0.86828,1.0,True,pass,,0.8852277491241693
867,867,Real-World,cublas,FP16,16,1008,1536,49545216,0.016333,0.015667,1.042484,1.0,True,pass,,0.899622606113553
867,867,Real-World,cublas,FP32,16,1008,1536,49545216,0.025446,0.120781,0.210682,1.0,True,pass,,0.899622606113553
867,867,Real-World,cublas,INT8,16,1008,1536,49545216,0.014336,0.015104,0.949153,1.0,True,pass,,0.899622606113553
868,868,Real-World,cublas,FP16,2512,208,400,417996800,0.013926,0.017152,0.81194,1.0,True,pass,,0.8319948744028807
868,868,Real-World,cublas,FP32,2512,208,400,417996800,0.050586,0.048691,1.038906,1.0,True,pass,,0.8319948744028807
868,868,Real-World,cublas,INT8,2512,208,400,417996800,0.016947,0.012288,1.379167,1.0,True,pass,,0.8319948744028807
869,869,Real-World,cublas,FP16,2048,16,768,50331648,0.014029,0.015104,0.928814,1.0,True,pass,,0.9238680675625801
869,869,Real-World,cublas,FP32,2048,16,768,50331648,0.022682,0.024678,0.919087,1.0,True,pass,,0.9238680675625801
869,869,Real-World,cublas,INT8,2048,16,768,50331648,0.014797,0.011827,1.251082,1.0,True,pass,,0.9238680675625801
870,870,Real-World,cublas,FP16,2048,768,16,50331648,0.012646,0.01623,0.77918,1.0,True,pass,,0.820780573412776
870,870,Real-World,cublas,FP32,2048,768,16,50331648,0.015514,0.014899,1.041237,1.0,True,pass,,0.820780573412776
870,870,Real-World,cublas,INT8,2048,768,16,50331648,0.015309,0.012032,1.27234,1.0,True,pass,,0.820780573412776
871,871,Real-World,cublas,FP16,33,1000,1536,101376000,0.022682,0.017357,1.306784,1.0,True,pass,,0.9787396807223558
871,871,Real-World,cublas,FP32,33,1000,1536,101376000,0.029082,0.120832,0.240678,1.0,True,pass,,0.9787396807223558
871,871,Real-World,cublas,INT8,33,1000,1536,101376000,,,,,False,missing,Running INT8...Error benchmarking size 33x1000x1536: std::exception,0.9787396807223558
872,872,Real-World,cublas,FP16,32,1008,1536,99090432,0.018022,0.01751,1.02924,1.0,True,pass,,0.9209301080554724
872,872,Real-World,cublas,FP32,32,1008,1536,99090432,0.025805,0.120934,0.213378,1.0,True,pass,,0.9209301080554724
872,872,Real-World,cublas,INT8,32,1008,1536,99090432,0.014234,0.014643,0.972028,1.0,True,pass,,0.9209301080554724
873,873,Real-World,cublas,FP16,134,4096,256,281018368,0.021197,0.019661,1.078125,1.0,True,pass,,1.0822577979415655
873,873,Real-World,cublas,FP32,134,4096,256,281018368,0.039014,0.048333,0.807203,1.0,True,pass,,1.0822577979415655
873,873,Real-World,cublas,INT8,134,4096,256,281018368,,,,,False,missing,Running INT8...Error benchmarking size 134x4096x256: std::exception,1.0822577979415655
874,874,Real-World,cublas,FP16,16,16,51200,26214400,0.019661,0.048896,0.402094,1.0,True,pass,,0.9891314059495926
874,874,Real-World,cublas,FP32,16,16,51200,26214400,0.027238,4.281139,0.006362,1.0,True,pass,,0.9891314059495926
874,874,Real-World,cublas,INT8,16,16,51200,26214400,0.134605,0.095386,1.411165,1.0,True,pass,,0.9891314059495926
875,875,Real-World,cublas,FP16,320,1024,1024,671088640,0.019456,0.018586,1.046832,1.0,True,pass,,0.8676029443740845
875,875,Real-World,cublas,FP32,320,1024,1024,671088640,0.060928,0.098406,0.619147,1.0,True,pass,,0.8676029443740845
875,875,Real-World,cublas,INT8,320,1024,1024,671088640,0.01664,0.013773,1.208179,1.0,True,pass,,0.8676029443740845
876,876,Real-World,cublas,FP16,400,368,2048,602931200,0.018125,0.02217,0.817552,1.0,True,pass,,0.9340018630027771
876,876,Real-World,cublas,FP32,400,368,2048,602931200,0.06615,0.162816,0.406289,1.0,True,pass,,0.9340018630027771
876,876,Real-World,cublas,INT8,400,368,2048,602931200,0.020275,0.019712,1.028571,1.0,True,pass,,0.9340018630027771
877,877,Real-World,cublas,FP16,2072,512,256,543162368,0.016742,0.016794,0.996951,1.0,True,pass,,0.9849559478461742
877,877,Real-World,cublas,FP32,2072,512,256,543162368,0.049254,0.045875,1.073661,1.0,True,pass,,0.9849559478461742
877,877,Real-World,cublas,INT8,2072,512,256,543162368,0.019149,0.03241,0.590837,1.0,True,pass,,0.9849559478461742
878,878,Real-World,cublas,FP16,2080,512,256,545259520,0.016794,0.015411,1.089701,1.0,True,pass,,1.2936362698674202
878,878,Real-World,cublas,FP32,2080,512,256,545259520,0.051866,0.047872,1.083422,1.0,True,pass,,1.2936362698674202
878,878,Real-World,cublas,INT8,2080,512,256,545259520,0.012237,0.012595,0.971545,1.0,True,pass,,1.2936362698674202
879,879,Real-World,cublas,FP16,198,1000,1280,506880000,0.02304,0.015053,1.530612,1.0,True,pass,,1.367179038003087
879,879,Real-World,cublas,FP32,198,1000,1280,506880000,0.074701,0.112282,0.665299,1.0,True,pass,,1.367179038003087
879,879,Real-World,cublas,INT8,198,1000,1280,506880000,,,,,False,missing,Running INT8...Error benchmarking size 198x1000x1280: std::exception,1.367179038003087
880,880,Real-World,cublas,FP16,1664,1024,16,54525952,0.010598,0.012083,0.877119,1.0,True,pass,,1.254135875031352
880,880,Real-World,cublas,FP32,1664,1024,16,54525952,0.013517,0.014694,0.919861,1.0,True,pass,,1.254135875031352
880,880,Real-World,cublas,INT8,1664,1024,16,54525952,0.01367,0.013056,1.047059,1.0,True,pass,,1.254135875031352
881,881,Real-World,cublas,FP16,31,2048,812,103104512,0.02048,0.019405,1.055409,1.0,True,pass,,1.2946662865579128
881,881,Real-World,cublas,FP32,31,2048,812,103104512,0.024371,0.081306,0.299748,1.0,True,pass,,1.2946662865579128
881,881,Real-World,cublas,INT8,31,2048,812,103104512,,,,,False,missing,Running INT8...Error benchmarking size 31x2048x812: std::exception,1.2946662865579128
882,882,Real-World,cublas,FP16,88,1000,1536,270336000,0.014746,0.013926,1.058823,1.0,True,pass,,1.146656546741724
882,882,Real-World,cublas,FP32,88,1000,1536,270336000,0.036147,0.135987,0.265813,1.0,True,pass,,1.146656546741724
882,882,Real-World,cublas,INT8,88,1000,1536,270336000,0.022118,0.014797,1.49481,1.0,True,pass,,1.146656546741724
883,883,Real-World,cublas,FP16,1000,364,1024,745472000,0.015872,0.014541,1.091549,1.0,True,pass,,1.0591686721891165
883,883,Real-World,cublas,FP32,1000,364,1024,745472000,0.068864,0.102861,0.669487,1.0,True,pass,,1.0591686721891165
883,883,Real-World,cublas,INT8,1000,364,1024,745472000,0.017715,0.013568,1.30566,1.0,True,pass,,1.0591686721891165
884,884,Real-World,cublas,FP16,1008,368,1024,759693312,0.01536,0.01449,1.060071,1.0,True,pass,,1.0617875512689352
884,884,Real-World,cublas,FP32,1008,368,1024,759693312,0.068966,0.101939,0.676545,1.0,True,pass,,1.0617875512689352
884,884,Real-World,cublas,INT8,1008,368,1024,759693312,0.01152,0.013312,0.865385,1.0,True,pass,,1.0617875512689352
885,885,Real-World,cublas,FP16,1200,600,600,864000000,0.020582,0.01751,1.175439,1.0,True,pass,,1.102257400751114
885,885,Real-World,cublas,FP32,1200,600,600,864000000,0.077978,0.095386,0.817499,1.0,True,pass,,1.102257400751114
885,885,Real-World,cublas,INT8,1200,600,600,864000000,0.026675,0.019405,1.37467,1.0,True,pass,,1.102257400751114
886,886,Real-World,cublas,FP16,108,1001,1536,332107776,0.02304,0.013824,1.666667,1.0,True,pass,,1.0979197788983583
886,886,Real-World,cublas,FP32,108,1001,1536,332107776,0.045414,0.136858,0.331837,1.0,True,pass,,1.0979197788983583
886,886,Real-World,cublas,INT8,108,1001,1536,332107776,0.022528,0.015462,1.456953,1.0,True,pass,,1.0979197788983583
887,887,Real-World,cublas,FP16,384,1024,1024,805306368,0.015053,0.014387,1.046263,1.0,True,pass,,1.0929880775511265
887,887,Real-World,cublas,FP32,384,1024,1024,805306368,0.068352,0.098918,0.690994,1.0,True,pass,,1.0929880775511265
887,887,Real-World,cublas,INT8,384,1024,1024,805306368,0.01367,0.013619,1.003759,1.0,True,pass,,1.0929880775511265
888,888,Real-World,cublas,FP16,4096,312,128,327155712,0.012032,0.012954,0.928854,1.0,True,pass,,1.1090882308781147
888,888,Real-World,cublas,FP32,4096,312,128,327155712,0.030106,0.04695,0.641221,1.0,True,pass,,1.1090882308781147
888,888,Real-World,cublas,INT8,4096,312,128,327155712,0.01239,0.012339,1.004149,1.0,True,pass,,1.1090882308781147
889,889,Real-World,cublas,FP16,18,1000,1792,64512000,0.016742,0.015002,1.116041,1.0,True,pass,,1.4146437048912048
889,889,Real-World,cublas,FP32,18,1000,1792,64512000,0.025293,0.117299,0.215626,1.0,True,pass,,1.4146437048912048
889,889,Real-World,cublas,INT8,18,1000,1792,64512000,,,,,False,missing,Running INT8...Error benchmarking size 18x1000x1792: std::exception,1.4146437048912048
890,890,Real-World,cublas,FP16,16,1008,1792,57802752,0.013978,0.012083,1.156779,1.0,True,pass,,1.1968238446861506
890,890,Real-World,cublas,FP32,16,1008,1792,57802752,0.024781,0.117504,0.210893,1.0,True,pass,,1.1968238446861506
890,890,Real-World,cublas,INT8,16,1008,1792,57802752,0.013261,0.015667,0.846405,1.0,True,pass,,1.1968238446861506
891,891,Real-World,cublas,FP16,3200,256,304,498073600,0.012186,0.015258,0.798658,1.0,True,pass,,1.0475058164447546
891,891,Real-World,cublas,FP32,3200,256,304,498073600,0.044902,0.051558,0.870904,1.0,True,pass,,1.0475058164447546
891,891,Real-World,cublas,INT8,3200,256,304,498073600,0.014592,0.01321,1.104651,1.0,True,pass,,1.0475058164447546
892,892,Real-World,cublas,FP16,800,96,2048,314572800,0.013517,0.02217,0.6097,1.0,True,pass,,1.086600635200739
892,892,Real-World,cublas,FP32,800,96,2048,314572800,0.182426,0.183654,0.993309,1.0,True,pass,,1.086600635200739
892,892,Real-World,cublas,INT8,800,96,2048,314572800,0.014541,0.018074,0.804533,1.0,True,pass,,1.086600635200739
893,893,Real-World,cublas,FP16,2048,768,128,402653184,0.01321,0.014592,0.905263,1.0,True,pass,,1.0144372079521418
893,893,Real-World,cublas,FP32,2048,768,128,402653184,0.036454,0.04695,0.776445,1.0,True,pass,,1.0144372079521418
893,893,Real-World,cublas,INT8,2048,768,128,402653184,0.016026,0.012237,1.309624,1.0,True,pass,,1.0144372079521418
894,894,Real-World,cublas,FP16,58,2304,768,205258752,0.025958,0.012083,2.148305,1.0,True,pass,,1.3428105562925339
894,894,Real-World,cublas,FP32,58,2304,768,205258752,0.036659,0.047053,0.779108,1.0,True,pass,,1.3428105562925339
894,894,Real-World,cublas,INT8,58,2304,768,205258752,,,,,False,missing,Running INT8...Error benchmarking size 58x2304x768: std::exception,1.3428105562925339
895,895,Real-World,cublas,FP16,2000,300,600,720000000,0.017715,0.022374,0.791762,1.0,True,pass,,0.9926590919494629
895,895,Real-World,cublas,FP32,2000,300,600,720000000,0.061901,0.09513,0.6507,1.0,True,pass,,0.9926590919494629
895,895,Real-World,cublas,INT8,2000,300,600,720000000,0.022886,0.014029,1.631387,1.0,True,pass,,0.9926590919494629
896,896,Real-World,cublas,FP16,1,1000,2000,4000000,0.017562,0.018074,0.971671,1.0,True,pass,,1.0198217760771513
896,896,Real-World,cublas,FP32,1,1000,2000,4000000,0.0128,0.088627,0.144425,1.0,True,pass,,1.0198217760771513
896,896,Real-World,cublas,INT8,1,1000,2000,4000000,,,,,False,missing,Running INT8...Error benchmarking size 1x1000x2000: std::exception,1.0198217760771513
897,897,Real-World,cublas,FP16,1024,320,1248,817889280,0.020275,0.020224,1.002532,1.0,True,pass,,0.9441759195178747
897,897,Real-World,cublas,FP32,1024,320,1248,817889280,0.072294,0.102502,0.705295,1.0,True,pass,,0.9441759195178747
897,897,Real-World,cublas,INT8,1024,320,1248,817889280,0.015514,0.015462,1.003311,1.0,True,pass,,0.9441759195178747
898,898,Real-World,cublas,FP16,1024,1248,320,817889280,0.01664,0.018688,0.890411,1.0,True,pass,,0.9026402365416288
898,898,Real-World,cublas,FP32,1024,1248,320,817889280,0.071117,0.091187,0.779899,1.0,True,pass,,0.9026402365416288
898,898,Real-World,cublas,INT8,1024,1248,320,817889280,0.016282,0.013517,1.204545,1.0,True,pass,,0.9026402365416288
899,899,Real-World,cublas,FP16,2000,304,608,739328000,0.015616,0.018022,0.866477,1.0,True,pass,,0.9149977695196867
899,899,Real-World,cublas,FP32,2000,304,608,739328000,0.062566,0.096666,0.647246,1.0,True,pass,,0.9149977695196867
899,899,Real-World,cublas,INT8,2000,304,608,739328000,0.01664,0.012083,1.377119,1.0,True,pass,,0.9149977695196867
900,900,Real-World,cublas,FP16,2560,768,16,62914560,0.014746,0.016435,0.897196,1.0,True,pass,,0.9503612015396357
900,900,Real-World,cublas,FP32,2560,768,16,62914560,0.017664,0.01577,1.12013,1.0,True,pass,,0.9503612015396357
900,900,Real-World,cublas,INT8,2560,768,16,62914560,0.016947,0.015514,1.092409,1.0,True,pass,,0.9503612015396357
901,901,Real-World,cublas,FP16,3200,208,400,532480000,0.01495,0.019763,0.756477,1.0,True,pass,,0.8785328734666109
901,901,Real-World,cublas,FP32,3200,208,400,532480000,0.051917,0.08535,0.608278,1.0,True,pass,,0.8785328734666109
901,901,Real-World,cublas,INT8,3200,208,400,532480000,0.019149,0.01367,1.400749,1.0,True,pass,,0.8785328734666109
902,902,Real-World,cublas,FP16,16,1008,2000,64512000,0.018125,0.017152,1.056717,1.0,True,pass,,0.9616607241332531
902,902,Real-World,cublas,FP32,16,1008,2000,64512000,0.025088,0.088115,0.284718,1.0,True,pass,,0.9616607241332531
902,902,Real-World,cublas,INT8,16,1008,2000,64512000,0.01664,0.017203,0.967262,1.0,True,pass,,0.9616607241332531
903,903,Real-World,cublas,FP16,512,1024,1024,1073741824,0.016179,0.01705,0.948949,1.0,True,pass,,1.1890697907656431
903,903,Real-World,cublas,FP32,512,1024,1024,1073741824,0.081664,0.116736,0.699561,1.0,True,pass,,1.1890697907656431
903,903,Real-World,cublas,INT8,512,1024,1024,1073741824,0.016128,0.012698,1.270161,1.0,True,pass,,1.1890697907656431
904,904,Real-World,cublas,FP16,2560,512,256,671088640,0.016794,0.020429,0.822055,1.0,True,pass,,1.2871702462434769
904,904,Real-World,cublas,FP32,2560,512,256,671088640,0.057958,0.090931,0.637387,1.0,True,pass,,1.2871702462434769
904,904,Real-World,cublas,INT8,2560,512,256,671088640,0.014848,0.01408,1.054545,1.0,True,pass,,1.2871702462434769
905,905,Real-World,cublas,FP16,16,16384,112,58720256,0.013619,0.01408,0.967273,1.0,True,pass,,1.3975985143333673
905,905,Real-World,cublas,FP32,16,16384,112,58720256,0.028416,0.047565,0.597416,1.0,True,pass,,1.3975985143333673
905,905,Real-World,cublas,INT8,16,16384,112,58720256,0.014029,0.012595,1.113821,1.0,True,pass,,1.3975985143333673
906,906,Real-World,cublas,FP16,16,1008,2048,66060288,0.014285,0.0128,1.116,1.0,True,pass,,1.1896732170134783
906,906,Real-World,cublas,FP32,16,1008,2048,66060288,0.024422,0.136499,0.17892,1.0,True,pass,,1.1896732170134783
906,906,Real-World,cublas,INT8,16,1008,2048,66060288,0.014029,0.016538,0.848297,1.0,True,pass,,1.1896732170134783
907,907,Real-World,cublas,FP16,1,16384,128,4194304,0.011264,0.012237,0.920502,1.0,True,pass,,1.364430544897914
907,907,Real-World,cublas,FP32,1,16384,128,4194304,0.011827,0.046848,0.252459,1.0,True,pass,,1.364430544897914
907,907,Real-World,cublas,INT8,1,16384,128,4194304,,,,,False,missing,Running INT8...Error benchmarking size 1x16384x128: std::exception,1.364430544897914
908,908,Real-World,cublas,FP16,30,1000,2048,122880000,0.016538,0.015565,1.0625,1.0,True,pass,,1.3934451434761286
908,908,Real-World,cublas,FP32,30,1000,2048,122880000,0.026266,0.188774,0.139138,1.0,True,pass,,1.3934451434761286
908,908,Real-World,cublas,INT8,30,1000,2048,122880000,,,,,False,missing,Running INT8...Error benchmarking size 30x1000x2048: std::exception,1.3934451434761286
909,909,Real-World,cublas,FP16,2048,1024,16,67108864,0.012186,0.012493,0.97541,1.0,True,pass,,1.1139140222221613
909,909,Real-World,cublas,FP32,2048,1024,16,67108864,0.016026,0.017306,0.926035,1.0,True,pass,,1.1139140222221613
909,909,Real-World,cublas,INT8,2048,1024,16,67108864,0.014848,0.015309,0.9699,1.0,True,pass,,1.1139140222221613
910,910,Real-World,cublas,FP16,2048,16,1024,67108864,0.012749,0.014643,0.87063,1.0,True,pass,,1.289844550192356
910,910,Real-World,cublas,FP32,2048,16,1024,67108864,0.026726,0.092723,0.288239,1.0,True,pass,,1.289844550192356
910,910,Real-World,cublas,INT8,2048,16,1024,67108864,0.015718,0.012595,1.247968,1.0,True,pass,,1.289844550192356
911,911,Real-World,cublas,FP16,32,1008,2048,132120576,0.014438,0.016589,0.87037,1.0,True,pass,,1.5773001722991467
911,911,Real-World,cublas,FP32,32,1008,2048,132120576,0.02688,0.182426,0.147348,1.0,True,pass,,1.5773001722991467
911,911,Real-World,cublas,INT8,32,1008,2048,132120576,0.013978,0.016435,0.850467,1.0,True,pass,,1.5773001722991467
912,912,Real-World,cublas,FP16,1024,768,768,1207959552,0.015462,0.016077,0.961783,1.0,True,pass,,1.0728455372154713
912,912,Real-World,cublas,FP32,1024,768,768,1207959552,0.090317,0.152474,0.592344,1.0,True,pass,,1.0728455372154713
912,912,Real-World,cublas,INT8,1024,768,768,1207959552,0.01367,0.013107,1.042969,1.0,True,pass,,1.0728455372154713
913,913,Real-World,cublas,FP16,30,1024,2048,125829120,0.016845,0.015462,1.089404,1.0,True,pass,,1.39893919788301
913,913,Real-World,cublas,FP32,30,1024,2048,125829120,0.027494,0.166963,0.164673,1.0,True,pass,,1.39893919788301
913,913,Real-World,cublas,INT8,30,1024,2048,125829120,,,,,False,missing,Running INT8...Error benchmarking size 30x1024x2048: std::exception,1.39893919788301
914,914,Real-World,cublas,FP16,32,2048,1024,134217728,0.012954,0.012442,1.041152,1.0,True,pass,,1.1165138725191355
914,914,Real-World,cublas,FP32,32,2048,1024,134217728,0.025549,0.097997,0.26071,1.0,True,pass,,1.1165138725191355
914,914,Real-World,cublas,INT8,32,2048,1024,134217728,0.011418,0.01239,0.921487,1.0,True,pass,,1.1165138725191355
915,915,Real-World,cublas,FP16,1488,32,1440,137134080,0.012134,0.018227,0.66573,1.0,True,pass,,1.1314354352653027
915,915,Real-World,cublas,FP32,1488,32,1440,137134080,0.028058,0.137626,0.203869,1.0,True,pass,,1.1314354352653027
915,915,Real-World,cublas,INT8,1488,32,1440,137134080,0.012851,0.015411,0.833887,1.0,True,pass,,1.1314354352653027
916,916,Real-World,cublas,FP16,64,1000,2048,262144000,0.014234,0.020429,0.696742,1.0,True,pass,,1.1519671194255352
916,916,Real-World,cublas,FP32,64,1000,2048,262144000,0.04183,0.191386,0.218566,1.0,True,pass,,1.1519671194255352
916,916,Real-World,cublas,INT8,64,1000,2048,262144000,0.013824,0.016691,0.828221,1.0,True,pass,,1.1519671194255352
917,917,Real-World,cublas,FP16,10000,16,208,66560000,0.011878,0.011264,1.054546,1.0,True,pass,,1.1633937880396843
917,917,Real-World,cublas,FP32,10000,16,208,66560000,0.031642,0.028314,1.117541,1.0,True,pass,,1.1633937880396843
917,917,Real-World,cublas,INT8,10000,16,208,66560000,0.02688,0.010598,2.536232,1.0,True,pass,,1.1633937880396843
918,918,Real-World,cublas,FP16,64,1008,2048,264241152,0.01321,0.022323,0.591743,1.0,True,pass,,1.1916071493178606
918,918,Real-World,cublas,FP32,64,1008,2048,264241152,0.044339,0.183245,0.241967,1.0,True,pass,,1.1916071493178606
918,918,Real-World,cublas,INT8,64,1008,2048,264241152,0.01408,0.016742,0.840978,1.0,True,pass,,1.1916071493178606
919,919,Real-World,cublas,FP16,1488,16,1488,70852608,0.014592,0.012083,1.207627,1.0,True,pass,,1.1539292391389608
919,919,Real-World,cublas,FP32,1488,16,1488,70852608,0.025242,0.070195,0.359591,1.0,True,pass,,1.1539292391389608
919,919,Real-World,cublas,INT8,1488,16,1488,70852608,0.018432,0.016333,1.128527,1.0,True,pass,,1.1539292391389608
920,920,Real-World,cublas,FP16,98,256,6400,321126400,0.020634,0.025088,0.822449,1.0,True,pass,,1.3089450746774673
920,920,Real-World,cublas,FP32,98,256,6400,321126400,0.05033,0.420659,0.119645,1.0,True,pass,,1.3089450746774673
920,920,Real-World,cublas,INT8,98,256,6400,321126400,,,,,False,missing,Running INT8...Error benchmarking size 98x256x6400: std::exception,1.3089450746774673
921,921,Real-World,cublas,FP16,100,1000,2000,400000000,0.027853,0.015974,1.74359,1.0,True,pass,,1.0959662608802319
921,921,Real-World,cublas,FP32,100,1000,2000,400000000,0.055654,0.129485,0.429814,1.0,True,pass,,1.0959662608802319
921,921,Real-World,cublas,INT8,100,1000,2000,400000000,0.027648,0.019558,1.413612,1.0,True,pass,,1.0959662608802319
922,922,Real-World,cublas,FP16,45,4096,512,188743680,0.020736,0.012083,1.716102,1.0,True,pass,,1.3233600556850433
922,922,Real-World,cublas,FP32,45,4096,512,188743680,0.034509,0.073728,0.468056,1.0,True,pass,,1.3233600556850433
922,922,Real-World,cublas,INT8,45,4096,512,188743680,,,,,False,missing,Running INT8...Error benchmarking size 45x4096x512: std::exception,1.3233600556850433
923,923,Real-World,cublas,FP16,16000,16,128,65536000,0.011366,0.013107,0.867188,1.0,True,pass,,1.1259014401584864
923,923,Real-World,cublas,FP32,16000,16,128,65536000,0.024576,0.028262,0.869565,1.0,True,pass,,1.1259014401584864
923,923,Real-World,cublas,INT8,16000,16,128,65536000,0.034611,0.011571,2.991151,1.0,True,pass,,1.1259014401584864
924,924,Real-World,cublas,FP16,1488,32,1488,141705216,0.012851,0.016128,0.796825,1.0,True,pass,,1.1461633928120136
924,924,Real-World,cublas,FP32,1488,32,1488,141705216,0.026317,0.151091,0.174178,1.0,True,pass,,1.1461633928120136
924,924,Real-World,cublas,INT8,1488,32,1488,141705216,0.013158,0.016896,0.778788,1.0,True,pass,,1.1461633928120136
925,925,Real-World,cublas,FP16,48,4096,512,201326592,0.012186,0.011622,1.048458,1.0,True,pass,,1.0986984446644783
925,925,Real-World,cublas,FP32,48,4096,512,201326592,0.035174,0.073318,0.479749,1.0,True,pass,,1.0986984446644783
925,925,Real-World,cublas,INT8,48,4096,512,201326592,0.010496,0.011008,0.953488,1.0,True,pass,,1.0986984446644783
926,926,Real-World,cublas,FP16,98,1001,2048,401809408,0.024013,0.015923,1.508039,1.0,True,pass,,1.380777731537819
926,926,Real-World,cublas,FP32,98,1001,2048,401809408,0.057139,0.176998,0.322823,1.0,True,pass,,1.380777731537819
926,926,Real-World,cublas,INT8,98,1001,2048,401809408,,,,,False,missing,Running INT8...Error benchmarking size 98x1001x2048: std::exception,1.380777731537819
927,927,Real-World,cublas,FP16,112,1008,2000,451584000,0.017715,0.020019,0.88491,1.0,True,pass,,1.0025687329471111
927,927,Real-World,cublas,FP32,112,1008,2000,451584000,0.055654,0.155341,0.358273,1.0,True,pass,,1.0025687329471111
927,927,Real-World,cublas,INT8,112,1008,2000,451584000,0.018534,0.020582,0.900497,1.0,True,pass,,1.0025687329471111
928,928,Real-World,cublas,FP16,640,1024,1024,1342177280,0.019763,0.022886,0.863535,1.0,True,pass,,0.9138374775648117
928,928,Real-World,cublas,FP32,640,1024,1024,1342177280,0.095898,0.116326,0.824384,1.0,True,pass,,0.9138374775648117
928,928,Real-World,cublas,INT8,640,1024,1024,1342177280,0.02007,0.017254,1.163205,1.0,True,pass,,0.9138374775648117
929,929,Real-World,cublas,FP16,2048,512,512,1073741824,0.019302,0.019712,0.979221,1.0,True,pass,,0.888265673071146
929,929,Real-World,cublas,FP32,2048,512,512,1073741824,0.090419,0.116582,0.775582,1.0,True,pass,,0.888265673071146
929,929,Real-World,cublas,INT8,2048,512,512,1073741824,0.017101,0.015462,1.10596,1.0,True,pass,,0.888265673071146
930,930,Real-World,cublas,FP16,512,512,2048,1073741824,0.018739,0.024883,0.753086,1.0,True,pass,,0.9843039270490408
930,930,Real-World,cublas,FP32,512,512,2048,1073741824,0.129792,0.16215,0.800442,1.0,True,pass,,0.9843039270490408
930,930,Real-World,cublas,INT8,512,512,2048,1073741824,0.016333,0.018637,0.876374,1.0,True,pass,,0.9843039270490408
931,931,Real-World,cublas,FP16,512,2048,512,1073741824,0.019149,0.019405,0.986807,1.0,True,pass,,0.8978989478200674
931,931,Real-World,cublas,FP32,512,2048,512,1073741824,0.090624,0.116736,0.776316,1.0,True,pass,,0.8978989478200674
931,931,Real-World,cublas,INT8,512,2048,512,1073741824,0.017101,0.015411,1.109635,1.0,True,pass,,0.8978989478200674
932,932,Real-World,cublas,FP16,16,16384,128,67108864,0.013466,0.015411,0.873754,1.0,True,pass,,0.920119147747755
932,932,Real-World,cublas,FP32,16,16384,128,67108864,0.024986,0.046694,0.535088,1.0,True,pass,,0.920119147747755
932,932,Real-World,cublas,INT8,16,16384,128,67108864,0.012493,0.010547,1.184466,1.0,True,pass,,0.920119147747755
933,933,Real-World,cublas,FP16,1,768,3072,4718592,0.01193,0.027648,0.431481,1.0,True,pass,,1.0490846708416939
933,933,Real-World,cublas,FP32,1,768,3072,4718592,0.012544,0.116582,0.107598,1.0,True,pass,,1.0490846708416939
933,933,Real-World,cublas,INT8,1,768,3072,4718592,,,,,False,missing,Running INT8...Error benchmarking size 1x768x3072: std::exception,1.0490846708416939
934,934,Real-World,cublas,FP16,105,1000,2048,430080000,0.036966,0.021965,1.682984,1.0,True,pass,,1.0831400193274021
934,934,Real-World,cublas,FP32,105,1000,2048,430080000,0.056525,0.161075,0.350922,1.0,True,pass,,1.0831400193274021
934,934,Real-World,cublas,INT8,105,1000,2048,430080000,,,,,False,missing,Running INT8...Error benchmarking size 105x1000x2048: std::exception,1.0831400193274021
935,935,Real-World,cublas,FP16,1,9216,256,4718592,0.012288,0.013824,0.888889,1.0,True,pass,,1.0949450377374887
935,935,Real-World,cublas,FP32,1,9216,256,4718592,0.011571,0.045517,0.254218,1.0,True,pass,,1.0949450377374887
935,935,Real-World,cublas,INT8,1,9216,256,4718592,,,,,False,missing,Running INT8...Error benchmarking size 1x9216x256: std::exception,1.0949450377374887
936,936,Real-World,cublas,FP16,16,1008,2304,74317824,0.017459,0.018893,0.924119,1.0,True,pass,,0.9493793491274118
936,936,Real-World,cublas,FP32,16,1008,2304,74317824,0.027085,0.11223,0.241332,1.0,True,pass,,0.9493793491274118
936,936,Real-World,cublas,INT8,16,1008,2304,74317824,0.016026,0.018278,0.876751,1.0,True,pass,,0.9493793491274118
937,937,Real-World,cublas,FP16,16,64,29696,60817408,0.019302,0.041472,0.465432,1.0,True,pass,,1.0014053583145142
937,937,Real-World,cublas,FP32,16,64,29696,60817408,0.02816,2.487808,0.011319,1.0,True,pass,,1.0014053583145142
937,937,Real-World,cublas,INT8,16,64,29696,60817408,0.083866,0.066765,1.256135,1.0,True,pass,,1.0014053583145142
938,938,Real-World,cublas,FP16,3072,768,16,75497472,0.01536,0.016589,0.925926,1.0,True,pass,,0.8471560385078192
938,938,Real-World,cublas,FP32,3072,768,16,75497472,0.018074,0.017766,1.017291,1.0,True,pass,,0.8471560385078192
938,938,Real-World,cublas,INT8,3072,768,16,75497472,0.017203,0.015974,1.076923,1.0,True,pass,,0.8471560385078192
939,939,Real-World,cublas,FP16,16,17200,128,70451200,0.013056,0.015667,0.833333,1.0,True,pass,,0.9515793863683939
939,939,Real-World,cublas,FP32,16,17200,128,70451200,0.025037,0.046643,0.536773,1.0,True,pass,,0.9515793863683939
939,939,Real-World,cublas,INT8,16,17200,128,70451200,0.015206,0.010854,1.400944,1.0,True,pass,,0.9515793863683939
940,940,Real-World,cublas,FP16,1232,768,768,1453326336,0.022528,0.021606,1.042654,1.0,True,pass,,0.8953095581382513
940,940,Real-World,cublas,FP32,1232,768,768,1453326336,0.10624,0.18135,0.585827,1.0,True,pass,,0.8953095581382513
940,940,Real-World,cublas,INT8,1232,768,768,1453326336,0.018739,0.016589,1.129629,1.0,True,pass,,0.8953095581382513
941,941,Real-World,cublas,FP16,25,16384,128,104857600,0.016486,0.015565,1.059211,1.0,True,pass,,1.0343097057193518
941,941,Real-World,cublas,FP32,25,16384,128,104857600,0.025139,0.046131,0.54495,1.0,True,pass,,1.0343097057193518
941,941,Real-World,cublas,INT8,25,16384,128,104857600,,,,,False,missing,Running INT8...Error benchmarking size 25x16384x128: std::exception,1.0343097057193518
942,942,Real-World,cublas,FP16,16,256,9216,75497472,0.017306,0.035738,0.484241,1.0,True,pass,,0.9430383387953043
942,942,Real-World,cublas,FP32,16,256,9216,75497472,0.028006,0.411546,0.068052,1.0,True,pass,,0.9430383387953043
942,942,Real-World,cublas,INT8,16,256,9216,75497472,0.033331,0.06569,0.507405,1.0,True,pass,,0.9430383387953043
943,943,Real-World,cublas,FP16,4000,208,400,665600000,0.01833,0.019046,0.962365,1.0,True,pass,,0.8801659904420376
943,943,Real-World,cublas,FP32,4000,208,400,665600000,0.070554,0.085402,0.826139,1.0,True,pass,,0.8801659904420376
943,943,Real-World,cublas,INT8,4000,208,400,665600000,0.018176,0.014694,1.236934,1.0,True,pass,,0.8801659904420376
944,944,Real-World,cublas,FP16,1280,768,768,1509949440,0.022221,0.022118,1.004629,1.0,True,pass,,0.8618618473410606
944,944,Real-World,cublas,FP32,1280,768,768,1509949440,0.106291,0.181862,0.58446,1.0,True,pass,,0.8618618473410606
944,944,Real-World,cublas,INT8,1280,768,768,1509949440,0.0192,0.016794,1.143292,1.0,True,pass,,0.8618618473410606
945,945,Real-World,cublas,FP16,32,1200,2048,157286400,0.017766,0.02048,0.8675,1.0,True,pass,,1.0285604801028967
945,945,Real-World,cublas,FP32,32,1200,2048,157286400,0.031283,0.159539,0.196085,1.0,True,pass,,1.0285604801028967
945,945,Real-World,cublas,INT8,32,1200,2048,157286400,0.01577,0.017357,0.908554,1.0,True,pass,,1.0285604801028967
946,946,Real-World,cublas,FP16,8192,312,2,10223616,0.018637,0.01623,1.148265,1.0,True,pass,,0.8461114875972271
946,946,Real-World,cublas,FP32,8192,312,2,10223616,0.017562,0.015923,1.102894,1.0,True,pass,,0.8461114875972271
946,946,Real-World,cublas,INT8,8192,312,2,10223616,0.01024,0.013107,0.78125,0.0,False,incorrect,Cosine similarity threshold failed,0.8461114875972271
947,947,Real-World,cublas,FP16,16,1008,2560,82575360,0.01833,0.019507,0.939633,1.0,True,pass,,0.9469897951930761
947,947,Real-World,cublas,FP32,16,1008,2560,82575360,0.02816,0.124006,0.227085,1.0,True,pass,,0.9469897951930761
947,947,Real-World,cublas,INT8,16,1008,2560,82575360,0.016998,0.019302,0.880637,1.0,True,pass,,0.9469897951930761
948,948,Real-World,cublas,FP16,4096,312,312,797442048,0.01961,0.022528,0.870455,1.0,True,pass,,0.8692985158413649
948,948,Real-World,cublas,FP32,4096,312,312,797442048,0.05888,0.08663,0.679669,1.0,True,pass,,0.8692985158413649
948,948,Real-World,cublas,INT8,4096,312,312,797442048,0.020736,0.016128,1.285715,1.0,True,pass,,0.8692985158413649
949,949,Real-World,cublas,FP16,1,3456,768,5308416,0.013619,0.013158,1.03502,1.0,True,pass,,1.3899333383888006
949,949,Real-World,cublas,FP32,1,3456,768,5308416,0.012902,0.031027,0.415842,1.0,True,pass,,1.3899333383888006
949,949,Real-World,cublas,INT8,1,3456,768,5308416,,,,,False,missing,Running INT8...Error benchmarking size 1x3456x768: std::exception,1.3899333383888006
950,950,Real-World,cublas,FP16,1,768,3456,5308416,0.016384,2.500045,0.006553,1.0,True,pass,,1.7777295839041471
950,950,Real-World,cublas,FP32,1,768,3456,5308416,0.01792,0.242637,0.073855,1.0,True,pass,,1.7777295839041471
950,950,Real-World,cublas,INT8,1,768,3456,5308416,,,,,False,missing,Running INT8...Error benchmarking size 1x768x3456: std::exception,1.7777295839041471
951,951,Real-World,cublas,FP16,16,1024,2560,83886080,0.014592,0.019507,0.748031,1.0,True,pass,,1.248398132622242
951,951,Real-World,cublas,FP32,16,1024,2560,83886080,0.028314,0.17833,0.158771,1.0,True,pass,,1.248398132622242
951,951,Real-World,cublas,INT8,16,1024,2560,83886080,0.015206,0.018688,0.813699,1.0,True,pass,,1.248398132622242
952,952,Real-World,cublas,FP16,800,368,2048,1205862400,0.019917,0.018842,1.057065,1.0,True,pass,,1.1976936198771
952,952,Real-World,cublas,FP32,800,368,2048,1205862400,0.108237,0.174899,0.618852,1.0,True,pass,,1.1976936198771
952,952,Real-World,cublas,INT8,800,368,2048,1205862400,0.014285,0.018176,0.785915,1.0,True,pass,,1.1976936198771
953,953,Real-World,cublas,FP16,12000,16,208,79872000,0.012698,0.011213,1.13242,1.0,True,pass,,1.1790205873548985
953,953,Real-World,cublas,FP32,12000,16,208,79872000,0.03369,0.03881,0.868074,1.0,True,pass,,1.1790205873548985
953,953,Real-World,cublas,INT8,12000,16,208,79872000,0.031846,0.010803,2.947868,1.0,True,pass,,1.1790205873548985
954,954,Real-World,cublas,FP16,91,3072,768,429391872,0.034304,0.014592,2.350877,1.0,True,pass,,1.4596151560544968
954,954,Real-World,cublas,FP32,91,3072,768,429391872,0.04777,0.077107,0.619522,1.0,True,pass,,1.4596151560544968
954,954,Real-World,cublas,INT8,91,3072,768,429391872,,,,,False,missing,Running INT8...Error benchmarking size 91x3072x768: std::exception,1.4596151560544968
955,955,Real-World,cublas,FP16,832,1024,1024,1744830464,0.020787,0.027341,0.7603,1.0,True,pass,,1.0944125335663557
955,955,Real-World,cublas,FP32,832,1024,1024,1744830464,0.124109,0.147866,0.839335,1.0,True,pass,,1.0944125335663557
955,955,Real-World,cublas,INT8,832,1024,1024,1744830464,0.01751,0.01751,1.0,1.0,True,pass,,1.0944125335663557
956,956,Real-World,cublas,FP16,139,1000,2304,640512000,0.048026,0.01705,2.816817,1.0,True,pass,,1.4297633469104767
956,956,Real-World,cublas,FP32,139,1000,2304,640512000,0.087603,0.136602,0.641304,1.0,True,pass,,1.4297633469104767
956,956,Real-World,cublas,INT8,139,1000,2304,640512000,,,,,False,missing,Running INT8...Error benchmarking size 139x1000x2304: std::exception,1.4297633469104767
957,957,Real-World,cublas,FP16,992,1504,512,1527775232,0.019507,0.017971,1.08547,1.0,True,pass,,1.1067669913172722
957,957,Real-World,cublas,FP32,992,1504,512,1527775232,0.106086,0.117862,0.900087,1.0,True,pass,,1.1067669913172722
957,957,Real-World,cublas,INT8,992,1504,512,1527775232,0.018944,0.014797,1.280277,1.0,True,pass,,1.1067669913172722
958,958,Real-World,cublas,FP16,384,384,3456,1019215872,0.019456,0.020736,0.938272,1.0,True,pass,,1.2330276798456907
958,958,Real-World,cublas,FP32,384,384,3456,1019215872,0.129024,0.195277,0.660724,1.0,True,pass,,1.2330276798456907
958,958,Real-World,cublas,INT8,384,384,3456,1019215872,0.018125,0.034867,0.519824,1.0,True,pass,,1.2330276798456907
959,959,Real-World,cublas,FP16,128,768,3072,603979776,0.017869,0.735846,0.024283,1.0,True,pass,,1.2115321978926659
959,959,Real-World,cublas,FP32,128,768,3072,603979776,0.058778,0.161178,0.364676,1.0,True,pass,,1.2115321978926659
959,959,Real-World,cublas,INT8,128,768,3072,603979776,0.016896,0.02857,0.591398,1.0,True,pass,,1.2115321978926659
960,960,Real-World,cublas,FP16,128,3072,768,603979776,0.013926,0.016742,0.831804,1.0,True,pass,,1.1847784668207169
960,960,Real-World,cublas,FP32,128,3072,768,603979776,0.054938,0.086528,0.634911,1.0,True,pass,,1.1847784668207169
960,960,Real-World,cublas,INT8,128,3072,768,603979776,0.011315,0.012288,0.920833,1.0,True,pass,,1.1847784668207169
961,961,Real-World,cublas,FP16,3072,768,128,603979776,0.014131,0.015053,0.938776,1.0,True,pass,,1.0534303486347198
961,961,Real-World,cublas,FP32,3072,768,128,603979776,0.050074,0.047002,1.06536,1.0,True,pass,,1.0534303486347198
961,961,Real-World,cublas,INT8,3072,768,128,603979776,0.015616,0.015872,0.983871,1.0,True,pass,,1.0534303486347198
962,962,Real-World,cublas,FP16,122,1200,2048,599654400,0.025395,0.016384,1.55,1.0,True,pass,,1.4812003429979086
962,962,Real-World,cublas,FP32,122,1200,2048,599654400,0.084224,0.17879,0.471077,1.0,True,pass,,1.4812003429979086
962,962,Real-World,cublas,INT8,122,1200,2048,599654400,,,,,False,missing,Running INT8...Error benchmarking size 122x1200x2048: std::exception,1.4812003429979086
963,963,Real-World,cublas,FP16,175,4096,512,734003200,0.048947,0.016435,2.978193,1.0,True,pass,,1.4588043950498104
963,963,Real-World,cublas,FP32,175,4096,512,734003200,0.0704,0.117453,0.59939,1.0,True,pass,,1.4588043950498104
963,963,Real-World,cublas,INT8,175,4096,512,734003200,,,,,False,missing,Running INT8...Error benchmarking size 175x4096x512: std::exception,1.4588043950498104
964,964,Real-World,cublas,FP16,83,1024,2560,435159040,0.04055,0.017766,2.282421,1.0,True,pass,,1.4187977500259876
964,964,Real-World,cublas,FP32,83,1024,2560,435159040,0.051763,0.154726,0.334547,1.0,True,pass,,1.4187977500259876
964,964,Real-World,cublas,INT8,83,1024,2560,435159040,,,,,False,missing,Running INT8...Error benchmarking size 83x1024x2560: std::exception,1.4187977500259876
965,965,Real-World,cublas,FP16,176,2048,1152,830472192,0.017357,0.015514,1.118812,1.0,True,pass,,1.2181914951652288
965,965,Real-World,cublas,FP32,176,2048,1152,830472192,0.076186,0.108288,0.703546,1.0,True,pass,,1.2181914951652288
965,965,Real-World,cublas,INT8,176,2048,1152,830472192,0.014387,0.01408,1.021818,1.0,True,pass,,1.2181914951652288
966,966,Real-World,cublas,FP16,2624,512,512,1375731712,0.021043,0.018893,1.113821,1.0,True,pass,,1.0608312524855137
966,966,Real-World,cublas,FP32,2624,512,512,1375731712,0.107878,0.119962,0.899275,1.0,True,pass,,1.0608312524855137
966,966,Real-World,cublas,INT8,2624,512,512,1375731712,0.019456,0.01536,1.266667,1.0,True,pass,,1.0608312524855137
967,967,Real-World,cublas,FP16,1536,768,768,1811939328,0.022118,0.02304,0.96,1.0,True,pass,,0.9241880998015404
967,967,Real-World,cublas,FP32,1536,768,768,1811939328,0.119962,0.218266,0.549613,1.0,True,pass,,0.9241880998015404
967,967,Real-World,cublas,INT8,1536,768,768,1811939328,0.018944,0.016947,1.117825,1.0,True,pass,,0.9241880998015404
968,968,Real-World,cublas,FP16,150,500,4500,675000000,0.032154,0.058317,0.551361,1.0,True,pass,,1.0466898176819086
968,968,Real-World,cublas,FP32,150,500,4500,675000000,0.076595,0.2176,0.352,1.0,True,pass,,1.0466898176819086
968,968,Real-World,cublas,INT8,150,500,4500,675000000,,,,,False,missing,Running INT8...Error benchmarking size 150x500x4500: std::exception,1.0466898176819086
969,969,Real-World,cublas,FP16,1576,768,768,1859125248,0.022733,0.023194,0.980132,1.0,True,pass,,0.882366668432951
969,969,Real-World,cublas,FP32,1576,768,768,1859125248,0.132659,0.227533,0.583033,1.0,True,pass,,0.882366668432951
969,969,Real-World,cublas,INT8,1576,768,768,1859125248,0.033382,0.01664,2.006154,1.0,True,pass,,0.882366668432951
970,970,Real-World,cublas,FP16,2752,512,512,1442840576,0.025498,0.021914,1.163551,1.0,True,pass,,0.907755121588707
970,970,Real-World,cublas,FP32,2752,512,512,1442840576,0.109107,0.116787,0.934239,1.0,True,pass,,0.907755121588707
970,970,Real-World,cublas,INT8,2752,512,512,1442840576,0.019917,0.015309,1.301003,1.0,True,pass,,0.907755121588707
971,971,Real-World,cublas,FP16,1000,1024,1024,2097152000,0.025498,0.023245,1.096916,1.0,True,pass,,0.9302179701626301
971,971,Real-World,cublas,FP32,1000,1024,1024,2097152000,0.137267,0.176282,0.778682,1.0,True,pass,,0.9302179701626301
971,971,Real-World,cublas,INT8,1000,1024,1024,2097152000,0.039987,0.018022,2.21875,1.0,True,pass,,0.9302179701626301
972,972,Real-World,cublas,FP16,1008,1024,1024,2113929216,0.025498,0.023757,1.073276,1.0,True,pass,,0.9252532627433538
972,972,Real-World,cublas,FP32,1008,1024,1024,2113929216,0.137011,0.176435,0.776553,1.0,True,pass,,0.9252532627433538
972,972,Real-World,cublas,INT8,1008,1024,1024,2113929216,0.020736,0.017869,1.160459,1.0,True,pass,,0.9252532627433538
973,973,Real-World,cublas,FP16,159,1000,2560,814080000,0.059904,0.024627,2.432432,1.0,True,pass,,1.0701671801507473
973,973,Real-World,cublas,FP32,159,1000,2560,814080000,0.092979,0.129178,0.719778,1.0,True,pass,,1.0701671801507473
973,973,Real-World,cublas,INT8,159,1000,2560,814080000,,,,,False,missing,Running INT8...Error benchmarking size 159x1000x2560: std::exception,1.0701671801507473
974,974,Real-World,cublas,FP16,200,768,3072,943718400,0.022989,0.027648,0.831481,1.0,True,pass,,0.997741824015975
974,974,Real-World,cublas,FP32,200,768,3072,943718400,0.123853,0.172032,0.719941,1.0,True,pass,,0.997741824015975
974,974,Real-World,cublas,INT8,200,768,3072,943718400,0.037581,0.03328,1.129231,1.0,True,pass,,0.997741824015975
975,975,Real-World,cublas,FP16,1024,1024,1024,2147483648,0.025907,0.023347,1.109649,1.0,True,pass,,0.947951752692461
975,975,Real-World,cublas,FP32,1024,1024,1024,2147483648,0.1408,0.177664,0.792507,1.0,True,pass,,0.947951752692461
975,975,Real-World,cublas,INT8,1024,1024,1024,2147483648,0.020992,0.017818,1.178161,1.0,True,pass,,0.947951752692461
976,976,Real-World,cublas,FP16,4096,768,2,12582912,0.018534,0.015821,1.171521,1.0,True,pass,,0.9259741194546223
976,976,Real-World,cublas,FP32,4096,768,2,12582912,0.019405,0.01751,1.108187,1.0,True,pass,,0.9259741194546223
976,976,Real-World,cublas,INT8,4096,768,2,12582912,0.010547,0.016282,0.647799,0.0,False,incorrect,Cosine similarity threshold failed,0.9259741194546223
977,977,Real-World,cublas,FP16,208,768,3072,981467136,0.022579,0.027546,0.819703,1.0,True,pass,,1.000932738184929
977,977,Real-World,cublas,FP32,208,768,3072,981467136,0.12375,0.17152,0.721492,1.0,True,pass,,1.000932738184929
977,977,Real-World,cublas,INT8,208,768,3072,981467136,0.020173,0.033126,0.608964,1.0,True,pass,,1.000932738184929
978,978,Real-World,cublas,FP16,208,3072,768,981467136,0.018022,0.020429,0.882205,1.0,True,pass,,0.9621643349528313
978,978,Real-World,cublas,FP32,208,3072,768,981467136,0.082381,0.13312,0.618846,1.0,True,pass,,0.9621643349528313
978,978,Real-World,cublas,INT8,208,3072,768,981467136,0.016742,0.012851,1.302789,1.0,True,pass,,0.9621643349528313
979,979,Real-World,cublas,FP16,4096,768,7,44040192,0.016384,0.018688,0.876712,1.0,True,pass,,0.8394891358911991
979,979,Real-World,cublas,FP32,4096,768,7,44040192,0.019302,0.017715,1.089595,1.0,True,pass,,0.8394891358911991
979,979,Real-World,cublas,INT8,4096,768,7,44040192,0.010445,0.017254,0.605341,0.0,False,incorrect,Cosine similarity threshold failed,0.8394891358911991
980,980,Real-World,cublas,FP16,16,6048,512,99090432,0.016026,0.017869,0.896848,1.0,True,pass,,0.9892083629965782
980,980,Real-World,cublas,FP32,16,6048,512,99090432,0.027443,0.062515,0.438984,1.0,True,pass,,0.9892083629965782
980,980,Real-World,cublas,INT8,16,6048,512,99090432,0.012698,0.01111,1.142857,1.0,True,pass,,0.9892083629965782
981,981,Real-World,cublas,FP16,16,512,6048,99090432,0.01833,0.029286,0.625874,1.0,True,pass,,0.9847653917968273
981,981,Real-World,cublas,FP32,16,512,6048,99090432,0.033792,0.27305,0.123758,1.0,True,pass,,0.9847653917968273
981,981,Real-World,cublas,INT8,16,512,6048,99090432,0.025651,0.046848,0.547541,1.0,True,pass,,0.9847653917968273
982,982,Real-World,cublas,FP16,2880,512,512,1509949440,0.018739,0.021811,0.859155,1.0,True,pass,,0.9265015795826912
982,982,Real-World,cublas,FP32,2880,512,512,1509949440,0.109517,0.116685,0.938569,1.0,True,pass,,0.9265015795826912
982,982,Real-World,cublas,INT8,2880,512,512,1509949440,0.021555,0.01623,1.328076,1.0,True,pass,,0.9265015795826912
983,983,Real-World,cublas,FP16,112,16,25088,89915392,0.018739,0.042906,0.436754,1.0,True,pass,,1.0265939328819513
983,983,Real-World,cublas,FP32,112,16,25088,89915392,0.03543,2.120243,0.016711,1.0,True,pass,,1.0265939328819513
983,983,Real-World,cublas,INT8,112,16,25088,89915392,0.074598,0.056678,1.31617,1.0,True,pass,,1.0265939328819513
984,984,Real-World,cublas,FP16,4096,16,768,100663296,0.016794,0.015667,1.071896,1.0,True,pass,,0.9662941228598356
984,984,Real-World,cublas,FP32,4096,16,768,100663296,0.030669,0.031232,0.981967,1.0,True,pass,,0.9662941228598356
984,984,Real-World,cublas,INT8,4096,16,768,100663296,0.020224,0.012032,1.680851,1.0,True,pass,,0.9662941228598356
985,985,Real-World,cublas,FP16,4096,768,16,100663296,0.01536,0.016896,0.909091,1.0,True,pass,,0.8665465284138918
985,985,Real-World,cublas,FP32,4096,768,16,100663296,0.020838,0.020173,1.032995,1.0,True,pass,,0.8665465284138918
985,985,Real-World,cublas,INT8,4096,768,16,100663296,0.019968,0.019405,1.029024,1.0,True,pass,,0.8665465284138918
986,986,Real-World,cublas,FP16,16,1024,3120,102236160,0.019149,0.020787,0.921182,1.0,True,pass,,0.985546424984932
986,986,Real-World,cublas,FP32,16,1024,3120,102236160,0.029952,0.118528,0.2527,1.0,True,pass,,0.985546424984932
986,986,Real-World,cublas,INT8,16,1024,3120,102236160,0.020122,0.022579,0.891157,1.0,True,pass,,0.985546424984932
987,987,Real-World,cublas,FP16,2944,512,512,1543503872,0.018995,0.021504,0.883333,1.0,True,pass,,0.9907684158533812
987,987,Real-World,cublas,FP32,2944,512,512,1543503872,0.109824,0.116992,0.938731,1.0,True,pass,,0.9907684158533812
987,987,Real-World,cublas,INT8,2944,512,512,1543503872,0.021043,0.015718,1.338762,1.0,True,pass,,0.9907684158533812
988,988,Real-World,cublas,FP16,256,512,4096,1073741824,0.021965,0.029645,0.740933,1.0,True,pass,,1.044900769367814
988,988,Real-World,cublas,FP32,256,512,4096,1073741824,0.138701,0.24151,0.574306,1.0,True,pass,,1.044900769367814
988,988,Real-World,cublas,INT8,256,512,4096,1073741824,0.022272,0.039731,0.560567,1.0,True,pass,,1.044900769367814
989,989,Real-World,cublas,FP16,12800,1,256,6553600,0.012954,0.014182,0.913357,1.0,True,pass,,0.9872694946825504
989,989,Real-World,cublas,FP32,12800,1,256,6553600,0.012902,0.046694,0.276316,1.0,True,pass,,0.9872694946825504
989,989,Real-World,cublas,INT8,12800,1,256,6553600,0.015309,0.01024,1.495,1.0,True,pass,,0.9872694946825504
990,990,Real-World,cublas,FP16,12800,128,128,419430400,0.015155,0.017664,0.857971,1.0,True,pass,,0.9614375829696655
990,990,Real-World,cublas,FP32,12800,128,128,419430400,0.038707,0.049152,0.7875,1.0,True,pass,,0.9614375829696655
990,990,Real-World,cublas,INT8,12800,128,128,419430400,0.024678,0.018637,1.324176,1.0,True,pass,,0.9614375829696655
991,991,Real-World,cublas,FP16,256,3072,768,1207959552,0.017869,0.021094,0.847087,1.0,True,pass,,1.2038623541593552
991,991,Real-World,cublas,FP32,256,3072,768,1207959552,0.090317,0.152934,0.590559,1.0,True,pass,,1.2038623541593552
991,991,Real-World,cublas,INT8,256,3072,768,1207959552,0.014387,0.013978,1.029304,1.0,True,pass,,1.2038623541593552
992,992,Real-World,cublas,FP16,256,768,3072,1207959552,0.024678,0.026624,0.926923,1.0,True,pass,,1.6555849071592093
992,992,Real-World,cublas,FP32,256,768,3072,1207959552,0.145408,0.219494,0.662468,1.0,True,pass,,1.6555849071592093
992,992,Real-World,cublas,INT8,256,768,3072,1207959552,0.020378,0.035994,0.566145,1.0,True,pass,,1.6555849071592093
993,993,Real-World,cublas,FP16,32,1024,3136,205520896,0.016589,0.020224,0.820253,1.0,True,pass,,1.2697916869074106
993,993,Real-World,cublas,FP32,32,1024,3136,205520896,0.03241,0.183501,0.176618,1.0,True,pass,,1.2697916869074106
993,993,Real-World,cublas,INT8,32,1024,3136,205520896,0.016691,0.021248,0.785542,1.0,True,pass,,1.2697916869074106
994,994,Real-World,cublas,FP16,58,1024,3120,370606080,0.027648,0.743526,0.037185,1.0,True,pass,,1.531839607283473
994,994,Real-World,cublas,FP32,58,1024,3120,370606080,0.05801,0.192154,0.301892,1.0,True,pass,,1.531839607283473
994,994,Real-World,cublas,INT8,58,1024,3120,370606080,,,,,False,missing,Running INT8...Error benchmarking size 58x1024x3120: std::exception,1.531839607283473
995,995,Real-World,cublas,FP16,3328,1024,16,109051904,0.013619,0.01664,0.818462,1.0,True,pass,,1.0630287323147058
995,995,Real-World,cublas,FP32,3328,1024,16,109051904,0.0192,0.021043,0.912409,1.0,True,pass,,1.0630287323147058
995,995,Real-World,cublas,INT8,3328,1024,16,109051904,0.018586,0.018125,1.025424,1.0,True,pass,,1.0630287323147058
996,996,Real-World,cublas,FP16,12800,16,256,104857600,0.012749,0.011878,1.073276,1.0,True,pass,,1.3029429540038109
996,996,Real-World,cublas,FP32,12800,16,256,104857600,0.038707,0.047155,0.820847,1.0,True,pass,,1.3029429540038109
996,996,Real-World,cublas,INT8,12800,16,256,104857600,0.032461,0.011213,2.894978,1.0,True,pass,,1.3029429540038109
997,997,Real-World,cublas,FP16,3200,512,512,1677721600,0.017459,0.017715,0.985549,1.0,True,pass,,1.1815335731953382
997,997,Real-World,cublas,FP32,3200,512,512,1677721600,0.107725,0.11991,0.898377,1.0,True,pass,,1.1815335731953382
997,997,Real-World,cublas,INT8,3200,512,512,1677721600,0.018944,0.01536,1.233333,1.0,True,pass,,1.1815335731953382
998,998,Real-World,cublas,FP16,84,500,6040,507360000,0.025139,0.037376,0.672603,1.0,True,pass,,1.331739829853177
998,998,Real-World,cublas,FP32,84,500,6040,507360000,0.064307,0.465459,0.138159,1.0,True,pass,,1.331739829853177
998,998,Real-World,cublas,INT8,84,500,6040,507360000,0.059034,0.089446,0.659988,1.0,True,pass,,1.331739829853177
999,999,Real-World,cublas,FP16,320,768,3072,1509949440,0.020992,0.933734,0.022482,1.0,True,pass,,1.280164299532771
999,999,Real-World,cublas,FP32,320,768,3072,1509949440,0.131226,0.307302,0.427024,1.0,True,pass,,1.280164299532771
999,999,Real-World,cublas,INT8,320,768,3072,1509949440,0.017408,0.032102,0.542265,1.0,True,pass,,1.280164299532771
1000,1000,Real-World,cublas,FP16,320,3072,768,1509949440,0.020736,0.020685,1.002475,1.0,True,pass,,1.3045511189848185
1000,1000,Real-World,cublas,FP32,320,3072,768,1509949440,0.102656,0.181094,0.566865,1.0,True,pass,,1.3045511189848185
1000,1000,Real-World,cublas,INT8,320,3072,768,1509949440,0.016282,0.015718,1.035831,1.0,True,pass,,1.3045511189848185
1001,1001,Real-World,cublas,FP16,3264,512,512,1711276032,0.017613,0.017664,0.997102,1.0,True,pass,,1.220599101856351
1001,1001,Real-World,cublas,FP32,3264,512,512,1711276032,0.107622,0.119296,0.902146,1.0,True,pass,,1.220599101856351
1001,1001,Real-World,cublas,INT8,3264,512,512,1711276032,0.018944,0.015514,1.221122,1.0,True,pass,,1.220599101856351
1002,1002,Real-World,cublas,FP16,2048,320,1248,1635778560,0.018637,0.020122,0.926209,1.0,True,pass,,1.2105455100536346
1002,1002,Real-World,cublas,FP32,2048,320,1248,1635778560,0.110746,0.188211,0.588411,1.0,True,pass,,1.2105455100536346
1002,1002,Real-World,cublas,INT8,2048,320,1248,1635778560,0.017357,0.015104,1.149153,1.0,True,pass,,1.2105455100536346
1003,1003,Real-World,cublas,FP16,2048,1248,320,1635778560,0.019968,0.019558,1.020942,1.0,True,pass,,1.1829729098826647
1003,1003,Real-World,cublas,FP32,2048,1248,320,1635778560,0.103168,0.128205,0.804712,1.0,True,pass,,1.1829729098826647
1003,1003,Real-World,cublas,INT8,2048,1248,320,1635778560,0.019507,0.019866,0.981959,1.0,True,pass,,1.1829729098826647
1004,1004,Real-World,cublas,FP16,1600,96,2048,629145600,0.017101,0.016128,1.060318,1.0,True,pass,,1.2725214883685112
1004,1004,Real-World,cublas,FP32,1600,96,2048,629145600,0.298752,0.183142,1.631255,1.0,True,pass,,1.2725214883685112
1004,1004,Real-World,cublas,INT8,1600,96,2048,629145600,0.014234,0.017818,0.798851,1.0,True,pass,,1.2725214883685112
1005,1005,Real-World,cublas,FP16,8192,312,128,654311424,0.017715,0.016384,1.08125,1.0,True,pass,,1.2830467484891415
1005,1005,Real-World,cublas,FP32,8192,312,128,654311424,0.051149,0.068454,0.747195,1.0,True,pass,,1.2830467484891415
1005,1005,Real-World,cublas,INT8,8192,312,128,654311424,0.01705,0.016947,1.006042,1.0,True,pass,,1.2830467484891415
1006,1006,Real-World,cublas,FP16,1280,1024,1024,2684354560,0.023603,0.026266,0.898636,1.0,True,pass,,1.2992580011487007
1006,1006,Real-World,cublas,FP32,1280,1024,1024,2684354560,0.173773,0.208026,0.835344,1.0,True,pass,,1.2992580011487007
1006,1006,Real-World,cublas,INT8,1280,1024,1024,2684354560,0.019302,0.018432,1.047222,1.0,True,pass,,1.2992580011487007
1007,1007,Real-World,cublas,FP16,1024,512,2048,2147483648,0.022477,0.023859,0.94206,1.0,True,pass,,1.383043261244893
1007,1007,Real-World,cublas,FP32,1024,512,2048,2147483648,0.143616,0.176128,0.815407,1.0,True,pass,,1.383043261244893
1007,1007,Real-World,cublas,INT8,1024,512,2048,2147483648,0.018483,0.017818,1.037356,1.0,True,pass,,1.383043261244893
1008,1008,Real-World,cublas,FP16,1024,2048,512,2147483648,0.025293,0.027494,0.919926,1.0,True,pass,,1.193203805014491
1008,1008,Real-World,cublas,FP32,1024,2048,512,2147483648,0.145613,0.169728,0.857918,1.0,True,pass,,1.193203805014491
1008,1008,Real-World,cublas,INT8,1024,2048,512,2147483648,0.022477,0.020531,1.094763,1.0,True,pass,,1.193203805014491
1009,1009,Real-World,cublas,FP16,6000,208,400,998400000,0.019251,0.021658,0.888889,1.0,True,pass,,1.024579068645835
1009,1009,Real-World,cublas,FP32,6000,208,400,998400000,0.087962,0.085965,1.023228,1.0,True,pass,,1.024579068645835
1009,1009,Real-World,cublas,INT8,6000,208,400,998400000,0.024064,0.01705,1.411411,1.0,True,pass,,1.024579068645835
1010,1010,Real-World,cublas,FP16,3392,512,512,1778384896,0.0192,0.022016,0.872093,1.0,True,pass,,0.9850571919232607
1010,1010,Real-World,cublas,FP32,3392,512,512,1778384896,0.109619,0.165939,0.660599,1.0,True,pass,,0.9850571919232607
1010,1010,Real-World,cublas,INT8,3392,512,512,1778384896,0.021862,0.016589,1.317901,1.0,True,pass,,0.9850571919232607
1011,1011,Real-World,cublas,FP16,2048,768,768,2415919104,0.02217,0.034099,0.65015,1.0,True,pass,,0.9868737887591124
1011,1011,Real-World,cublas,FP32,2048,768,768,2415919104,0.157798,0.284723,0.554217,1.0,True,pass,,0.9868737887591124
1011,1011,Real-World,cublas,INT8,2048,768,768,2415919104,0.024422,0.017869,1.366762,1.0,True,pass,,0.9868737887591124
1012,1012,Real-World,cublas,FP16,3456,512,512,1811939328,0.019046,0.021555,0.883611,1.0,True,pass,,0.9403862562030554
1012,1012,Real-World,cublas,FP32,3456,512,512,1811939328,0.109363,0.166195,0.658041,1.0,True,pass,,0.9403862562030554
1012,1012,Real-World,cublas,INT8,3456,512,512,1811939328,0.021709,0.016947,1.280966,1.0,True,pass,,0.9403862562030554
1013,1013,Real-World,cublas,FP16,32,16384,200,209715200,0.016896,0.016794,1.006097,1.0,True,pass,,1.0691312067210674
1013,1013,Real-World,cublas,FP32,32,16384,200,209715200,0.031846,0.066099,0.481797,1.0,True,pass,,1.0691312067210674
1013,1013,Real-World,cublas,INT8,32,16384,200,209715200,0.01792,0.011981,1.495727,1.0,True,pass,,1.0691312067210674
1014,1014,Real-World,cublas,FP16,68,4899,700,466384800,0.030208,0.020326,1.486146,1.0,True,pass,,1.0473811235278845
1014,1014,Real-World,cublas,FP32,68,4899,700,466384800,0.066253,0.061184,1.082845,1.0,True,pass,,1.0473811235278845
1014,1014,Real-World,cublas,INT8,68,4899,700,466384800,0.024115,0.019149,1.259358,1.0,True,pass,,1.0473811235278845
1015,1015,Real-World,cublas,FP16,384,768,3072,1811939328,0.023552,0.04096,0.575,1.0,True,pass,,1.0549306422472
1015,1015,Real-World,cublas,FP32,384,768,3072,1811939328,0.13353,0.308685,0.432576,1.0,True,pass,,1.0549306422472
1015,1015,Real-World,cublas,INT8,384,768,3072,1811939328,0.020787,0.033792,0.615152,1.0,True,pass,,1.0549306422472
1016,1016,Real-World,cublas,FP16,384,3072,768,1811939328,0.021658,0.022682,0.954853,1.0,True,pass,,0.9963065516203642
1016,1016,Real-World,cublas,FP32,384,3072,768,1811939328,0.124058,0.218214,0.568512,1.0,True,pass,,0.9963065516203642
1016,1016,Real-World,cublas,INT8,384,3072,768,1811939328,0.019354,0.01623,1.192429,1.0,True,pass,,0.9963065516203642
1017,1017,Real-World,cublas,FP16,10000,32,352,225280000,0.014387,0.017664,0.814493,1.0,True,pass,,1.0934177283197641
1017,1017,Real-World,cublas,FP32,10000,32,352,225280000,0.029952,0.161997,0.184892,1.0,True,pass,,1.0934177283197641
1017,1017,Real-World,cublas,INT8,10000,32,352,225280000,0.016179,0.013875,1.166052,1.0,True,pass,,1.0934177283197641
1018,1018,Real-World,cublas,FP16,3520,512,512,1845493760,0.02391,0.025446,0.939638,1.0,True,pass,,1.1794444154947996
1018,1018,Real-World,cublas,FP32,3520,512,512,1845493760,0.140237,0.166758,0.840958,1.0,True,pass,,1.1794444154947996
1018,1018,Real-World,cublas,INT8,3520,512,512,1845493760,0.018995,0.01961,0.968668,1.0,True,pass,,1.1794444154947996
1019,1019,Real-World,cublas,FP16,10000,128,256,655360000,0.017306,0.017203,1.005952,1.0,True,pass,,1.68417645432055
1019,1019,Real-World,cublas,FP32,10000,128,256,655360000,0.059546,0.076083,0.782638,1.0,True,pass,,1.68417645432055
1019,1019,Real-World,cublas,INT8,10000,128,256,655360000,0.016435,0.015462,1.062914,1.0,True,pass,,1.68417645432055
1020,1020,Real-World,cublas,FP16,2544,1472,64,479330304,0.018483,0.018586,0.994491,1.0,True,pass,,1.234140308573842
1020,1020,Real-World,cublas,FP32,2544,1472,64,479330304,0.042547,0.050074,0.849693,1.0,True,pass,,1.234140308573842
1020,1020,Real-World,cublas,INT8,2544,1472,64,479330304,0.019558,0.019405,1.007915,1.0,True,pass,,1.234140308573842
1021,1021,Real-World,cublas,FP16,64,1024,3636,476577792,0.02647,0.033126,0.799072,1.0,True,pass,,1.386987728998065
1021,1021,Real-World,cublas,FP32,64,1024,3636,476577792,0.065126,0.270694,0.24059,1.0,True,pass,,1.386987728998065
1021,1021,Real-World,cublas,INT8,64,1024,3636,476577792,0.0448,0.065434,0.684664,1.0,True,pass,,1.386987728998065
1022,1022,Real-World,cublas,FP16,5120,768,16,125829120,0.017408,0.017766,0.979827,1.0,True,pass,,1.1901445779949427
1022,1022,Real-World,cublas,FP32,5120,768,16,125829120,0.02217,0.022323,0.993119,1.0,True,pass,,1.1901445779949427
1022,1022,Real-World,cublas,INT8,5120,768,16,125829120,0.02007,0.020173,0.994924,1.0,True,pass,,1.1901445779949427
1023,1023,Real-World,cublas,FP16,64,1024,3648,478150656,0.01833,0.945152,0.019393,1.0,True,pass,,1.3900655694305897
1023,1023,Real-World,cublas,FP32,64,1024,3648,478150656,0.067328,0.217754,0.309193,1.0,True,pass,,1.3900655694305897
1023,1023,Real-World,cublas,INT8,64,1024,3648,478150656,0.019046,0.031949,0.596154,1.0,True,pass,,1.3900655694305897
1024,1024,Real-World,cublas,FP16,16,1000,4096,131072000,0.01792,0.016998,1.054217,1.0,True,pass,,1.4386420845985413
1024,1024,Real-World,cublas,FP32,16,1000,4096,131072000,0.036096,0.222362,0.16233,1.0,True,pass,,1.4386420845985413
1024,1024,Real-World,cublas,INT8,16,1000,4096,131072000,0.0192,0.034304,0.559701,1.0,True,pass,,1.4386420845985413
1025,1025,Real-World,cublas,FP16,4096,1024,2,16777216,0.030874,0.023859,1.293991,1.0,True,pass,,1.3007887434214354
1025,1025,Real-World,cublas,FP32,4096,1024,2,16777216,0.021299,0.019866,1.072165,1.0,True,pass,,1.3007887434214354
1025,1025,Real-World,cublas,INT8,4096,1024,2,16777216,0.00297,0.021811,0.13615,0.0,False,incorrect,Cosine similarity threshold failed,1.3007887434214354
1026,1026,Real-World,cublas,FP16,128,128,16384,536870912,0.018842,0.938189,0.020083,1.0,True,pass,,1.4764137007296085
1026,1026,Real-World,cublas,FP32,128,128,16384,536870912,0.053606,0.97193,0.055155,1.0,True,pass,,1.4764137007296085
1026,1026,Real-World,cublas,INT8,128,128,16384,536870912,0.053606,0.109926,0.487657,1.0,True,pass,,1.4764137007296085
1027,1027,Real-World,cublas,FP16,16,2048,2048,134217728,0.016589,0.016589,1.0,1.0,True,pass,,1.4899719282984734
1027,1027,Real-World,cublas,FP32,16,2048,2048,134217728,0.034509,0.18176,0.189859,1.0,True,pass,,1.4899719282984734
1027,1027,Real-World,cublas,INT8,16,2048,2048,134217728,0.013926,0.016486,0.84472,1.0,True,pass,,1.4899719282984734
1028,1028,Real-World,cublas,FP16,3952,512,512,2071986176,0.021299,0.023347,0.912281,1.0,True,pass,,1.310777984559536
1028,1028,Real-World,cublas,FP32,3952,512,512,2071986176,0.14121,0.169472,0.833232,1.0,True,pass,,1.310777984559536
1028,1028,Real-World,cublas,INT8,3952,512,512,2071986176,0.02007,0.020736,0.967901,1.0,True,pass,,1.310777984559536
1029,1030,Real-World,cublas,FP16,512,768,3072,2415919104,0.025651,0.025037,1.024539,1.0,True,pass,,1.4173334836959839
1029,1030,Real-World,cublas,FP32,512,768,3072,2415919104,0.160051,0.309299,0.517464,1.0,True,pass,,1.4173334836959839
1029,1030,Real-World,cublas,INT8,512,768,3072,2415919104,0.018125,0.032666,0.554859,1.0,True,pass,,1.4173334836959839
1030,1031,Real-World,cublas,FP16,512,3072,768,2415919104,0.025088,0.020941,1.198044,1.0,True,pass,,1.2787600308656693
1030,1031,Real-World,cublas,FP32,512,3072,768,2415919104,0.160666,0.284211,0.565304,1.0,True,pass,,1.2787600308656693
1030,1031,Real-World,cublas,INT8,512,3072,768,2415919104,0.022067,0.017254,1.278931,1.0,True,pass,,1.2787600308656693
1031,1032,Real-World,cublas,FP16,33,2048,2048,276824064,0.031283,0.016333,1.915361,1.0,True,pass,,1.7699362244457006
1031,1032,Real-World,cublas,FP32,33,2048,2048,276824064,0.058163,0.124979,0.465383,1.0,True,pass,,1.7699362244457006
1031,1032,Real-World,cublas,INT8,33,2048,2048,276824064,,,,,False,missing,Running INT8...Error benchmarking size 33x2048x2048: std::exception,1.7699362244457006
1032,1033,Real-World,cublas,FP16,1200,600,2056,2960640000,0.035738,0.034509,1.035608,1.0,True,pass,,1.3658263385295868
1032,1033,Real-World,cublas,FP32,1200,600,2056,2960640000,0.216678,0.301824,0.717897,1.0,True,pass,,1.3658263385295868
1032,1033,Real-World,cublas,INT8,1200,600,2056,2960640000,0.061235,0.039066,1.567497,1.0,True,pass,,1.3658263385295868
1033,1034,Real-World,cublas,FP16,1664,1024,1024,3489660928,0.029594,0.024371,1.214285,1.0,True,pass,,1.3249713443219662
1033,1034,Real-World,cublas,FP32,1664,1024,1024,3489660928,0.20608,0.266189,0.774187,1.0,True,pass,,1.3249713443219662
1033,1034,Real-World,cublas,INT8,1664,1024,1024,3489660928,0.025242,0.019814,1.273902,1.0,True,pass,,1.3249713443219662
1034,1035,Real-World,cublas,FP16,32,512,8192,268435456,0.018483,0.034816,0.530882,1.0,True,pass,,1.2737688962370157
1034,1035,Real-World,cublas,FP32,32,512,8192,268435456,0.037837,0.375859,0.100667,1.0,True,pass,,1.2737688962370157
1034,1035,Real-World,cublas,INT8,32,512,8192,268435456,0.03159,0.059802,0.528253,1.0,True,pass,,1.2737688962370157
1035,1036,Real-World,cublas,FP16,20000,16,208,133120000,0.017869,0.017715,1.00867,1.0,True,pass,,1.1391592118889093
1035,1036,Real-World,cublas,FP32,20000,16,208,133120000,0.031949,0.039014,0.818898,1.0,True,pass,,1.1391592118889093
1035,1036,Real-World,cublas,INT8,20000,16,208,133120000,0.046387,0.012595,3.682926,1.0,True,pass,,1.1391592118889093
1036,1037,Real-World,cublas,FP16,2560,768,768,3019898880,0.034458,0.031539,1.092532,1.0,True,pass,,1.187303051352501
1036,1037,Real-World,cublas,FP32,2560,768,768,3019898880,0.207514,0.356301,0.582411,1.0,True,pass,,1.187303051352501
1036,1037,Real-World,cublas,INT8,2560,768,768,3019898880,0.027341,0.025856,1.057426,1.0,True,pass,,1.187303051352501
1037,1038,Real-World,cublas,FP16,16,1088,4096,142606336,0.020378,0.023808,0.855914,1.0,True,pass,,1.1949150878936052
1037,1038,Real-World,cublas,FP32,16,1088,4096,142606336,0.034662,0.15401,0.225067,1.0,True,pass,,1.1949150878936052
1037,1038,Real-World,cublas,INT8,16,1088,4096,142606336,0.020941,0.035533,0.589337,1.0,True,pass,,1.1949150878936052
1038,1039,Real-World,cublas,FP16,1600,368,2048,2411724800,0.025446,0.031027,0.820132,1.0,True,pass,,1.1205999199301004
1038,1039,Real-World,cublas,FP32,1600,368,2048,2411724800,0.171315,0.163482,1.047917,1.0,True,pass,,1.1205999199301004
1038,1039,Real-World,cublas,INT8,1600,368,2048,2411724800,0.022118,0.01792,1.234286,1.0,True,pass,,1.1205999199301004
1039,1040,Real-World,cublas,FP16,112,1008,4096,924844032,0.022272,0.029901,0.744863,1.0,True,pass,,1.2411349676549435
1039,1040,Real-World,cublas,FP32,112,1008,4096,924844032,0.098918,0.23936,0.413262,1.0,True,pass,,1.2411349676549435
1039,1040,Real-World,cublas,INT8,112,1008,4096,924844032,0.022272,0.037069,0.600829,1.0,True,pass,,1.2411349676549435
1040,1041,Real-World,cublas,FP16,32,16384,256,268435456,0.016845,0.016486,1.021739,1.0,True,pass,,1.1824176330119371
1040,1041,Real-World,cublas,FP32,32,16384,256,268435456,0.03753,0.081818,0.458698,1.0,True,pass,,1.1824176330119371
1040,1041,Real-World,cublas,INT8,32,16384,256,268435456,0.014541,0.011622,1.251101,1.0,True,pass,,1.1824176330119371
1041,1042,Real-World,cublas,FP16,16,512,8960,146800640,0.019917,0.036352,0.547887,1.0,True,pass,,1.1880812626332045
1041,1042,Real-World,cublas,FP32,16,512,8960,146800640,0.038707,0.402176,0.096244,1.0,True,pass,,1.1880812626332045
1041,1042,Real-World,cublas,INT8,16,512,8960,146800640,0.033741,0.064358,0.524264,1.0,True,pass,,1.1880812626332045
1042,1043,Real-World,cublas,FP16,640,768,3072,3019898880,0.031078,0.057293,0.542449,1.0,True,pass,,1.2050019539892673
1042,1043,Real-World,cublas,FP32,640,768,3072,3019898880,0.223386,0.469606,0.475687,1.0,True,pass,,1.2050019539892673
1042,1043,Real-World,cublas,INT8,640,768,3072,3019898880,0.027187,0.02089,1.301471,1.0,True,pass,,1.2050019539892673
1043,1044,Real-World,cublas,FP16,640,3072,768,3019898880,0.030976,0.031744,0.975806,1.0,True,pass,,1.1598439756780863
1043,1044,Real-World,cublas,FP32,640,3072,768,3019898880,0.183398,0.352358,0.520488,1.0,True,pass,,1.1598439756780863
1043,1044,Real-World,cublas,INT8,640,3072,768,3019898880,0.025498,0.024371,1.046218,1.0,True,pass,,1.1598439756780863
1044,1045,Real-World,cublas,FP16,6144,768,16,150994944,0.024883,0.026675,0.932821,1.0,True,pass,,1.0980251673609018
1044,1045,Real-World,cublas,FP32,6144,768,16,150994944,0.025293,0.025037,1.010225,1.0,True,pass,,1.0980251673609018
1044,1045,Real-World,cublas,INT8,6144,768,16,150994944,0.023552,0.021914,1.074767,1.0,True,pass,,1.0980251673609018
1045,1046,Real-World,cublas,FP16,128,4096,1024,1073741824,0.018074,0.022528,0.802273,1.0,True,pass,,1.1883243769407272
1045,1046,Real-World,cublas,FP32,128,4096,1024,1073741824,0.087962,0.113869,0.772482,1.0,True,pass,,1.1883243769407272
1045,1046,Real-World,cublas,INT8,128,4096,1024,1073741824,0.017357,0.012851,1.350598,1.0,True,pass,,1.1883243769407272
1046,1047,Real-World,cublas,FP16,128,1024,4096,1073741824,0.023091,0.029901,0.77226,1.0,True,pass,,1.2191998548805714
1046,1047,Real-World,cublas,FP32,128,1024,4096,1073741824,0.100352,0.241254,0.415959,1.0,True,pass,,1.2191998548805714
1046,1047,Real-World,cublas,INT8,128,1024,4096,1073741824,0.022272,0.036198,0.615276,1.0,True,pass,,1.2191998548805714
1047,1048,Real-World,cublas,FP16,134,4096,1024,1124073472,0.034918,0.022528,1.55,1.0,True,pass,,1.321708470582962
1047,1048,Real-World,cublas,FP32,134,4096,1024,1124073472,0.095437,0.120013,0.795222,1.0,True,pass,,1.321708470582962
1047,1048,Real-World,cublas,INT8,134,4096,1024,1124073472,,,,,False,missing,Running INT8...Error benchmarking size 134x4096x1024: std::exception,1.321708470582962
1048,1049,Real-World,cublas,FP16,4672,32,1024,306184192,0.014438,0.017613,0.819767,1.0,True,pass,,1.10568068921566
1048,1049,Real-World,cublas,FP32,4672,32,1024,306184192,0.079565,0.096,0.8288,1.0,True,pass,,1.10568068921566
1048,1049,Real-World,cublas,INT8,4672,32,1024,306184192,0.01367,0.013261,1.030888,1.0,True,pass,,1.10568068921566
1049,1050,Real-World,cublas,FP16,6464,768,2,19857408,0.02688,0.023859,1.126609,1.0,True,pass,,0.9082718025892973
1049,1050,Real-World,cublas,FP32,6464,768,2,19857408,0.02473,0.021146,1.169492,1.0,True,pass,,0.9082718025892973
1049,1050,Real-World,cublas,INT8,6464,768,2,19857408,0.009933,0.021197,0.468599,0.0,False,incorrect,Cosine similarity threshold failed,0.9082718025892973
1050,1051,Real-World,cublas,FP16,160,1024,4096,1342177280,0.025242,0.032051,0.78754,1.0,True,pass,,1.2541595827788115
1050,1051,Real-World,cublas,FP32,160,1024,4096,1342177280,0.119245,0.311091,0.383311,1.0,True,pass,,1.2541595827788115
1050,1051,Real-World,cublas,INT8,160,1024,4096,1342177280,0.021914,0.039885,0.549422,1.0,True,pass,,1.2541595827788115
1051,1052,Real-World,cublas,FP16,6464,11,768,109215744,0.014234,0.016333,0.871473,1.0,True,pass,,1.1371230017393827
1051,1052,Real-World,cublas,FP32,6464,11,768,109215744,0.03584,0.031949,1.121795,1.0,True,pass,,1.1371230017393827
1051,1052,Real-World,cublas,INT8,6464,11,768,109215744,0.024474,0.011725,2.087337,1.0,True,pass,,1.1371230017393827
1052,1053,Real-World,cublas,FP16,256,6416,512,1681915904,0.018944,0.024269,0.780591,1.0,True,pass,,1.1190310847014189
1052,1053,Real-World,cublas,FP32,256,6416,512,1681915904,0.12073,0.117453,1.027899,1.0,True,pass,,1.1190310847014189
1052,1053,Real-World,cublas,INT8,256,6416,512,1681915904,0.021965,0.016691,1.31595,1.0,True,pass,,1.1190310847014189
1053,1054,Real-World,cublas,FP16,8192,312,312,1594884096,0.030464,0.032819,0.928237,1.0,True,pass,,1.1220846306532621
1053,1054,Real-World,cublas,FP32,8192,312,312,1594884096,0.101734,0.124672,0.816016,1.0,True,pass,,1.1220846306532621
1053,1054,Real-World,cublas,INT8,8192,312,312,1594884096,0.031283,0.024422,1.280922,1.0,True,pass,,1.1220846306532621
1054,1055,Real-World,cublas,FP16,2048,1024,1024,4294967296,0.034304,0.036301,0.944993,1.0,True,pass,,1.1228479240089655
1054,1055,Real-World,cublas,FP32,2048,1024,1024,4294967296,0.269722,0.328448,0.8212,1.0,True,pass,,1.1228479240089655
1054,1055,Real-World,cublas,INT8,2048,1024,1024,4294967296,0.029082,0.026522,1.096525,1.0,True,pass,,1.1228479240089655
1055,1056,Real-World,cublas,FP16,256,2048,2048,2147483648,0.024422,0.029286,0.833916,1.0,True,pass,,1.2922853492200375
1055,1056,Real-World,cublas,FP32,256,2048,2048,2147483648,0.146944,0.178688,0.82235,1.0,True,pass,,1.2922853492200375
1055,1056,Real-World,cublas,INT8,256,2048,2048,2147483648,0.02176,0.016691,1.30368,1.0,True,pass,,1.2922853492200375
1056,1057,Real-World,cublas,FP16,208,1024,4096,1744830464,0.027136,0.044339,0.612009,1.0,True,pass,,1.256786085665226
1056,1057,Real-World,cublas,FP32,208,1024,4096,1744830464,0.152422,0.314522,0.484617,1.0,True,pass,,1.256786085665226
1056,1057,Real-World,cublas,INT8,208,1024,4096,1744830464,0.02263,0.042342,0.534462,1.0,True,pass,,1.256786085665226
1057,1058,Real-World,cublas,FP16,208,4096,1024,1744830464,0.023603,0.023194,1.01766,1.0,True,pass,,1.2960119862109423
1057,1058,Real-World,cublas,FP32,208,4096,1024,1744830464,0.138086,0.169421,0.81505,1.0,True,pass,,1.2960119862109423
1057,1058,Real-World,cublas,INT8,208,4096,1024,1744830464,0.021453,0.017818,1.204023,1.0,True,pass,,1.2960119862109423
1058,1059,Real-World,cublas,FP16,3072,768,768,3623878656,0.031488,0.032051,0.982428,1.0,True,pass,,1.149267265573144
1058,1059,Real-World,cublas,FP32,3072,768,768,3623878656,0.231014,0.41769,0.553077,1.0,True,pass,,1.149267265573144
1058,1059,Real-World,cublas,INT8,3072,768,768,3623878656,0.027802,0.024525,1.133611,1.0,True,pass,,1.149267265573144
1059,1060,Real-World,cublas,FP16,1,6912,768,10616832,0.014234,0.01495,0.952055,1.0,True,pass,,1.456774352118373
1059,1060,Real-World,cublas,FP32,1,6912,768,10616832,0.01495,0.046336,0.322652,1.0,True,pass,,1.456774352118373
1059,1060,Real-World,cublas,INT8,1,6912,768,10616832,,,,,False,missing,Running INT8...Error benchmarking size 1x6912x768: std::exception,1.456774352118373
1060,1061,Real-World,cublas,FP16,1,768,6912,10616832,0.01577,0.033178,0.475309,1.0,True,pass,,1.4447044096887112
1060,1061,Real-World,cublas,FP32,1,768,6912,10616832,0.018637,0.312627,0.059613,1.0,True,pass,,1.4447044096887112
1060,1061,Real-World,cublas,INT8,1,768,6912,10616832,,,,,False,missing,Running INT8...Error benchmarking size 1x768x6912: std::exception,1.4447044096887112
1061,1062,Real-World,cublas,FP16,24000,16,208,159744000,0.018944,0.017101,1.107784,1.0,True,pass,,1.6328215766698122
1061,1062,Real-World,cublas,FP32,24000,16,208,159744000,0.045978,0.062464,0.736066,1.0,True,pass,,1.6328215766698122
1061,1062,Real-World,cublas,INT8,24000,16,208,159744000,0.061235,0.015309,4.0,1.0,True,pass,,1.6328215766698122
1062,1063,Real-World,cublas,FP16,5,384,14112,54190080,0.028518,0.037734,0.755767,1.0,True,pass,,1.8228564411401749
1062,1063,Real-World,cublas,FP32,5,384,14112,54190080,0.041626,1.270426,0.032765,1.0,True,pass,,1.8228564411401749
1062,1063,Real-World,cublas,INT8,5,384,14112,54190080,,,,,False,missing,Running INT8...Error benchmarking size 5x384x14112: std::exception,1.8228564411401749
1063,1064,Real-World,cublas,FP16,1232,2304,768,4359979008,0.031181,0.031949,0.975961,1.0,True,pass,,1.4789037983864546
1063,1064,Real-World,cublas,FP32,1232,2304,768,4359979008,0.25728,0.509696,0.504771,1.0,True,pass,,1.4789037983864546
1063,1064,Real-World,cublas,INT8,1232,2304,768,4359979008,0.031744,0.026266,1.208577,1.0,True,pass,,1.4789037983864546
1064,1065,Real-World,cublas,FP16,10192,32,512,333971456,0.015616,0.015462,1.009934,1.0,True,pass,,1.3723329119384289
1064,1065,Real-World,cublas,FP32,10192,32,512,333971456,0.037632,0.046182,0.814856,1.0,True,pass,,1.3723329119384289
1064,1065,Real-World,cublas,INT8,10192,32,512,333971456,0.012442,0.012134,1.025316,1.0,True,pass,,1.3723329119384289
1065,1066,Real-World,cublas,FP16,6144,768,128,1207959552,0.019763,0.020941,0.943765,1.0,True,pass,,1.3116816561669111
1065,1066,Real-World,cublas,FP32,6144,768,128,1207959552,0.084326,0.086118,0.979192,1.0,True,pass,,1.3116816561669111
1065,1066,Real-World,cublas,INT8,6144,768,128,1207959552,0.022118,0.022528,0.981818,1.0,True,pass,,1.3116816561669111
1066,1067,Real-World,cublas,FP16,490,1920,1960,3687936000,0.065997,0.037939,1.739542,1.0,True,pass,,1.657149612903595
1066,1067,Real-World,cublas,FP32,490,1920,1960,3687936000,0.24105,0.287027,0.839815,1.0,True,pass,,1.657149612903595
1066,1067,Real-World,cublas,INT8,490,1920,1960,3687936000,,,,,False,missing,Running INT8...Error benchmarking size 490x1920x1960: std::exception,1.657149612903595
1067,1068,Real-World,cublas,FP16,10192,48,512,500957184,0.026419,0.01623,1.62776,1.0,True,pass,,1.3915642388164997
1067,1068,Real-World,cublas,FP32,10192,48,512,500957184,0.056576,0.079411,0.712444,1.0,True,pass,,1.3915642388164997
1067,1068,Real-World,cublas,INT8,10192,48,512,500957184,0.012851,0.0128,1.004,1.0,True,pass,,1.3915642388164997
1068,1069,Real-World,cublas,FP16,130,64,29696,494141440,0.030669,0.901632,0.034015,1.0,True,pass,,1.7403359040617943
1068,1069,Real-World,cublas,FP32,130,64,29696,494141440,0.06825,1.94048,0.035172,1.0,True,pass,,1.7403359040617943
1068,1069,Real-World,cublas,INT8,130,64,29696,494141440,,,,,False,missing,Running INT8...Error benchmarking size 130x64x29696: std::exception,1.7403359040617943
1069,1070,Real-World,cublas,FP16,16,1824,3136,183042048,0.018074,0.020992,0.860976,1.0,True,pass,,1.5417129639536142
1069,1070,Real-World,cublas,FP32,16,1824,3136,183042048,0.042342,0.210483,0.201168,1.0,True,pass,,1.5417129639536142
1069,1070,Real-World,cublas,INT8,16,1824,3136,183042048,0.017101,0.02089,0.818627,1.0,True,pass,,1.5417129639536142
1070,1071,Real-World,cublas,FP16,768,768,3456,4076863488,0.031693,0.034406,0.921131,1.0,True,pass,,1.6167831048369408
1070,1071,Real-World,cublas,FP32,768,768,3456,4076863488,0.236954,0.513434,0.461508,1.0,True,pass,,1.6167831048369408
1070,1071,Real-World,cublas,INT8,768,768,3456,4076863488,0.02647,0.023398,1.131291,1.0,True,pass,,1.6167831048369408
1071,1072,Real-World,cublas,FP16,2424,38,2424,446558976,0.021197,0.020224,1.048101,1.0,True,pass,,1.5380981154739857
1071,1072,Real-World,cublas,FP32,2424,38,2424,446558976,0.10071,0.220979,0.455746,1.0,True,pass,,1.5380981154739857
1071,1072,Real-World,cublas,INT8,2424,38,2424,446558976,0.026266,0.042752,0.614371,1.0,True,pass,,1.5380981154739857
1072,1073,Real-World,cublas,FP16,10000,400,200,1600000000,0.03072,0.028928,1.061947,1.0,True,pass,,1.2982531618326902
1072,1073,Real-World,cublas,FP32,10000,400,200,1600000000,0.109978,0.124774,0.881412,1.0,True,pass,,1.2982531618326902
1072,1073,Real-World,cublas,INT8,10000,400,200,1600000000,0.03328,0.028672,1.160714,1.0,True,pass,,1.2982531618326902
1073,1074,Real-World,cublas,FP16,640,100,8192,1048576000,0.023552,0.878592,0.026807,1.0,True,pass,,1.6383483074605465
1073,1074,Real-World,cublas,FP32,640,100,8192,1048576000,0.099942,0.505958,0.197531,1.0,True,pass,,1.6383483074605465
1073,1074,Real-World,cublas,INT8,640,100,8192,1048576000,0.030413,0.067379,0.451368,1.0,True,pass,,1.6383483074605465
1074,1075,Real-World,cublas,FP16,384,4096,1024,3221225472,0.02345,0.024832,0.94433,1.0,True,pass,,1.6647011581808329
1074,1075,Real-World,cublas,FP32,384,4096,1024,3221225472,0.211968,0.263475,0.804508,1.0,True,pass,,1.6647011581808329
1074,1075,Real-World,cublas,INT8,384,4096,1024,3221225472,0.025088,0.01961,1.279373,1.0,True,pass,,1.6647011581808329
1075,1076,Real-World,cublas,FP16,384,1024,4096,3221225472,0.033792,0.045824,0.73743,1.0,True,pass,,1.317120548337698
1075,1076,Real-World,cublas,FP32,384,1024,4096,3221225472,0.246938,0.346163,0.713356,1.0,True,pass,,1.317120548337698
1075,1076,Real-World,cublas,INT8,384,1024,4096,3221225472,0.02944,0.042701,0.689448,1.0,True,pass,,1.317120548337698
1076,1077,Real-World,cublas,FP16,10000,208,400,1664000000,0.026982,0.02519,1.071138,1.0,True,pass,,1.1521013844758272
1076,1077,Real-World,cublas,FP32,10000,208,400,1664000000,0.128051,0.123699,1.035182,1.0,True,pass,,1.1521013844758272
1076,1077,Real-World,cublas,INT8,10000,208,400,1664000000,0.030362,0.020531,1.478803,1.0,True,pass,,1.1521013844758272
1077,1078,Real-World,cublas,FP16,16000,128,256,1048576000,0.022989,0.022886,1.004474,1.0,True,pass,,1.1320439353585243
1077,1078,Real-World,cublas,FP32,16000,128,256,1048576000,0.078285,0.10793,0.725332,1.0,True,pass,,1.1320439353585243
1077,1078,Real-World,cublas,INT8,16000,128,256,1048576000,0.020429,0.018688,1.093151,1.0,True,pass,,1.1320439353585243
1078,1079,Real-World,cublas,FP16,45,1470,4096,541900800,0.045773,0.036147,1.266289,1.0,True,pass,,1.4982523620128632
1078,1079,Real-World,cublas,FP32,45,1470,4096,541900800,0.079462,0.31319,0.253719,1.0,True,pass,,1.4982523620128632
1078,1079,Real-World,cublas,INT8,45,1470,4096,541900800,,,,,False,missing,Running INT8...Error benchmarking size 45x1470x4096: std::exception,1.4982523620128632
1079,1080,Real-World,cublas,FP16,1024,768,3072,4831838208,0.03456,0.039578,0.873221,1.0,True,pass,,1.2679646275937557
1079,1080,Real-World,cublas,FP32,1024,768,3072,4831838208,0.280422,0.603085,0.46498,1.0,True,pass,,1.2679646275937557
1079,1080,Real-World,cublas,INT8,1024,768,3072,4831838208,0.028211,0.022938,1.229911,1.0,True,pass,,1.2679646275937557
1080,1081,Real-World,cublas,FP16,1024,3072,768,4831838208,0.032256,0.03584,0.9,1.0,True,pass,,1.196433275938034
1080,1081,Real-World,cublas,FP32,1024,3072,768,4831838208,0.294912,0.551834,0.534422,1.0,True,pass,,1.196433275938034
1080,1081,Real-World,cublas,INT8,1024,3072,768,4831838208,0.029594,0.026726,1.10728,1.0,True,pass,,1.196433275938034
1081,1082,Real-World,cublas,FP16,2048,512,2048,4294967296,0.037069,0.041882,0.885085,1.0,True,pass,,1.2111178915947676
1081,1082,Real-World,cublas,FP32,2048,512,2048,4294967296,0.251648,0.30167,0.834182,1.0,True,pass,,1.2111178915947676
1081,1082,Real-World,cublas,INT8,2048,512,2048,4294967296,0.028365,0.025498,1.11245,1.0,True,pass,,1.2111178915947676
1082,1083,Real-World,cublas,FP16,2048,2048,512,4294967296,0.034253,0.037274,0.918956,1.0,True,pass,,1.1716099940240383
1082,1083,Real-World,cublas,FP32,2048,2048,512,4294967296,0.254771,0.269619,0.94493,1.0,True,pass,,1.1716099940240383
1082,1083,Real-World,cublas,INT8,2048,2048,512,4294967296,0.030566,0.030157,1.013582,1.0,True,pass,,1.1716099940240383
1083,1084,Real-World,cublas,FP16,512,2048,2048,4294967296,0.036762,0.035021,1.049707,1.0,True,pass,,1.4392767157405615
1083,1084,Real-World,cublas,FP32,512,2048,2048,4294967296,0.281805,0.301517,0.934624,1.0,True,pass,,1.4392767157405615
1083,1084,Real-World,cublas,INT8,512,2048,2048,4294967296,0.02857,0.025498,1.120482,1.0,True,pass,,1.4392767157405615
1084,1085,Real-World,cublas,FP16,48,1472,4096,578813952,0.020378,0.03625,0.562147,1.0,True,pass,,1.3661930710077286
1084,1085,Real-World,cublas,FP32,48,1472,4096,578813952,0.079923,0.313344,0.255065,1.0,True,pass,,1.3661930710077286
1084,1085,Real-World,cublas,INT8,48,1472,4096,578813952,0.021555,0.035328,0.610145,1.0,True,pass,,1.3661930710077286
1085,1086,Real-World,cublas,FP16,8192,768,16,201326592,0.022579,0.023245,0.971366,1.0,True,pass,,1.0528488233685493
1085,1086,Real-World,cublas,FP32,8192,768,16,201326592,0.030618,0.030413,1.006734,1.0,True,pass,,1.0528488233685493
1085,1086,Real-World,cublas,INT8,8192,768,16,201326592,0.028211,0.028109,1.003643,1.0,True,pass,,1.0528488233685493
1086,1087,Real-World,cublas,FP16,4096,1248,312,3189768192,0.040602,0.046387,0.875276,1.0,True,pass,,1.3571101240813732
1086,1087,Real-World,cublas,FP32,4096,1248,312,3189768192,0.190003,0.202035,0.940446,1.0,True,pass,,1.3571101240813732
1086,1087,Real-World,cublas,INT8,4096,1248,312,3189768192,0.044698,0.03543,1.261561,1.0,True,pass,,1.3571101240813732
1087,1088,Real-World,cublas,FP16,4096,312,1248,3189768192,0.027597,0.030054,0.918228,1.0,True,pass,,1.3701606467366219
1087,1088,Real-World,cublas,FP32,4096,312,1248,3189768192,0.208486,0.275302,0.7573,1.0,True,pass,,1.3701606467366219
1087,1088,Real-World,cublas,INT8,4096,312,1248,3189768192,0.025498,0.020326,1.254408,1.0,True,pass,,1.3701606467366219
1088,1089,Real-World,cublas,FP16,640,2048,2048,5368709120,0.047462,0.045056,1.053409,1.0,True,pass,,1.5606694109737873
1088,1089,Real-World,cublas,FP32,640,2048,2048,5368709120,0.335667,0.443802,0.756345,1.0,True,pass,,1.5606694109737873
1088,1089,Real-World,cublas,INT8,640,2048,2048,5368709120,0.030157,0.027085,1.113421,1.0,True,pass,,1.5606694109737873
1089,1090,Real-World,cublas,FP16,512,4096,1024,4294967296,0.04009,0.038195,1.049598,1.0,True,pass,,1.4529524594545364
1089,1090,Real-World,cublas,FP32,512,4096,1024,4294967296,0.261018,0.331366,0.787701,1.0,True,pass,,1.4529524594545364
1089,1090,Real-World,cublas,INT8,512,4096,1024,4294967296,0.029645,0.026419,1.122093,1.0,True,pass,,1.4529524594545364
1090,1091,Real-World,cublas,FP16,512,1024,4096,4294967296,0.03753,0.570522,0.065781,1.0,True,pass,,1.6909273248165846
1090,1091,Real-World,cublas,FP32,512,1024,4096,4294967296,0.2752,0.516147,0.533181,1.0,True,pass,,1.6909273248165846
1090,1091,Real-World,cublas,INT8,512,1024,4096,4294967296,0.030669,0.038656,0.793378,1.0,True,pass,,1.6909273248165846
1091,1092,Real-World,cublas,FP16,4096,768,768,4831838208,0.030925,0.032461,0.952681,1.0,True,pass,,1.493199223652482
1091,1092,Real-World,cublas,FP32,4096,768,768,4831838208,0.301722,0.551322,0.54727,1.0,True,pass,,1.493199223652482
1091,1092,Real-World,cublas,INT8,4096,768,768,4831838208,0.028262,0.028109,1.005464,1.0,True,pass,,1.493199223652482
1092,1093,Real-World,cublas,FP16,6656,1024,16,218103808,0.021197,0.025242,0.839757,1.0,True,pass,,1.2727299630641937
1092,1093,Real-World,cublas,FP32,6656,1024,16,218103808,0.027648,0.03287,0.841121,1.0,True,pass,,1.2727299630641937
1092,1093,Real-World,cublas,INT8,6656,1024,16,218103808,0.027187,0.028211,0.963702,1.0,True,pass,,1.2727299630641937
1093,1094,Real-World,cublas,FP16,64,6272,1034,830111744,0.025958,0.029389,0.883275,1.0,True,pass,,1.5831775590777397
1093,1094,Real-World,cublas,FP32,64,6272,1034,830111744,0.078336,0.141773,0.552546,1.0,True,pass,,1.5831775590777397
1093,1094,Real-World,cublas,INT8,64,6272,1034,830111744,0.003482,0.031488,0.110569,0.0,False,incorrect,Cosine similarity threshold failed,1.5831775590777397
1094,1095,Real-World,cublas,FP16,64,6272,1040,834928640,0.018893,0.018176,1.039437,1.0,True,pass,,1.6176889315247536
1094,1095,Real-World,cublas,FP32,64,6272,1040,834928640,0.078336,0.115046,0.680908,1.0,True,pass,,1.6176889315247536
1094,1095,Real-World,cublas,INT8,64,6272,1040,834928640,0.017357,0.017715,0.979769,1.0,True,pass,,1.6176889315247536
1095,1096,Real-World,cublas,FP16,3200,96,2048,1258291200,0.024576,0.020582,1.19403,1.0,True,pass,,1.5016335006803274
1095,1096,Real-World,cublas,FP32,3200,96,2048,1258291200,0.12329,0.185498,0.664643,1.0,True,pass,,1.5016335006803274
1095,1096,Real-World,cublas,INT8,3200,96,2048,1258291200,0.015514,0.018074,0.858357,1.0,True,pass,,1.5016335006803274
1096,1097,Real-World,cublas,FP16,1232,3072,768,5813305344,0.046131,0.038758,1.190224,1.0,True,pass,,1.4580287858843803
1096,1097,Real-World,cublas,FP32,1232,3072,768,5813305344,0.34135,0.671181,0.508582,1.0,True,pass,,1.4580287858843803
1096,1097,Real-World,cublas,INT8,1232,3072,768,5813305344,0.036301,0.035123,1.033528,1.0,True,pass,,1.4580287858843803
1097,1098,Real-World,cublas,FP16,1232,768,3072,5813305344,0.048538,0.039168,1.239216,1.0,True,pass,,1.6125485710799694
1097,1098,Real-World,cublas,FP32,1232,768,3072,5813305344,0.351846,0.674765,0.521436,1.0,True,pass,,1.6125485710799694
1097,1098,Real-World,cublas,INT8,1232,768,3072,5813305344,0.033587,0.030771,1.091514,1.0,True,pass,,1.6125485710799694
1098,1099,Real-World,cublas,FP16,199,1470,4096,2396405760,0.086784,0.02903,2.989418,1.0,True,pass,,1.9506101235747337
1098,1099,Real-World,cublas,FP32,199,1470,4096,2396405760,0.208435,0.411443,0.506595,1.0,True,pass,,1.9506101235747337
1098,1099,Real-World,cublas,INT8,199,1470,4096,2396405760,,,,,False,missing,Running INT8...Error benchmarking size 199x1470x4096: std::exception,1.9506101235747337
1099,1100,Real-World,cublas,FP16,1280,768,3072,6039797760,0.048333,0.039219,1.232376,1.0,True,pass,,1.5915947183966637
1099,1100,Real-World,cublas,FP32,1280,768,3072,6039797760,0.351898,0.676403,0.520248,1.0,True,pass,,1.5915947183966637
1099,1100,Real-World,cublas,INT8,1280,768,3072,6039797760,0.034406,0.03113,1.105263,1.0,True,pass,,1.5915947183966637
1100,1101,Real-World,cublas,FP16,1280,3072,768,6039797760,0.042854,0.04183,1.02448,1.0,True,pass,,1.5116033032536507
1100,1101,Real-World,cublas,FP32,1280,3072,768,6039797760,0.340736,0.68864,0.494796,1.0,True,pass,,1.5116033032536507
1100,1101,Real-World,cublas,INT8,1280,3072,768,6039797760,0.036198,0.035379,1.023155,1.0,True,pass,,1.5116033032536507
1101,1102,Real-World,cublas,FP16,12000,208,400,1996800000,0.025856,0.02391,1.08137,1.0,True,pass,,1.4845904093235731
1101,1102,Real-World,cublas,FP32,12000,208,400,1996800000,0.151091,0.165274,0.914188,1.0,True,pass,,1.4845904093235731
1101,1102,Real-World,cublas,INT8,12000,208,400,1996800000,0.024064,0.022067,1.090487,1.0,True,pass,,1.4845904093235731
1102,1103,Real-World,cublas,FP16,8192,768,128,1610612736,0.02304,0.02601,0.885827,1.0,True,pass,,1.5028929430991411
1102,1103,Real-World,cublas,FP32,8192,768,128,1610612736,0.11049,0.106189,1.040502,1.0,True,pass,,1.5028929430991411
1102,1103,Real-World,cublas,INT8,8192,768,128,1610612736,0.02688,0.029338,0.91623,1.0,True,pass,,1.5028929430991411
1103,1104,Real-World,cublas,FP16,256,16384,208,1744830464,0.031078,0.027853,1.115809,1.0,True,pass,,1.6571597959846258
1103,1104,Real-World,cublas,FP32,256,16384,208,1744830464,0.112077,0.13015,0.861133,1.0,True,pass,,1.6571597959846258
1103,1104,Real-World,cublas,INT8,256,16384,208,1744830464,0.028723,0.027443,1.046642,1.0,True,pass,,1.6571597959846258
1104,1105,Real-World,cublas,FP16,12960,80,512,1061683200,0.021658,0.019968,1.084615,1.0,True,pass,,1.3213331904262304
1104,1105,Real-World,cublas,FP32,12960,80,512,1061683200,0.095744,0.121958,0.785055,1.0,True,pass,,1.3213331904262304
1104,1105,Real-World,cublas,INT8,12960,80,512,1061683200,0.022682,0.01577,1.438312,1.0,True,pass,,1.3213331904262304
1105,1106,Real-World,cublas,FP16,10000,256,512,2621440000,0.029286,0.027085,1.081285,1.0,True,pass,,1.2540162485092878
1105,1106,Real-World,cublas,FP32,10000,256,512,2621440000,0.161229,0.173773,0.927814,1.0,True,pass,,1.2540162485092878
1105,1106,Real-World,cublas,INT8,10000,256,512,2621440000,0.025549,0.022067,1.157773,1.0,True,pass,,1.2540162485092878
1106,1107,Real-World,cublas,FP16,3328,1024,1024,6979321856,0.038605,0.04224,0.913939,1.0,True,pass,,1.2888821512460709
1106,1107,Real-World,cublas,FP32,3328,1024,1024,6979321856,0.396442,0.50903,0.778817,1.0,True,pass,,1.2888821512460709
1106,1107,Real-World,cublas,INT8,3328,1024,1024,6979321856,0.039424,0.029542,1.334489,1.0,True,pass,,1.2888821512460709
1107,1108,Real-World,cublas,FP16,10192,512,256,2671771648,0.027443,0.034202,0.802395,1.0,True,pass,,1.1082511954009533
1107,1108,Real-World,cublas,FP32,10192,512,256,2671771648,0.158874,0.193894,0.819382,1.0,True,pass,,1.1082511954009533
1107,1108,Real-World,cublas,INT8,10192,512,256,2671771648,0.02857,0.027341,1.044944,1.0,True,pass,,1.1082511954009533
1108,1109,Real-World,cublas,FP16,10240,768,16,251658240,0.028979,0.026829,1.080153,1.0,True,pass,,1.269590886309743
1108,1109,Real-World,cublas,FP32,10240,768,16,251658240,0.036813,0.036506,1.008415,1.0,True,pass,,1.269590886309743
1108,1109,Real-World,cublas,INT8,10240,768,16,251658240,0.032512,0.031488,1.032521,1.0,True,pass,,1.269590886309743
1109,1110,Real-World,cublas,FP16,600,10000,200,2400000000,0.033382,0.044083,0.757259,1.0,True,pass,,1.1702889297157526
1109,1110,Real-World,cublas,FP32,600,10000,200,2400000000,0.154163,0.154163,1.0,1.0,True,pass,,1.1702889297157526
1109,1110,Real-World,cublas,INT8,600,10000,200,2400000000,0.044493,0.034765,1.279823,1.0,True,pass,,1.1702889297157526
1110,1111,Real-World,cublas,FP16,1536,768,3072,7247757312,0.049664,0.06272,0.791837,1.0,True,pass,,1.4086204878985882
1110,1111,Real-World,cublas,FP32,1536,768,3072,7247757312,0.402022,0.823603,0.488126,1.0,True,pass,,1.4086204878985882
1110,1111,Real-World,cublas,INT8,1536,768,3072,7247757312,0.037325,0.032,1.1664,1.0,True,pass,,1.4086204878985882
1111,1112,Real-World,cublas,FP16,1536,3072,768,7247757312,0.045005,0.046694,0.963816,1.0,True,pass,,1.3184843212366104
1111,1112,Real-World,cublas,FP32,1536,3072,768,7247757312,0.432026,0.821914,0.525634,1.0,True,pass,,1.3184843212366104
1111,1112,Real-World,cublas,INT8,1536,3072,768,7247757312,0.043622,0.037376,1.167123,1.0,True,pass,,1.3184843212366104
1112,1113,Real-World,cublas,FP16,608,10000,208,2529280000,0.029952,0.037171,0.805785,1.0,True,pass,,1.1884873528033495
1112,1113,Real-World,cublas,FP32,608,10000,208,2529280000,0.159744,0.159437,1.001927,1.0,True,pass,,1.1884873528033495
1112,1113,Real-World,cublas,INT8,608,10000,208,2529280000,0.035584,0.031693,1.122779,1.0,True,pass,,1.1884873528033495
1113,1114,Real-World,cublas,FP16,7888,512,512,4135583744,0.039322,0.037581,1.046322,1.0,True,pass,,1.2301394008100033
1113,1114,Real-World,cublas,FP32,7888,512,512,4135583744,0.255488,0.272333,0.938146,1.0,True,pass,,1.2301394008100033
1113,1114,Real-World,cublas,INT8,7888,512,512,4135583744,0.030874,0.030208,1.022034,1.0,True,pass,,1.2301394008100033
1114,1115,Real-World,cublas,FP16,1576,3072,768,7436500992,0.045978,0.047104,0.976087,1.0,True,pass,,1.3305522166192532
1114,1115,Real-World,cublas,FP32,1576,3072,768,7436500992,0.455014,0.853453,0.533145,1.0,True,pass,,1.3305522166192532
1114,1115,Real-World,cublas,INT8,1576,3072,768,7436500992,0.057395,0.038195,1.502681,1.0,True,pass,,1.3305522166192532
1115,1116,Real-World,cublas,FP16,1576,768,3072,7436500992,0.048998,0.063539,0.771152,1.0,True,pass,,1.4453452993184328
1115,1116,Real-World,cublas,FP32,1576,768,3072,7436500992,0.448666,0.890624,0.503765,1.0,True,pass,,1.4453452993184328
1115,1116,Real-World,cublas,INT8,1576,768,3072,7436500992,0.096051,0.032512,2.95433,1.0,True,pass,,1.4453452993184328
1116,1117,Real-World,cublas,FP16,185,4096,1792,2715811840,0.13952,0.030054,4.642248,1.0,True,pass,,1.714951992034912
1116,1117,Real-World,cublas,FP32,185,4096,1792,2715811840,0.186266,0.263834,0.705997,1.0,True,pass,,1.714951992034912
1116,1117,Real-World,cublas,INT8,185,4096,1792,2715811840,,,,,False,missing,Running INT8...Error benchmarking size 185x4096x1792: std::exception,1.714951992034912
1117,1118,Real-World,cublas,FP16,5120,768,768,6039797760,0.040192,0.039731,1.011598,1.0,True,pass,,1.4299383293837309
1117,1118,Real-World,cublas,FP32,5120,768,768,6039797760,0.358758,0.6912,0.519037,1.0,True,pass,,1.4299383293837309
1117,1118,Real-World,cublas,INT8,5120,768,768,6039797760,0.036557,0.035328,1.034782,1.0,True,pass,,1.4299383293837309
1118,1119,Real-World,cublas,FP16,832,4096,1024,6979321856,0.045773,0.047923,0.955128,1.0,True,pass,,1.6889551244676113
1118,1119,Real-World,cublas,FP32,832,4096,1024,6979321856,0.454144,0.508774,0.892624,1.0,True,pass,,1.6889551244676113
1118,1119,Real-World,cublas,INT8,832,4096,1024,6979321856,0.037222,0.029747,1.251291,1.0,True,pass,,1.6889551244676113
1119,1120,Real-World,cublas,FP16,3200,368,2048,4823449600,0.04009,0.039629,1.011628,1.0,True,pass,,1.7991803660988808
1119,1120,Real-World,cublas,FP32,3200,368,2048,4823449600,0.290867,0.303923,0.957042,1.0,True,pass,,1.7991803660988808
1119,1120,Real-World,cublas,INT8,3200,368,2048,4823449600,0.026726,0.02473,1.080745,1.0,True,pass,,1.7991803660988808
1120,1121,Real-World,cublas,FP16,16,2048,4096,268435456,0.021504,0.025549,0.841684,1.0,True,pass,,2.0613899547606707
1120,1121,Real-World,cublas,FP32,16,2048,4096,268435456,0.061133,0.265421,0.230324,1.0,True,pass,,2.0613899547606707
1120,1121,Real-World,cublas,INT8,16,2048,4096,268435456,0.02048,0.034509,0.593472,1.0,True,pass,,2.0613899547606707
1121,1122,Real-World,cublas,FP16,8192,1024,16,268435456,0.023501,0.023654,0.993507,1.0,True,pass,,1.4221456460654736
1121,1122,Real-World,cublas,FP32,8192,1024,16,268435456,0.03241,0.0384,0.844,1.0,True,pass,,1.4221456460654736
1121,1122,Real-World,cublas,INT8,8192,1024,16,268435456,0.033229,0.032154,1.03344,1.0,True,pass,,1.4221456460654736
1122,1123,Real-World,cublas,FP16,3952,1504,512,6086459392,0.04224,0.044288,0.953758,1.0,True,pass,,1.4768349025398493
1122,1123,Real-World,cublas,FP32,3952,1504,512,6086459392,0.348365,0.371354,0.938094,1.0,True,pass,,1.4768349025398493
1122,1123,Real-World,cublas,INT8,3952,1504,512,6086459392,0.036966,0.039424,0.937662,1.0,True,pass,,1.4768349025398493
1123,1126,Real-World,cublas,FP16,41,1024,8192,687865856,0.065382,0.042854,1.525687,1.0,True,pass,,1.9964913055300713
1123,1126,Real-World,cublas,FP32,41,1024,8192,687865856,0.09687,0.534016,0.1814,1.0,True,pass,,1.9964913055300713
1123,1126,Real-World,cublas,INT8,41,1024,8192,687865856,,,,,False,missing,Running INT8...Error benchmarking size 41x1024x8192: std::exception,1.9964913055300713
1124,1128,Real-World,cublas,FP16,40000,16,208,266240000,0.024576,0.020992,1.170732,1.0,True,pass,,1.6913787685334682
1124,1128,Real-World,cublas,FP32,40000,16,208,266240000,0.049664,0.073267,0.677848,1.0,True,pass,,1.6913787685334682
1124,1128,Real-World,cublas,INT8,40000,16,208,266240000,0.085248,0.017203,4.955357,1.0,True,pass,,1.6913787685334682
1125,1129,Real-World,cublas,FP16,110,2048,4096,1845493760,0.039322,0.868966,0.045251,1.0,True,pass,,2.1939214654266834
1125,1129,Real-World,cublas,FP32,110,2048,4096,1845493760,0.164506,0.354304,0.464306,1.0,True,pass,,2.1939214654266834
1125,1129,Real-World,cublas,INT8,110,2048,4096,1845493760,,,,,False,missing,Running INT8...Error benchmarking size 110x2048x4096: std::exception,2.1939214654266834
1126,1130,Real-World,cublas,FP16,16,1024,8704,285212672,0.024166,0.027597,0.875696,1.0,True,pass,,1.8126852251589298
1126,1130,Real-World,cublas,FP32,16,1024,8704,285212672,0.058522,0.627917,0.0932,1.0,True,pass,,1.8126852251589298
1126,1130,Real-World,cublas,INT8,16,1024,8704,285212672,0.032051,0.062208,0.515226,1.0,True,pass,,1.8126852251589298
1127,1131,Real-World,cublas,FP16,4096,1024,1024,8589934592,0.0512,0.053709,0.953289,1.0,True,pass,,1.7303731068968773
1127,1131,Real-World,cublas,FP32,4096,1024,1024,8589934592,0.493466,0.601907,0.819837,1.0,True,pass,,1.7303731068968773
1127,1131,Real-World,cublas,INT8,4096,1024,1024,8589934592,0.04055,0.041574,0.975369,1.0,True,pass,,1.7303731068968773
1128,1132,Real-World,cublas,FP16,1024,4096,1024,8589934592,0.050842,0.052634,0.965954,1.0,True,pass,,2.046451773494482
1128,1132,Real-World,cublas,FP32,1024,4096,1024,8589934592,0.49577,0.600064,0.826195,1.0,True,pass,,2.046451773494482
1128,1132,Real-World,cublas,INT8,1024,4096,1024,8589934592,0.039885,0.041267,0.966501,1.0,True,pass,,2.046451773494482
1129,1133,Real-World,cublas,FP16,1024,1024,4096,8589934592,0.050534,0.048384,1.044444,1.0,True,pass,,1.9983057007193565
1129,1133,Real-World,cublas,FP32,1024,1024,4096,8589934592,0.479642,1.003878,0.477788,1.0,True,pass,,1.9983057007193565
1129,1133,Real-World,cublas,INT8,1024,1024,4096,8589934592,0.042138,0.060621,0.695101,1.0,True,pass,,1.9983057007193565
1130,1134,Real-World,cublas,FP16,188,1,51200,19251200,0.023706,0.059187,0.400519,nan,False,incorrect,Cosine similarity threshold failed,1.813528597354889
1130,1134,Real-World,cublas,FP32,188,1,51200,19251200,0.037274,4.939827,0.007546,1.0,True,pass,,1.813528597354889
1130,1134,Real-World,cublas,INT8,188,1,51200,19251200,0.120576,0.096358,1.251328,1.0,True,pass,,1.813528597354889
1131,1135,Real-World,cublas,FP16,79,1024,8704,1408237568,0.066662,0.048845,1.36478,1.0,True,pass,,1.6990783475339413
1131,1135,Real-World,cublas,FP32,79,1024,8704,1408237568,0.147866,0.55552,0.266175,1.0,True,pass,,1.6990783475339413
1131,1135,Real-World,cublas,INT8,79,1024,8704,1408237568,,,,,False,missing,Running INT8...Error benchmarking size 79x1024x8704: std::exception,1.6990783475339413
1132,1136,Real-World,cublas,FP16,1,16384,600,19660800,0.022528,0.020941,1.075795,1.0,True,pass,,1.774917608126998
1132,1136,Real-World,cublas,FP32,1,16384,600,19660800,0.034253,0.081101,0.422348,1.0,True,pass,,1.774917608126998
1132,1136,Real-World,cublas,INT8,1,16384,600,19660800,,,,,False,missing,Running INT8...Error benchmarking size 1x16384x600: std::exception,1.774917608126998
1133,1138,Real-World,cublas,FP16,9344,32,1024,612368384,0.017459,0.020173,0.865482,1.0,True,pass,,1.5540357418358326
1133,1138,Real-World,cublas,FP32,9344,32,1024,612368384,0.06569,0.136755,0.480345,1.0,True,pass,,1.5540357418358326
1133,1138,Real-World,cublas,INT8,9344,32,1024,612368384,0.016742,0.012954,1.29249,1.0,True,pass,,1.5540357418358326
1134,1139,Real-World,cublas,FP16,6144,768,768,7247757312,0.047053,0.04823,0.975584,1.0,True,pass,,1.4416604805737734
1134,1139,Real-World,cublas,FP32,6144,768,768,7247757312,0.433766,0.82304,0.52703,1.0,True,pass,,1.4416604805737734
1134,1139,Real-World,cublas,INT8,6144,768,768,7247757312,0.0384,0.037427,1.025992,1.0,True,pass,,1.4416604805737734
1135,1140,Real-World,cublas,FP16,2048,3027,768,9522118656,0.05545,0.059802,0.927226,1.0,True,pass,,1.4907701890915632
1135,1140,Real-World,cublas,FP32,2048,3027,768,9522118656,0.57431,1.077043,0.533229,1.0,True,pass,,1.4907701890915632
1135,1140,Real-World,cublas,INT8,2048,3027,768,9522118656,0.047923,0.044288,1.082081,1.0,True,pass,,1.4907701890915632
1136,1141,Real-World,cublas,FP16,128,1024,8704,2281701376,0.027392,0.055091,0.497212,1.0,True,pass,,1.6681814398616552
1136,1141,Real-World,cublas,FP32,128,1024,8704,2281701376,0.204339,0.56791,0.359809,1.0,True,pass,,1.6681814398616552
1136,1141,Real-World,cublas,INT8,128,1024,8704,2281701376,0.035123,0.066714,0.526477,1.0,True,pass,,1.6681814398616552
1137,1142,Real-World,cublas,FP16,2048,768,3072,9663676416,0.049254,0.055706,0.884191,1.0,True,pass,,1.605266535654664
1137,1142,Real-World,cublas,FP32,2048,768,3072,9663676416,0.59607,1.110938,0.536547,1.0,True,pass,,1.605266535654664
1137,1142,Real-World,cublas,INT8,2048,768,3072,9663676416,0.048538,0.033331,1.456221,1.0,True,pass,,1.605266535654664
1138,1143,Real-World,cublas,FP16,2048,3072,768,9663676416,0.055808,0.059443,0.938846,1.0,True,pass,,1.4835771061480045
1138,1143,Real-World,cublas,FP32,2048,3072,768,9663676416,0.576307,1.087181,0.530093,1.0,True,pass,,1.4835771061480045
1138,1143,Real-World,cublas,INT8,2048,3072,768,9663676416,0.04777,0.045005,1.061434,1.0,True,pass,,1.4835771061480045
1139,1144,Real-World,cublas,FP16,138,1024,8704,2459959296,0.059853,0.05591,1.070513,1.0,True,pass,,1.7708584610372782
1139,1144,Real-World,cublas,FP32,138,1024,8704,2459959296,0.204442,0.60457,0.338161,1.0,True,pass,,1.7708584610372782
1139,1144,Real-World,cublas,INT8,138,1024,8704,2459959296,,,,,False,missing,Running INT8...Error benchmarking size 138x1024x8704: std::exception,1.7708584610372782
1140,1145,Real-World,cublas,FP16,6464,768,768,7625244672,0.044083,0.049357,0.893154,1.0,True,pass,,2.019381493330002
1140,1145,Real-World,cublas,FP32,6464,768,768,7625244672,0.478157,0.91648,0.521732,1.0,True,pass,,2.019381493330002
1140,1145,Real-World,cublas,INT8,6464,768,768,7625244672,0.04311,0.041779,1.031862,1.0,True,pass,,2.019381493330002
1141,1146,Real-World,cublas,FP16,1,6912,1536,21233664,0.021197,0.020941,1.012225,1.0,True,pass,,2.505732635036111
1141,1146,Real-World,cublas,FP32,1,6912,1536,21233664,0.036506,0.140646,0.259556,1.0,True,pass,,2.505732635036111
1141,1146,Real-World,cublas,INT8,1,6912,1536,21233664,,,,,False,missing,Running INT8...Error benchmarking size 1x6912x1536: std::exception,2.505732635036111
1142,1147,Real-World,cublas,FP16,1,1536,6912,21233664,0.028723,0.031181,0.921182,1.0,True,pass,,2.2681595366448164
1142,1147,Real-World,cublas,FP32,1,1536,6912,21233664,0.035021,0.508672,0.068848,1.0,True,pass,,2.2681595366448164
1142,1147,Real-World,cublas,INT8,1,1536,6912,21233664,,,,,False,missing,Running INT8...Error benchmarking size 1x1536x6912: std::exception,2.2681595366448164
1143,1148,Real-World,cublas,FP16,20368,32,512,667418624,0.022579,0.02432,0.928421,1.0,True,pass,,1.8159283753484488
1143,1148,Real-World,cublas,FP32,20368,32,512,667418624,0.070246,0.081818,0.858573,1.0,True,pass,,1.8159283753484488
1143,1148,Real-World,cublas,INT8,20368,32,512,667418624,0.016077,0.016128,0.996825,1.0,True,pass,,1.8159283753484488
1144,1151,Real-World,cublas,FP16,768,768,6912,8153726976,0.047667,0.056781,0.839495,1.0,True,pass,,1.9746500439941883
1144,1151,Real-World,cublas,FP32,768,768,6912,8153726976,0.452301,0.740813,0.610547,1.0,True,pass,,1.9746500439941883
1144,1151,Real-World,cublas,INT8,768,768,6912,8153726976,0.041728,0.052122,0.80059,1.0,True,pass,,1.9746500439941883
1145,1152,Real-World,cublas,FP16,408,128,21128,2206777344,0.033331,0.973722,0.034231,1.0,True,pass,,2.097263664007187
1145,1152,Real-World,cublas,FP32,408,128,21128,2206777344,0.192614,4.677888,0.041176,1.0,True,pass,,2.097263664007187
1145,1152,Real-World,cublas,INT8,408,128,21128,2206777344,0.218778,0.226458,0.966086,1.0,True,pass,,2.097263664007187
1146,1153,Real-World,cublas,FP16,20368,48,512,1001127936,0.023091,0.024064,0.959575,1.0,True,pass,,1.8462962098419666
1146,1153,Real-World,cublas,FP32,20368,48,512,1001127936,0.100762,0.14761,0.682622,1.0,True,pass,,1.8462962098419666
1146,1153,Real-World,cublas,INT8,20368,48,512,1001127936,0.017152,0.01705,1.006006,1.0,True,pass,,1.8462962098419666
1147,1155,Real-World,cublas,FP16,2560,768,3072,12079595520,0.073728,0.069222,1.065089,1.0,True,pass,,2.0987154580652714
1147,1155,Real-World,cublas,FP32,2560,768,3072,12079595520,0.694682,1.330381,0.522168,1.0,True,pass,,2.0987154580652714
1147,1155,Real-World,cublas,INT8,2560,768,3072,12079595520,0.052429,0.048435,1.082452,1.0,True,pass,,2.0987154580652714
1148,1156,Real-World,cublas,FP16,2560,3072,768,12079595520,0.066509,0.066253,1.003864,1.0,True,pass,,1.8823417257517576
1148,1156,Real-World,cublas,FP32,2560,3072,768,12079595520,0.658278,1.357773,0.484822,1.0,True,pass,,1.8823417257517576
1148,1156,Real-World,cublas,INT8,2560,3072,768,12079595520,0.055603,0.056883,0.977498,1.0,True,pass,,1.8823417257517576
1149,1157,Real-World,cublas,FP16,20000,208,400,3328000000,0.032819,0.036813,0.891516,1.0,True,pass,,1.8440233953297138
1149,1157,Real-World,cublas,FP32,20000,208,400,3328000000,0.232653,0.238336,0.976155,1.0,True,pass,,1.8440233953297138
1149,1157,Real-World,cublas,INT8,20000,208,400,3328000000,0.033638,0.035379,0.950796,1.0,True,pass,,1.8440233953297138
1150,1158,Real-World,cublas,FP16,16000,256,512,4194304000,0.033946,0.037581,0.90327,1.0,True,pass,,1.8202858045697212
1150,1158,Real-World,cublas,FP32,16000,256,512,4194304000,0.25769,0.275866,0.934113,1.0,True,pass,,1.8202858045697212
1150,1158,Real-World,cublas,INT8,16000,256,512,4194304000,0.03031,0.030771,0.985025,1.0,True,pass,,1.8202858045697212
1151,1159,Real-World,cublas,FP16,65536,64,128,1073741824,0.027546,0.027187,1.013182,1.0,True,pass,,1.6320972964167595
1151,1159,Real-World,cublas,FP32,65536,64,128,1073741824,0.080435,0.108442,0.741737,1.0,True,pass,,1.6320972964167595
1151,1159,Real-World,cublas,INT8,65536,64,128,1073741824,0.023398,0.02304,1.015556,1.0,True,pass,,1.6320972964167595
1152,1160,Real-World,cublas,FP16,1664,1024,4096,13958643712,0.06313,0.070912,0.890253,1.0,True,pass,,2.003476755693555
1152,1160,Real-World,cublas,FP32,1664,1024,4096,13958643712,0.790579,0.878899,0.899511,1.0,True,pass,,2.003476755693555
1152,1160,Real-World,cublas,INT8,1664,1024,4096,13958643712,0.061389,0.062208,0.986831,1.0,True,pass,,2.003476755693555
1153,1161,Real-World,cublas,FP16,1664,4096,1024,13958643712,0.067891,0.073062,0.929222,1.0,True,pass,,1.805387206375599
1153,1161,Real-World,cublas,FP32,1664,4096,1024,13958643712,0.780954,0.961639,0.812107,1.0,True,pass,,1.805387206375599
1153,1161,Real-World,cublas,INT8,1664,4096,1024,13958643712,0.057242,0.051354,1.114656,1.0,True,pass,,1.805387206375599
1154,1163,Real-World,cublas,FP16,12800,500,500,6400000000,0.068045,0.06871,0.990313,1.0,True,pass,,1.6288066934794188
1154,1163,Real-World,cublas,FP32,12800,500,500,6400000000,0.390349,0.426854,0.914478,1.0,True,pass,,1.6288066934794188
1154,1163,Real-World,cublas,INT8,12800,500,500,6400000000,0.062976,0.055603,1.132597,1.0,True,pass,,1.6288066934794188
1155,1164,Real-World,cublas,FP16,8192,1248,312,6379536384,0.057958,0.059955,0.966695,1.0,True,pass,,1.5521005913615227
1155,1164,Real-World,cublas,FP32,8192,1248,312,6379536384,0.365261,0.393114,0.929148,1.0,True,pass,,1.5521005913615227
1155,1164,Real-World,cublas,INT8,8192,1248,312,6379536384,0.077824,0.05673,1.371841,1.0,True,pass,,1.5521005913615227
1156,1165,Real-World,cublas,FP16,8192,312,1248,6379536384,0.045722,0.04695,0.973828,1.0,True,pass,,1.7463957630097866
1156,1165,Real-World,cublas,FP32,8192,312,1248,6379536384,0.374938,0.457011,0.820412,1.0,True,pass,,1.7463957630097866
1156,1165,Real-World,cublas,INT8,8192,312,1248,6379536384,0.040141,0.032102,1.250399,1.0,True,pass,,1.7463957630097866
1157,1166,Real-World,cublas,FP16,8192,768,768,9663676416,0.056525,0.061594,0.917706,1.0,True,pass,,1.6882769484072924
1157,1166,Real-World,cublas,FP32,8192,768,768,9663676416,0.587315,1.087642,0.53999,1.0,True,pass,,1.6882769484072924
1157,1166,Real-World,cublas,INT8,8192,768,768,9663676416,0.047667,0.045466,1.048424,1.0,True,pass,,1.6882769484072924
1158,1167,Real-World,cublas,FP16,12800,512,512,6710886400,0.043674,0.048179,0.906482,1.0,True,pass,,1.6688413880765438
1158,1167,Real-World,cublas,FP32,12800,512,512,6710886400,0.411392,0.423731,0.970879,1.0,True,pass,,1.6688413880765438
1158,1167,Real-World,cublas,INT8,12800,512,512,6710886400,0.040806,0.038656,1.055629,1.0,True,pass,,1.6688413880765438
1159,1168,Real-World,cublas,FP16,128,4096,3072,3221225472,0.030464,0.045568,0.668539,1.0,True,pass,,2.1130519192665815
1159,1168,Real-World,cublas,FP32,128,4096,3072,3221225472,0.212275,0.39849,0.532699,1.0,True,pass,,2.1130519192665815
1159,1168,Real-World,cublas,INT8,128,4096,3072,3221225472,0.027238,0.020275,1.343434,1.0,True,pass,,2.1130519192665815
1160,1169,Real-World,cublas,FP16,3072,768,3072,14495514624,0.077312,0.075418,1.025119,1.0,True,pass,,2.233035506680608
1160,1169,Real-World,cublas,FP32,3072,768,3072,14495514624,0.895795,1.61705,0.553969,1.0,True,pass,,2.233035506680608
1160,1169,Real-World,cublas,INT8,3072,768,3072,14495514624,0.067994,0.062925,1.080553,1.0,True,pass,,2.233035506680608
1161,1170,Real-World,cublas,FP16,3072,3072,768,14495514624,0.075622,0.080077,0.944373,1.0,True,pass,,2.1463812682777643
1161,1170,Real-World,cublas,FP32,3072,3072,768,14495514624,0.799949,1.62304,0.492871,1.0,True,pass,,2.1463812682777643
1161,1170,Real-World,cublas,INT8,3072,3072,768,14495514624,0.063283,0.062566,1.011457,1.0,True,pass,,2.1463812682777643
1162,1171,Real-World,cublas,FP16,105,1024,12544,2697461760,0.111565,0.969011,0.115133,1.0,True,pass,,2.733038818463683
1162,1171,Real-World,cublas,FP32,105,1024,12544,2697461760,0.277504,4.715623,0.058848,1.0,True,pass,,2.733038818463683
1162,1171,Real-World,cublas,INT8,105,1024,12544,2697461760,,,,,False,missing,Running INT8...Error benchmarking size 105x1024x12544: std::exception,2.733038818463683
1163,1172,Real-World,cublas,FP16,12960,1025,80,2125440000,0.046285,0.039424,1.174026,1.0,True,pass,,1.6393454745411873
1163,1172,Real-World,cublas,FP32,12960,1025,80,2125440000,0.140544,0.179302,0.783838,1.0,True,pass,,1.6393454745411873
1163,1172,Real-World,cublas,INT8,12960,1025,80,2125440000,0.048691,0.052173,0.933268,1.0,True,pass,,1.6393454745411873
1164,1173,Real-World,cublas,FP16,12960,1040,80,2156544000,0.0384,0.039475,0.972763,1.0,True,pass,,1.5810555946081877
1164,1173,Real-World,cublas,FP32,12960,1040,80,2156544000,0.141005,0.179558,0.785287,1.0,True,pass,,1.5810555946081877
1164,1173,Real-World,cublas,INT8,12960,1040,80,2156544000,0.049408,0.052173,0.947007,1.0,True,pass,,1.5810555946081877
1165,1174,Real-World,cublas,FP16,24000,208,400,3993600000,0.038349,0.041062,0.933915,1.0,True,pass,,2.011854210868478
1165,1174,Real-World,cublas,FP32,24000,208,400,3993600000,0.272026,0.278886,0.975399,1.0,True,pass,,2.011854210868478
1165,1174,Real-World,cublas,INT8,24000,208,400,3993600000,0.038963,0.036352,1.071831,1.0,True,pass,,2.011854210868478
1166,1175,Real-World,cublas,FP16,6656,1024,1024,13958643712,0.066765,0.068864,0.969517,1.0,True,pass,,2.1074471194297075
1166,1175,Real-World,cublas,FP32,6656,1024,1024,13958643712,0.778598,0.963635,0.80798,1.0,True,pass,,2.1074471194297075
1166,1175,Real-World,cublas,INT8,6656,1024,1024,13958643712,0.055398,0.052173,1.061825,1.0,True,pass,,2.1074471194297075
1167,1176,Real-World,cublas,FP16,2048,4096,1024,17179869184,0.080538,0.083763,0.961491,1.0,True,pass,,2.3249716460704803
1167,1176,Real-World,cublas,FP32,2048,4096,1024,17179869184,0.976435,1.172378,0.832867,1.0,True,pass,,2.3249716460704803
1167,1176,Real-World,cublas,INT8,2048,4096,1024,17179869184,0.067533,0.068608,0.984329,1.0,True,pass,,2.3249716460704803
1168,1177,Real-World,cublas,FP16,2048,1024,4096,17179869184,0.087142,0.087603,0.99474,1.0,True,pass,,2.4828990157693624
1168,1177,Real-World,cublas,FP32,2048,1024,4096,17179869184,1.074893,1.173094,0.916289,1.0,True,pass,,2.4828990157693624
1168,1177,Real-World,cublas,INT8,2048,1024,4096,17179869184,0.065229,0.064051,1.018385,1.0,True,pass,,2.4828990157693624
1169,1178,Real-World,cublas,FP16,1,23698,620,29385520,0.035482,0.029491,1.203125,1.0,True,pass,,2.842512546107173
1169,1178,Real-World,cublas,FP32,1,23698,620,29385520,0.05079,0.100198,0.506898,1.0,True,pass,,2.842512546107173
1169,1178,Real-World,cublas,INT8,1,23698,620,29385520,,,,,False,missing,Running INT8...Error benchmarking size 1x23698x620: std::exception,2.842512546107173
1170,1179,Real-World,cublas,FP16,16384,768,128,3221225472,0.040909,0.043674,0.936694,1.0,True,pass,,1.7627278380095959
1170,1179,Real-World,cublas,FP32,16384,768,128,3221225472,0.196915,0.202496,0.97244,1.0,True,pass,,1.7627278380095959
1170,1179,Real-World,cublas,INT8,16384,768,128,3221225472,0.045875,0.048435,0.947146,1.0,True,pass,,1.7627278380095959
1171,1180,Real-World,cublas,FP16,28800,257,257,3804422400,0.123955,0.092109,1.345748,1.0,True,pass,,1.812475673854351
1171,1180,Real-World,cublas,FP32,28800,257,257,3804422400,0.288307,0.309914,0.930282,1.0,True,pass,,1.812475673854351
1171,1180,Real-World,cublas,INT8,28800,257,257,3804422400,0.010138,0.117555,0.086237,0.0,False,incorrect,Cosine similarity threshold failed,1.812475673854351
1172,1181,Real-World,cublas,FP16,2424,1920,2424,22562979840,0.174848,0.12032,1.453191,1.0,True,pass,,2.0888052843511105
1172,1181,Real-World,cublas,FP32,2424,1920,2424,22562979840,1.322854,1.669376,0.792424,1.0,True,pass,,2.0888052843511105
1172,1181,Real-World,cublas,INT8,2424,1920,2424,22562979840,0.254208,0.084429,3.010915,1.0,True,pass,,2.0888052843511105
1173,1182,Real-World,cublas,FP16,16,23712,624,473481216,0.026368,0.024832,1.061855,1.0,True,pass,,2.329976473003626
1173,1182,Real-World,cublas,FP32,16,23712,624,473481216,0.101683,0.116326,0.87412,1.0,True,pass,,2.329976473003626
1173,1182,Real-World,cublas,INT8,16,23712,624,473481216,0.02473,0.017715,1.395954,1.0,True,pass,,2.329976473003626
1174,1183,Real-World,cublas,FP16,2432,1920,2432,22712156160,0.108032,0.113357,0.953026,1.0,True,pass,,2.0103078708052635
1174,1183,Real-World,cublas,FP32,2432,1920,2432,22712156160,1.356083,1.872384,0.724255,1.0,True,pass,,2.0103078708052635
1174,1183,Real-World,cublas,INT8,2432,1920,2432,22712156160,0.087194,0.069325,1.257754,1.0,True,pass,,2.0103078708052635
1175,1184,Real-World,cublas,FP16,20368,512,256,5339348992,0.041267,0.04992,0.826667,1.0,True,pass,,1.5500718466937542
1175,1184,Real-World,cublas,FP32,20368,512,256,5339348992,0.303514,0.341606,0.888489,1.0,True,pass,,1.5500718466937542
1175,1184,Real-World,cublas,INT8,20368,512,256,5339348992,0.046694,0.047872,0.975401,1.0,True,pass,,1.5500718466937542
1176,1185,Real-World,cublas,FP16,10000,512,1024,10485760000,0.064819,0.061389,1.05588,1.0,True,pass,,1.8392066899687052
1176,1185,Real-World,cublas,FP32,10000,512,1024,10485760000,0.594278,0.756275,0.785796,1.0,True,pass,,1.8392066899687052
1176,1185,Real-World,cublas,INT8,10000,512,1024,10485760000,0.045978,0.045261,1.015837,1.0,True,pass,,1.8392066899687052
1177,1186,Real-World,cublas,FP16,20480,768,16,503316480,0.041728,0.039066,1.068152,1.0,True,pass,,1.621237037703395
1177,1186,Real-World,cublas,FP32,20480,768,16,503316480,0.051661,0.063283,0.816343,1.0,True,pass,,1.621237037703395
1177,1186,Real-World,cublas,INT8,20480,768,16,503316480,0.054528,0.055808,0.977064,1.0,True,pass,,1.621237037703395
1178,1187,Real-World,cublas,FP16,10240,768,768,12079595520,0.067942,0.067328,1.009125,1.0,True,pass,,1.896963031962514
1178,1187,Real-World,cublas,FP32,10240,768,768,12079595520,0.664883,1.361459,0.488361,1.0,True,pass,,1.896963031962514
1178,1187,Real-World,cublas,INT8,10240,768,768,12079595520,0.058317,0.05719,1.019696,1.0,True,pass,,1.896963031962514
1179,1188,Real-World,cublas,FP16,15776,512,512,8271167488,0.051814,0.065843,0.786936,1.0,True,pass,,1.754069747403264
1179,1188,Real-World,cublas,FP32,15776,512,512,8271167488,0.521677,0.522547,0.998335,1.0,True,pass,,1.754069747403264
1179,1188,Real-World,cublas,INT8,15776,512,512,8271167488,0.04905,0.049254,0.995842,1.0,True,pass,,1.754069747403264
1180,1189,Real-World,cublas,FP16,7888,1504,512,12148277248,0.068864,0.083968,0.820122,1.0,True,pass,,1.7445465084165335
1180,1189,Real-World,cublas,FP32,7888,1504,512,12148277248,0.711834,0.724531,0.982475,1.0,True,pass,,1.7445465084165335
1180,1189,Real-World,cublas,INT8,7888,1504,512,12148277248,0.065741,0.069325,0.948301,1.0,True,pass,,1.7445465084165335
1181,1191,Real-World,cublas,FP16,16,4096,4096,536870912,0.033587,0.032563,1.031447,1.0,True,pass,,3.8327469546347857
1181,1191,Real-World,cublas,FP32,16,4096,4096,536870912,0.09897,0.307149,0.32222,1.0,True,pass,,3.8327469546347857
1181,1191,Real-World,cublas,INT8,16,4096,4096,536870912,0.02176,0.035277,0.616836,1.0,True,pass,,3.8327469546347857
1182,1192,Real-World,cublas,FP16,32,4096,4096,1073741824,0.03369,0.033024,1.020155,1.0,True,pass,,4.137178739532828
1182,1192,Real-World,cublas,FP32,32,4096,4096,1073741824,0.10368,0.315392,0.328734,1.0,True,pass,,4.137178739532828
1182,1192,Real-World,cublas,INT8,32,4096,4096,1073741824,0.022477,0.035174,0.63901,1.0,True,pass,,4.137178739532828
1183,1193,Real-World,cublas,FP16,58,4096,4096,1946157056,0.059802,0.82775,0.072246,1.0,True,pass,,4.106213012710214
1183,1193,Real-World,cublas,FP32,58,4096,4096,1946157056,0.16855,0.331622,0.50826,1.0,True,pass,,4.106213012710214
1183,1193,Real-World,cublas,INT8,58,4096,4096,1946157056,,,,,False,missing,Running INT8...Error benchmarking size 58x4096x4096: std::exception,4.106213012710214
1184,1196,Real-World,cublas,FP16,8192,1024,1024,17179869184,0.08105,0.083661,0.968788,1.0,True,pass,,2.3195399157702923
1184,1196,Real-World,cublas,FP32,8192,1024,1024,17179869184,0.984935,1.175347,0.837994,1.0,True,pass,,2.3195399157702923
1184,1196,Real-World,cublas,INT8,8192,1024,1024,17179869184,0.066714,0.068403,0.9753,1.0,True,pass,,2.3195399157702923
1185,1197,Real-World,cublas,FP16,4096,3072,768,19327352832,0.097485,0.103936,0.937931,1.0,True,pass,,2.4616228360682726
1185,1197,Real-World,cublas,FP32,4096,3072,768,19327352832,1.082726,3.863245,0.280264,1.0,True,pass,,2.4616228360682726
1185,1197,Real-World,cublas,INT8,4096,3072,768,19327352832,0.08023,0.082125,0.976933,1.0,True,pass,,2.4616228360682726
1186,1198,Real-World,cublas,FP16,4096,768,3072,19327352832,0.084582,0.087142,0.970623,1.0,True,pass,,2.6096006240695715
1186,1198,Real-World,cublas,FP32,4096,768,3072,19327352832,1.173709,3.686656,0.318367,1.0,True,pass,,2.6096006240695715
1186,1198,Real-World,cublas,INT8,4096,768,3072,19327352832,0.063027,0.056474,1.116047,1.0,True,pass,,2.6096006240695715
1187,1199,Real-World,cublas,FP16,16,1024,18432,603979776,0.04055,0.049664,0.816495,1.0,True,pass,,2.7695151939988136
1187,1199,Real-World,cublas,FP32,16,1024,18432,603979776,0.115866,1.330176,0.087105,1.0,True,pass,,2.7695151939988136
1187,1199,Real-World,cublas,INT8,16,1024,18432,603979776,0.056115,0.122726,0.457238,1.0,True,pass,,2.7695151939988136
1188,1200,Real-World,cublas,FP16,18688,32,1024,1224736768,0.038246,0.039424,0.97013,1.0,True,pass,,2.388867996633053
1188,1200,Real-World,cublas,FP32,18688,32,1024,1224736768,0.105626,0.216269,0.4884,1.0,True,pass,,2.388867996633053
1188,1200,Real-World,cublas,INT8,18688,32,1024,1224736768,0.022323,0.017766,1.256484,1.0,True,pass,,2.388867996633053
1189,1201,Real-World,cublas,FP16,256,56336,112,3230531584,0.058624,0.069683,0.841293,1.0,True,pass,,3.3463333640247583
1189,1201,Real-World,cublas,FP32,256,56336,112,3230531584,0.197478,0.199322,0.990753,1.0,True,pass,,3.3463333640247583
1189,1201,Real-World,cublas,INT8,256,56336,112,3230531584,0.06016,0.056934,1.056655,1.0,True,pass,,3.3463333640247583
1190,1202,Real-World,cublas,FP16,3328,1024,4096,27917287424,0.115302,0.116685,0.988153,1.0,True,pass,,2.7166027184575796
1190,1202,Real-World,cublas,FP32,3328,1024,4096,27917287424,1.563341,1.745715,0.89553,1.0,True,pass,,2.7166027184575796
1190,1202,Real-World,cublas,INT8,3328,1024,4096,27917287424,0.09897,0.068506,1.444694,1.0,True,pass,,2.7166027184575796
1191,1203,Real-World,cublas,FP16,3328,4096,1024,27917287424,0.126054,0.133018,0.947652,1.0,True,pass,,2.5114429015666246
1191,1203,Real-World,cublas,FP32,3328,4096,1024,27917287424,1.574707,1.893325,0.831715,1.0,True,pass,,2.5114429015666246
1191,1203,Real-World,cublas,INT8,3328,4096,1024,27917287424,0.102758,0.095898,1.071543,1.0,True,pass,,2.5114429015666246
1192,1204,Real-World,cublas,FP16,1,13824,1536,42467328,0.036403,0.037018,0.983403,1.0,True,pass,,3.618936724960804
1192,1204,Real-World,cublas,FP32,1,13824,1536,42467328,0.061133,0.23639,0.25861,1.0,True,pass,,3.618936724960804
1192,1204,Real-World,cublas,INT8,1,13824,1536,42467328,,,,,False,missing,Running INT8...Error benchmarking size 1x13824x1536: std::exception,3.618936724960804
1193,1205,Real-World,cublas,FP16,1,1536,13824,42467328,0.044698,0.06103,0.732383,1.0,True,pass,,2.924365933984518
1193,1205,Real-World,cublas,FP32,1,1536,13824,42467328,0.060672,1.006643,0.060272,1.0,True,pass,,2.924365933984518
1193,1205,Real-World,cublas,INT8,1,1536,13824,42467328,,,,,False,missing,Running INT8...Error benchmarking size 1x1536x13824: std::exception,2.924365933984518
1194,1206,Real-World,cublas,FP16,5120,768,3072,24159191040,0.120371,0.101786,1.182596,1.0,True,pass,,2.56617802195251
1194,1206,Real-World,cublas,FP32,5120,768,3072,24159191040,1.388954,2.635878,0.526941,1.0,True,pass,,2.56617802195251
1194,1206,Real-World,cublas,INT8,5120,768,3072,24159191040,0.08448,0.080998,1.042984,1.0,True,pass,,2.56617802195251
1195,1207,Real-World,cublas,FP16,5120,3072,768,24159191040,0.11351,0.122112,0.92956,1.0,True,pass,,2.377799551934004
1195,1207,Real-World,cublas,FP32,5120,3072,768,24159191040,1.302477,2.69737,0.482869,1.0,True,pass,,2.377799551934004
1195,1207,Real-World,cublas,INT8,5120,3072,768,24159191040,0.098816,0.096614,1.022788,1.0,True,pass,,2.377799551934004
1196,1208,Real-World,cublas,FP16,40736,32,512,1334837248,0.041523,0.042291,0.98184,1.0,True,pass,,2.775802254676819
1196,1208,Real-World,cublas,FP32,40736,32,512,1334837248,0.109824,0.152986,0.717871,1.0,True,pass,,2.775802254676819
1196,1208,Real-World,cublas,INT8,40736,32,512,1334837248,0.024781,0.02089,1.186275,1.0,True,pass,,2.775802254676819
1197,1210,Real-World,cublas,FP16,40736,48,512,2002255872,0.041421,0.045517,0.910012,1.0,True,pass,,2.667908877134323
1197,1210,Real-World,cublas,FP32,40736,48,512,2002255872,0.171469,0.283546,0.604731,1.0,True,pass,,2.667908877134323
1197,1210,Real-World,cublas,INT8,40736,48,512,2002255872,0.027955,0.023501,1.189543,1.0,True,pass,,2.667908877134323
1198,1213,Real-World,cublas,FP16,1536,1536,6912,32614907904,0.144486,0.144742,0.998231,1.0,True,pass,,2.8546503614634275
1198,1213,Real-World,cublas,FP32,1536,1536,6912,32614907904,1.997875,2.647501,0.754627,1.0,True,pass,,2.8546503614634275
1198,1213,Real-World,cublas,INT8,1536,1536,6912,32614907904,0.117709,0.098202,1.198644,1.0,True,pass,,2.8546503614634275
1199,1214,Real-World,cublas,FP16,40000,208,400,6656000000,0.059341,0.063846,0.929431,1.0,True,pass,,2.420963190495968
1199,1214,Real-World,cublas,FP32,40000,208,400,6656000000,0.432435,0.465306,0.929357,1.0,True,pass,,2.420963190495968
1199,1214,Real-World,cublas,INT8,40000,208,400,6656000000,0.058061,0.053862,1.077947,1.0,True,pass,,2.420963190495968
1200,1215,Real-World,cublas,FP16,16000,512,1024,16777216000,0.140544,0.088013,1.596859,1.0,True,pass,,2.719107201322913
1200,1215,Real-World,cublas,FP32,16000,512,1024,16777216000,1.07008,1.181645,0.905585,1.0,True,pass,,2.719107201322913
1200,1215,Real-World,cublas,INT8,16000,512,1024,16777216000,0.06615,0.068762,0.962025,1.0,True,pass,,2.719107201322913
1201,1216,Real-World,cublas,FP16,4096,4096,1024,34359738368,0.155443,0.162918,0.954117,1.0,True,pass,,3.461945304647088
1201,1216,Real-World,cublas,FP32,4096,4096,1024,34359738368,1.831834,4.124877,0.444094,1.0,True,pass,,3.461945304647088
1201,1216,Real-World,cublas,INT8,4096,4096,1024,34359738368,0.122061,0.117094,1.042414,1.0,True,pass,,3.461945304647088
1202,1217,Real-World,cublas,FP16,4096,1024,4096,34359738368,0.15447,0.167731,0.92094,1.0,True,pass,,3.3318822290748358
1202,1217,Real-World,cublas,FP32,4096,1024,4096,34359738368,1.939917,2.031258,0.955032,1.0,True,pass,,3.3318822290748358
1202,1217,Real-World,cublas,INT8,4096,1024,4096,34359738368,0.103885,0.093542,1.110564,1.0,True,pass,,3.3318822290748358
1203,1218,Real-World,cublas,FP16,16384,768,768,19327352832,0.100864,0.106138,0.950314,1.0,True,pass,,2.99200639128685
1203,1218,Real-World,cublas,FP32,16384,768,768,19327352832,1.089075,3.886183,0.280243,1.0,True,pass,,2.99200639128685
1203,1218,Real-World,cublas,INT8,16384,768,768,19327352832,0.081254,0.081357,0.998741,1.0,True,pass,,2.99200639128685
1204,1220,Real-World,cublas,FP16,6144,768,3072,28991029248,0.123955,0.131123,0.945334,1.0,True,pass,,3.403684953227639
1204,1220,Real-World,cublas,FP32,6144,768,3072,28991029248,1.678643,5.016627,0.334616,1.0,True,pass,,3.403684953227639
1204,1220,Real-World,cublas,INT8,6144,768,3072,28991029248,0.087859,0.081152,1.08265,1.0,True,pass,,3.403684953227639
1205,1221,Real-World,cublas,FP16,6144,3072,768,28991029248,0.133632,0.144077,0.927505,1.0,True,pass,,3.0351841505616903
1205,1221,Real-World,cublas,FP32,6144,3072,768,28991029248,1.58121,5.162496,0.306288,1.0,True,pass,,3.0351841505616903
1205,1221,Real-World,cublas,INT8,6144,3072,768,28991029248,0.114176,0.112742,1.012716,1.0,True,pass,,3.0351841505616903
1206,1222,Real-World,cublas,FP16,1000,1024,12544,25690112000,0.13609,0.125133,1.087561,1.0,True,pass,,3.4318179972469807
1206,1222,Real-World,cublas,FP32,1000,1024,12544,25690112000,1.429965,1.75319,0.815636,1.0,True,pass,,3.4318179972469807
1206,1222,Real-World,cublas,INT8,1000,1024,12544,25690112000,0.344627,0.105062,3.280214,1.0,True,pass,,3.4318179972469807
1207,1223,Real-World,cublas,FP16,1008,1024,12544,25895632896,0.135475,0.126106,1.0743,1.0,True,pass,,3.296946369111538
1207,1223,Real-World,cublas,FP32,1008,1024,12544,25895632896,1.43401,1.752115,0.818445,1.0,True,pass,,3.296946369111538
1207,1223,Real-World,cublas,INT8,1008,1024,12544,25895632896,0.109056,0.110541,0.986568,1.0,True,pass,,3.296946369111538
1208,1224,Real-World,cublas,FP16,6464,3072,768,30500978688,0.145254,0.156723,0.926821,1.0,True,pass,,2.6694783437997103
1208,1224,Real-World,cublas,FP32,6464,3072,768,30500978688,1.682125,3.402035,0.494447,1.0,True,pass,,2.6694783437997103
1208,1224,Real-World,cublas,INT8,6464,3072,768,30500978688,0.121395,0.116531,1.04174,1.0,True,pass,,2.6694783437997103
1209,1225,Real-World,cublas,FP16,6464,768,3072,30500978688,0.12585,0.137062,0.918192,1.0,True,pass,,2.956167820841074
1209,1225,Real-World,cublas,FP32,6464,768,3072,30500978688,1.743257,3.297946,0.528589,1.0,True,pass,,2.956167820841074
1209,1225,Real-World,cublas,INT8,6464,768,3072,30500978688,0.090573,0.081203,1.115384,1.0,True,pass,,2.956167820841074
1210,1226,Real-World,cublas,FP16,45,512,50176,2312110080,0.132813,0.093491,1.420592,1.0,True,pass,,3.8968458119779825
1210,1226,Real-World,cublas,FP32,45,512,50176,2312110080,0.260966,3.994061,0.065339,1.0,True,pass,,3.8968458119779825
1210,1226,Real-World,cublas,INT8,45,512,50176,2312110080,,,,,False,missing,Running INT8...Error benchmarking size 45x512x50176: std::exception,3.8968458119779825
1211,1227,Real-World,cublas,FP16,48,512,50176,2466250752,0.050842,0.092723,0.548316,1.0,True,pass,,3.9691494423896074
1211,1227,Real-World,cublas,FP32,48,512,50176,2466250752,0.262707,6.13166,0.042844,1.0,True,pass,,3.9691494423896074
1211,1227,Real-World,cublas,INT8,48,512,50176,2466250752,0.165427,2.609459,0.063395,1.0,True,pass,,3.9691494423896074
1212,1228,Real-World,cublas,FP16,32768,768,128,6442450944,0.062669,0.070195,0.892779,1.0,True,pass,,2.753383358940482
1212,1228,Real-World,cublas,FP32,32768,768,128,6442450944,0.367974,0.376576,0.977158,1.0,True,pass,,2.753383358940482
1212,1228,Real-World,cublas,INT8,32768,768,128,6442450944,0.076339,0.08151,0.936558,1.0,True,pass,,2.753383358940482
1213,1229,Real-World,cublas,FP16,40736,512,256,10678697984,0.070605,0.082278,0.858121,1.0,True,pass,,2.7078160662204027
1213,1229,Real-World,cublas,FP32,40736,512,256,10678697984,0.589107,0.671693,0.877049,1.0,True,pass,,2.7078160662204027
1213,1229,Real-World,cublas,INT8,40736,512,256,10678697984,0.078899,0.083917,0.940207,1.0,True,pass,,2.7078160662204027
1214,1230,Real-World,cublas,FP16,20480,768,768,24159191040,0.115712,0.118477,0.976664,1.0,True,pass,,3.440874621272087
1214,1230,Real-World,cublas,FP32,20480,768,768,24159191040,1.2992,4.654489,0.279128,1.0,True,pass,,3.440874621272087
1214,1230,Real-World,cublas,INT8,20480,768,768,24159191040,0.097946,0.100045,0.979017,1.0,True,pass,,3.440874621272087
1215,1231,Real-World,cublas,FP16,40960,768,16,1006632960,0.067379,0.062003,1.086706,1.0,True,pass,,2.876659583300352
1215,1231,Real-World,cublas,FP32,40960,768,16,1006632960,0.088678,0.114125,0.77703,1.0,True,pass,,2.876659583300352
1215,1231,Real-World,cublas,INT8,40960,768,16,1006632960,0.092262,0.097587,0.945435,1.0,True,pass,,2.876659583300352
1216,1232,Real-World,cublas,FP16,15776,1504,512,24296554496,0.122675,0.134861,0.909643,1.0,True,pass,,3.029262712225318
1216,1232,Real-World,cublas,FP32,15776,1504,512,24296554496,1.347481,1.425152,0.9455,1.0,True,pass,,3.029262712225318
1216,1232,Real-World,cublas,INT8,15776,1504,512,24296554496,0.109978,0.110592,0.994445,1.0,True,pass,,3.029262712225318
1217,1233,Real-World,cublas,FP16,8192,768,3072,38654705664,0.164301,0.165581,0.99227,1.0,True,pass,,4.3901136592030525
1217,1233,Real-World,cublas,FP32,8192,768,3072,38654705664,3.962573,7.731149,0.512546,1.0,True,pass,,4.3901136592030525
1217,1233,Real-World,cublas,INT8,8192,768,3072,38654705664,0.113971,0.102707,1.109671,1.0,True,pass,,4.3901136592030525
1218,1234,Real-World,cublas,FP16,8192,3072,768,38654705664,0.19456,0.202547,0.960566,1.0,True,pass,,3.4856174532324076
1218,1234,Real-World,cublas,FP32,8192,3072,768,38654705664,2.114918,4.306176,0.491136,1.0,True,pass,,3.4856174532324076
1218,1234,Real-World,cublas,INT8,8192,3072,768,38654705664,0.146483,0.141261,1.03697,1.0,True,pass,,3.4856174532324076
1219,1235,Real-World,cublas,FP16,196,512,50176,10070523904,0.235264,0.119706,1.965355,1.0,True,pass,,4.339292595162988
1219,1235,Real-World,cublas,FP32,196,512,50176,10070523904,0.896,9.201356,0.097377,1.0,True,pass,,4.339292595162988
1219,1235,Real-World,cublas,INT8,196,512,50176,10070523904,0.444211,0.421222,1.054576,1.0,True,pass,,4.339292595162988
1220,1236,Real-World,cublas,FP16,1632,128,21128,8827109376,0.082586,0.127693,0.646752,1.0,True,pass,,4.120604695752263
1220,1236,Real-World,cublas,FP32,1632,128,21128,8827109376,0.545536,3.881472,0.140549,1.0,True,pass,,4.120604695752263
1220,1236,Real-World,cublas,INT8,1632,128,21128,8827109376,0.227021,0.225894,1.004986,1.0,True,pass,,4.120604695752263
1221,1237,Real-World,cublas,FP16,16,4096,9216,1207959552,0.06231,0.063027,0.988627,1.0,True,pass,,5.490615475922823
1221,1237,Real-World,cublas,FP32,16,4096,9216,1207959552,0.20055,0.93015,0.215611,1.0,True,pass,,5.490615475922823
1221,1237,Real-World,cublas,INT8,16,4096,9216,1207959552,0.046694,0.068915,0.677563,1.0,True,pass,,5.490615475922823
1222,1238,Real-World,cublas,FP16,6656,1024,4096,55834574848,0.239565,0.232653,1.029709,1.0,True,pass,,4.7666147369891405
1222,1238,Real-World,cublas,FP32,6656,1024,4096,55834574848,4.862976,5.008026,0.971036,1.0,True,pass,,4.7666147369891405
1222,1238,Real-World,cublas,INT8,6656,1024,4096,55834574848,0.145101,0.126771,1.144588,1.0,True,pass,,4.7666147369891405
1223,1239,Real-World,cublas,FP16,6656,4096,1024,55834574848,0.232499,0.249856,0.930533,1.0,True,pass,,4.115887116640806
1223,1239,Real-World,cublas,FP32,6656,4096,1024,55834574848,4.87808,5.697076,0.856243,1.0,True,pass,,4.115887116640806
1223,1239,Real-World,cublas,INT8,6656,4096,1024,55834574848,0.18519,0.177203,1.045074,1.0,True,pass,,4.115887116640806
1224,1240,Real-World,cublas,FP16,112,4096,9216,8455716864,0.094771,1.028966,0.092103,1.0,True,pass,,6.187811356037855
1224,1240,Real-World,cublas,FP32,112,4096,9216,8455716864,0.585523,1.017088,0.575686,1.0,True,pass,,6.187811356037855
1224,1240,Real-World,cublas,INT8,112,4096,9216,8455716864,0.059392,0.066202,0.897138,1.0,True,pass,,6.187811356037855
1225,1241,Real-World,cublas,FP16,37376,32,1024,2449473536,0.062874,0.060826,1.03367,1.0,True,pass,,4.35549002699554
1225,1241,Real-World,cublas,FP32,37376,32,1024,2449473536,0.195072,0.370381,0.52668,1.0,True,pass,,4.35549002699554
1225,1241,Real-World,cublas,INT8,37376,32,1024,2449473536,0.038451,0.038451,1.0,1.0,True,pass,,4.35549002699554
1226,1242,Real-World,cublas,FP16,168,4096,9216,12683575296,0.101222,0.092877,1.089857,1.0,True,pass,,6.559441115707159
1226,1242,Real-World,cublas,FP32,168,4096,9216,12683575296,0.842803,1.652531,0.510007,1.0,True,pass,,6.559441115707159
1226,1242,Real-World,cublas,INT8,168,4096,9216,12683575296,0.260915,0.067482,3.866464,1.0,True,pass,,6.559441115707159
1227,1243,Real-World,cublas,FP16,10240,768,3072,48318382080,0.20224,0.190106,1.06383,1.0,True,pass,,4.251778511330485
1227,1243,Real-World,cublas,FP32,10240,768,3072,48318382080,2.59712,5.268275,0.492973,1.0,True,pass,,4.251778511330485
1227,1243,Real-World,cublas,INT8,10240,768,3072,48318382080,0.139725,0.128512,1.087251,1.0,True,pass,,4.251778511330485
1228,1244,Real-World,cublas,FP16,10240,3072,768,48318382080,0.223334,0.230502,0.968902,1.0,True,pass,,4.358492972329259
1228,1244,Real-World,cublas,FP32,10240,3072,768,48318382080,4.698215,8.545076,0.549815,1.0,True,pass,,4.358492972329259
1228,1244,Real-World,cublas,INT8,10240,3072,768,48318382080,0.206234,0.187648,1.099045,1.0,True,pass,,4.358492972329259
1229,1245,Real-World,cublas,FP16,159,36552,1024,11902500864,0.298957,0.079206,3.774402,1.0,True,pass,,9.504635198041797
1229,1245,Real-World,cublas,FP32,159,36552,1024,11902500864,0.744448,0.921088,0.808227,1.0,True,pass,,9.504635198041797
1229,1245,Real-World,cublas,INT8,159,36552,1024,11902500864,,,,,False,missing,Running INT8...Error benchmarking size 159x36552x1024: std::exception,9.504635198041797
1230,1246,Real-World,cublas,FP16,640,768,30522,30004346880,0.298445,1.82231,0.163773,1.0,True,pass,,5.767199916765094
1230,1246,Real-World,cublas,FP32,640,768,30522,30004346880,1.626522,7.630335,0.213165,1.0,True,pass,,5.767199916765094
1230,1246,Real-World,cublas,INT8,640,768,30522,30004346880,0.003021,1.114061,0.002712,0.0,False,incorrect,Cosine similarity threshold failed,5.767199916765094
1231,1247,Real-World,cublas,FP16,98,768,50257,7565085696,0.241459,1.475891,0.163602,1.0,True,pass,,5.71844432502985
1231,1247,Real-World,cublas,FP32,98,768,50257,7565085696,0.712755,12.694323,0.056148,1.0,True,pass,,5.71844432502985
1231,1247,Real-World,cublas,INT8,98,768,50257,7565085696,0.010906,5.923635,0.001841,0.0,False,incorrect,Cosine similarity threshold failed,5.71844432502985
1232,1249,Real-World,cublas,FP16,10000,1024,3120,63897600000,0.253696,0.264448,0.959342,1.0,True,pass,,4.8540803622454405
1232,1249,Real-World,cublas,FP32,10000,1024,3120,63897600000,3.504435,6.545817,0.53537,1.0,True,pass,,4.8540803622454405
1232,1249,Real-World,cublas,INT8,10000,1024,3120,63897600000,0.240589,0.154778,1.554416,1.0,True,pass,,4.8540803622454405
1233,1250,Real-World,cublas,FP16,1536,1536,13824,65229815808,0.247859,0.269722,0.918945,1.0,True,pass,,5.783090732991695
1233,1250,Real-World,cublas,FP32,1536,1536,13824,65229815808,3.99058,3.867443,1.031839,1.0,True,pass,,5.783090732991695
1233,1250,Real-World,cublas,INT8,1536,1536,13824,65229815808,0.24279,0.196608,1.234896,1.0,True,pass,,5.783090732991695
1234,1252,Real-World,cublas,FP16,8192,1024,4096,68719476736,0.296294,0.267315,1.108408,1.0,True,pass,,5.209220832213759
1234,1252,Real-World,cublas,FP32,8192,1024,4096,68719476736,5.622785,5.960806,0.943293,1.0,True,pass,,5.209220832213759
1234,1252,Real-World,cublas,INT8,8192,1024,4096,68719476736,0.176896,0.177459,0.996826,1.0,True,pass,,5.209220832213759
1235,1253,Real-World,cublas,FP16,8192,4096,1024,68719476736,0.281498,0.314368,0.895439,1.0,True,pass,,5.39597749337554
1235,1253,Real-World,cublas,FP32,8192,4096,1024,68719476736,5.538048,8.405145,0.658888,1.0,True,pass,,5.39597749337554
1235,1253,Real-World,cublas,INT8,8192,4096,1024,68719476736,0.220979,0.210739,1.048591,1.0,True,pass,,5.39597749337554
1236,1256,Real-World,cublas,FP16,32768,768,768,38654705664,0.181606,0.198195,0.9163,1.0,True,pass,,4.908367557451129
1236,1256,Real-World,cublas,FP32,32768,768,768,38654705664,2.080461,8.267111,0.251655,1.0,True,pass,,4.908367557451129
1236,1256,Real-World,cublas,INT8,32768,768,768,38654705664,0.146381,0.142746,1.025466,1.0,True,pass,,4.908367557451129
1237,1257,Real-World,cublas,FP16,16,2560,19760,1618739200,0.082534,0.116736,0.707018,1.0,True,pass,,6.2990009021013975
1237,1257,Real-World,cublas,FP32,16,2560,19760,1618739200,0.553677,2.938675,0.18841,1.0,True,pass,,6.2990009021013975
1237,1257,Real-World,cublas,INT8,16,2560,19760,1618739200,0.071782,0.130304,0.550884,1.0,True,pass,,6.2990009021013975
1238,1258,Real-World,cublas,FP16,640,1024,30522,40005795840,0.352358,0.389786,0.90398,1.0,True,pass,,5.567794697359204
1238,1258,Real-World,cublas,FP32,640,1024,30522,40005795840,2.707507,3.115981,0.86891,1.0,True,pass,,5.567794697359204
1238,1258,Real-World,cublas,INT8,640,1024,30522,40005795840,0.010906,1.106739,0.009854,0.0,False,incorrect,Cosine similarity threshold failed,5.567794697359204
1239,1259,Real-World,cublas,FP16,4000,100,12592,10073600000,0.098253,0.118374,0.830018,1.0,True,pass,,5.235204705968499
1239,1259,Real-World,cublas,FP32,4000,100,12592,10073600000,0.799027,2.318899,0.344572,1.0,True,pass,,5.235204705968499
1239,1259,Real-World,cublas,INT8,4000,100,12592,10073600000,0.118835,0.10368,1.146173,1.0,True,pass,,5.235204705968499
1240,1260,Real-World,cublas,FP16,1024,16,51200,1677721600,0.080026,0.099584,0.803599,1.0,True,pass,,5.471046984195709
1240,1260,Real-World,cublas,FP32,1024,16,51200,1677721600,0.813978,5.836749,0.139457,1.0,True,pass,,5.471046984195709
1240,1260,Real-World,cublas,INT8,1024,16,51200,1677721600,0.290048,0.365261,0.794085,1.0,True,pass,,5.471046984195709
1241,1261,Real-World,cublas,FP16,199,2560,19760,20133068800,0.445901,0.158925,2.805734,1.0,True,pass,,6.833447860553861
1241,1261,Real-World,cublas,FP32,199,2560,19760,20133068800,1.337805,3.648205,0.366702,1.0,True,pass,,6.833447860553861
1241,1261,Real-World,cublas,INT8,199,2560,19760,20133068800,,,,,False,missing,Running INT8...Error benchmarking size 199x2560x19760: std::exception,6.833447860553861
1242,1265,Real-World,cublas,FP16,40960,768,768,48318382080,0.220774,0.229478,0.96207,1.0,True,pass,,6.088393805548549
1242,1265,Real-World,cublas,FP32,40960,768,768,48318382080,4.288307,9.42249,0.455114,1.0,True,pass,,6.088393805548549
1242,1265,Real-World,cublas,INT8,40960,768,768,48318382080,0.179251,0.175514,1.021295,1.0,True,pass,,6.088393805548549
1243,1266,Real-World,cublas,FP16,1280,768,30528,60020490240,0.264243,0.284518,0.928739,1.0,True,pass,,7.0556326024234295
1243,1266,Real-World,cublas,FP32,1280,768,30528,60020490240,5.158707,7.624345,0.67661,1.0,True,pass,,7.0556326024234295
1243,1266,Real-World,cublas,INT8,1280,768,30528,60020490240,0.244224,0.236134,1.034258,1.0,True,pass,,7.0556326024234295
1244,1267,Real-World,cublas,FP16,16384,3072,768,77309411328,0.332749,0.363315,0.915868,1.0,True,pass,,6.790853977203369
1244,1267,Real-World,cublas,FP32,16384,3072,768,77309411328,5.84151,15.887003,0.367691,1.0,True,pass,,6.790853977203369
1244,1267,Real-World,cublas,INT8,16384,3072,768,77309411328,0.266598,0.252365,1.056401,1.0,True,pass,,6.790853977203369
1245,1268,Real-World,cublas,FP16,16384,768,3072,77309411328,0.322355,0.323328,0.996991,1.0,True,pass,,6.632401360198855
1245,1268,Real-World,cublas,FP32,16384,768,3072,77309411328,4.504218,8.678247,0.519024,1.0,True,pass,,6.632401360198855
1245,1268,Real-World,cublas,INT8,16384,768,3072,77309411328,0.207974,0.192922,1.078025,1.0,True,pass,,6.632401360198855
1246,1269,Real-World,cublas,FP16,16000,1024,3120,102236160000,0.405709,0.412416,0.983737,1.0,True,pass,,6.651243910193443
1246,1269,Real-World,cublas,FP32,16000,1024,3120,102236160000,5.523097,10.914969,0.506011,1.0,True,pass,,6.651243910193443
1246,1269,Real-World,cublas,INT8,16000,1024,3120,102236160000,0.369203,0.249037,1.482525,1.0,True,pass,,6.651243910193443
1247,1270,Real-World,cublas,FP16,1280,1024,30528,80027320320,0.498688,1.625702,0.306752,1.0,True,pass,,8.01578551158309
1247,1270,Real-World,cublas,FP32,1280,1024,30528,80027320320,8.513792,10.555698,0.806559,1.0,True,pass,,8.01578551158309
1247,1270,Real-World,cublas,INT8,1280,1024,30528,80027320320,0.263578,0.44503,0.592269,1.0,True,pass,,8.01578551158309
1248,1271,Real-World,cublas,FP16,20480,768,3072,96636764160,0.35671,0.359834,0.99132,1.0,True,pass,,8.420300824567676
1248,1271,Real-World,cublas,FP32,20480,768,3072,96636764160,9.218612,19.81983,0.465121,1.0,True,pass,,8.420300824567676
1248,1271,Real-World,cublas,INT8,20480,768,3072,96636764160,0.25431,0.237158,1.072323,1.0,True,pass,,8.420300824567676
1249,1272,Real-World,cublas,FP16,20480,3072,768,96636764160,0.408883,0.442982,0.923024,1.0,True,pass,,7.330855682492256
1249,1272,Real-World,cublas,FP32,20480,3072,768,96636764160,5.139764,10.787584,0.476452,1.0,True,pass,,7.330855682492256
1249,1272,Real-World,cublas,INT8,20480,3072,768,96636764160,0.33321,0.316314,1.053415,1.0,True,pass,,7.330855682492256
1250,1273,Real-World,cublas,FP16,1216,768,40560,75756994560,0.347392,0.379136,0.916273,1.0,True,pass,,8.39723214134574
1250,1273,Real-World,cublas,FP32,1216,768,40560,75756994560,5.864499,6.081024,0.964393,1.0,True,pass,,8.39723214134574
1250,1273,Real-World,cublas,INT8,1216,768,40560,75756994560,0.54656,0.414566,1.31839,1.0,True,pass,,8.39723214134574
1251,1276,Real-World,cublas,FP16,16,4096,25088,3288334336,0.141773,0.155443,0.912055,1.0,True,pass,,13.253817982971668
1251,1276,Real-World,cublas,FP32,16,4096,25088,3288334336,0.457574,5.474663,0.08358,1.0,True,pass,,13.253817982971668
1251,1276,Real-World,cublas,INT8,16,4096,25088,3288334336,0.097024,0.164966,0.588144,1.0,True,pass,,13.253817982971668
1252,1277,Real-World,cublas,FP16,32,4096,25088,6576668672,0.140646,1.07735,0.130548,1.0,True,pass,,12.336066640913486
1252,1277,Real-World,cublas,FP32,32,4096,25088,6576668672,0.4928,9.080985,0.054267,1.0,True,pass,,12.336066640913486
1252,1277,Real-World,cublas,INT8,32,4096,25088,6576668672,0.09769,0.163942,0.595878,1.0,True,pass,,12.336066640913486
1253,1278,Real-World,cublas,FP16,79,4096,25088,16236150784,0.436685,0.157389,2.774561,1.0,True,pass,,13.412447988986969
1253,1278,Real-World,cublas,FP32,79,4096,25088,16236150784,1.200742,4.625766,0.259577,1.0,True,pass,,13.412447988986969
1253,1278,Real-World,cublas,INT8,79,4096,25088,16236150784,,,,,False,missing,Running INT8...Error benchmarking size 79x4096x25088: std::exception,13.412447988986969
1254,1281,Real-World,cublas,FP16,32768,768,3072,154618822656,0.594688,0.626074,0.949869,1.0,True,pass,,12.048210760578513
1254,1281,Real-World,cublas,FP32,32768,768,3072,154618822656,8.278784,17.261463,0.479611,1.0,True,pass,,12.048210760578513
1254,1281,Real-World,cublas,INT8,32768,768,3072,154618822656,0.395622,0.367974,1.075136,1.0,True,pass,,12.048210760578513
1255,1282,Real-World,cublas,FP16,32768,3072,768,154618822656,0.644096,0.715264,0.900501,1.0,True,pass,,12.317843986675143
1255,1282,Real-World,cublas,FP32,32768,3072,768,154618822656,14.44352,34.753742,0.415596,1.0,True,pass,,12.317843986675143
1255,1282,Real-World,cublas,INT8,32768,3072,768,154618822656,0.506778,0.482458,1.050409,1.0,True,pass,,12.317843986675143
1256,1285,Real-World,cublas,FP16,40960,768,3072,193273528320,0.715469,0.713421,1.002871,1.0,True,pass,,15.54715153761208
1256,1285,Real-World,cublas,FP32,40960,768,3072,193273528320,19.619278,39.232613,0.500076,1.0,True,pass,,15.54715153761208
1256,1285,Real-World,cublas,INT8,40960,768,3072,193273528320,0.484813,0.423731,1.144152,1.0,True,pass,,15.54715153761208
1257,1286,Real-World,cublas,FP16,40960,3072,768,193273528320,0.894362,0.903936,0.989408,1.0,True,pass,,14.085632167756557
1257,1286,Real-World,cublas,FP32,40960,3072,768,193273528320,10.190899,21.600666,0.471786,1.0,True,pass,,14.085632167756557
1257,1286,Real-World,cublas,INT8,40960,3072,768,193273528320,0.625306,0.593459,1.053662,1.0,True,pass,,14.085632167756557
1258,1289,Real-World,cublas,FP16,5124,700,2048,14691532800,0.144179,0.076032,1.896296,1.0,True,pass,,1.9571305997669697
1258,1289,Real-World,cublas,FP32,5124,700,2048,14691532800,0.958362,0.878592,1.090792,1.0,True,pass,,1.9571305997669697
1258,1289,Real-World,cublas,INT8,5124,700,2048,14691532800,0.175104,0.06016,2.910638,1.0,True,pass,,1.9571305997669697
1259,1290,Real-World,cublas,FP16,35,700,2048,100352000,0.022886,0.019968,1.146154,1.0,True,pass,,0.9553353823721409
1259,1290,Real-World,cublas,FP32,35,700,2048,100352000,0.031027,0.159232,0.194855,1.0,True,pass,,0.9553353823721409
1259,1290,Real-World,cublas,INT8,35,700,2048,100352000,,,,,False,missing,Running INT8...Error benchmarking size 35x700x2048: std::exception,0.9553353823721409
1260,1291,Real-World,cublas,FP16,5124,700,2560,18364416000,0.181914,0.090112,2.01875,1.0,True,pass,,2.282755520194769
1260,1291,Real-World,cublas,FP32,5124,700,2560,18364416000,1.166029,1.53257,0.760832,1.0,True,pass,,2.282755520194769
1260,1291,Real-World,cublas,INT8,5124,700,2560,18364416000,0.229888,0.067021,3.430099,1.0,True,pass,,2.282755520194769
1261,1292,Real-World,cublas,FP16,35,700,2560,125440000,0.03456,0.036096,0.957447,1.0,True,pass,,1.0005221720784903
1261,1292,Real-World,cublas,FP32,35,700,2560,125440000,0.035174,0.128154,0.274471,1.0,True,pass,,1.0005221720784903
1261,1292,Real-World,cublas,INT8,35,700,2560,125440000,,,,,False,missing,Running INT8...Error benchmarking size 35x700x2560: std::exception,1.0005221720784903
1262,1293,Real-World,cublas,FP16,5124,1500,2048,31481856000,0.250573,0.138598,1.807905,1.0,True,pass,,2.434627326205373
1262,1293,Real-World,cublas,FP32,5124,1500,2048,31481856000,1.927066,1.744896,1.104401,1.0,True,pass,,2.434627326205373
1262,1293,Real-World,cublas,INT8,5124,1500,2048,31481856000,0.185446,0.102554,1.808288,1.0,True,pass,,2.434627326205373
1263,1294,Real-World,cublas,FP16,35,1500,2048,215040000,0.030413,0.022272,1.365517,1.0,True,pass,,1.2700725849717855
1263,1294,Real-World,cublas,FP32,35,1500,2048,215040000,0.050893,0.159539,0.318999,1.0,True,pass,,1.2700725849717855
1263,1294,Real-World,cublas,INT8,35,1500,2048,215040000,,,,,False,missing,Running INT8...Error benchmarking size 35x1500x2048: std::exception,1.2700725849717855
1264,1295,Real-World,cublas,FP16,5124,1500,2560,39352320000,0.311859,0.165171,1.888096,1.0,True,pass,,2.7313037775456905
1264,1295,Real-World,cublas,FP32,5124,1500,2560,39352320000,2.306509,3.248793,0.709959,1.0,True,pass,,2.7313037775456905
1264,1295,Real-World,cublas,INT8,5124,1500,2560,39352320000,0.23552,0.112794,2.088061,1.0,True,pass,,2.7313037775456905
1265,1296,Real-World,cublas,FP16,35,1500,2560,268800000,0.035328,0.023091,1.529934,1.0,True,pass,,1.1910094525665045
1265,1296,Real-World,cublas,FP32,35,1500,2560,268800000,0.058368,0.128461,0.454364,1.0,True,pass,,1.1910094525665045
1265,1296,Real-World,cublas,INT8,35,1500,2560,268800000,,,,,False,missing,Running INT8...Error benchmarking size 35x1500x2560: std::exception,1.1910094525665045
1266,1297,Real-World,cublas,FP16,7680,1,2560,39321600,0.039629,0.037222,1.064649,1.0,True,pass,,2.9254125002771616
1266,1297,Real-World,cublas,FP32,7680,1,2560,39321600,0.071322,0.243456,0.292955,1.0,True,pass,,2.9254125002771616
1266,1297,Real-World,cublas,INT8,7680,1,2560,39321600,0.058317,0.028877,2.019504,1.0,True,pass,,2.9254125002771616
1267,1298,Real-World,cublas,FP16,7680,2,2560,78643200,0.037786,0.035277,1.071117,1.0,True,pass,,2.7986780498176813
1267,1298,Real-World,cublas,FP32,7680,2,2560,78643200,0.107469,0.22487,0.477914,1.0,True,pass,,2.7986780498176813
1267,1298,Real-World,cublas,INT8,7680,2,2560,78643200,0.045517,0.023194,1.962473,1.0,True,pass,,2.7986780498176813
1268,1299,DeepBench,cublas,FP16,7680,4,2560,157286400,0.037683,0.035584,1.058993,1.0,True,pass,,2.6897445619106293
1268,1299,DeepBench,cublas,FP32,7680,4,2560,157286400,0.108237,0.224819,0.481439,1.0,True,pass,,2.6897445619106293
1268,1299,DeepBench,cublas,INT8,7680,4,2560,157286400,0.048384,0.021555,2.244655,1.0,True,pass,,2.6897445619106293
1269,1300,DeepBench,cublas,FP16,3072,1,1024,6291456,0.013568,0.014029,0.967153,1.0,True,pass,,1.1946882084012032
1269,1300,DeepBench,cublas,FP32,3072,1,1024,6291456,0.014182,0.090419,0.156852,1.0,True,pass,,1.1946882084012032
1269,1300,DeepBench,cublas,INT8,3072,1,1024,6291456,0.012698,0.012646,1.004049,1.0,True,pass,,1.1946882084012032
1270,1301,DeepBench,cublas,FP16,3072,2,1024,12582912,0.014131,0.013363,1.057471,1.0,True,pass,,1.1719358023256063
1270,1301,DeepBench,cublas,FP32,3072,2,1024,12582912,0.019507,0.090778,0.21489,1.0,True,pass,,1.1719358023256063
1270,1301,DeepBench,cublas,INT8,3072,2,1024,12582912,0.012595,0.013005,0.968504,1.0,True,pass,,1.1719358023256063
1271,1302,DeepBench,cublas,FP16,3072,4,1024,25165824,0.014182,0.013568,1.045283,1.0,True,pass,,1.2129831742495298
1271,1302,DeepBench,cublas,FP32,3072,4,1024,25165824,0.019763,0.089907,0.219818,1.0,True,pass,,1.2129831742495298
1271,1302,DeepBench,cublas,INT8,3072,4,1024,25165824,0.013926,0.012749,1.09237,1.0,True,pass,,1.2129831742495298
1272,1303,DeepBench,cublas,FP16,64,1,1216,155648,0.010803,0.01065,1.014423,1.0,True,pass,,0.9600774105638266
1272,1303,DeepBench,cublas,FP32,64,1,1216,155648,0.010291,0.10455,0.098433,1.0,True,pass,,0.9600774105638266
1272,1303,DeepBench,cublas,INT8,64,1,1216,155648,0.011418,0.013158,0.867704,1.0,True,pass,,0.9600774105638266
1273,1304,DeepBench,cublas,FP16,512,1,500000,512000000,0.327578,1.869671,0.175206,nan,False,incorrect,Cosine similarity threshold failed,25.182119257748127
1273,1304,DeepBench,cublas,FP32,512,1,500000,512000000,0.644506,56.145508,0.011479,1.0,True,pass,,25.182119257748127
1273,1304,DeepBench,cublas,INT8,512,1,500000,512000000,2.408704,1.032448,2.333003,1.0,True,pass,,25.182119257748127
1274,1305,DeepBench,cublas,FP16,1024,1,500000,1024000000,0.616653,2.441165,0.252606,nan,False,incorrect,Cosine similarity threshold failed,47.60406028106809
1274,1305,DeepBench,cublas,FP32,1024,1,500000,1024000000,1.312,59.719982,0.021969,1.0,True,pass,,47.60406028106809
1274,1305,DeepBench,cublas,INT8,1024,1,500000,1024000000,2.47977,1.060403,2.338516,1.0,True,pass,,47.60406028106809
1275,1306,DeepBench,cublas,FP16,512,2,500000,1024000000,0.334899,0.429978,0.778876,0.99999999,True,pass,,25.395874680951238
1275,1306,DeepBench,cublas,FP32,512,2,500000,1024000000,1.270118,70.736069,0.017956,1.0,True,pass,,25.395874680951238
1275,1306,DeepBench,cublas,INT8,512,2,500000,1024000000,4.237517,2.675763,1.583667,1.0,True,pass,,25.395874680951238
1276,1307,DeepBench,cublas,FP16,1024,2,500000,2048000000,0.650086,0.695245,0.935047,0.99999973,True,pass,,48.69301922433078
1276,1307,DeepBench,cublas,FP32,1024,2,500000,2048000000,2.345318,59.593773,0.039355,1.0,True,pass,,48.69301922433078
1276,1307,DeepBench,cublas,INT8,1024,2,500000,2048000000,4.308889,2.459341,1.752051,1.0,True,pass,,48.69301922433078
1277,1308,DeepBench,cublas,FP16,512,4,500000,2048000000,0.321587,1.918618,0.167614,0.99999999,True,pass,,25.335416436195374
1277,1308,DeepBench,cublas,FP32,512,4,500000,2048000000,1.278157,56.144032,0.022766,1.0,True,pass,,25.335416436195374
1277,1308,DeepBench,cublas,INT8,512,4,500000,2048000000,2.544282,1.034547,2.45932,1.0,True,pass,,25.335416436195374
1278,1309,DeepBench,cublas,FP16,1024,4,500000,4096000000,0.624742,2.368922,0.263724,0.99999969,True,pass,,50.00504651106894
1278,1309,DeepBench,cublas,FP32,1024,4,500000,4096000000,4.089958,101.936539,0.040123,1.0,True,pass,,50.00504651106894
1278,1309,DeepBench,cublas,INT8,1024,4,500000,4096000000,2.594714,1.063526,2.439727,1.0,True,pass,,50.00504651106894
1279,1310,DeepBench,cublas,FP16,1024,700,512,734003200,0.01505,0.018176,0.827993,1.0,True,pass,,0.8648689743131399
1279,1310,DeepBench,cublas,FP32,1024,700,512,734003200,0.063334,0.071219,0.889288,1.0,True,pass,,0.8648689743131399
1279,1310,DeepBench,cublas,INT8,1024,700,512,734003200,0.014182,0.011418,1.242152,1.0,True,pass,,0.8648689743131399
1280,1311,DeepBench,cublas,FP16,7680,1500,2560,58982400000,0.261632,0.237158,1.103195,1.0,True,pass,,3.6562713477760553
1280,1311,DeepBench,cublas,FP32,7680,1500,2560,58982400000,3.345869,4.698522,0.712111,1.0,True,pass,,3.6562713477760553
1280,1311,DeepBench,cublas,INT8,7680,1500,2560,58982400000,0.163072,0.152525,1.069151,1.0,True,pass,,3.6562713477760553
1281,1312,DeepBench,cublas,FP16,6144,1500,2048,37748736000,0.174592,0.175821,0.993011,1.0,True,pass,,2.7814786098897457
1281,1312,DeepBench,cublas,FP32,6144,1500,2048,37748736000,2.114099,2.175744,0.971667,1.0,True,pass,,2.7814786098897457
1281,1312,DeepBench,cublas,INT8,6144,1500,2048,37748736000,0.114022,0.108134,1.054451,1.0,True,pass,,2.7814786098897457
1282,1313,DeepBench,cublas,FP16,4608,1500,1536,21233664000,0.094208,0.097229,0.968931,1.0,True,pass,,2.017337152734399
1282,1313,DeepBench,cublas,FP32,4608,1500,1536,21233664000,1.16439,1.202688,0.968157,1.0,True,pass,,2.017337152734399
1282,1313,DeepBench,cublas,INT8,4608,1500,1536,21233664000,0.073011,0.065485,1.114933,1.0,True,pass,,2.017337152734399
1283,1314,DeepBench,cublas,FP16,8448,1500,2816,71368704000,0.296755,0.294349,1.008175,1.0,True,pass,,4.646806243807077
1283,1314,DeepBench,cublas,FP32,8448,1500,2816,71368704000,5.833984,9.565081,0.609925,1.0,True,pass,,4.646806243807077
1283,1314,DeepBench,cublas,INT8,8448,1500,2816,71368704000,0.204083,0.178842,1.141139,1.0,True,pass,,4.646806243807077
1284,1315,DeepBench,cublas,FP16,3072,1500,1024,9437184000,0.051712,0.054323,0.951932,1.0,True,pass,,1.6579143889248371
1284,1315,DeepBench,cublas,FP32,3072,1500,1024,9437184000,0.573542,0.686387,0.835596,1.0,True,pass,,1.6579143889248371
1284,1315,DeepBench,cublas,INT8,3072,1500,1024,9437184000,0.041574,0.042906,0.968974,1.0,True,pass,,1.6579143889248371
1285,1316,DeepBench,cublas,FP16,7680,3000,2560,117964800000,0.545843,0.453171,1.204497,1.0,True,pass,,5.926592042669654
1285,1316,DeepBench,cublas,FP32,7680,3000,2560,117964800000,11.506586,16.296856,0.706062,1.0,True,pass,,5.926592042669654
1285,1316,DeepBench,cublas,INT8,7680,3000,2560,117964800000,0.304896,0.282982,1.077438,1.0,True,pass,,5.926592042669654
1286,1317,DeepBench,cublas,FP16,6144,3000,2048,75497472000,0.29824,0.309709,0.962969,1.0,True,pass,,4.573311446234584
1286,1317,DeepBench,cublas,FP32,6144,3000,2048,75497472000,5.907201,7.703296,0.766841,1.0,True,pass,,4.573311446234584
1286,1317,DeepBench,cublas,INT8,6144,3000,2048,75497472000,0.204698,0.202854,1.009086,1.0,True,pass,,4.573311446234584
1287,1318,DeepBench,cublas,FP16,4608,3000,1536,42467328000,0.175002,0.178739,0.979089,1.0,True,pass,,3.1828984674066305
1287,1318,DeepBench,cublas,FP32,4608,3000,1536,42467328000,4.026727,4.101273,0.981824,1.0,True,pass,,3.1828984674066305
1287,1318,DeepBench,cublas,INT8,4608,3000,1536,42467328000,0.131635,0.11945,1.102015,1.0,True,pass,,3.1828984674066305
1288,1319,DeepBench,cublas,FP16,8448,3000,2816,142737408000,0.641229,0.577331,1.110678,1.0,True,pass,,5.983666580170393
1288,1319,DeepBench,cublas,FP32,8448,3000,2816,142737408000,7.606477,12.046387,0.631432,1.0,True,pass,,5.983666580170393
1288,1319,DeepBench,cublas,INT8,8448,3000,2816,142737408000,0.385638,0.342221,1.12687,1.0,True,pass,,5.983666580170393
1289,1320,DeepBench,cublas,FP16,3072,3000,1024,18874368000,0.096512,0.101734,0.948667,1.0,True,pass,,1.9555633030831814
1289,1320,DeepBench,cublas,FP32,3072,3000,1024,18874368000,1.085133,1.287936,0.842536,1.0,True,pass,,1.9555633030831814
1289,1320,DeepBench,cublas,INT8,3072,3000,1024,18874368000,0.074189,0.07081,1.047722,1.0,True,pass,,1.9555633030831814
1290,1321,DeepBench,cublas,FP16,7680,6000,2560,235929600000,1.05472,0.91049,1.15841,1.0,True,pass,,8.21940716356039
1290,1321,DeepBench,cublas,FP32,7680,6000,2560,235929600000,12.690636,20.270796,0.626055,1.0,True,pass,,8.21940716356039
1290,1321,DeepBench,cublas,INT8,7680,6000,2560,235929600000,0.592845,0.541747,1.09432,1.0,True,pass,,8.21940716356039
1291,1322,DeepBench,cublas,FP16,6144,6000,2048,150994944000,0.602266,0.604518,0.996273,1.0,True,pass,,8.94008588604629
1291,1322,DeepBench,cublas,FP32,6144,6000,2048,150994944000,13.343387,13.338829,1.000342,1.0,True,pass,,8.94008588604629
1291,1322,DeepBench,cublas,INT8,6144,6000,2048,150994944000,0.394138,0.3648,1.080421,1.0,True,pass,,8.94008588604629
1292,1323,DeepBench,cublas,FP16,4608,6000,1536,84934656000,0.344371,0.34903,0.986651,1.0,True,pass,,4.732259523123503
1292,1323,DeepBench,cublas,FP32,4608,6000,1536,84934656000,8.365669,8.379699,0.998326,1.0,True,pass,,4.732259523123503
1292,1323,DeepBench,cublas,INT8,4608,6000,1536,84934656000,0.247808,0.227482,1.089354,1.0,True,pass,,4.732259523123503
1293,1324,DeepBench,cublas,FP16,8448,6000,2816,285474816000,1.209395,1.095168,1.104301,1.0,True,pass,,10.39249026030302
1293,1324,DeepBench,cublas,FP32,8448,6000,2816,285474816000,27.296667,41.908684,0.651337,1.0,True,pass,,10.39249026030302
1293,1324,DeepBench,cublas,INT8,8448,6000,2816,285474816000,0.741683,0.63319,1.171343,1.0,True,pass,,10.39249026030302
1294,1325,DeepBench,cublas,FP16,3072,6000,1024,37748736000,0.165888,0.17961,0.923603,1.0,True,pass,,4.145616415888071
1294,1325,DeepBench,cublas,FP32,3072,6000,1024,37748736000,2.030182,2.594458,0.782507,1.0,True,pass,,4.145616415888071
1294,1325,DeepBench,cublas,INT8,3072,6000,1024,37748736000,0.131942,0.12969,1.017371,1.0,True,pass,,4.145616415888071
1295,1326,DeepBench,cublas,FP16,6144,1,2048,25165824,0.01879,0.023347,0.804825,1.0,True,pass,,1.9674492664635181
1295,1326,DeepBench,cublas,FP32,6144,1,2048,25165824,0.045978,0.235981,0.194836,1.0,True,pass,,1.9674492664635181
1295,1326,DeepBench,cublas,INT8,6144,1,2048,25165824,0.030208,0.016589,1.820988,1.0,True,pass,,1.9674492664635181
1296,1327,DeepBench,cublas,FP16,4608,1,1536,14155776,0.017664,0.020582,0.858209,1.0,True,pass,,1.5872176680713892
1296,1327,DeepBench,cublas,FP32,4608,1,1536,14155776,0.02432,0.070195,0.346462,1.0,True,pass,,1.5872176680713892
1296,1327,DeepBench,cublas,INT8,4608,1,1536,14155776,0.023194,0.015002,1.546075,1.0,True,pass,,1.5872176680713892
1297,1328,DeepBench,cublas,FP16,8448,1,2816,47579136,0.044442,0.042701,1.040767,1.0,True,pass,,2.986729273572564
1297,1328,DeepBench,cublas,FP32,8448,1,2816,47579136,0.07081,0.316467,0.22375,1.0,True,pass,,2.986729273572564
1297,1328,DeepBench,cublas,INT8,8448,1,2816,47579136,0.054272,0.027955,1.941392,1.0,True,pass,,2.986729273572564
1298,1329,DeepBench,cublas,FP16,6144,2,2048,50331648,0.027187,0.027187,1.0,1.0,True,pass,,2.013636050745845
1298,1329,DeepBench,cublas,FP32,6144,2,2048,50331648,0.075264,0.233062,0.322935,1.0,True,pass,,2.013636050745845
1298,1329,DeepBench,cublas,INT8,6144,2,2048,50331648,0.032973,0.01833,1.798883,1.0,True,pass,,2.013636050745845
1299,1330,DeepBench,cublas,FP16,4608,2,1536,28311552,0.017766,0.022067,0.805105,1.0,True,pass,,1.52128697745502
1299,1330,DeepBench,cublas,FP32,4608,2,1536,28311552,0.047514,0.06912,0.687408,1.0,True,pass,,1.52128697745502
1299,1330,DeepBench,cublas,INT8,4608,2,1536,28311552,0.025805,0.015309,1.685618,1.0,True,pass,,1.52128697745502
1300,1331,DeepBench,cublas,FP16,8448,2,2816,95158272,0.044749,0.042394,1.055555,1.0,True,pass,,3.033598428592086
1300,1331,DeepBench,cublas,FP32,8448,2,2816,95158272,0.126822,0.315546,0.401915,1.0,True,pass,,3.033598428592086
1300,1331,DeepBench,cublas,INT8,8448,2,2816,95158272,0.055398,0.026624,2.080769,1.0,True,pass,,3.033598428592086
1301,1332,DeepBench,cublas,FP16,6144,4,2048,100663296,0.022528,0.023552,0.956522,1.0,True,pass,,2.008806625381112
1301,1332,DeepBench,cublas,FP32,6144,4,2048,100663296,0.075725,0.233933,0.323703,1.0,True,pass,,2.008806625381112
1301,1332,DeepBench,cublas,INT8,6144,4,2048,100663296,0.031744,0.018739,1.693989,1.0,True,pass,,2.008806625381112
1302,1333,DeepBench,cublas,FP16,4608,4,1536,56623104,0.017254,0.021248,0.812048,1.0,True,pass,,1.568201968446374
1302,1333,DeepBench,cublas,FP32,4608,4,1536,56623104,0.047309,0.070144,0.674452,1.0,True,pass,,1.568201968446374
1302,1333,DeepBench,cublas,INT8,4608,4,1536,56623104,0.023808,0.015155,1.570946,1.0,True,pass,,1.568201968446374
1303,1334,DeepBench,cublas,FP16,8448,4,2816,190316544,0.044595,0.042854,1.040621,1.0,True,pass,,3.0702913999557495
1303,1334,DeepBench,cublas,FP32,8448,4,2816,190316544,0.128154,0.315085,0.406727,1.0,True,pass,,3.0702913999557495
1303,1334,DeepBench,cublas,INT8,8448,4,2816,190316544,0.054682,0.025907,2.110672,1.0,True,pass,,3.0702913999557495
1304,1335,DeepBench,cublas,FP16,128,1500,1280,491520000,0.014438,0.015462,0.933775,1.0,True,pass,,1.1616068240255117
1304,1335,DeepBench,cublas,FP32,128,1500,1280,491520000,0.054016,0.119808,0.450855,1.0,True,pass,,1.1616068240255117
1304,1335,DeepBench,cublas,INT8,128,1500,1280,491520000,0.012186,0.014797,0.82353,1.0,True,pass,,1.1616068240255117
1305,1336,DeepBench,cublas,FP16,3072,1500,128,1179648000,0.02432,0.028416,0.855856,1.0,True,pass,,1.2231260854750872
1305,1336,DeepBench,cublas,FP32,3072,1500,128,1179648000,0.08704,0.086835,1.002359,1.0,True,pass,,1.2231260854750872
1305,1336,DeepBench,cublas,INT8,3072,1500,128,1179648000,0.023757,0.02263,1.049774,1.0,True,pass,,1.2231260854750872
1306,1337,DeepBench,cublas,FP16,128,1,1024,262144,0.009165,0.015206,0.602694,1.0,True,pass,,0.8208204936236143
1306,1337,DeepBench,cublas,FP32,128,1,1024,262144,0.010752,0.073933,0.145429,1.0,True,pass,,0.8208204936236143
1306,1337,DeepBench,cublas,INT8,128,1,1024,262144,0.010496,0.012646,0.829959,1.0,True,pass,,0.8208204936236143
1307,1338,DeepBench,cublas,FP16,3072,1,128,786432,0.008806,0.012186,0.722689,1.0,True,pass,,0.8115126732736826
1307,1338,DeepBench,cublas,FP32,3072,1,128,786432,0.010547,0.02048,0.515,1.0,True,pass,,0.8115126732736826
1307,1338,DeepBench,cublas,INT8,3072,1,128,786432,0.010291,0.009165,1.122905,1.0,True,pass,,0.8115126732736826
1308,1339,DeepBench,cublas,FP16,176,1500,1408,743424000,0.017101,0.020224,0.84557,1.0,True,pass,,0.9620806388556957
1308,1339,DeepBench,cublas,FP32,176,1500,1408,743424000,0.07936,0.112742,0.703906,1.0,True,pass,,0.9620806388556957
1308,1339,DeepBench,cublas,INT8,176,1500,1408,743424000,0.014694,0.015514,0.947195,1.0,True,pass,,0.9620806388556957
1309,1340,DeepBench,cublas,FP16,4224,1500,176,2230272000,0.028109,0.031334,0.897059,1.0,True,pass,,1.0927309021353722
1309,1340,DeepBench,cublas,FP32,4224,1500,176,2230272000,0.144128,0.188416,0.764946,1.0,True,pass,,1.0927309021353722
1309,1340,DeepBench,cublas,INT8,4224,1500,176,2230272000,0.034253,0.032512,1.053543,1.0,True,pass,,1.0927309021353722
1310,1341,DeepBench,cublas,FP16,128,1,1408,360448,0.009779,0.015411,0.634551,1.0,True,pass,,0.7575486488640308
1310,1341,DeepBench,cublas,FP32,128,1,1408,360448,0.01367,0.129434,0.105617,1.0,True,pass,,0.7575486488640308
1310,1341,DeepBench,cublas,INT8,128,1,1408,360448,0.011366,0.014336,0.792857,1.0,True,pass,,0.7575486488640308
1311,1342,DeepBench,cublas,FP16,4224,1,128,1081344,0.009318,0.012595,0.739837,1.0,True,pass,,0.7487820368260145
1311,1342,DeepBench,cublas,FP32,4224,1,128,1081344,0.009728,0.019814,0.490956,1.0,True,pass,,0.7487820368260145
1311,1342,DeepBench,cublas,INT8,4224,1,128,1081344,0.010342,0.008499,1.216868,1.0,True,pass,,0.7487820368260145
1312,1343,DeepBench,cublas,FP16,512,1500,2816,4325376000,0.035533,0.039578,0.897801,1.0,True,pass,,1.3932799268513918
1312,1343,DeepBench,cublas,FP32,512,1500,2816,4325376000,0.261427,0.42281,0.61831,1.0,True,pass,,1.3932799268513918
1312,1343,DeepBench,cublas,INT8,512,1500,2816,4325376000,0.027955,0.023962,1.166667,1.0,True,pass,,1.3932799268513918
1313,1344,DeepBench,cublas,FP16,512,1500,2048,3145728000,0.027341,0.032307,0.846276,1.0,True,pass,,1.203770525753498
1313,1344,DeepBench,cublas,FP32,512,1500,2048,3145728000,0.228915,0.299315,0.764797,1.0,True,pass,,1.203770525753498
1313,1344,DeepBench,cublas,INT8,512,1500,2048,3145728000,0.022067,0.018995,1.161725,1.0,True,pass,,1.203770525753498
1314,1345,DeepBench,cublas,FP16,512,1500,2560,3932160000,0.031898,0.036506,0.873773,1.0,True,pass,,1.2450617235153913
1314,1345,DeepBench,cublas,FP32,512,1500,2560,3932160000,0.302541,0.384256,0.787342,1.0,True,pass,,1.2450617235153913
1314,1345,DeepBench,cublas,INT8,512,1500,2560,3932160000,0.024986,0.021146,1.181598,1.0,True,pass,,1.2450617235153913
1315,1346,DeepBench,cublas,FP16,512,1500,1530,2350080000,0.040755,0.036454,1.117978,1.0,True,pass,,1.0701474826782942
1315,1346,DeepBench,cublas,FP32,512,1500,1530,2350080000,0.16809,0.227072,0.740248,1.0,True,pass,,1.0701474826782942
1315,1346,DeepBench,cublas,INT8,512,1500,1530,2350080000,0.009984,0.061952,0.161157,0.0,False,incorrect,Cosine similarity threshold failed,1.0701474826782942
1316,1347,DeepBench,cublas,FP16,1024,1500,2816,8650752000,0.046336,0.05207,0.889872,1.0,True,pass,,1.4596855267882347
1316,1347,DeepBench,cublas,FP32,1024,1500,2816,8650752000,0.51584,0.714803,0.721653,1.0,True,pass,,1.4596855267882347
1316,1347,DeepBench,cublas,INT8,1024,1500,2816,8650752000,0.046746,0.031283,1.494272,1.0,True,pass,,1.4596855267882347
1317,1348,DeepBench,cublas,FP16,1024,1500,2048,6291456000,0.036659,0.042342,0.86578,1.0,True,pass,,1.367357151582837
1317,1348,DeepBench,cublas,FP32,1024,1500,2048,6291456000,0.368947,0.444979,0.829134,1.0,True,pass,,1.367357151582837
1317,1348,DeepBench,cublas,INT8,1024,1500,2048,6291456000,0.039322,0.027699,1.419593,1.0,True,pass,,1.367357151582837
1318,1349,DeepBench,cublas,FP16,1024,1500,2560,7864320000,0.04352,0.049869,0.87269,1.0,True,pass,,1.409520784392953
1318,1349,DeepBench,cublas,FP32,1024,1500,2560,7864320000,0.450406,0.649728,0.693223,1.0,True,pass,,1.409520784392953
1318,1349,DeepBench,cublas,INT8,1024,1500,2560,7864320000,0.042701,0.029952,1.425641,1.0,True,pass,,1.409520784392953
1319,1350,DeepBench,cublas,FP16,1024,1500,1530,4700160000,0.052634,0.078029,0.674541,1.0,True,pass,,1.1504840198904276
1319,1350,DeepBench,cublas,FP32,1024,1500,1530,4700160000,0.28457,0.337203,0.843911,1.0,True,pass,,1.1504840198904276
1319,1350,DeepBench,cublas,INT8,1024,1500,1530,4700160000,0.010394,0.062771,0.165579,0.0,False,incorrect,Cosine similarity threshold failed,1.1504840198904276
1320,1351,DeepBench,cublas,FP16,512,1,512,524288,0.010496,0.013107,0.800781,1.0,True,pass,,0.7611491233110428
1320,1351,DeepBench,cublas,FP32,512,1,512,524288,0.009267,0.020122,0.46056,1.0,True,pass,,0.7611491233110428
1320,1351,DeepBench,cublas,INT8,512,1,512,524288,0.009523,0.010598,0.898551,1.0,True,pass,,0.7611491233110428
1321,1352,DeepBench,cublas,FP16,1024,1,512,1048576,0.010496,0.01536,0.683333,1.0,True,pass,,0.7966477554291487
1321,1352,DeepBench,cublas,FP32,1024,1,512,1048576,0.009933,0.020224,0.491139,1.0,True,pass,,0.7966477554291487
1321,1352,DeepBench,cublas,INT8,1024,1,512,1048576,0.010086,0.010701,0.942584,1.0,True,pass,,0.7966477554291487
1322,1353,DeepBench,cublas,FP16,512,3000,2816,8650752000,0.054323,0.0512,1.061,1.0,True,pass,,1.8102659955620766
1322,1353,DeepBench,cublas,FP32,512,3000,2816,8650752000,0.507904,0.719002,0.706402,1.0,True,pass,,1.8102659955620766
1322,1353,DeepBench,cublas,INT8,512,3000,2816,8650752000,0.047206,0.031078,1.518946,1.0,True,pass,,1.8102659955620766
1323,1354,DeepBench,cublas,FP16,512,3000,2048,6291456000,0.043827,0.042291,1.036319,1.0,True,pass,,1.728822473436594
1323,1354,DeepBench,cublas,FP32,512,3000,2048,6291456000,0.40617,0.445082,0.912574,1.0,True,pass,,1.728822473436594
1323,1354,DeepBench,cublas,INT8,512,3000,2048,6291456000,0.041472,0.027494,1.50838,1.0,True,pass,,1.728822473436594
1324,1355,DeepBench,cublas,FP16,512,3000,2560,7864320000,0.049818,0.04864,1.024211,1.0,True,pass,,1.7371939960867167
1324,1355,DeepBench,cublas,FP32,512,3000,2560,7864320000,0.489114,0.653261,0.748726,1.0,True,pass,,1.7371939960867167
1324,1355,DeepBench,cublas,INT8,512,3000,2560,7864320000,0.042291,0.02985,1.41681,1.0,True,pass,,1.7371939960867167
1325,1356,DeepBench,cublas,FP16,512,3000,1530,4700160000,0.061133,0.07808,0.782951,1.0,True,pass,,1.3589758519083261
1325,1356,DeepBench,cublas,FP32,512,3000,1530,4700160000,0.305459,0.335616,0.910145,1.0,True,pass,,1.3589758519083261
1325,1356,DeepBench,cublas,INT8,512,3000,1530,4700160000,0.009984,0.062515,0.159705,0.0,False,incorrect,Cosine similarity threshold failed,1.3589758519083261
1326,1357,DeepBench,cublas,FP16,1024,3000,2816,17301504000,0.081101,0.087194,0.930124,1.0,True,pass,,2.12348317168653
1326,1357,DeepBench,cublas,FP32,1024,3000,2816,17301504000,0.942541,1.406106,0.67032,1.0,True,pass,,2.12348317168653
1326,1357,DeepBench,cublas,INT8,1024,3000,2816,17301504000,0.064,0.052531,1.218324,1.0,True,pass,,2.12348317168653
1327,1358,DeepBench,cublas,FP16,1024,3000,2048,12582912000,0.06231,0.067635,0.921272,1.0,True,pass,,1.8702638912945986
1327,1358,DeepBench,cublas,FP32,1024,3000,2048,12582912000,0.693453,0.742861,0.933489,1.0,True,pass,,1.8702638912945986
1327,1358,DeepBench,cublas,INT8,1024,3000,2048,12582912000,0.048435,0.042035,1.152253,1.0,True,pass,,1.8702638912945986
1328,1359,DeepBench,cublas,FP16,1024,3000,2560,15728640000,0.076646,0.079616,0.962701,1.0,True,pass,,1.9207698609679937
1328,1359,DeepBench,cublas,FP32,1024,3000,2560,15728640000,0.862003,1.277184,0.674925,1.0,True,pass,,1.9207698609679937
1328,1359,DeepBench,cublas,INT8,1024,3000,2560,15728640000,0.055501,0.04823,1.150743,1.0,True,pass,,1.9207698609679937
1329,1360,DeepBench,cublas,FP16,1024,3000,1530,9400320000,0.082125,0.077158,1.064366,1.0,True,pass,,1.4882334806025028
1329,1360,DeepBench,cublas,FP32,1024,3000,1530,9400320000,0.532326,0.571187,0.931965,1.0,True,pass,,1.4882334806025028
1329,1360,DeepBench,cublas,INT8,1024,3000,1530,9400320000,0.010291,0.097792,0.105236,0.0,False,incorrect,Cosine similarity threshold failed,1.4882334806025028
1330,1361,DeepBench,cublas,FP16,512,2,512,1048576,0.014131,0.013005,1.086614,1.0,True,pass,,0.7200212310999632
1330,1361,DeepBench,cublas,FP32,512,2,512,1048576,0.01111,0.020275,0.54798,1.0,True,pass,,0.7200212310999632
1330,1361,DeepBench,cublas,INT8,512,2,512,1048576,0.010138,0.010752,0.942857,1.0,True,pass,,0.7200212310999632
1331,1362,DeepBench,cublas,FP16,1024,2,512,2097152,0.012339,0.015565,0.792763,1.0,True,pass,,0.7628816831856966
1331,1362,DeepBench,cublas,FP32,1024,2,512,2097152,0.011469,0.020019,0.57289,1.0,True,pass,,0.7628816831856966
1331,1362,DeepBench,cublas,INT8,1024,2,512,2097152,0.010394,0.010957,0.948598,1.0,True,pass,,0.7628816831856966
1332,1363,DeepBench,cublas,FP16,512,6000,2816,17301504000,0.09472,0.087347,1.084408,1.0,True,pass,,2.920118136331439
1332,1363,DeepBench,cublas,FP32,512,6000,2816,17301504000,0.94889,1.415629,0.670295,1.0,True,pass,,2.920118136331439
1332,1363,DeepBench,cublas,INT8,512,6000,2816,17301504000,0.06487,0.05207,1.245821,1.0,True,pass,,2.920118136331439
1333,1364,DeepBench,cublas,FP16,512,6000,2048,12582912000,0.06359,0.068864,0.92342,1.0,True,pass,,3.185725534334779
1333,1364,DeepBench,cublas,FP32,512,6000,2048,12582912000,0.696064,0.747264,0.931483,1.0,True,pass,,3.185725534334779
1333,1364,DeepBench,cublas,INT8,512,6000,2048,12582912000,0.048538,0.042803,1.133972,1.0,True,pass,,3.185725534334779
1334,1365,DeepBench,cublas,FP16,512,6000,2560,15728640000,0.087194,0.08105,1.075805,1.0,True,pass,,2.6612629424780607
1334,1365,DeepBench,cublas,FP32,512,6000,2560,15728640000,0.863744,1.285581,0.671871,1.0,True,pass,,2.6612629424780607
1334,1365,DeepBench,cublas,INT8,512,6000,2560,15728640000,0.056218,0.04905,1.146138,1.0,True,pass,,2.6612629424780607
1335,1366,DeepBench,cublas,FP16,512,6000,1530,9400320000,0.088781,0.081715,1.086466,1.0,True,pass,,1.8696426507085562
1335,1366,DeepBench,cublas,FP32,512,6000,1530,9400320000,0.534323,0.583014,0.916484,1.0,True,pass,,1.8696426507085562
1335,1366,DeepBench,cublas,INT8,512,6000,1530,9400320000,0.010138,0.097536,0.103937,0.0,False,incorrect,Cosine similarity threshold failed,1.8696426507085562
1336,1367,DeepBench,cublas,FP16,1024,6000,2816,34603008000,0.155494,0.15831,0.982212,1.0,True,pass,,3.342995550483465
1336,1367,DeepBench,cublas,FP32,1024,6000,2816,34603008000,1.97248,2.792397,0.706375,1.0,True,pass,,3.342995550483465
1336,1367,DeepBench,cublas,INT8,1024,6000,2816,34603008000,0.113869,0.094925,1.199569,1.0,True,pass,,3.342995550483465
1337,1368,DeepBench,cublas,FP16,1024,6000,2048,25165824000,0.115866,0.118835,0.975011,1.0,True,pass,,4.1963499784469604
1337,1368,DeepBench,cublas,FP32,1024,6000,2048,25165824000,1.527859,1.533491,0.996327,1.0,True,pass,,4.1963499784469604
1337,1368,DeepBench,cublas,INT8,1024,6000,2048,25165824000,0.091136,0.082483,1.104904,1.0,True,pass,,4.1963499784469604
1338,1369,DeepBench,cublas,FP16,1024,6000,2560,31457280000,0.138035,0.140339,0.983583,1.0,True,pass,,3.9261493757367134
1338,1369,DeepBench,cublas,FP32,1024,6000,2560,31457280000,1.768755,4.352973,0.406333,1.0,True,pass,,3.9261493757367134
1338,1369,DeepBench,cublas,INT8,1024,6000,2560,31457280000,0.095846,0.088678,1.080832,1.0,True,pass,,3.9261493757367134
1339,1370,DeepBench,cublas,FP16,1024,6000,1530,18800640000,0.170342,0.161331,1.055855,1.0,True,pass,,2.669320721179247
1339,1370,DeepBench,cublas,FP32,1024,6000,1530,18800640000,1.078477,1.103923,0.976949,1.0,True,pass,,2.669320721179247
1339,1370,DeepBench,cublas,INT8,1024,6000,1530,18800640000,0.00343,0.186726,0.018371,0.0,False,incorrect,Cosine similarity threshold failed,2.669320721179247
1340,1371,DeepBench,cublas,FP16,512,4,512,2097152,0.011725,0.008909,1.316092,1.0,True,pass,,1.002831868827343
1340,1371,DeepBench,cublas,FP32,512,4,512,2097152,0.011059,0.025549,0.432866,1.0,True,pass,,1.002831868827343
1340,1371,DeepBench,cublas,INT8,512,4,512,2097152,0.00937,0.01024,0.915,1.0,True,pass,,1.002831868827343
1341,1372,DeepBench,cublas,FP16,1024,4,512,4194304,0.010496,0.01408,0.745455,1.0,True,pass,,0.9356537722051144
1341,1372,DeepBench,cublas,FP32,1024,4,512,4194304,0.012237,0.020275,0.603535,1.0,True,pass,,0.9356537722051144
1341,1372,DeepBench,cublas,INT8,1024,4,512,4194304,0.009933,0.010189,0.974874,1.0,True,pass,,0.9356537722051144
1342,1373,DeepBench,cublas,FP16,10752,1,3584,77070336,0.058266,0.059136,0.985281,1.0,True,pass,,4.4272886496037245
1342,1373,DeepBench,cublas,FP32,10752,1,3584,77070336,0.102042,0.297984,0.34244,1.0,True,pass,,4.4272886496037245
1342,1373,DeepBench,cublas,INT8,10752,1,3584,77070336,0.084838,0.037222,2.27923,1.0,True,pass,,4.4272886496037245
1343,1374,DeepBench,cublas,FP16,10752,2,3584,154140672,0.058266,0.058163,1.001761,1.0,True,pass,,4.5739712957292795
1343,1374,DeepBench,cublas,FP32,10752,2,3584,154140672,0.181709,0.287949,0.631045,1.0,True,pass,,4.5739712957292795
1343,1374,DeepBench,cublas,INT8,10752,2,3584,154140672,0.086784,0.037069,2.34116,1.0,True,pass,,4.5739712957292795
1344,1375,DeepBench,cublas,FP16,10752,4,3584,308281344,0.058317,0.059443,0.981051,1.0,True,pass,,4.359587464481592
1344,1375,DeepBench,cublas,FP32,10752,4,3584,308281344,0.178842,0.287693,0.621641,1.0,True,pass,,4.359587464481592
1344,1375,DeepBench,cublas,INT8,10752,4,3584,308281344,0.087962,0.034816,2.52647,1.0,True,pass,,4.359587464481592
1345,1376,DeepBench,cublas,FP16,10752,1500,3584,115605504000,0.460237,0.464845,0.990087,1.0,True,pass,,6.101747568696737
1345,1376,DeepBench,cublas,FP32,10752,1500,3584,115605504000,6.340199,13.164851,0.4816,1.0,True,pass,,6.101747568696737
1345,1376,DeepBench,cublas,INT8,10752,1500,3584,115605504000,0.297933,0.266803,1.116676,1.0,True,pass,,6.101747568696737
1346,1377,DeepBench,cublas,FP16,10752,3000,3584,231211008000,0.976742,0.926976,1.053687,1.0,True,pass,,8.622185392305255
1346,1377,DeepBench,cublas,FP32,10752,3000,3584,231211008000,12.392499,26.389042,0.469608,1.0,True,pass,,8.622185392305255
1346,1377,DeepBench,cublas,INT8,10752,3000,3584,231211008000,0.568115,0.525722,1.080639,1.0,True,pass,,8.622185392305255
1347,1378,DeepBench,cublas,FP16,10752,6000,3584,462422016000,1.893991,1.822515,1.039218,1.0,True,pass,,13.149351203814149
1347,1378,DeepBench,cublas,FP32,10752,6000,3584,462422016000,24.590286,52.800365,0.465722,1.0,True,pass,,13.149351203814149
1347,1378,DeepBench,cublas,INT8,10752,6000,3584,462422016000,1.12512,1.084672,1.03729,1.0,True,pass,,13.149351203814149
1348,1379,DeepBench,cublas,FP16,2560,16,2560,209715200,0.018995,0.023142,0.820797,1.0,True,pass,,1.5044476483017206
1348,1379,DeepBench,cublas,FP32,2560,16,2560,209715200,0.042138,0.160563,0.262436,1.0,True,pass,,1.5044476483017206
1348,1379,DeepBench,cublas,INT8,2560,16,2560,209715200,0.028416,0.020122,1.412214,1.0,True,pass,,1.5044476483017206
1349,1380,DeepBench,cublas,FP16,2560,32,2560,419430400,0.019866,0.023706,0.838013,1.0,True,pass,,1.2777297142893076
1349,1380,DeepBench,cublas,FP32,2560,32,2560,419430400,0.049715,0.163226,0.30458,1.0,True,pass,,1.2777297142893076
1349,1380,DeepBench,cublas,INT8,2560,32,2560,419430400,0.017101,0.020736,0.824691,1.0,True,pass,,1.2777297142893076
1350,1381,DeepBench,cublas,FP16,2560,64,2560,838860800,0.020173,0.029747,0.678141,1.0,True,pass,,1.275136487558484
1350,1381,DeepBench,cublas,FP32,2560,64,2560,838860800,0.089958,0.163123,0.551475,1.0,True,pass,,1.275136487558484
1350,1381,DeepBench,cublas,INT8,2560,64,2560,838860800,0.017818,0.02135,0.834532,1.0,True,pass,,1.275136487558484
1351,1382,DeepBench,cublas,FP16,2560,128,2560,1677721600,0.023654,0.028211,0.838476,1.0,True,pass,,1.2992112915962934
1351,1382,DeepBench,cublas,FP32,2560,128,2560,1677721600,0.117453,0.214067,0.548673,1.0,True,pass,,1.2992112915962934
1351,1382,DeepBench,cublas,INT8,2560,128,2560,1677721600,0.018944,0.022016,0.860465,1.0,True,pass,,1.2992112915962934
1352,1383,DeepBench,cublas,FP16,2560,7000,2560,91750400000,0.382413,0.385434,0.992163,1.0,True,pass,,5.311074672266841
1352,1383,DeepBench,cublas,FP32,2560,7000,2560,91750400000,5.006694,7.614156,0.657551,1.0,True,pass,,5.311074672266841
1352,1383,DeepBench,cublas,INT8,2560,7000,2560,91750400000,0.243354,0.240282,1.012785,1.0,True,pass,,5.311074672266841
1353,1384,DeepBench,cublas,FP16,1760,16,1760,99123200,0.018074,0.017254,1.047478,1.0,True,pass,,1.0093828719109297
1353,1384,DeepBench,cublas,FP32,1760,16,1760,99123200,0.030003,0.07977,0.376123,1.0,True,pass,,1.0093828719109297
1353,1384,DeepBench,cublas,INT8,1760,16,1760,99123200,0.020019,0.017203,1.16369,1.0,True,pass,,1.0093828719109297
1354,1385,DeepBench,cublas,FP16,1760,32,1760,198246400,0.019866,0.020173,0.984771,1.0,True,pass,,1.0097473338246346
1354,1385,DeepBench,cublas,FP32,1760,32,1760,198246400,0.165171,0.080384,2.054777,1.0,True,pass,,1.0097473338246346
1354,1385,DeepBench,cublas,INT8,1760,32,1760,198246400,0.015718,0.017152,0.916418,1.0,True,pass,,1.0097473338246346
1355,1386,DeepBench,cublas,FP16,1760,64,1760,396492800,0.020275,0.020326,0.997481,1.0,True,pass,,1.0417182948440313
1355,1386,DeepBench,cublas,FP32,1760,64,1760,396492800,0.272538,0.085658,3.181709,1.0,True,pass,,1.0417182948440313
1355,1386,DeepBench,cublas,INT8,1760,64,1760,396492800,0.016179,0.018125,0.892655,1.0,True,pass,,1.0417182948440313
1356,1387,DeepBench,cublas,FP16,1760,128,1760,792985600,0.017562,0.017562,1.0,1.0,True,pass,,1.5042122434824705
1356,1387,DeepBench,cublas,FP32,1760,128,1760,792985600,0.096154,0.148378,0.648033,1.0,True,pass,,1.5042122434824705
1356,1387,DeepBench,cublas,INT8,1760,128,1760,792985600,0.016589,0.019763,0.839378,1.0,True,pass,,1.5042122434824705
1357,1388,DeepBench,cublas,FP16,1760,7000,1760,43366400000,0.211507,0.19927,1.061408,1.0,True,pass,,3.4569458458572626
1357,1388,DeepBench,cublas,FP32,1760,7000,1760,43366400000,4.236237,5.232026,0.809674,1.0,True,pass,,3.4569458458572626
1357,1388,DeepBench,cublas,INT8,1760,7000,1760,43366400000,0.129382,0.131277,0.985569,1.0,True,pass,,3.4569458458572626
1358,1389,DeepBench,cublas,FP16,2048,16,2048,134217728,0.017101,0.021402,0.799043,1.0,True,pass,,1.4120297096669674
1358,1389,DeepBench,cublas,FP32,2048,16,2048,134217728,0.036198,0.22144,0.163468,1.0,True,pass,,1.4120297096669674
1358,1389,DeepBench,cublas,INT8,2048,16,2048,134217728,0.021811,0.017101,1.275449,1.0,True,pass,,1.4120297096669674
1359,1390,DeepBench,cublas,FP16,2048,32,2048,268435456,0.01833,0.021965,0.834499,1.0,True,pass,,1.3554517701268196
1359,1390,DeepBench,cublas,FP32,2048,32,2048,268435456,0.036813,0.125594,0.29311,1.0,True,pass,,1.3554517701268196
1359,1390,DeepBench,cublas,INT8,2048,32,2048,268435456,0.013875,0.017459,0.794721,1.0,True,pass,,1.3554517701268196
1360,1391,DeepBench,cublas,FP16,2048,64,2048,536870912,0.016947,0.018074,0.937677,1.0,True,pass,,1.4042196292430162
1360,1391,DeepBench,cublas,FP32,2048,64,2048,536870912,0.05417,0.12759,0.424559,1.0,True,pass,,1.4042196292430162
1360,1391,DeepBench,cublas,INT8,2048,64,2048,536870912,0.014797,0.017971,0.823362,1.0,True,pass,,1.4042196292430162
1361,1392,DeepBench,cublas,FP16,2048,128,2048,1073741824,0.018074,0.018995,0.951483,1.0,True,pass,,1.3444467596709728
1361,1392,DeepBench,cublas,FP32,2048,128,2048,1073741824,0.091443,0.177101,0.516334,1.0,True,pass,,1.3444467596709728
1361,1392,DeepBench,cublas,INT8,2048,128,2048,1073741824,0.015309,0.017766,0.861671,1.0,True,pass,,1.3444467596709728
1362,1393,DeepBench,cublas,FP16,2048,7000,2048,58720256000,0.252109,0.249856,1.009016,1.0,True,pass,,5.808685515075922
1362,1393,DeepBench,cublas,FP32,2048,7000,2048,58720256000,4.94167,5.105203,0.967968,1.0,True,pass,,5.808685515075922
1362,1393,DeepBench,cublas,INT8,2048,7000,2048,58720256000,0.163686,0.170445,0.960348,1.0,True,pass,,5.808685515075922
1363,1394,DeepBench,cublas,FP16,4096,16,4096,536870912,0.032563,0.837274,0.038892,1.0,True,pass,,2.529382301494479
1363,1394,DeepBench,cublas,FP32,4096,16,4096,536870912,0.091648,0.251802,0.363969,1.0,True,pass,,2.529382301494479
1363,1394,DeepBench,cublas,INT8,4096,16,4096,536870912,0.057805,0.039731,1.454897,1.0,True,pass,,2.529382301494479
1364,1395,DeepBench,cublas,FP16,4096,32,4096,1073741824,0.034509,0.034406,1.002976,1.0,True,pass,,2.4805281441658735
1364,1395,DeepBench,cublas,FP32,4096,32,4096,1073741824,0.098714,0.278272,0.354738,1.0,True,pass,,2.4805281441658735
1364,1395,DeepBench,cublas,INT8,4096,32,4096,1073741824,0.022528,0.040346,0.558376,1.0,True,pass,,2.4805281441658735
1365,1396,DeepBench,cublas,FP16,4096,64,4096,2147483648,0.030669,0.047002,0.652505,1.0,True,pass,,2.2508595306426287
1365,1396,DeepBench,cublas,FP32,4096,64,4096,2147483648,0.157542,0.335462,0.469628,1.0,True,pass,,2.2508595306426287
1365,1396,DeepBench,cublas,INT8,4096,64,4096,2147483648,0.022272,0.047514,0.46875,1.0,True,pass,,2.2508595306426287
1366,1397,DeepBench,cublas,FP16,4096,128,4096,4294967296,0.037888,0.045978,0.824054,1.0,True,pass,,2.308373572304845
1366,1397,DeepBench,cublas,FP32,4096,128,4096,4294967296,0.261171,0.52608,0.496448,1.0,True,pass,,2.308373572304845
1366,1397,DeepBench,cublas,INT8,4096,128,4096,4294967296,0.033741,0.036045,0.93608,1.0,True,pass,,2.308373572304845
1367,1398,DeepBench,cublas,FP16,4096,7000,4096,234881024000,0.968704,0.939059,1.031569,1.0,True,pass,,10.970435412600636
1367,1398,DeepBench,cublas,FP32,4096,7000,4096,234881024000,12.532122,12.860826,0.974441,1.0,True,pass,,10.970435412600636
1367,1398,DeepBench,cublas,INT8,4096,7000,4096,234881024000,0.572211,0.535654,1.068247,1.0,True,pass,,10.970435412600636
1368,1399,DeepBench,cublas,FP16,5124,9124,1760,164564843520,1.175859,0.673229,1.746597,1.0,True,pass,,7.736393943428993
1368,1399,DeepBench,cublas,FP32,5124,9124,1760,164564843520,19.671911,26.272923,0.748752,1.0,True,pass,,7.736393943428993
1368,1399,DeepBench,cublas,INT8,5124,9124,1760,164564843520,1.083392,0.440013,2.462183,1.0,True,pass,,7.736393943428993
1369,1400,DeepBench,cublas,FP16,35,8457,1760,1041902400,0.080845,0.032461,2.490537,1.0,True,pass,,2.7257362343370914
1369,1400,DeepBench,cublas,FP32,35,8457,1760,1041902400,0.136806,0.196454,0.696377,1.0,True,pass,,2.7257362343370914
1369,1400,DeepBench,cublas,INT8,35,8457,1760,1041902400,,,,,False,missing,Running INT8...Error benchmarking size 35x8457x1760: std::exception,2.7257362343370914
1370,1401,DeepBench,cublas,FP16,5124,9124,2048,191493636096,1.190246,0.754995,1.576495,1.0,True,pass,,9.51640111207962
1370,1401,DeepBench,cublas,FP32,5124,9124,2048,191493636096,19.717321,19.758541,0.997914,1.0,True,pass,,9.51640111207962
1370,1401,DeepBench,cublas,INT8,5124,9124,2048,191493636096,1.02313,0.473446,2.161026,1.0,True,pass,,9.51640111207962
1371,1402,DeepBench,cublas,FP16,35,8457,2048,1212395520,0.084275,0.03543,2.378613,1.0,True,pass,,4.25589332357049
1371,1402,DeepBench,cublas,FP32,35,8457,2048,1212395520,0.152474,0.184627,0.825846,1.0,True,pass,,4.25589332357049
1371,1402,DeepBench,cublas,INT8,35,8457,2048,1212395520,,,,,False,missing,Running INT8...Error benchmarking size 35x8457x2048: std::exception,4.25589332357049
1372,1403,DeepBench,cublas,FP16,5124,9124,2560,239367045120,1.538765,0.944077,1.629915,1.0,True,pass,,9.807218482717872
1372,1403,DeepBench,cublas,FP32,5124,9124,2560,239367045120,13.142836,20.814693,0.631421,1.0,True,pass,,9.807218482717872
1372,1403,DeepBench,cublas,INT8,5124,9124,2560,239367045120,1.315635,0.560384,2.347738,1.0,True,pass,,9.807218482717872
1373,1404,DeepBench,cublas,FP16,35,8457,2560,1515494400,0.110387,0.046234,2.387597,1.0,True,pass,,3.617922715842724
1373,1404,DeepBench,cublas,FP32,35,8457,2560,1515494400,0.190003,0.293018,0.648436,1.0,True,pass,,3.617922715842724
1373,1404,DeepBench,cublas,INT8,35,8457,2560,1515494400,,,,,False,missing,Running INT8...Error benchmarking size 35x8457x2560: std::exception,3.617922715842724
1374,1405,DeepBench,cublas,FP16,5124,9124,4096,382987272192,2.249728,1.448704,1.552925,1.0,True,pass,,15.877916816622019
1374,1405,DeepBench,cublas,FP32,5124,9124,4096,382987272192,38.554008,38.971951,0.989276,1.0,True,pass,,15.877916816622019
1374,1405,DeepBench,cublas,INT8,5124,9124,4096,382987272192,1.942016,0.822169,2.362063,1.0,True,pass,,15.877916816622019
1375,1406,DeepBench,cublas,FP16,35,8457,4096,2424791040,0.145869,0.05417,2.692816,1.0,True,pass,,8.043825699016452
1375,1406,DeepBench,cublas,FP32,35,8457,4096,2424791040,0.285184,0.497203,0.573576,1.0,True,pass,,8.043825699016452
1375,1406,DeepBench,cublas,INT8,35,8457,4096,2424791040,,,,,False,missing,Running INT8...Error benchmarking size 35x8457x4096: std::exception,8.043825699016452
1376,1407,DeepBench,cublas,FP16,7680,16,2560,629145600,0.038349,0.035533,1.07925,1.0,True,pass,,2.7594867888838053
1376,1407,DeepBench,cublas,FP32,7680,16,2560,629145600,0.114176,0.223693,0.510414,1.0,True,pass,,2.7594867888838053
1376,1407,DeepBench,cublas,INT8,7680,16,2560,629145600,0.067482,0.02217,3.04388,1.0,True,pass,,2.7594867888838053
1377,1408,DeepBench,cublas,FP16,7680,32,2560,1258291200,0.038605,0.039885,0.967908,1.0,True,pass,,2.552949344739318
1377,1408,DeepBench,cublas,FP32,7680,32,2560,1258291200,0.11177,0.221542,0.504507,1.0,True,pass,,2.552949344739318
1377,1408,DeepBench,cublas,INT8,7680,32,2560,1258291200,0.022682,0.018227,1.244382,1.0,True,pass,,2.552949344739318
1378,1409,DeepBench,cublas,FP16,7680,64,2560,2516582400,0.050432,0.047616,1.05914,1.0,True,pass,,2.64433472417295
1378,1409,DeepBench,cublas,FP32,7680,64,2560,2516582400,0.166707,0.299725,0.556201,1.0,True,pass,,2.64433472417295
1378,1409,DeepBench,cublas,INT8,7680,64,2560,2516582400,0.028109,0.023245,1.209251,1.0,True,pass,,2.64433472417295
1379,1410,DeepBench,cublas,FP16,7680,128,2560,5033164800,0.048128,0.923238,0.05213,1.0,True,pass,,2.9816623106598854
1379,1410,DeepBench,cublas,FP32,7680,128,2560,5033164800,0.296755,0.476109,0.623293,1.0,True,pass,,2.9816623106598854
1379,1410,DeepBench,cublas,INT8,7680,128,2560,5033164800,0.034509,0.02816,1.225455,1.0,True,pass,,2.9816623106598854
1380,1411,DeepBench,cublas,FP16,3072,16,1024,100663296,0.013312,0.015002,0.887372,1.0,True,pass,,1.2177323140203953
1380,1411,DeepBench,cublas,FP32,3072,16,1024,100663296,0.029901,0.090368,0.330878,1.0,True,pass,,1.2177323140203953
1380,1411,DeepBench,cublas,INT8,3072,16,1024,100663296,0.021248,0.012749,1.666667,1.0,True,pass,,1.2177323140203953
1381,1412,DeepBench,cublas,FP16,3072,32,1024,201326592,0.013414,0.014797,0.906574,1.0,True,pass,,1.2235329076647758
1381,1412,DeepBench,cublas,FP32,3072,32,1024,201326592,0.029952,0.090061,0.332575,1.0,True,pass,,1.2235329076647758
1381,1412,DeepBench,cublas,INT8,3072,32,1024,201326592,0.011418,0.013158,0.867704,1.0,True,pass,,1.2235329076647758
1382,1413,DeepBench,cublas,FP16,3072,64,1024,402653184,0.013568,0.014592,0.929825,1.0,True,pass,,1.171007551252842
1382,1413,DeepBench,cublas,FP32,3072,64,1024,402653184,0.044698,0.094822,0.471382,1.0,True,pass,,1.171007551252842
1382,1413,DeepBench,cublas,INT8,3072,64,1024,402653184,0.011366,0.013414,0.847328,1.0,True,pass,,1.171007551252842
1383,1414,DeepBench,cublas,FP16,3072,128,1024,805306368,0.015053,0.015258,0.986577,1.0,True,pass,,1.299509359523654
1383,1414,DeepBench,cublas,FP32,3072,128,1024,805306368,0.071731,0.105472,0.680097,1.0,True,pass,,1.299509359523654
1383,1414,DeepBench,cublas,INT8,3072,128,1024,805306368,0.011776,0.013466,0.874525,1.0,True,pass,,1.299509359523654
1384,1415,DeepBench,cublas,FP16,512,8,500000,4096000000,0.328038,1.798605,0.182385,0.99999998,True,pass,,25.12522890791297
1384,1415,DeepBench,cublas,FP32,512,8,500000,4096000000,1.082675,56.165428,0.019277,1.0,True,pass,,25.12522890791297
1384,1415,DeepBench,cublas,INT8,512,8,500000,4096000000,2.715802,1.036237,2.620831,1.0,True,pass,,25.12522890791297
1385,1416,DeepBench,cublas,FP16,1024,8,500000,8192000000,0.627149,2.417511,0.259419,0.99999976,True,pass,,48.02212983183563
1385,1416,DeepBench,cublas,FP32,1024,8,500000,8192000000,2.370048,59.67329,0.039717,1.0,True,pass,,48.02212983183563
1385,1416,DeepBench,cublas,INT8,1024,8,500000,8192000000,2.782925,1.064499,2.614304,1.0,True,pass,,48.02212983183563
1386,1417,DeepBench,cublas,FP16,512,16,500000,8192000000,0.349798,1.733581,0.201778,0.99999999,True,pass,,26.37163054011762
1386,1417,DeepBench,cublas,FP32,512,16,500000,8192000000,1.08288,72.427933,0.014951,1.0,True,pass,,26.37163054011762
1386,1417,DeepBench,cublas,INT8,512,16,500000,8192000000,4.332237,2.675916,1.618973,1.0,True,pass,,26.37163054011762
1387,1418,DeepBench,cublas,FP16,1024,16,500000,16384000000,0.669542,0.718541,0.931808,0.99999971,True,pass,,49.3766322452575
1387,1418,DeepBench,cublas,FP32,1024,16,500000,16384000000,3.893504,101.196335,0.038475,1.0,True,pass,,49.3766322452575
1387,1418,DeepBench,cublas,INT8,1024,16,500000,16384000000,2.780825,1.069824,2.599329,1.0,True,pass,,49.3766322452575
1388,1419,DeepBench,cublas,FP16,7680,24000,2560,943718400000,4.07465,4.391373,0.927876,1.0,True,pass,,39.714871905744076
1388,1419,DeepBench,cublas,FP32,7680,24000,2560,943718400000,49.65023,85.09127,0.583494,1.0,True,pass,,39.714871905744076
1388,1419,DeepBench,cublas,INT8,7680,24000,2560,943718400000,4.077977,2.829875,1.441045,1.0,True,pass,,39.714871905744076
1389,1420,DeepBench,cublas,FP16,6144,24000,2048,603979776000,2.541005,2.688973,0.944972,1.0,True,pass,,34.17361106351018
1389,1420,DeepBench,cublas,FP32,6144,24000,2048,603979776000,31.699301,33.064342,0.958716,1.0,True,pass,,34.17361106351018
1389,1420,DeepBench,cublas,INT8,6144,24000,2048,603979776000,1.614797,1.506355,1.071989,1.0,True,pass,,34.17361106351018
1390,1421,DeepBench,cublas,FP16,4608,24000,1536,339738624000,1.391821,1.355417,1.026858,1.0,True,pass,,21.922975750640035
1390,1421,DeepBench,cublas,FP32,4608,24000,1536,339738624000,31.875229,32.923954,0.968147,1.0,True,pass,,21.922975750640035
1390,1421,DeepBench,cublas,INT8,4608,24000,1536,339738624000,0.941517,0.887859,1.060435,1.0,True,pass,,21.922975750640035
1391,1422,DeepBench,cublas,FP16,8448,24000,2816,1141899264000,5.011148,5.141811,0.974588,1.0,True,pass,,34.26364224217832
1391,1422,DeepBench,cublas,FP32,8448,24000,2816,1141899264000,60.363167,98.302567,0.614055,1.0,True,pass,,34.26364224217832
1391,1422,DeepBench,cublas,INT8,8448,24000,2816,1141899264000,5.182157,2.966938,1.746635,1.0,True,pass,,34.26364224217832
1392,1423,DeepBench,cublas,FP16,3072,24000,1024,150994944000,0.591923,0.643789,0.919437,1.0,True,pass,,15.994274243712425
1392,1423,DeepBench,cublas,FP32,3072,24000,1024,150994944000,13.340518,20.522495,0.650044,1.0,True,pass,,15.994274243712425
1392,1423,DeepBench,cublas,INT8,3072,24000,1024,150994944000,0.461568,0.428442,1.077318,1.0,True,pass,,15.994274243712425
1393,1424,DeepBench,cublas,FP16,7680,48000,2560,1887436800000,12.638567,12.752231,0.991087,1.0,True,pass,,80.8230134230107
1393,1424,DeepBench,cublas,FP32,7680,48000,2560,1887436800000,98.615089,161.675873,0.609956,1.0,True,pass,,80.8230134230107
1393,1424,DeepBench,cublas,INT8,7680,48000,2560,1887436800000,8.346112,6.56087,1.272105,1.0,True,pass,,80.8230134230107
1394,1425,DeepBench,cublas,FP16,6144,48000,2048,1207959552000,5.410816,5.813094,0.930798,1.0,True,pass,,70.0780847221613
1394,1425,DeepBench,cublas,FP32,6144,48000,2048,1207959552000,117.198692,119.923096,0.977282,1.0,True,pass,,70.0780847221613
1394,1425,DeepBench,cublas,INT8,6144,48000,2048,1207959552000,3.420262,3.129088,1.093054,1.0,True,pass,,70.0780847221613
1395,1426,DeepBench,cublas,FP16,4608,48000,1536,679477248000,2.95721,3.211059,0.920945,1.0,True,pass,,45.56786569394171
1395,1426,DeepBench,cublas,FP32,4608,48000,1536,679477248000,35.585381,36.851555,0.965641,1.0,True,pass,,45.56786569394171
1395,1426,DeepBench,cublas,INT8,4608,48000,1536,679477248000,1.845965,1.672704,1.103581,1.0,True,pass,,45.56786569394171
1396,1427,DeepBench,cublas,FP16,8448,48000,2816,2283798528000,10.283877,9.9584,1.032684,1.0,True,pass,,83.07244829274714
1396,1427,DeepBench,cublas,FP32,8448,48000,2816,2283798528000,223.112152,340.663635,0.654934,1.0,True,pass,,83.07244829274714
1396,1427,DeepBench,cublas,INT8,8448,48000,2816,2283798528000,6.507418,5.511783,1.180638,1.0,True,pass,,83.07244829274714
1397,1428,DeepBench,cublas,FP16,3072,48000,1024,301989888000,1.163418,1.289933,0.901921,1.0,True,pass,,32.0136976223439
1397,1428,DeepBench,cublas,FP32,3072,48000,1024,301989888000,28.628428,39.490204,0.72495,1.0,True,pass,,32.0136976223439
1397,1428,DeepBench,cublas,INT8,3072,48000,1024,301989888000,0.899943,0.892672,1.008145,1.0,True,pass,,32.0136976223439
1398,1429,DeepBench,cublas,FP16,6144,16,2048,402653184,0.020122,0.02432,0.827368,1.0,True,pass,,1.821053134277463
1398,1429,DeepBench,cublas,FP32,6144,16,2048,402653184,0.197069,0.17111,1.151706,1.0,True,pass,,1.821053134277463
1398,1429,DeepBench,cublas,INT8,6144,16,2048,402653184,0.041216,0.017869,2.30659,1.0,True,pass,,1.821053134277463
1399,1430,DeepBench,cublas,FP16,4608,16,1536,226492416,0.016384,0.01961,0.835509,1.0,True,pass,,1.3304030001163483
1399,1430,DeepBench,cublas,FP32,4608,16,1536,226492416,0.046643,0.067072,0.69542,1.0,True,pass,,1.3304030001163483
1399,1430,DeepBench,cublas,INT8,4608,16,1536,226492416,0.029952,0.015155,1.976351,1.0,True,pass,,1.3304030001163483
1400,1431,DeepBench,cublas,FP16,8448,16,2816,761266176,0.043725,0.044544,0.981609,1.0,True,pass,,2.819358656182885
1400,1431,DeepBench,cublas,FP32,8448,16,2816,761266176,0.124467,0.248678,0.500515,1.0,True,pass,,2.819358656182885
1400,1431,DeepBench,cublas,INT8,8448,16,2816,761266176,0.073779,0.02048,3.602499,1.0,True,pass,,2.819358656182885
1401,1432,DeepBench,cublas,FP16,6144,32,2048,805306368,0.023962,0.027597,0.868275,1.0,True,pass,,1.8366876300424337
1401,1432,DeepBench,cublas,FP32,6144,32,2048,805306368,0.079514,0.137267,0.579261,1.0,True,pass,,1.8366876300424337
1401,1432,DeepBench,cublas,INT8,6144,32,2048,805306368,0.016333,0.01833,0.891062,1.0,True,pass,,1.8366876300424337
1402,1433,DeepBench,cublas,FP16,4608,32,1536,452984832,0.016896,0.020736,0.814815,1.0,True,pass,,1.367138059809804
1402,1433,DeepBench,cublas,FP32,4608,32,1536,452984832,0.051149,0.132813,0.385119,1.0,True,pass,,1.367138059809804
1402,1433,DeepBench,cublas,INT8,4608,32,1536,452984832,0.014797,0.015718,0.941368,1.0,True,pass,,1.367138059809804
1403,1434,DeepBench,cublas,FP16,8448,32,2816,1522532352,0.043469,0.050534,0.860182,1.0,True,pass,,2.782058399170637
1403,1434,DeepBench,cublas,FP32,8448,32,2816,1522532352,0.126874,0.249805,0.507891,1.0,True,pass,,2.782058399170637
1403,1434,DeepBench,cublas,INT8,8448,32,2816,1522532352,0.025242,0.020685,1.220297,1.0,True,pass,,2.782058399170637
1404,1435,DeepBench,cublas,FP16,512,24000,2816,69206016000,0.307251,0.421888,0.728277,1.0,True,pass,,11.427409010007977
1404,1435,DeepBench,cublas,FP32,512,24000,2816,69206016000,5.448601,9.074074,0.600458,1.0,True,pass,,11.427409010007977
1404,1435,DeepBench,cublas,INT8,512,24000,2816,69206016000,0.207411,0.171008,1.212874,1.0,True,pass,,11.427409010007977
1405,1436,DeepBench,cublas,FP16,512,24000,2048,50331648000,0.19712,0.285645,0.690088,1.0,True,pass,,13.358271770179272
1405,1436,DeepBench,cublas,FP32,512,24000,2048,50331648000,4.562483,4.452352,1.024736,1.0,True,pass,,13.358271770179272
1405,1436,DeepBench,cublas,INT8,512,24000,2048,50331648000,0.1408,0.145459,0.967969,1.0,True,pass,,13.358271770179272
1406,1437,DeepBench,cublas,FP16,512,24000,2560,62914560000,0.246374,0.366285,0.672631,1.0,True,pass,,12.585151571780443
1406,1437,DeepBench,cublas,FP32,512,24000,2560,62914560000,3.357338,5.025434,0.668069,1.0,True,pass,,12.585151571780443
1406,1437,DeepBench,cublas,INT8,512,24000,2560,62914560000,0.171827,0.15785,1.08855,1.0,True,pass,,12.585151571780443
1407,1438,DeepBench,cublas,FP16,512,24000,1530,37601280000,0.351488,0.314778,1.116623,1.0,True,pass,,6.095537327229977
1407,1438,DeepBench,cublas,FP32,512,24000,1530,37601280000,2.025114,2.085581,0.971007,1.0,True,pass,,6.095537327229977
1407,1438,DeepBench,cublas,INT8,512,24000,1530,37601280000,0.010906,0.329933,0.033054,0.0,False,incorrect,Cosine similarity threshold failed,6.095537327229977
1408,1439,DeepBench,cublas,FP16,1024,24000,2816,138412032000,0.509798,0.516915,0.986232,1.0,True,pass,,14.277450405061245
1408,1439,DeepBench,cublas,FP32,1024,24000,2816,138412032000,12.948018,19.778919,0.654637,1.0,True,pass,,14.277450405061245
1408,1439,DeepBench,cublas,INT8,1024,24000,2816,138412032000,0.373555,0.313344,1.192157,1.0,True,pass,,14.277450405061245
1409,1440,DeepBench,cublas,FP16,1024,24000,2048,100663296000,0.373965,0.390195,0.958404,1.0,True,pass,,15.459327531978488
1409,1440,DeepBench,cublas,FP32,1024,24000,2048,100663296000,5.330995,5.495398,0.970084,1.0,True,pass,,15.459327531978488
1409,1440,DeepBench,cublas,INT8,1024,24000,2048,100663296000,0.269926,0.246682,1.09423,1.0,True,pass,,15.459327531978488
1410,1441,DeepBench,cublas,FP16,1024,24000,2560,125829120000,0.461978,0.479283,0.963893,1.0,True,pass,,14.262882523238659
1410,1441,DeepBench,cublas,FP32,1024,24000,2560,125829120000,6.654874,10.94528,0.608013,1.0,True,pass,,14.262882523238659
1410,1441,DeepBench,cublas,INT8,1024,24000,2560,125829120000,0.325632,0.290253,1.121891,1.0,True,pass,,14.262882523238659
1411,1442,DeepBench,cublas,FP16,1024,24000,1530,75202560000,0.588237,0.533862,1.101851,1.0,True,pass,,7.969003988429904
1411,1442,DeepBench,cublas,FP32,1024,24000,1530,75202560000,4.015309,4.1344,0.971195,1.0,True,pass,,7.969003988429904
1411,1442,DeepBench,cublas,INT8,1024,24000,1530,75202560000,0.01065,0.625766,0.017018,0.0,False,incorrect,Cosine similarity threshold failed,7.969003988429904
1412,1443,DeepBench,cublas,FP16,512,16,512,8388608,0.012544,0.013312,0.942308,1.0,True,pass,,0.7418027594685555
1412,1443,DeepBench,cublas,FP32,512,16,512,8388608,0.017613,0.020326,0.866499,1.0,True,pass,,0.7418027594685555
1412,1443,DeepBench,cublas,INT8,512,16,512,8388608,0.011213,0.010803,1.037915,1.0,True,pass,,0.7418027594685555
1413,1444,DeepBench,cublas,FP16,1024,16,512,16777216,0.011469,0.013517,0.848485,1.0,True,pass,,0.7540980279445648
1413,1444,DeepBench,cublas,FP32,1024,16,512,16777216,0.018483,0.02048,0.9025,1.0,True,pass,,0.7540980279445648
1413,1444,DeepBench,cublas,INT8,1024,16,512,16777216,0.011827,0.010803,1.094787,1.0,True,pass,,0.7540980279445648
1414,1445,DeepBench,cublas,FP16,512,48000,2816,138412032000,0.518093,0.527411,0.982332,1.0,True,pass,,28.80285600014031
1414,1445,DeepBench,cublas,FP32,512,48000,2816,138412032000,12.719717,20.004095,0.635856,1.0,True,pass,,28.80285600014031
1414,1445,DeepBench,cublas,INT8,512,48000,2816,138412032000,0.382976,0.312064,1.227235,1.0,True,pass,,28.80285600014031
1415,1446,DeepBench,cublas,FP16,512,48000,2048,100663296000,0.383078,0.40105,0.95519,1.0,True,pass,,27.193807860836387
1415,1446,DeepBench,cublas,FP32,512,48000,2048,100663296000,5.333607,5.495245,0.970586,1.0,True,pass,,27.193807860836387
1415,1446,DeepBench,cublas,INT8,512,48000,2048,100663296000,0.273101,0.247194,1.104805,1.0,True,pass,,27.193807860836387
1416,1447,DeepBench,cublas,FP16,512,48000,2560,125829120000,0.475034,0.47913,0.991451,1.0,True,pass,,29.728510389104486
1416,1447,DeepBench,cublas,FP32,512,48000,2560,125829120000,11.896781,17.523609,0.6789,1.0,True,pass,,29.728510389104486
1416,1447,DeepBench,cublas,INT8,512,48000,2560,125829120000,0.329574,0.289434,1.138688,1.0,True,pass,,29.728510389104486
1417,1448,DeepBench,cublas,FP16,512,48000,1530,75202560000,0.62039,0.55209,1.123713,1.0,True,pass,,12.547591283917427
1417,1448,DeepBench,cublas,FP32,512,48000,1530,75202560000,4.021708,4.143104,0.970699,1.0,True,pass,,12.547591283917427
1417,1448,DeepBench,cublas,INT8,512,48000,1530,75202560000,0.010906,0.632166,0.017251,0.0,False,incorrect,Cosine similarity threshold failed,12.547591283917427
1418,1449,DeepBench,cublas,FP16,1024,48000,2816,276824064000,0.993075,1.08759,0.913097,1.0,True,pass,,31.95052906498313
1418,1449,DeepBench,cublas,FP32,1024,48000,2816,276824064000,26.811392,39.618462,0.67674,1.0,True,pass,,31.95052906498313
1418,1449,DeepBench,cublas,INT8,1024,48000,2816,276824064000,0.715776,0.604723,1.183642,1.0,True,pass,,31.95052906498313
1419,1450,DeepBench,cublas,FP16,1024,48000,2048,201326592000,0.736563,0.792883,0.928968,1.0,True,pass,,30.83833124488592
1419,1450,DeepBench,cublas,FP32,1024,48000,2048,201326592000,10.633574,10.956134,0.970559,1.0,True,pass,,30.83833124488592
1419,1450,DeepBench,cublas,INT8,1024,48000,2048,201326592000,0.519629,0.473037,1.098496,1.0,True,pass,,30.83833124488592
1420,1451,DeepBench,cublas,FP16,1024,48000,2560,251658240000,0.908902,0.981965,0.925596,1.0,True,pass,,34.08984963968396
1420,1451,DeepBench,cublas,FP32,1024,48000,2560,251658240000,24.062923,36.252312,0.663762,1.0,True,pass,,34.08984963968396
1420,1451,DeepBench,cublas,INT8,1024,48000,2560,251658240000,0.627354,0.557056,1.126195,1.0,True,pass,,34.08984963968396
1421,1452,DeepBench,cublas,FP16,1024,48000,1530,150405120000,1.161318,1.058713,1.096915,1.0,True,pass,,16.849232794716954
1421,1452,DeepBench,cublas,FP32,1024,48000,1530,150405120000,7.993804,8.225023,0.971888,1.0,True,pass,,16.849232794716954
1421,1452,DeepBench,cublas,INT8,1024,48000,1530,150405120000,0.010803,1.235558,0.008744,0.0,False,incorrect,Cosine similarity threshold failed,16.849232794716954
1422,1453,DeepBench,cublas,FP16,512,32,512,16777216,0.011418,0.01321,0.864341,1.0,True,pass,,0.8254080675542355
1422,1453,DeepBench,cublas,FP32,512,32,512,16777216,0.016998,0.020634,0.823821,1.0,True,pass,,0.8254080675542355
1422,1453,DeepBench,cublas,INT8,512,32,512,16777216,0.01152,0.01111,1.036866,1.0,True,pass,,0.8254080675542355
1423,1454,DeepBench,cublas,FP16,1024,32,512,33554432,0.012544,0.014131,0.887681,1.0,True,pass,,1.0271592643111944
1423,1454,DeepBench,cublas,FP32,1024,32,512,33554432,0.019251,0.021146,0.910412,1.0,True,pass,,1.0271592643111944
1423,1454,DeepBench,cublas,INT8,1024,32,512,33554432,0.01193,0.01111,1.073733,1.0,True,pass,,1.0271592643111944
1424,1455,DeepBench,cublas,FP16,1024,1536,1024,3221225472,0.028262,0.026522,1.065637,1.0,True,pass,,1.721927473321557
1424,1455,DeepBench,cublas,FP32,1024,1536,1024,3221225472,0.216576,0.287437,0.753473,1.0,True,pass,,1.721927473321557
1424,1455,DeepBench,cublas,INT8,1024,1536,1024,3221225472,0.028314,0.02176,1.301177,1.0,True,pass,,1.721927473321557
1425,1456,DeepBench,cublas,FP16,4096,1536,1024,12884901888,0.064922,0.068045,0.954101,1.0,True,pass,,2.034754291176796
1425,1456,DeepBench,cublas,FP32,4096,1536,1024,12884901888,0.777933,0.899686,0.864671,1.0,True,pass,,2.034754291176796
1425,1456,DeepBench,cublas,INT8,4096,1536,1024,12884901888,0.053709,0.052992,1.013527,1.0,True,pass,,2.034754291176796
1426,1457,DeepBench,cublas,FP16,1024,1536,4096,12884901888,0.060723,0.061491,0.98751,1.0,True,pass,,2.1713979803025723
1426,1457,DeepBench,cublas,FP32,1024,1536,4096,12884901888,0.722995,0.876237,0.825114,1.0,True,pass,,2.1713979803025723
1426,1457,DeepBench,cublas,INT8,1024,1536,4096,12884901888,0.057344,0.060826,0.942761,1.0,True,pass,,2.1713979803025723
1427,1458,DeepBench,cublas,FP16,1024,4,1024,8388608,0.012339,0.010189,1.211055,1.0,True,pass,,1.0557160470634699
1427,1458,DeepBench,cublas,FP32,1024,4,1024,8388608,0.019149,0.095539,0.200429,1.0,True,pass,,1.0557160470634699
1427,1458,DeepBench,cublas,INT8,1024,4,1024,8388608,0.012032,0.012493,0.963115,1.0,True,pass,,1.0557160470634699
1428,1459,DeepBench,cublas,FP16,2,1536,1024,6291456,0.01408,0.010854,1.29717,1.0,True,pass,,1.327640574425459
1428,1459,DeepBench,cublas,FP32,2,1536,1024,6291456,0.022784,0.074086,0.307533,1.0,True,pass,,1.327640574425459
1428,1459,DeepBench,cublas,INT8,2,1536,1024,6291456,,,,,False,missing,Running INT8...Error benchmarking size 2x1536x1024: std::exception,1.327640574425459
1429,1460,DeepBench,cublas,FP16,1024,384,1024,805306368,0.014592,0.014592,1.0,1.0,True,pass,,1.1385315749794245
1429,1460,DeepBench,cublas,FP32,1024,384,1024,805306368,0.068915,0.101786,0.677063,1.0,True,pass,,1.1385315749794245
1429,1460,DeepBench,cublas,INT8,1024,384,1024,805306368,0.011622,0.013466,0.863118,1.0,True,pass,,1.1385315749794245
1430,1461,DeepBench,cublas,FP16,4096,384,1024,3221225472,0.023501,0.028109,0.836066,1.0,True,pass,,1.4758001305162907
1430,1461,DeepBench,cublas,FP32,4096,384,1024,3221225472,0.205875,0.269414,0.764158,1.0,True,pass,,1.4758001305162907
1430,1461,DeepBench,cublas,INT8,4096,384,1024,3221225472,0.025088,0.019763,1.26943,1.0,True,pass,,1.4758001305162907
1431,1462,DeepBench,cublas,FP16,1024,384,4096,3221225472,0.028979,0.03072,0.943333,1.0,True,pass,,1.5835324916988611
1431,1462,DeepBench,cublas,FP32,1024,384,4096,3221225472,0.207565,0.35072,0.591825,1.0,True,pass,,1.5835324916988611
1431,1462,DeepBench,cublas,INT8,1024,384,4096,3221225472,0.020787,0.040653,0.511335,1.0,True,pass,,1.5835324916988611
1432,1463,DeepBench,cublas,FP16,1024,1,1024,2097152,0.010496,0.010189,1.030151,1.0,True,pass,,1.096567079424858
1432,1463,DeepBench,cublas,FP32,1024,1,1024,2097152,0.009984,0.100045,0.099795,1.0,True,pass,,1.096567079424858
1432,1463,DeepBench,cublas,INT8,1024,1,1024,2097152,0.011674,0.012646,0.923077,1.0,True,pass,,1.096567079424858
1433,1464,DeepBench,cublas,FP16,2,384,1024,1572864,0.014797,0.010547,1.402912,1.0,True,pass,,1.184900414198637
1433,1464,DeepBench,cublas,FP32,2,384,1024,1572864,0.037274,0.070502,0.528686,1.0,True,pass,,1.184900414198637
1433,1464,DeepBench,cublas,INT8,2,384,1024,1572864,,,,,False,missing,Running INT8...Error benchmarking size 2x384x1024: std::exception,1.184900414198637
1,0,Real-World,cutlass-default,FP16,1,1,1,2,0.007219,0.004147,1.740741,,True,pass,,0.5137350987643003
2,1,Real-World,cutlass-default,FP16,1,1,3,6,0.007322,0.003994,1.833333,,True,pass,,0.4830661229789257
3,2,Real-World,cutlass-default,FP16,2,2,2,16,0.007322,0.003994,1.833333,,True,pass,,0.4235939793288708
4,3,Real-World,cutlass-default,FP16,2,2,4,32,0.007168,0.004045,1.772152,,True,pass,,0.4628166016191244
5,4,Real-World,cutlass-default,FP16,2,4,4,64,0.007219,0.004198,1.719512,,True,pass,,0.4824154954403639
6,5,Real-World,cutlass-default,FP16,1,1,24,48,0.010291,0.004045,2.544304,,True,pass,,0.48779554292559624
7,6,Real-World,cutlass-default,FP16,1,1,25,50,0.011674,0.003891,3.0,,True,pass,,0.4213108289986849
8,7,Real-World,cutlass-default,FP16,1,1,48,96,0.014848,0.003994,3.717949,,True,pass,,0.47741130739450455
9,8,Real-World,cutlass-default,FP16,1,1,96,192,0.023859,0.004608,5.177778,,True,pass,,0.4802639801055193
10,9,Real-World,cutlass-default,FP16,1,1,128,256,0.030054,0.004659,6.450549,,True,pass,,0.44275528378784657
11,10,Real-World,cutlass-default,FP16,53,4,1,424,0.007219,0.004096,1.7625,,True,pass,,0.41874307207763195
12,11,Real-World,cutlass-default,FP16,20,1,16,640,0.008704,0.004045,2.151899,,True,pass,,0.4901773761957884
13,12,Real-World,cutlass-default,FP16,1,1,192,384,0.042138,0.005171,8.148515,,True,pass,,0.5003117490559816
14,13,Real-World,cutlass-default,FP16,27,10,4,2160,0.007373,0.004045,1.822785,,True,pass,,0.5154992118477821
15,14,Real-World,cutlass-default,FP16,109,1,4,872,0.007168,0.005171,1.386139,,True,pass,,0.3434468414634466
16,15,Real-World,cutlass-default,FP16,93,5,2,1860,0.007219,0.005171,1.39604,,True,pass,,0.30545851960778236
17,16,Real-World,cutlass-default,FP16,32,4,16,4096,0.008806,0.007936,1.109677,,True,pass,,0.30816299095749855
18,17,Real-World,cutlass-default,FP16,184,1,3,1104,0.007168,0.004045,1.772152,,True,pass,,0.31778148375451565
19,18,Real-World,cutlass-default,FP16,16,16,16,8192,0.008653,0.00809,1.06962,,True,pass,,0.3486085906624794
20,19,Real-World,cutlass-default,FP16,1,1,384,768,0.078643,0.00809,9.72152,,True,pass,,0.339384775608778
21,20,Real-World,cutlass-default,FP16,58,2,12,2784,0.008602,0.005171,1.663366,,True,pass,,0.34351177141070366
22,21,Real-World,cutlass-default,FP16,16,32,16,16384,0.008755,0.007987,1.096154,,True,pass,,0.31136954575777054
23,22,Real-World,cutlass-default,FP16,16,16,32,16384,0.011827,0.00809,1.462025,,True,pass,,0.318012997508049
24,23,Real-World,cutlass-default,FP16,32,16,16,16384,0.008755,0.007885,1.11039,,True,pass,,0.3080571535974741
25,24,Real-World,cutlass-default,FP16,1,25,50,2500,0.016282,0.004915,3.3125,,True,pass,,0.3204926364123821
26,25,Real-World,cutlass-default,FP16,16,4,64,8192,0.017766,0.008704,2.041176,,True,pass,,0.3252273444086313
27,26,Real-World,cutlass-default,FP16,16,64,4,8192,0.007168,0.005222,1.372549,,True,pass,,0.31419361755251884
28,27,Real-World,cutlass-default,FP16,68,10,10,13600,0.008704,0.004864,1.789474,,True,pass,,0.3157871961593628
29,28,Real-World,cutlass-default,FP16,1,1,768,1536,0.151296,0.008499,17.801205,,True,pass,,0.32328002341091633
30,29,Real-World,cutlass-default,FP16,1,5,256,2560,0.054221,0.009626,5.632979,,True,pass,,0.3230201993137598
31,30,Real-World,cutlass-default,FP16,24,2,64,6144,0.017766,0.007987,2.224359,,True,pass,,0.32304351031780243
32,31,Real-World,cutlass-default,FP16,5,1,300,3000,0.063437,0.006554,9.679688,,True,pass,,0.3248359002172947
33,32,Real-World,cutlass-default,FP16,28,16,32,28672,0.011776,0.009267,1.270718,,True,pass,,0.3208418935537338
34,33,Real-World,cutlass-default,FP16,68,16,10,21760,0.008806,0.004813,1.829787,,True,pass,,0.3649578858166933
35,34,Real-World,cutlass-default,FP16,32,16,32,32768,0.011776,0.008141,1.446541,,True,pass,,0.3223743177950382
36,35,Real-World,cutlass-default,FP16,16,64,16,32768,0.008806,0.010752,0.819048,,True,pass,,0.31950251944363117
37,36,Real-World,cutlass-default,FP16,16,16,64,32768,0.017818,0.00809,2.202532,,True,pass,,0.3160837460309267
38,37,Real-World,cutlass-default,FP16,179,3,10,10740,0.008755,0.004915,1.78125,,True,pass,,0.3232981748878956
39,38,Real-World,cutlass-default,FP16,134,16,2,8576,0.007219,0.004864,1.48421,,True,pass,,0.3275041077286005
40,39,Real-World,cutlass-default,FP16,122,1,20,4880,0.010394,0.005274,1.970874,,True,pass,,0.3517337143421173
41,40,Real-World,cutlass-default,FP16,142,2,16,9088,0.008858,0.008141,1.08805,,True,pass,,0.32876134291291237
42,41,Real-World,cutlass-default,FP16,1,27,96,5184,0.023962,0.010035,2.387755,,True,pass,,0.3149140775203705
43,42,Real-World,cutlass-default,FP16,1,96,27,5184,0.01193,0.004147,2.876543,,True,pass,,0.3150430042296648
44,43,Real-World,cutlass-default,FP16,66,1,40,5280,0.013517,0.008346,1.619632,,True,pass,,0.3096559774130583
45,44,Real-World,cutlass-default,FP16,16,16,80,40960,0.020838,0.008397,2.481707,,True,pass,,0.4008080754429102
46,45,Real-World,cutlass-default,FP16,1,1,1536,3072,0.296755,0.009574,30.994652,,True,pass,,0.3485085517168045
47,46,Real-World,cutlass-default,FP16,1,1536,1,3072,0.00727,0.004301,1.690476,,True,pass,,0.32962373830378056
48,47,Real-World,cutlass-default,FP16,65,12,30,46800,0.011878,0.004864,2.442105,,True,pass,,0.3268466591835022
49,48,Real-World,cutlass-default,FP16,8,312,2,9984,0.007322,0.004813,1.521277,,True,pass,,0.3091645631939173
50,49,Real-World,cutlass-default,FP16,159,10,10,31800,0.008704,0.004813,1.808511,,True,pass,,0.32176803424954414
51,50,Real-World,cutlass-default,FP16,94,4,30,22560,0.011827,0.004762,2.483871,,True,pass,,0.3280324637889862
52,51,Real-World,cutlass-default,FP16,16,16,96,49152,0.024115,0.008192,2.94375,,True,pass,,0.3432589303702116
53,52,Real-World,cutlass-default,FP16,87,24,12,50112,0.008755,0.00512,1.71,,True,pass,,0.3267561923712492
54,53,Real-World,cutlass-default,FP16,1,864,3,5184,0.007322,0.004403,1.662791,,True,pass,,0.3257877081632614
55,54,Real-World,cutlass-default,FP16,1,3,864,5184,0.169626,0.008346,20.325153,,True,pass,,0.32512884587049484
56,55,Real-World,cutlass-default,FP16,32,64,16,65536,0.008704,0.00855,1.017964,,True,pass,,0.32056172750890255
57,56,Real-World,cutlass-default,FP16,32,16,64,65536,0.017766,0.008038,2.210191,,True,pass,,0.3249181229621172
58,57,Real-World,cutlass-default,FP16,16,32,64,65536,0.017869,0.008294,2.154321,,True,pass,,0.32197799533605576
59,58,Real-World,cutlass-default,FP16,112,16,16,57344,0.008755,0.007987,1.096154,,True,pass,,0.3175353407859802
60,59,Real-World,cutlass-default,FP16,1,50,75,7500,0.02089,0.004557,4.58427,,True,pass,,0.3230104874819517
61,60,Real-World,cutlass-default,FP16,100,12,24,57600,0.01024,0.008141,1.257862,,True,pass,,0.31034354493021965
62,61,Real-World,cutlass-default,FP16,196,4,16,25088,0.008653,0.008346,1.03681,,True,pass,,0.31473039649426937
63,62,Real-World,cutlass-default,FP16,112,32,4,28672,0.007219,0.00512,1.41,,True,pass,,0.32629359513521194
64,63,Real-World,cutlass-default,FP16,24,96,16,73728,0.008858,0.008038,1.101911,,True,pass,,0.3061751313507557
65,64,Real-World,cutlass-default,FP16,81,50,2,16200,0.007373,0.005018,1.469388,,True,pass,,0.3176213465631008
66,65,Real-World,cutlass-default,FP16,16,16,128,65536,0.030157,0.008448,3.569697,,True,pass,,0.33545563742518425
67,66,Real-World,cutlass-default,FP16,16,128,16,65536,0.008653,0.007885,1.097403,,True,pass,,0.30431826040148735
68,67,Real-World,cutlass-default,FP16,128,16,16,65536,0.008755,0.007936,1.103226,,True,pass,,0.3166205622255802
69,68,Real-World,cutlass-default,FP16,33,128,1,8448,0.00727,0.00425,1.710843,,True,pass,,0.31207226775586605
70,69,Real-World,cutlass-default,FP16,184,8,16,47104,0.008806,0.008192,1.075,,True,pass,,0.3063444718718529
71,70,Real-World,cutlass-default,FP16,32,3,128,24576,0.029952,0.008243,3.63354,,True,pass,,0.3535013161599636
72,71,Real-World,cutlass-default,FP16,141,8,24,54144,0.01024,0.007936,1.290323,,True,pass,,0.32805403135716915
73,72,Real-World,cutlass-default,FP16,87,3,50,26100,0.016333,0.006349,2.572581,,True,pass,,0.3321500401943922
74,73,Real-World,cutlass-default,FP16,1,192,24,9216,0.010138,0.008038,1.261146,,True,pass,,0.32807885110378265
75,74,Real-World,cutlass-default,FP16,1,24,192,9216,0.042086,0.010035,4.193878,,True,pass,,0.34691925905644894
76,75,Real-World,cutlass-default,FP16,144,16,16,73728,0.008704,0.00809,1.075949,,True,pass,,0.3438910450786352
77,76,Real-World,cutlass-default,FP16,134,10,25,67000,0.01193,0.00425,2.807229,,True,pass,,0.4161817952990532
78,77,Real-World,cutlass-default,FP16,32,32,64,131072,0.017869,0.008243,2.167702,,True,pass,,0.3380829691886902
79,78,Real-World,cutlass-default,FP16,155,16,16,79360,0.008755,0.00855,1.023952,,True,pass,,0.3200134430080652
80,79,Real-World,cutlass-default,FP16,1,100,51,10200,0.016486,0.004147,3.975309,,True,pass,,0.3348856158554554
81,80,Real-World,cutlass-default,FP16,64,10,64,81920,0.017869,0.008038,2.22293,,True,pass,,0.32214798778295517
82,81,Real-World,cutlass-default,FP16,162,1,32,10368,0.011827,0.008397,1.408537,,True,pass,,0.32685210555791855
83,82,Real-World,cutlass-default,FP16,85,32,23,125120,0.010394,0.00425,2.445783,,True,pass,,0.4519776180386543
84,83,Real-World,cutlass-default,FP16,32,9,128,73728,0.029952,0.008448,3.545454,,True,pass,,0.4312537722289562
85,84,Real-World,cutlass-default,FP16,154,4,32,39424,0.012851,0.004454,2.885057,,True,pass,,0.5717521887272596
86,85,Real-World,cutlass-default,FP16,32,10,128,81920,0.032819,0.005069,6.474748,,True,pass,,0.546959025785327
87,86,Real-World,cutlass-default,FP16,196,5,24,47040,0.01024,0.004096,2.5,,True,pass,,0.4671593364328146
88,87,Real-World,cutlass-default,FP16,176,16,16,90112,0.008806,0.004147,2.123457,,True,pass,,0.471433125436306
89,88,Real-World,cutlass-default,FP16,112,16,32,114688,0.01193,0.004198,2.841463,,True,pass,,0.5106086600571871
90,89,Real-World,cutlass-default,FP16,20,10,192,76800,0.042138,0.005376,7.838095,,True,pass,,0.41325576044619083
91,90,Real-World,cutlass-default,FP16,77,8,64,78848,0.01792,0.004147,4.320988,,True,pass,,0.42344749718904495
92,91,Real-World,cutlass-default,FP16,16,64,64,131072,0.017869,0.004198,4.256098,,True,pass,,0.42986362241208553
93,92,Real-World,cutlass-default,FP16,64,64,16,131072,0.008755,0.004352,2.011765,,True,pass,,0.4460309408605099
94,93,Real-World,cutlass-default,FP16,35,16,112,125440,0.027187,0.004915,5.53125,,True,pass,,0.4159381464123726
95,94,Real-World,cutlass-default,FP16,29,64,48,178176,0.01495,0.004147,3.604938,,True,pass,,0.41571286506950855
96,95,Real-World,cutlass-default,FP16,16,16,192,98304,0.042189,0.005478,7.700934,,True,pass,,0.42558351904153824
97,96,Real-World,cutlass-default,FP16,16,32,128,131072,0.030003,0.005427,5.528302,,True,pass,,0.5069579668343067
98,97,Real-World,cutlass-default,FP16,32,16,128,131072,0.030054,0.004864,6.178947,,True,pass,,0.4255437720566988
99,98,Real-World,cutlass-default,FP16,32,128,16,131072,0.008704,0.004096,2.125,,True,pass,,0.4191474597901106
100,99,Real-World,cutlass-default,FP16,16,128,32,131072,0.011725,0.004147,2.827161,,True,pass,,0.41709844395518303
101,100,Real-World,cutlass-default,FP16,128,16,32,131072,0.011776,0.004301,2.738095,,True,pass,,0.46829372458159924
102,101,Real-World,cutlass-default,FP16,16,16,208,106496,0.045158,0.005837,7.736842,,True,pass,,0.5030462257564068
103,102,Real-World,cutlass-default,FP16,208,16,16,106496,0.008909,0.004403,2.023256,,True,pass,,0.4825761243700981
104,103,Real-World,cutlass-default,FP16,95,32,32,194560,0.011776,0.004147,2.839506,,True,pass,,0.4152416344732046
105,104,Real-World,cutlass-default,FP16,61,32,56,218624,0.01623,0.004147,3.91358,,True,pass,,0.43158748000860214
106,105,Real-World,cutlass-default,FP16,72,2,96,27648,0.02391,0.004608,5.188889,,True,pass,,0.41370742581784725
107,106,Real-World,cutlass-default,FP16,103,4,64,52736,0.018022,0.004198,4.292683,,True,pass,,0.4707606043666601
108,107,Real-World,cutlass-default,FP16,16,64,80,163840,0.020941,0.00471,4.445652,,True,pass,,0.470637783408165
109,108,Real-World,cutlass-default,FP16,82,16,64,167936,0.01792,0.004147,4.320988,,True,pass,,0.46909106709063053
110,109,Real-World,cutlass-default,FP16,193,24,14,129696,0.008909,0.004352,2.047059,,True,pass,,0.42257366701960564
111,110,Real-World,cutlass-default,FP16,1,75,100,15000,0.0256,0.004608,5.555556,,True,pass,,0.44181433506309986
112,111,Real-World,cutlass-default,FP16,25,1,300,15000,0.063334,0.006502,9.740157,,True,pass,,0.43679918348789215
113,112,Real-World,cutlass-default,FP16,112,16,48,172032,0.014899,0.004301,3.464286,,True,pass,,0.4122757874429226
114,113,Real-World,cutlass-default,FP16,78,1,100,15600,0.025344,0.004608,5.5,,True,pass,,0.4774258118122816
115,114,Real-World,cutlass-default,FP16,24,192,16,147456,0.008806,0.00425,2.072289,,True,pass,,0.4648150634020567
116,115,Real-World,cutlass-default,FP16,32,64,64,262144,0.01792,0.004096,4.375,,True,pass,,0.4743723403662443
117,116,Real-World,cutlass-default,FP16,16,256,16,131072,0.008755,0.004147,2.111111,,True,pass,,0.4207669850438833
118,117,Real-World,cutlass-default,FP16,16,16,256,131072,0.054221,0.005888,9.208696,,True,pass,,0.4788048844784498
119,118,Real-World,cutlass-default,FP16,1,32,256,16384,0.054323,0.005888,9.226087,,True,pass,,0.42273092456161976
120,119,Real-World,cutlass-default,FP16,128,1,65,16640,0.019354,0.004506,4.295454,,True,pass,,0.5061786565929651
121,120,Real-World,cutlass-default,FP16,153,7,48,102816,0.014848,0.004096,3.625,,True,pass,,0.4681637417525053
122,121,Real-World,cutlass-default,FP16,16,48,128,196608,0.030054,0.004762,6.311828,,True,pass,,0.4606360848993063
123,122,Real-World,cutlass-default,FP16,176,16,32,180224,0.011878,0.004352,2.729412,,True,pass,,0.4845048785209656
124,123,Real-World,cutlass-default,FP16,1,69,128,17664,0.030054,0.004915,6.114583,,True,pass,,0.4922173488885164
125,124,Real-World,cutlass-default,FP16,20,1,432,17280,0.087654,0.004915,17.833333,,True,pass,,0.48542202822864056
126,125,Real-World,cutlass-default,FP16,8,1,1024,16384,0.32471,0.006298,51.560972,,True,pass,,0.43641861714422703
127,126,Real-World,cutlass-default,FP16,108,64,16,221184,0.009011,0.004403,2.046512,,True,pass,,0.4352442193776369
128,127,Real-World,cutlass-default,FP16,32,64,80,327680,0.020941,0.004864,4.305263,,True,pass,,0.4635228030383587
129,128,Real-World,cutlass-default,FP16,32,128,36,294912,0.013517,0.004352,3.105882,,True,pass,,0.4309429991990328
130,129,Real-World,cutlass-default,FP16,194,1,50,19400,0.016333,0.004813,3.393617,,True,pass,,0.31986610777676105
131,130,Real-World,cutlass-default,FP16,112,64,16,229376,0.008909,0.008038,1.10828,,True,pass,,0.32106713205575943
132,131,Real-World,cutlass-default,FP16,16,16,304,155648,0.063334,0.008141,7.779874,,True,pass,,0.35607718490064144
133,132,Real-World,cutlass-default,FP16,16,112,64,229376,0.017869,0.008038,2.22293,,True,pass,,0.32393309101462364
134,133,Real-World,cutlass-default,FP16,127,24,48,292608,0.014848,0.008038,1.847134,,True,pass,,0.33506315760314465
135,134,Real-World,cutlass-default,FP16,136,64,8,139264,0.007424,0.008141,0.91195,,True,pass,,0.3176881764084101
136,135,Real-World,cutlass-default,FP16,43,12,180,185760,0.040704,0.007014,5.80292,,True,pass,,0.31383869983255863
137,136,Real-World,cutlass-default,FP16,32,75,75,360000,0.02089,0.004659,4.483516,,True,pass,,0.31765464320778847
138,137,Real-World,cutlass-default,FP16,32,16,208,212992,0.045312,0.008243,5.496894,,True,pass,,0.32352786883711815
139,138,Real-World,cutlass-default,FP16,208,16,32,212992,0.011878,0.007987,1.48718,,True,pass,,0.301812756806612
140,139,Real-World,cutlass-default,FP16,30,5,300,90000,0.063283,0.006554,9.65625,,True,pass,,0.3147852700203657
141,140,Real-World,cutlass-default,FP16,32,9,256,147456,0.054272,0.008141,6.666667,,True,pass,,0.3153143022209406
142,141,Real-World,cutlass-default,FP16,8,6,768,73728,0.151347,0.008602,17.595238,,True,pass,,0.3486106414347887
143,142,Real-World,cutlass-default,FP16,1,432,24,20736,0.010291,0.007936,1.296774,,True,pass,,0.30311925895512104
144,143,Real-World,cutlass-default,FP16,159,48,16,244224,0.00896,0.00855,1.047904,,True,pass,,0.3128527123481035
145,144,Real-World,cutlass-default,FP16,143,10,64,183040,0.01792,0.008243,2.173913,,True,pass,,0.31098395586013794
146,145,Real-World,cutlass-default,FP16,64,128,16,262144,0.008858,0.008141,1.08805,,True,pass,,0.3136341329663992
147,146,Real-World,cutlass-default,FP16,64,16,128,262144,0.030054,0.008755,3.432748,,True,pass,,0.3271508254110813
148,147,Real-World,cutlass-default,FP16,16,64,128,262144,0.029952,0.008192,3.65625,,True,pass,,0.3503625672310591
149,148,Real-World,cutlass-default,FP16,133,64,16,272384,0.008858,0.008192,1.08125,,True,pass,,0.3119764272123575
150,149,Real-World,cutlass-default,FP16,85,4,128,87040,0.030157,0.008294,3.635803,,True,pass,,0.31963965855538845
151,150,Real-World,cutlass-default,FP16,144,2,80,46080,0.020992,0.00809,2.594937,,True,pass,,0.3245422672480345
152,151,Real-World,cutlass-default,FP16,16,80,112,286720,0.02688,0.008038,3.343949,,True,pass,,0.31059896759688854
153,152,Real-World,cutlass-default,FP16,64,64,64,524288,0.017818,0.008141,2.188679,,True,pass,,0.3286223839968443
154,153,Real-World,cutlass-default,FP16,16,96,96,294912,0.023962,0.008141,2.943396,,True,pass,,0.3100426085293293
155,154,Real-World,cutlass-default,FP16,10,2,1024,40960,0.199885,0.008704,22.964706,,True,pass,,0.34968428313732147
156,155,Real-World,cutlass-default,FP16,50,100,50,500000,0.016435,0.005018,3.27551,,True,pass,,0.38592143915593624
157,156,Real-World,cutlass-default,FP16,32,16,256,262144,0.054323,0.008294,6.549383,,True,pass,,0.3176891803741455
158,157,Real-World,cutlass-default,FP16,16,32,256,262144,0.054272,0.008346,6.503068,,True,pass,,0.31603433564305305
159,158,Real-World,cutlass-default,FP16,16,256,32,262144,0.011776,0.007987,1.474359,,True,pass,,0.320759791880846
160,159,Real-World,cutlass-default,FP16,32,256,16,262144,0.008755,0.008294,1.055556,,True,pass,,0.2971006706357002
161,160,Real-World,cutlass-default,FP16,112,32,64,458752,0.018074,0.008499,2.126506,,True,pass,,0.34516749531030655
162,161,Real-World,cutlass-default,FP16,256,16,32,262144,0.011827,0.00809,1.462025,,True,pass,,0.31692782789468765
163,162,Real-World,cutlass-default,FP16,32,112,64,458752,0.017766,0.008141,2.18239,,True,pass,,0.2951715923845768
164,163,Real-World,cutlass-default,FP16,41,2,300,49200,0.063283,0.006605,9.581396,,True,pass,,0.3133199755102396
165,164,Real-World,cutlass-default,FP16,400,16,16,204800,0.008653,0.008294,1.04321,,True,pass,,0.3283077236264944
166,165,Real-World,cutlass-default,FP16,53,128,36,488448,0.013466,0.005274,2.553398,,True,pass,,0.32864086516201496
167,166,Real-World,cutlass-default,FP16,72,64,64,589824,0.017971,0.011981,1.5,,True,pass,,0.3389712795615196
168,167,Real-World,cutlass-default,FP16,58,128,32,475136,0.011776,0.008192,1.4375,,True,pass,,0.31803459115326405
169,168,Real-World,cutlass-default,FP16,132,100,1,26400,0.007475,0.00425,1.759036,,True,pass,,0.32348485104739666
170,169,Real-World,cutlass-default,FP16,16,10,512,163840,0.10281,0.025139,4.089613,,True,pass,,0.41563305631279945
171,170,Real-World,cutlass-default,FP16,16,128,80,327680,0.021043,0.004966,4.237113,,True,pass,,0.4808332398533821
172,171,Real-World,cutlass-default,FP16,128,16,80,327680,0.023091,0.005222,4.421569,,True,pass,,0.590183675289154
173,172,Real-World,cutlass-default,FP16,33,1,400,26400,0.089139,0.00553,16.12037,,True,pass,,0.5412977654486895
174,173,Real-World,cutlass-default,FP16,92,10,128,235520,0.030054,0.004813,6.244681,,True,pass,,0.47458907775580883
175,174,Real-World,cutlass-default,FP16,32,64,128,524288,0.030003,0.004813,6.234042,,True,pass,,0.5051117651164532
176,175,Real-World,cutlass-default,FP16,128,32,64,524288,0.017869,0.00425,4.204819,,True,pass,,0.493054723367095
177,176,Real-World,cutlass-default,FP16,16,16,448,229376,0.090675,0.004915,18.447916,,True,pass,,0.4431717172265053
178,177,Real-World,cutlass-default,FP16,64,10,192,245760,0.042189,0.005376,7.847619,,True,pass,,0.46859151497483253
179,178,Real-World,cutlass-default,FP16,99,40,80,633600,0.020941,0.004864,4.305263,,True,pass,,0.48413747549057007
180,179,Real-World,cutlass-default,FP16,16,16,464,237568,0.09385,0.005171,18.148515,,True,pass,,0.4250024426728487
181,180,Real-World,cutlass-default,FP16,32,80,112,573440,0.027187,0.004915,5.53125,,True,pass,,0.4789422322064638
182,181,Real-World,cutlass-default,FP16,47,300,3,84600,0.007475,0.004301,1.738095,,True,pass,,0.4172246363013983
183,182,Real-World,cutlass-default,FP16,92,128,16,376832,0.008858,0.004608,1.922222,,True,pass,,0.4725960697978735
184,183,Real-World,cutlass-default,FP16,24,384,16,294912,0.008909,0.004454,2.0,,True,pass,,0.47561447508633137
185,184,Real-World,cutlass-default,FP16,16,96,128,393216,0.030054,0.00471,6.380435,,True,pass,,0.47301768511533737
186,185,Real-World,cutlass-default,FP16,135,50,50,675000,0.01664,0.004403,3.77907,,True,pass,,0.4985498823225498
187,186,Real-World,cutlass-default,FP16,122,2,128,62464,0.030106,0.004813,6.255319,,True,pass,,0.4774361830204725
188,187,Real-World,cutlass-default,FP16,37,96,96,681984,0.024013,0.00471,5.097826,,True,pass,,0.4585815742611885
189,188,Real-World,cutlass-default,FP16,128,1,128,32768,0.030208,0.004966,6.082475,,True,pass,,0.4299348760396242
190,189,Real-World,cutlass-default,FP16,1,128,128,32768,0.030259,0.004762,6.354839,,True,pass,,0.48972250148653984
191,190,Real-World,cutlass-default,FP16,16,16,512,262144,0.102963,0.00512,20.11,,True,pass,,0.4782634247094393
192,191,Real-World,cutlass-default,FP16,32,1,512,32768,0.10281,0.005018,20.489796,,True,pass,,0.4824370350688696
193,192,Real-World,cutlass-default,FP16,16,48,256,393216,0.054426,0.006093,8.932773,,True,pass,,0.4701645690947771
194,193,Real-World,cutlass-default,FP16,77,6,204,188496,0.045158,0.005837,7.736842,,True,pass,,0.48978061228990555
195,194,Real-World,cutlass-default,FP16,32,32,256,524288,0.054374,0.005939,9.155173,,True,pass,,0.5108835026621819
196,195,Real-World,cutlass-default,FP16,32,256,32,524288,0.011878,0.004557,2.606742,,True,pass,,0.501244081184268
197,196,Real-World,cutlass-default,FP16,16,1,1024,32768,0.217805,0.0064,34.031997,,True,pass,,0.4818398021161556
198,197,Real-World,cutlass-default,FP16,64,16,208,425984,0.045261,0.006042,7.491525,,True,pass,,0.49642448127269745
199,198,Real-World,cutlass-default,FP16,112,48,80,860160,0.020838,0.004813,4.329787,,True,pass,,0.4681891966611147
200,199,Real-World,cutlass-default,FP16,21,9,600,226800,0.137626,0.005581,24.66055,,True,pass,,0.48387422040104866
201,200,Real-World,cutlass-default,FP16,110,50,80,880000,0.020992,0.004966,4.226804,,True,pass,,0.43566796369850636
202,201,Real-World,cutlass-default,FP16,170,32,64,696320,0.018022,0.004454,4.045977,,True,pass,,0.5119059439748526
203,202,Real-World,cutlass-default,FP16,159,50,50,795000,0.016589,0.004506,3.681818,,True,pass,,0.4134811367839575
204,203,Real-World,cutlass-default,FP16,112,64,64,917504,0.01792,0.004301,4.166667,,True,pass,,0.4832488503307104
205,204,Real-World,cutlass-default,FP16,48,96,96,884736,0.02391,0.004864,4.915789,,True,pass,,0.42386936768889427
206,205,Real-World,cutlass-default,FP16,16,1024,2,65536,0.007322,0.004659,1.571429,,True,pass,,0.4960186928510666
207,206,Real-World,cutlass-default,FP16,1,192,96,36864,0.023962,0.004915,4.875,,True,pass,,0.486410653218627
208,207,Real-World,cutlass-default,FP16,1,96,192,36864,0.04224,0.005274,8.009709,,True,pass,,0.4805593956261873
209,208,Real-World,cutlass-default,FP16,48,1,384,36864,0.078541,0.007168,10.957143,,True,pass,,0.4945843927562237
210,209,Real-World,cutlass-default,FP16,1,384,48,36864,0.014797,0.004147,3.567901,,True,pass,,0.5168070774525404
211,210,Real-World,cutlass-default,FP16,1,48,384,36864,0.078694,0.006912,11.385185,,True,pass,,0.497816052287817
212,211,Real-World,cutlass-default,FP16,192,10,84,322560,0.022528,0.004813,4.680851,,True,pass,,0.4989636819809675
213,212,Real-World,cutlass-default,FP16,250,10,64,320000,0.017818,0.004301,4.142857,,True,pass,,0.49181459099054337
214,213,Real-World,cutlass-default,FP16,79,64,100,1011200,0.025446,0.00512,4.97,,True,pass,,0.40284336172044277
215,214,Real-World,cutlass-default,FP16,191,1,100,38200,0.025498,0.005427,4.698113,,True,pass,,0.3962067533284426
216,215,Real-World,cutlass-default,FP16,32,40,256,655360,0.054272,0.008141,6.666667,,True,pass,,0.7984603438526392
217,216,Real-World,cutlass-default,FP16,400,16,32,409600,0.011674,0.00809,1.443038,,True,pass,,0.3154090568423271
218,217,Real-World,cutlass-default,FP16,186,32,64,761856,0.01792,0.008038,2.229299,,True,pass,,0.3188552986830473
219,218,Real-World,cutlass-default,FP16,48,128,80,983040,0.021043,0.008448,2.490909,,True,pass,,0.35897780396044254
220,219,Real-World,cutlass-default,FP16,16,128,128,524288,0.030003,0.008038,3.732484,,True,pass,,0.3556568007916212
221,220,Real-World,cutlass-default,FP16,128,16,128,524288,0.029952,0.008192,3.65625,,True,pass,,0.3259722199290991
222,221,Real-World,cutlass-default,FP16,10,1024,10,204800,0.008858,0.004966,1.783505,,True,pass,,0.32524347864091396
223,222,Real-World,cutlass-default,FP16,127,17,128,552704,0.029901,0.008038,3.719745,,True,pass,,0.31144856847822666
224,223,Real-World,cutlass-default,FP16,64,312,2,79872,0.007475,0.008653,0.863905,,True,pass,,0.3288535997271538
225,224,Real-World,cutlass-default,FP16,39,2,512,79872,0.102912,0.0128,8.039999,,True,pass,,0.3752538003027439
226,225,Real-World,cutlass-default,FP16,199,64,32,815104,0.01193,0.008192,1.45625,,True,pass,,0.3330973517149687
227,226,Real-World,cutlass-default,FP16,16,80,208,532480,0.045261,0.01367,3.310861,,True,pass,,0.3297676518559456
228,227,Real-World,cutlass-default,FP16,80,16,208,532480,0.04521,0.009779,4.623037,,True,pass,,0.3312170375138521
229,228,Real-World,cutlass-default,FP16,256,16,64,524288,0.017869,0.008243,2.167702,,True,pass,,0.32796778716146946
230,229,Real-World,cutlass-default,FP16,16,64,256,524288,0.054221,0.008038,6.745223,,True,pass,,0.42161912843585014
231,230,Real-World,cutlass-default,FP16,16,256,64,524288,0.017869,0.008141,2.194969,,True,pass,,0.3541247006505728
232,231,Real-World,cutlass-default,FP16,32,23,384,565248,0.078746,0.008448,9.321212,,True,pass,,0.33189300261437893
233,232,Real-World,cutlass-default,FP16,148,96,32,909312,0.011827,0.008141,1.45283,,True,pass,,0.34082127176225185
234,233,Real-World,cutlass-default,FP16,208,32,64,851968,0.017869,0.008141,2.194969,,True,pass,,0.3181197475641966
235,234,Real-World,cutlass-default,FP16,188,16,96,577536,0.02391,0.008038,2.974522,,True,pass,,0.32464541494846344
236,235,Real-World,cutlass-default,FP16,116,128,32,950272,0.012032,0.00809,1.487342,,True,pass,,0.3454855252057314
237,236,Real-World,cutlass-default,FP16,22,64,257,723712,0.05591,0.005939,9.413793,,True,pass,,0.37350747734308243
238,237,Real-World,cutlass-default,FP16,128,64,80,1310720,0.021043,0.00809,2.601266,,True,pass,,0.32794369757175446
239,238,Real-World,cutlass-default,FP16,164,32,96,1007616,0.024064,0.008038,2.993631,,True,pass,,0.32971189357340336
240,239,Real-World,cutlass-default,FP16,67,12,300,482400,0.063232,0.006605,9.573644,,True,pass,,0.3186149150133133
241,240,Real-World,cutlass-default,FP16,32,128,128,1048576,0.03031,0.00983,3.083333,,True,pass,,0.32779963314533234
242,241,Real-World,cutlass-default,FP16,16,16,768,393216,0.190771,0.005734,33.267856,,True,pass,,0.46559620648622513
243,242,Real-World,cutlass-default,FP16,123,200,1,49200,0.00768,0.004352,1.764706,,True,pass,,0.5286862291395664
244,243,Real-World,cutlass-default,FP16,193,1,128,49408,0.033792,0.005478,6.168224,,True,pass,,0.6216706056147814
245,244,Real-World,cutlass-default,FP16,16,32,512,524288,0.240538,0.005632,42.70909,,True,pass,,0.5561399199068546
246,245,Real-World,cutlass-default,FP16,512,16,32,524288,0.011827,0.004557,2.595506,,True,pass,,0.5623492058366537
247,246,Real-World,cutlass-default,FP16,32,59,256,966656,0.054426,0.006042,9.008474,,True,pass,,0.4544966500252485
248,247,Real-World,cutlass-default,FP16,16,144,144,663552,0.03328,0.005632,5.909091,,True,pass,,0.4906687084585428
249,248,Real-World,cutlass-default,FP16,1,128,197,50432,0.043622,0.005018,8.693878,,True,pass,,0.42753312923014164
250,249,Real-World,cutlass-default,FP16,168,64,64,1376256,0.017971,0.004608,3.9,,True,pass,,0.5309953633695841
251,250,Real-World,cutlass-default,FP16,16,16,800,409600,0.281754,0.005786,48.699116,,True,pass,,0.48359300568699837
252,251,Real-World,cutlass-default,FP16,800,16,16,409600,0.008755,0.004506,1.943182,,True,pass,,0.48952612839639187
253,252,Real-World,cutlass-default,FP16,110,50,128,1408000,0.030106,0.005069,5.939394,,True,pass,,0.4105554725974798
254,253,Real-World,cutlass-default,FP16,32,768,2,98304,0.00727,0.003994,1.820513,,True,pass,,0.48339165560901165
255,254,Real-World,cutlass-default,FP16,400,16,48,614400,0.014848,0.004352,3.411765,,True,pass,,0.48515242151916027
256,255,Real-World,cutlass-default,FP16,164,7,148,339808,0.034816,0.00553,6.296296,,True,pass,,0.44176468439400196
257,256,Real-World,cutlass-default,FP16,256,32,64,1048576,0.017971,0.004352,4.129412,,True,pass,,0.4722281489521265
258,257,Real-World,cutlass-default,FP16,5,64,384,245760,0.078694,0.007066,11.137681,,True,pass,,0.44661201536655426
259,258,Real-World,cutlass-default,FP16,80,128,80,1638400,0.020941,0.004301,4.869048,,True,pass,,0.45527195557951927
260,259,Real-World,cutlass-default,FP16,16,208,112,745472,0.027136,0.004813,5.638298,,True,pass,,0.47551378794014454
261,260,Real-World,cutlass-default,FP16,184,16,128,753664,0.030259,0.004864,6.221053,,True,pass,,0.4793387483805418
262,261,Real-World,cutlass-default,FP16,32,5,768,245760,0.168602,0.005786,29.141592,,True,pass,,0.4842199981212616
263,262,Real-World,cutlass-default,FP16,183,69,64,1616256,0.017869,0.004506,3.965909,,True,pass,,0.4685759134590626
264,263,Real-World,cutlass-default,FP16,16,128,192,786432,0.042394,0.005478,7.738318,,True,pass,,0.4876825138926506
265,264,Real-World,cutlass-default,FP16,128,112,64,1835008,0.018176,0.004147,4.382716,,True,pass,,0.48617541417479515
266,265,Real-World,cutlass-default,FP16,100,100,100,2000000,0.025702,0.004608,5.577777,,True,pass,,0.49358607828617096
267,266,Real-World,cutlass-default,FP16,123,64,120,1889280,0.028774,0.004659,6.175824,,True,pass,,0.509155873209238
268,267,Real-World,cutlass-default,FP16,208,64,64,1703936,0.018022,0.004864,3.705263,,True,pass,,0.4867670200765133
269,268,Real-World,cutlass-default,FP16,140,24,168,1128960,0.037683,0.005376,7.009524,,True,pass,,0.5003562774509192
270,269,Real-World,cutlass-default,FP16,960,16,16,491520,0.008806,0.003994,2.205128,,True,pass,,0.48193428479135036
271,270,Real-World,cutlass-default,FP16,24,768,16,589824,0.008755,0.004045,2.164557,,True,pass,,0.5143783297389746
272,271,Real-World,cutlass-default,FP16,80,256,32,1310720,0.011981,0.004762,2.516129,,True,pass,,0.4864001236855984
273,272,Real-World,cutlass-default,FP16,175,101,50,1767500,0.016589,0.004966,3.340206,,True,pass,,0.5128531269729137
274,273,Real-World,cutlass-default,FP16,167,35,128,1496320,0.030054,0.005018,5.989796,,True,pass,,0.475243816152215
275,274,Real-World,cutlass-default,FP16,112,9,256,516096,0.054426,0.006144,8.858333,,True,pass,,0.497003884986043
276,275,Real-World,cutlass-default,FP16,16,16,1008,516096,0.32128,0.006246,51.434428,,True,pass,,0.5364222340285778
277,276,Real-World,cutlass-default,FP16,179,32,128,1466368,0.03031,0.004966,6.103093,,True,pass,,0.49060314893722534
278,277,Real-World,cutlass-default,FP16,128,128,64,2097152,0.018227,0.004096,4.45,,True,pass,,0.47549744695425034
279,278,Real-World,cutlass-default,FP16,64,128,128,2097152,0.030259,0.004301,7.035715,,True,pass,,0.4908073954284191
280,279,Real-World,cutlass-default,FP16,16,16,1024,524288,0.322765,0.006349,50.838711,,True,pass,,0.5000653732568026
281,280,Real-World,cutlass-default,FP16,128,1,256,65536,0.054221,0.00599,9.051282,,True,pass,,0.49948165751993656
282,281,Real-World,cutlass-default,FP16,128,80,112,2293760,0.02729,0.004506,6.056818,,True,pass,,0.4904787428677082
283,282,Real-World,cutlass-default,FP16,42,10,640,537600,0.144333,0.005376,26.84762,,True,pass,,0.44035316817462444
284,283,Real-World,cutlass-default,FP16,32,32,512,1048576,0.102912,0.005069,20.30303,,True,pass,,0.517935324460268
285,284,Real-World,cutlass-default,FP16,41,80,256,1679360,0.054323,0.008141,6.672956,,True,pass,,0.3551054708659649
286,285,Real-World,cutlass-default,FP16,195,29,128,1447680,0.030003,0.007987,3.75641,,True,pass,,0.3203229308128357
287,286,Real-World,cutlass-default,FP16,83,40,256,1699840,0.054323,0.008141,6.672956,,True,pass,,0.34222807362675667
288,287,Real-World,cutlass-default,FP16,32,1024,2,131072,0.007168,0.004813,1.489362,,True,pass,,0.31813985854387283
289,288,Real-World,cutlass-default,FP16,50,100,200,2000000,0.043878,0.008192,5.35625,,True,pass,,0.41782477125525475
290,289,Real-World,cutlass-default,FP16,85,64,200,2176000,0.043674,0.008192,5.33125,,True,pass,,0.33072103559970856
291,290,Real-World,cutlass-default,FP16,125,10,256,640000,0.054374,0.00809,6.72152,,True,pass,,0.34353318996727467
292,291,Real-World,cutlass-default,FP16,128,10,256,655360,0.054272,0.008346,6.503068,,True,pass,,0.32382161542773247
293,292,Real-World,cutlass-default,FP16,112,80,144,2580480,0.033229,0.00809,4.107595,,True,pass,,0.32804751209914684
294,293,Real-World,cutlass-default,FP16,128,81,128,2654208,0.030208,0.008243,3.664596,,True,pass,,0.33195878751575947
295,294,Real-World,cutlass-default,FP16,32,768,16,786432,0.008909,0.010752,0.828571,,True,pass,,0.3535055611282587
296,295,Real-World,cutlass-default,FP16,71,2,512,145408,0.102758,0.008141,12.622641,,True,pass,,0.3040747083723545
297,296,Real-World,cutlass-default,FP16,144,32,188,1732608,0.042394,0.005734,7.392857,,True,pass,,0.3255737628787756
298,297,Real-World,cutlass-default,FP16,119,312,2,148512,0.00768,0.004864,1.578947,,True,pass,,0.31953378580510616
299,298,Real-World,cutlass-default,FP16,24,1,1536,73728,0.297165,0.008397,35.390244,,True,pass,,0.3381393626332283
300,299,Real-World,cutlass-default,FP16,54,256,80,2211840,0.020838,0.007782,2.677632,,True,pass,,0.32180253602564335
301,300,Real-World,cutlass-default,FP16,16,128,256,1048576,0.054374,0.008397,6.47561,,True,pass,,0.35443986020982265
302,301,Real-World,cutlass-default,FP16,16,32,800,819200,0.157645,0.008602,18.327381,,True,pass,,0.3367645610123873
303,302,Real-World,cutlass-default,FP16,256,16,128,1048576,0.030054,0.007936,3.787097,,True,pass,,0.3110901918262243
304,303,Real-World,cutlass-default,FP16,128,16,256,1048576,0.054323,0.009421,5.766304,,True,pass,,0.3527397960424423
305,304,Real-World,cutlass-default,FP16,800,16,32,819200,0.011776,0.008448,1.393939,,True,pass,,0.3170782346278429
306,305,Real-World,cutlass-default,FP16,160,16,208,1064960,0.04521,0.008141,5.553459,,True,pass,,0.32027915492653847
307,306,Real-World,cutlass-default,FP16,49,64,321,2013312,0.068045,0.006656,10.223077,,True,pass,,0.3321489132940769
308,307,Real-World,cutlass-default,FP16,88,1,448,78848,0.090931,0.021965,4.13986,,True,pass,,0.34965531527996063
309,308,Real-World,cutlass-default,FP16,144,128,80,2949120,0.021248,0.007987,2.660256,,True,pass,,0.32289421558380127
310,309,Real-World,cutlass-default,FP16,199,1,200,79600,0.043776,0.006195,7.066116,,True,pass,,0.4203150887042284
311,310,Real-World,cutlass-default,FP16,26,13,1024,692224,0.237056,0.006349,37.338709,,True,pass,,0.5311367362737656
312,311,Real-World,cutlass-default,FP16,400,32,64,1638400,0.02135,0.005786,3.690265,,True,pass,,0.7027271613478661
313,312,Real-World,cutlass-default,FP16,96,128,128,3145728,0.032563,0.004966,6.556701,,True,pass,,0.5500854440033436
314,313,Real-World,cutlass-default,FP16,152,84,120,3064320,0.030362,0.005888,5.156521,,True,pass,,0.46058613434433937
315,314,Real-World,cutlass-default,FP16,99,45,256,2280960,0.054272,0.006195,8.760331,,True,pass,,0.522586589679122
316,315,Real-World,cutlass-default,FP16,136,80,144,3133440,0.03328,0.004608,7.222222,,True,pass,,0.4832075163722038
317,316,Real-World,cutlass-default,FP16,24,128,256,1572864,0.054477,0.006093,8.941176,,True,pass,,0.48325457237660885
318,317,Real-World,cutlass-default,FP16,16,64,512,1048576,0.103014,0.005069,20.323232,,True,pass,,0.5080712363123894
319,318,Real-World,cutlass-default,FP16,16,512,64,1048576,0.018022,0.00471,3.826087,,True,pass,,0.4830760657787323
320,319,Real-World,cutlass-default,FP16,256,64,80,2621440,0.020992,0.004506,4.659091,,True,pass,,0.5206497441977262
321,320,Real-World,cutlass-default,FP16,32,48,512,1572864,0.102912,0.005018,20.510204,,True,pass,,0.4964686967432499
322,321,Real-World,cutlass-default,FP16,1,21316,1,42632,0.01111,0.006246,1.778689,,True,pass,,0.49082341231405735
323,322,Real-World,cutlass-default,FP16,16,208,176,1171456,0.039168,0.005478,7.149533,,True,pass,,0.5004418883472681
324,323,Real-World,cutlass-default,FP16,159,128,80,3256320,0.021606,0.004506,4.795455,,True,pass,,0.5086485538631678
325,324,Real-World,cutlass-default,FP16,64,112,208,2981888,0.045363,0.004454,10.183908,,True,pass,,0.43449234403669834
326,325,Real-World,cutlass-default,FP16,208,112,64,2981888,0.018227,0.004301,4.238095,,True,pass,,0.49244547076523304
327,326,Real-World,cutlass-default,FP16,72,1,600,86400,0.243302,0.005376,45.257142,,True,pass,,0.4899187497794628
328,327,Real-World,cutlass-default,FP16,165,4,256,337920,0.054528,0.006042,9.025423,,True,pass,,0.5267573967576027
329,328,Real-World,cutlass-default,FP16,103,20,342,1409040,0.071066,0.007424,9.572414,,True,pass,,0.4905978161841631
330,329,Real-World,cutlass-default,FP16,172,100,100,3440000,0.025651,0.004403,5.825581,,True,pass,,0.48728123493492603
331,330,Real-World,cutlass-default,FP16,190,64,128,3112960,0.030362,0.004557,6.662921,,True,pass,,0.43050118535757065
332,331,Real-World,cutlass-default,FP16,32,128,256,2097152,0.054374,0.006093,8.92437,,True,pass,,0.4971925802528858
333,332,Real-World,cutlass-default,FP16,32,256,128,2097152,0.030259,0.004301,7.035715,,True,pass,,0.4894495755434036
334,333,Real-World,cutlass-default,FP16,170,128,80,3481600,0.021453,0.004403,4.872093,,True,pass,,0.4832785166800022
335,334,Real-World,cutlass-default,FP16,57,29,512,1692672,0.102912,0.00512,20.1,,True,pass,,0.4457171391695738
336,335,Real-World,cutlass-default,FP16,192,96,96,3538944,0.024218,0.004403,5.5,,True,pass,,0.4820905365049839
337,336,Real-World,cutlass-default,FP16,59,28,512,1691648,0.102963,0.00512,20.11,,True,pass,,0.4470873177051544
338,337,Real-World,cutlass-default,FP16,91,144,144,3773952,0.03328,0.004659,7.142857,,True,pass,,0.49044978246092796
339,338,Real-World,cutlass-default,FP16,128,320,16,1310720,0.009011,0.004147,2.17284,,True,pass,,0.49776856414973736
340,339,Real-World,cutlass-default,FP16,49,96,300,2822400,0.06359,0.006861,9.268657,,True,pass,,0.48649841360747814
341,340,Real-World,cutlass-default,FP16,48,96,304,2801664,0.063642,0.006861,9.27612,,True,pass,,0.551162987947464
342,341,Real-World,cutlass-default,FP16,186,2,256,190464,0.054579,0.00599,9.111111,,True,pass,,0.4929764959961176
343,342,Real-World,cutlass-default,FP16,128,128,128,4194304,0.030208,0.004403,6.860465,,True,pass,,0.49079746194183826
344,343,Real-World,cutlass-default,FP16,1,1,24576,49152,,,,,False,process_error,Failed,0.5055428612977266
345,344,Real-World,cutlass-default,FP16,32,1024,16,1048576,0.008755,0.004096,2.1375,,True,pass,,0.49057268537580967
346,345,Real-World,cutlass-default,FP16,208,16,208,1384448,0.04521,0.006042,7.48305,,True,pass,,0.48812264762818813
347,346,Real-World,cutlass-default,FP16,100,100,200,4000000,0.043981,0.00471,9.336957,,True,pass,,0.476612051948905
348,347,Real-World,cutlass-default,FP16,200,100,100,4000000,0.025702,0.004352,5.905882,,True,pass,,0.48377942107617855
349,348,Real-World,cutlass-default,FP16,152,120,120,4377600,0.028877,0.004403,6.558139,,True,pass,,0.5134441778063774
350,349,Real-World,cutlass-default,FP16,1,256,197,100864,0.043725,0.005069,8.626263,,True,pass,,0.48568261228501797
351,350,Real-World,cutlass-default,FP16,16,112,384,1376256,0.078643,0.007219,10.893618,,True,pass,,0.49207343347370625
352,351,Real-World,cutlass-default,FP16,198,1,256,101376,0.054323,0.008192,6.63125,,True,pass,,0.3786322306841612
353,352,Real-World,cutlass-default,FP16,32,64,512,2097152,0.102963,0.007987,12.891026,,True,pass,,0.3580455183982849
354,353,Real-World,cutlass-default,FP16,32,512,64,2097152,0.01792,0.007987,2.24359,,True,pass,,0.37077746726572514
355,354,Real-World,cutlass-default,FP16,512,32,64,2097152,0.01792,0.008704,2.058823,,True,pass,,0.31671143509447575
356,355,Real-World,cutlass-default,FP16,800,16,48,1228800,0.014848,0.008038,1.847134,,True,pass,,0.35242770053446293
357,356,Real-World,cutlass-default,FP16,32,32,800,1638400,0.157542,0.008397,18.762195,,True,pass,,0.3160208258777857
358,357,Real-World,cutlass-default,FP16,256,112,64,3670016,0.018227,0.008038,2.267516,,True,pass,,0.3159282710403204
359,358,Real-World,cutlass-default,FP16,116,16,384,1425408,0.078694,0.008294,9.487654,,True,pass,,0.3407531585544348
360,359,Real-World,cutlass-default,FP16,16,112,400,1433600,0.081715,0.00855,9.556886,,True,pass,,0.3204224221408367
361,360,Real-World,cutlass-default,FP16,16,400,112,1433600,0.026931,0.008038,3.350318,,True,pass,,0.32421330362558365
362,361,Real-World,cutlass-default,FP16,105,10,456,957600,0.09216,0.008243,11.180124,,True,pass,,0.3227872774004936
363,362,Real-World,cutlass-default,FP16,16,16,1664,851968,0.321485,0.008755,36.719297,,True,pass,,0.32446267642080784
364,363,Real-World,cutlass-default,FP16,60,200,162,3888000,0.037581,0.005325,7.057692,,True,pass,,0.33481279388070107
365,364,Real-World,cutlass-default,FP16,196,10,256,1003520,0.054477,0.008141,6.691823,,True,pass,,0.3189621865749359
366,365,Real-World,cutlass-default,FP16,33,101,384,2559744,0.078694,0.008806,8.936046,,True,pass,,0.32634498178958893
367,366,Real-World,cutlass-default,FP16,400,48,80,3072000,0.021146,0.008192,2.58125,,True,pass,,0.3223566673696041
368,367,Real-World,cutlass-default,FP16,192,16,256,1572864,0.054323,0.00809,6.71519,,True,pass,,0.33001137152314186
369,368,Real-World,cutlass-default,FP16,55,64,449,3160960,0.092416,0.007629,12.114094,,True,pass,,0.3220850955694914
370,369,Real-World,cutlass-default,FP16,32,5,1536,491520,0.297165,0.008141,36.503144,,True,pass,,0.323159322142601
371,370,Real-World,cutlass-default,FP16,384,16,128,1572864,0.029952,0.008038,3.726114,,True,pass,,0.3267421033233404
372,371,Real-World,cutlass-default,FP16,129,256,64,4227072,0.01833,0.008192,2.2375,,True,pass,,0.33152905479073524
373,372,Real-World,cutlass-default,FP16,44,512,64,2883584,0.017971,0.008704,2.064706,,True,pass,,0.3163369242101908
374,373,Real-World,cutlass-default,FP16,256,80,112,4587520,0.026982,0.00809,3.335443,,True,pass,,0.31539403833448887
375,374,Real-World,cutlass-default,FP16,16,320,160,1638400,0.036198,0.008141,4.446541,,True,pass,,0.3167331889271736
376,375,Real-World,cutlass-default,FP16,74,100,300,4440000,0.063488,0.006349,10.0,,True,pass,,0.33270649053156376
377,376,Real-World,cutlass-default,FP16,50,200,200,4000000,0.043776,0.009779,4.47644,,True,pass,,0.3328767381608486
378,377,Real-World,cutlass-default,FP16,256,16,208,1703936,0.045261,0.008294,5.45679,,True,pass,,0.44018453173339367
379,378,Real-World,cutlass-default,FP16,79,122,256,4934656,0.054528,0.008243,6.614906,,True,pass,,0.32491471245884895
380,379,Real-World,cutlass-default,FP16,32,400,112,2867200,0.027034,0.00809,3.341772,,True,pass,,0.3278933949768543
381,380,Real-World,cutlass-default,FP16,24,1536,16,1179648,0.008704,0.008192,1.0625,,True,pass,,0.31322358548641205
382,381,Real-World,cutlass-default,FP16,22,64,705,1985280,0.1408,0.009318,15.10989,,True,pass,,0.3245505206286907
383,382,Real-World,cutlass-default,FP16,1,80,768,122880,0.151501,0.008294,18.265432,,True,pass,,0.33289774134755135
384,383,Real-World,cutlass-default,FP16,190,32,256,3112960,0.054579,0.008192,6.6625,,True,pass,,0.3442808762192726
385,384,Real-World,cutlass-default,FP16,99,108,256,5474304,0.054426,0.008243,6.602484,,True,pass,,0.31982284411787987
386,385,Real-World,cutlass-default,FP16,16,128,432,1769472,0.087757,0.008141,10.779874,,True,pass,,0.3220735974609852
387,386,Real-World,cutlass-default,FP16,174,80,200,5568000,0.043878,0.008346,5.257669,,True,pass,,0.3216228112578392
388,387,Real-World,cutlass-default,FP16,640,1,100,128000,0.025446,0.005222,4.872549,,True,pass,,0.321074528619647
389,388,Real-World,cutlass-default,FP16,84,128,256,5505024,0.054323,0.008346,6.509203,,True,pass,,0.3242323286831379
390,389,Real-World,cutlass-default,FP16,16,240,240,1843200,0.051251,0.007987,6.416667,,True,pass,,0.3423310499638319
391,390,Real-World,cutlass-default,FP16,48,32,800,2457600,0.15744,0.008346,18.86503,,True,pass,,0.3476384785026312
392,391,Real-World,cutlass-default,FP16,1,1,32768,65536,,,,,False,process_error,Failed,0.33372789062559605
393,392,Real-World,cutlass-default,FP16,16,16,2048,1048576,0.394445,0.02601,15.165354,,True,pass,,0.32652021013200283
394,393,Real-World,cutlass-default,FP16,52,400,100,4160000,0.0256,0.005171,4.950495,,True,pass,,0.32117913104593754
395,394,Real-World,cutlass-default,FP16,64,1,1034,132352,0.203059,0.01367,14.853933,,True,pass,,0.3369685336947441
396,395,Real-World,cutlass-default,FP16,16,112,512,1835008,0.102912,0.007987,12.884615,,True,pass,,0.341090539470315
397,396,Real-World,cutlass-default,FP16,48,400,112,4300800,0.027187,0.00809,3.36076,,True,pass,,0.3145026434212923
398,397,Real-World,cutlass-default,FP16,64,208,208,5537792,0.045312,0.008192,5.53125,,True,pass,,0.3264845982193947
399,398,Real-World,cutlass-default,FP16,171,200,100,6840000,0.026112,0.005222,5.0,,True,pass,,0.32125241681933403
400,399,Real-World,cutlass-default,FP16,100,100,309,6180000,0.06528,0.006554,9.960938,,True,pass,,0.32903655618429184
401,400,Real-World,cutlass-default,FP16,93,24,600,2678400,0.119552,0.008397,14.237806,,True,pass,,0.3251448795199394
402,401,Real-World,cutlass-default,FP16,69,64,513,4530816,0.104397,0.007731,13.503311,,True,pass,,0.3175064045935869
403,402,Real-World,cutlass-default,FP16,108,64,385,5322240,0.08023,0.007117,11.273382,,True,pass,,0.3242985885590315
404,403,Real-World,cutlass-default,FP16,47,128,384,4620288,0.078643,0.008141,9.660378,,True,pass,,0.3272979408502579
405,404,Real-World,cutlass-default,FP16,16,256,256,2097152,0.054272,0.008346,6.503068,,True,pass,,0.3216832336038351
406,405,Real-World,cutlass-default,FP16,1,384,192,147456,0.042138,0.008038,5.242038,,True,pass,,0.33017309941351414
407,406,Real-World,cutlass-default,FP16,1,192,384,147456,0.078592,0.008192,9.593751,,True,pass,,0.3350064754486084
408,407,Real-World,cutlass-default,FP16,320,16,208,2129920,0.04521,0.006349,7.120968,,True,pass,,0.6387530025094748
409,408,Real-World,cutlass-default,FP16,32,2304,1,147456,0.007219,0.004864,1.48421,,True,pass,,0.4380169827491045
410,409,Real-World,cutlass-default,FP16,150,2,500,300000,0.23895,0.00937,25.502732,,True,pass,,0.584586039185524
411,410,Real-World,cutlass-default,FP16,64,400,112,5734400,0.029952,0.005274,5.679611,,True,pass,,0.5893200039863586
412,411,Real-World,cutlass-default,FP16,58,200,256,5939200,0.054784,0.004659,11.758242,,True,pass,,0.5065640900284052
413,412,Real-World,cutlass-default,FP16,192,64,256,6291456,0.054426,0.004813,11.30851,,True,pass,,0.5679013635963202
414,413,Real-World,cutlass-default,FP16,800,32,64,3276800,0.018074,0.004301,4.202381,,True,pass,,0.4295203201472759
415,414,Real-World,cutlass-default,FP16,512,64,80,5242880,0.020992,0.004506,4.659091,,True,pass,,0.4400046356022358
416,415,Real-World,cutlass-default,FP16,26,257,257,3434548,0.055808,0.005939,9.396552,,True,pass,,0.4885640721768141
417,416,Real-World,cutlass-default,FP16,368,96,96,6782976,0.023962,0.004557,5.258427,,True,pass,,0.49037909880280495
418,417,Real-World,cutlass-default,FP16,32,256,256,4194304,0.054426,0.004659,11.681318,,True,pass,,0.4778164681047201
419,418,Real-World,cutlass-default,FP16,16,208,352,2342912,0.072806,0.007373,9.875,,True,pass,,0.43422855623066425
420,419,Real-World,cutlass-default,FP16,32,256,259,4243456,0.055808,0.006042,9.237288,,True,pass,,0.44596237502992153
421,420,Real-World,cutlass-default,FP16,1,864,96,165888,0.023962,0.004864,4.926316,,True,pass,,0.48513092286884785
422,421,Real-World,cutlass-default,FP16,1,96,864,165888,0.187597,0.005939,31.586206,,True,pass,,0.4714113473892212
423,422,Real-World,cutlass-default,FP16,64,16,1040,2129920,0.327731,0.006502,50.401573,,True,pass,,0.4409540742635727
424,423,Real-World,cutlass-default,FP16,190,256,80,7782400,0.021402,0.004659,4.593407,,True,pass,,0.4945673979818821
425,424,Real-World,cutlass-default,FP16,80,400,112,7168000,0.027034,0.004403,6.139535,,True,pass,,0.4854042325168848
426,425,Real-World,cutlass-default,FP16,59,98,512,5920768,0.103066,0.005171,19.930693,,True,pass,,0.4759797863662243
427,426,Real-World,cutlass-default,FP16,112,48,512,5505024,0.10281,0.005069,20.282828,,True,pass,,0.4935698267072439
428,427,Real-World,cutlass-default,FP16,32,100,640,4096000,0.145152,0.005478,26.495327,,True,pass,,0.4815163165330887
429,428,Real-World,cutlass-default,FP16,78,192,274,8206848,0.059085,0.007834,7.542484,,True,pass,,0.494503453373909
430,429,Real-World,cutlass-default,FP16,928,64,30,3563520,0.011878,0.003942,3.012987,,True,pass,,0.481189476326108
431,430,Real-World,cutlass-default,FP16,128,10,640,1638400,0.254822,0.005427,46.95283,,True,pass,,0.4924125764518976
432,431,Real-World,cutlass-default,FP16,16,288,288,2654208,0.06103,0.006912,8.82963,,True,pass,,0.48252758011221886
433,432,Real-World,cutlass-default,FP16,23040,1,3,138240,0.011059,0.004813,2.297872,,True,pass,,0.4787232354283333
434,433,Real-World,cutlass-default,FP16,73,240,240,8409600,0.051712,0.004813,10.744681,,True,pass,,0.5058218408375978
435,434,Real-World,cutlass-default,FP16,400,16,208,2662400,0.04567,0.006502,7.023622,,True,pass,,0.5831588562577963
436,435,Real-World,cutlass-default,FP16,5,300,300,900000,0.063488,0.006758,9.393939,,True,pass,,0.4283568076789379
437,436,Real-World,cutlass-default,FP16,44,128,512,5767168,0.103066,0.005171,19.930693,,True,pass,,0.4964703135192394
438,437,Real-World,cutlass-default,FP16,161,256,128,10551296,0.03072,0.004659,6.593407,,True,pass,,0.48848478496074677
439,438,Real-World,cutlass-default,FP16,32,112,640,4587520,0.249702,0.005325,46.894232,,True,pass,,0.48586624301970005
440,439,Real-World,cutlass-default,FP16,1488,16,48,2285568,0.014797,0.004762,3.107527,,True,pass,,0.43553307466208935
441,440,Real-World,cutlass-default,FP16,60,256,256,7864320,0.054426,0.004557,11.943819,,True,pass,,0.4074813053011894
442,441,Real-World,cutlass-default,FP16,512,112,64,7340032,0.01792,0.005734,3.125,,True,pass,,0.4584710132330656
443,442,Real-World,cutlass-default,FP16,128,320,128,10485760,0.030413,0.004659,6.527472,,True,pass,,0.41472109220921993
444,443,Real-World,cutlass-default,FP16,63,1,1536,193536,0.546406,0.007526,72.598642,,True,pass,,0.44034165516495705
445,444,Real-World,cutlass-default,FP16,39,256,300,5990400,0.063539,0.007066,8.992754,,True,pass,,0.43121498823165894
446,445,Real-World,cutlass-default,FP16,99,80,512,8110080,0.103219,0.005222,19.764706,,True,pass,,0.4414275884628296
447,446,Real-World,cutlass-default,FP16,174,128,256,11403264,0.054989,0.004557,12.067416,,True,pass,,0.45878051221370697
448,447,Real-World,cutlass-default,FP16,384,2,256,393216,0.054733,0.006144,8.908333,,True,pass,,0.4822568763047457
449,448,Real-World,cutlass-default,FP16,183,10,512,1873920,0.102963,0.00512,20.11,,True,pass,,0.44843410700559616
450,449,Real-World,cutlass-default,FP16,384,4,256,786432,0.054784,0.006195,8.842975,,True,pass,,0.409313902258873
451,450,Real-World,cutlass-default,FP16,100,1,1000,200000,0.319693,0.006195,51.603307,,True,pass,,0.48254087567329407
452,451,Real-World,cutlass-default,FP16,400,80,144,9216000,0.033229,0.004915,6.760416,,True,pass,,0.411209799349308
453,452,Real-World,cutlass-default,FP16,8,312,312,1557504,0.064973,0.008192,7.93125,,True,pass,,0.32149945944547653
454,453,Real-World,cutlass-default,FP16,64,64,769,6299648,0.153242,0.010086,15.192893,,True,pass,,0.3850031513720751
455,454,Real-World,cutlass-default,FP16,32,208,400,5324800,0.081715,0.008602,9.5,,True,pass,,0.3092551790177822
456,455,Real-World,cutlass-default,FP16,1600,16,48,2457600,0.014746,0.008192,1.8,,True,pass,,0.31792899407446384
457,456,Real-World,cutlass-default,FP16,16,256,368,3014656,0.075674,0.008346,9.067484,,True,pass,,0.3649081401526928
458,457,Real-World,cutlass-default,FP16,384,10,256,1966080,0.054374,0.008141,6.679246,,True,pass,,0.3274929467588663
459,458,Real-World,cutlass-default,FP16,25,300,300,4500000,0.063437,0.00896,7.08,,True,pass,,0.33591856621205807
460,459,Real-World,cutlass-default,FP16,192,96,304,11206656,0.063744,0.013773,4.628253,,True,pass,,0.3315245062112808
461,460,Real-World,cutlass-default,FP16,800,48,80,6144000,0.02089,0.008653,2.414201,,True,pass,,0.31951694190502167
462,461,Real-World,cutlass-default,FP16,800,64,64,6553600,0.017971,0.008141,2.207547,,True,pass,,0.32885492593050003
463,462,Real-World,cutlass-default,FP16,102,1024,2,417792,0.007578,0.004915,1.541667,,True,pass,,0.3721163719892502
464,463,Real-World,cutlass-default,FP16,512,80,112,9175040,0.027034,0.007731,3.496689,,True,pass,,0.3229356352239847
465,464,Real-World,cutlass-default,FP16,102,75,564,8629200,0.113715,0.008397,13.542683,,True,pass,,0.3557748068124056
466,465,Real-World,cutlass-default,FP16,138,53,532,7782096,0.107571,0.006656,16.161538,,True,pass,,0.33041959069669247
467,466,Real-World,cutlass-default,FP16,200,10,512,2048000,0.102758,0.008141,12.622641,,True,pass,,0.321289986371994
468,467,Real-World,cutlass-default,FP16,75,200,350,10500000,0.072755,0.008858,8.213873,,True,pass,,0.33044289983808994
469,468,Real-World,cutlass-default,FP16,37,64,1089,5157504,0.21376,0.012339,17.323651,,True,pass,,0.36548292823135853
470,469,Real-World,cutlass-default,FP16,104,128,428,11395072,0.088166,0.007168,12.299999,,True,pass,,0.3227367643266916
471,470,Real-World,cutlass-default,FP16,16,320,320,3276800,0.06656,0.008192,8.125,,True,pass,,0.3320404142141342
472,471,Real-World,cutlass-default,FP16,128,16,768,3145728,0.151398,0.00896,16.897143,,True,pass,,0.3266416434198618
473,472,Real-World,cutlass-default,FP16,128,768,16,3145728,0.008755,0.00809,1.082279,,True,pass,,0.3281437251716852
474,473,Real-World,cutlass-default,FP16,384,128,128,12582912,0.030259,0.009165,3.301676,,True,pass,,0.32015862688422203
475,474,Real-World,cutlass-default,FP16,16,128,784,3211264,0.154573,0.008346,18.521472,,True,pass,,0.36381068266928196
476,475,Real-World,cutlass-default,FP16,138,10,768,2119680,0.151501,0.009062,16.717514,,True,pass,,0.3320906963199377
477,476,Real-World,cutlass-default,FP16,122,64,577,9010432,0.116736,0.008499,13.734939,,True,pass,,0.33113861456513405
478,477,Real-World,cutlass-default,FP16,151,101,400,12200800,0.08192,0.009267,8.839779,,True,pass,,0.3270812872797251
479,478,Real-World,cutlass-default,FP16,62,64,897,7118592,0.177408,0.010854,16.34434,,True,pass,,0.32427722960710526
480,479,Real-World,cutlass-default,FP16,137,10,800,2192000,0.157542,0.008397,18.762195,,True,pass,,0.3267010226845741
481,480,Real-World,cutlass-default,FP16,154,768,2,473088,0.007885,0.005581,1.412844,,True,pass,,0.34934001974761486
482,481,Real-World,cutlass-default,FP16,64,208,400,10649600,0.081766,0.008243,9.919255,,True,pass,,0.323793925344944
483,482,Real-World,cutlass-default,FP16,928,64,64,7602176,0.017869,0.008192,2.18125,,True,pass,,0.32759127393364906
484,483,Real-World,cutlass-default,FP16,157,64,512,10289152,0.102963,0.00809,12.727848,,True,pass,,0.3235598560422659
485,484,Real-World,cutlass-default,FP16,116,4,1024,950272,0.199936,0.008806,22.703488,,True,pass,,0.34149445220828056
486,485,Real-World,cutlass-default,FP16,190,312,128,15175680,0.030464,0.01152,2.644444,,True,pass,,0.6515136528760195
487,486,Real-World,cutlass-default,FP16,30,30,2048,3686400,0.39424,0.027392,14.392523,,True,pass,,0.3366820868104696
488,487,Real-World,cutlass-default,FP16,16,16,4032,2064384,0.77097,0.027955,27.578753,,True,pass,,0.34312543272972107
489,488,Real-World,cutlass-default,FP16,1025,43,80,7052000,0.02089,0.00809,2.582279,,True,pass,,0.3234348390251398
490,489,Real-World,cutlass-default,FP16,112,16,1008,3612672,0.196864,0.00855,23.023951,,True,pass,,0.3320215046405792
491,490,Real-World,cutlass-default,FP16,155,13,768,3095040,0.15145,0.008602,17.607143,,True,pass,,0.33479807153344154
492,491,Real-World,cutlass-default,FP16,16,16,4096,2097152,0.783258,0.032256,24.282538,,True,pass,,0.38177380338311195
493,492,Real-World,cutlass-default,FP16,80,208,400,13312000,0.081766,0.00809,10.107596,,True,pass,,0.32616826333105564
494,493,Real-World,cutlass-default,FP16,61,64,1025,8003200,0.201677,0.01111,18.152074,,True,pass,,0.3336755894124508
495,494,Real-World,cutlass-default,FP16,128,4,1024,1048576,0.199936,0.008499,23.524096,,True,pass,,0.3289158474653959
496,495,Real-World,cutlass-default,FP16,164,5,800,1312000,0.157542,0.008806,17.889534,,True,pass,,0.33746145106852055
497,496,Real-World,cutlass-default,FP16,64,312,312,12460032,0.06528,0.008192,7.96875,,True,pass,,0.32859138771891594
498,497,Real-World,cutlass-default,FP16,608,16,208,4046848,0.045363,0.008192,5.5375,,True,pass,,0.3569701202213764
499,498,Real-World,cutlass-default,FP16,208,48,512,10223616,0.102963,0.012646,8.141701,,True,pass,,0.33566470444202423
500,499,Real-World,cutlass-default,FP16,16,512,256,4194304,0.054323,0.008294,6.549383,,True,pass,,0.32704166509211063
501,500,Real-World,cutlass-default,FP16,256,16,512,4194304,0.102758,0.00855,12.017963,,True,pass,,0.3280757088214159
502,501,Real-World,cutlass-default,FP16,16,256,512,4194304,0.103014,0.008704,11.835294,,True,pass,,0.3290345277637243
503,502,Real-World,cutlass-default,FP16,800,112,64,11468800,0.017971,0.00809,2.221519,,True,pass,,0.3230155687779188
504,503,Real-World,cutlass-default,FP16,64,512,202,13238272,0.045414,0.005939,7.646552,,True,pass,,0.3625791519880295
505,504,Real-World,cutlass-default,FP16,179,200,300,21480000,0.064,0.005786,11.061946,,True,pass,,0.3302121590822935
506,505,Real-World,cutlass-default,FP16,128,1024,16,4194304,0.008806,0.008397,1.048781,,True,pass,,0.3136635683476925
507,506,Real-World,cutlass-default,FP16,128,16,1024,4194304,0.199834,0.010445,19.132353,,True,pass,,0.34083033725619316
508,507,Real-World,cutlass-default,FP16,736,96,96,13565952,0.024269,0.011878,2.043103,,True,pass,,0.36280672065913677
509,508,Real-World,cutlass-default,FP16,208,400,112,18636800,0.027443,0.009728,2.821053,,True,pass,,0.3378901965916157
510,509,Real-World,cutlass-default,FP16,87,312,312,16937856,0.065229,0.00809,8.063292,,True,pass,,0.3689767252653837
511,510,Real-World,cutlass-default,FP16,148,1,1024,303104,0.199936,0.009062,22.062147,,True,pass,,0.3345562480390072
512,511,Real-World,cutlass-default,FP16,1000,50,100,10000000,0.025702,0.00512,5.02,,True,pass,,0.47177338413894176
513,512,Real-World,cutlass-default,FP16,32,256,512,8388608,0.240896,0.005837,41.271931,,True,pass,,0.5741607267409563
514,513,Real-World,cutlass-default,FP16,5,512,300,1536000,0.070246,0.007731,9.086093,,True,pass,,0.6299292873591185
515,514,Real-World,cutlass-default,FP16,5,300,512,1536000,0.104038,0.005274,19.728157,,True,pass,,0.5502099320292473
516,515,Real-World,cutlass-default,FP16,86,384,274,18097152,0.059136,0.006349,9.314516,,True,pass,,0.5529353283345699
517,516,Real-World,cutlass-default,FP16,91,63,1024,11741184,0.322867,0.006349,50.85484,,True,pass,,0.5071634724736214
518,517,Real-World,cutlass-default,FP16,140,288,288,23224320,0.060928,0.005018,12.142857,,True,pass,,0.4735713414847851
519,518,Real-World,cutlass-default,FP16,16,208,720,4792320,0.266189,0.005632,47.263634,,True,pass,,0.48844579607248306
520,519,Real-World,cutlass-default,FP16,160,1,1024,327680,0.218419,0.006451,33.857142,,True,pass,,0.4438649583607912
521,520,Real-World,cutlass-default,FP16,101,64,961,12423808,0.207667,0.011674,17.789474,,True,pass,,0.4295904263854027
522,521,Real-World,cutlass-default,FP16,30,128,1024,7864320,0.324301,0.006451,50.26984,,True,pass,,0.41876600682735443
523,522,Real-World,cutlass-default,FP16,126,1024,32,8257536,0.012186,0.004864,2.505263,,True,pass,,0.4183578621596098
524,523,Real-World,cutlass-default,FP16,151,10,1024,3092480,0.217037,0.006349,34.185484,,True,pass,,0.43280950747430325
525,524,Real-World,cutlass-default,FP16,1,864,192,331776,0.04224,0.005786,7.300885,,True,pass,,0.4596029557287693
526,525,Real-World,cutlass-default,FP16,1,192,864,331776,0.187034,0.005939,31.491379,,True,pass,,0.43711700290441513
527,526,Real-World,cutlass-default,FP16,32,128,1024,8388608,0.296653,0.006349,46.725806,,True,pass,,0.4356241412460804
528,527,Real-World,cutlass-default,FP16,32,1024,128,8388608,0.030259,0.004659,6.494506,,True,pass,,0.4451740086078644
529,528,Real-World,cutlass-default,FP16,78,768,128,15335424,0.030362,0.005069,5.989899,,True,pass,,0.47887213341891766
530,529,Real-World,cutlass-default,FP16,49,256,512,12845056,0.103014,0.00553,18.629629,,True,pass,,0.5273076798766851
531,530,Real-World,cutlass-default,FP16,32,10,4032,2580480,1.479936,1.046221,1.414554,,True,pass,,0.5472728200256824
532,531,Real-World,cutlass-default,FP16,128,256,361,23658496,0.076083,0.008858,8.589596,,True,pass,,0.44134686328470707
533,532,Real-World,cutlass-default,FP16,256,208,256,27262976,0.054733,0.004864,11.252631,,True,pass,,0.48114212043583393
534,533,Real-World,cutlass-default,FP16,167,512,128,21889024,0.030515,0.005274,5.786408,,True,pass,,0.5119636058807373
535,534,Real-World,cutlass-default,FP16,25,512,300,7680000,0.064102,0.005427,11.811321,,True,pass,,0.4412428494542837
536,535,Real-World,cutlass-default,FP16,25,300,512,7680000,0.103014,0.005376,19.161904,,True,pass,,0.4836418367922306
537,536,Real-World,cutlass-default,FP16,64,1024,100,13107200,0.025754,0.005018,5.132653,,True,pass,,0.4354320112615824
538,537,Real-World,cutlass-default,FP16,96,96,864,15925248,0.274176,0.006195,44.2562,,True,pass,,0.5137173756957054
539,538,Real-World,cutlass-default,FP16,136,256,361,25137152,0.076902,0.008858,8.682081,,True,pass,,0.48539063334465027
540,539,Real-World,cutlass-default,FP16,368,96,304,21479424,0.063846,0.005171,12.346534,,True,pass,,0.5072331074625254
541,540,Real-World,cutlass-default,FP16,512,320,16,5242880,0.008858,0.004454,1.988506,,True,pass,,0.4349095206707716
542,541,Real-World,cutlass-default,FP16,28,257,600,8635200,0.24361,0.00553,44.055555,,True,pass,,0.4399367105215788
543,542,Real-World,cutlass-default,FP16,94,120,784,17687040,0.278784,0.005888,47.347823,,True,pass,,0.431038785725832
544,543,Real-World,cutlass-default,FP16,160,208,400,26624000,0.082022,0.005171,15.861386,,True,pass,,0.46901098266243935
545,544,Real-World,cutlass-default,FP16,199,64,641,16327552,0.252826,0.010138,24.939394,,True,pass,,0.4350390415638685
546,545,Real-World,cutlass-default,FP16,175,2,1024,716800,0.324096,0.0064,50.639996,,True,pass,,0.43253340758383274
547,546,Real-World,cutlass-default,FP16,800,16,208,5324800,0.045414,0.004915,9.239583,,True,pass,,0.4933301620185375
548,547,Real-World,cutlass-default,FP16,128,320,320,26214400,0.066816,0.00512,13.050001,,True,pass,,0.4206871371716261
549,548,Real-World,cutlass-default,FP16,64,1024,110,14417920,0.027034,0.004864,5.557895,,True,pass,,0.488904757425189
550,549,Real-World,cutlass-default,FP16,16,128,1280,5242880,0.497818,0.007117,69.949644,,True,pass,,0.46019199676811695
551,550,Real-World,cutlass-default,FP16,64,1024,112,14680064,0.027136,0.004966,5.463918,,True,pass,,0.45360356383025646
552,551,Real-World,cutlass-default,FP16,131,100,764,20016800,0.275917,0.007834,35.222221,,True,pass,,0.4431988559663296
553,552,Real-World,cutlass-default,FP16,152,64,833,16206848,0.290253,0.01065,27.254808,,True,pass,,0.44220290146768093
554,553,Real-World,cutlass-default,FP16,800,80,144,18432000,0.033126,0.00599,5.529914,,True,pass,,0.43237424828112125
555,554,Real-World,cutlass-default,FP16,80,512,256,20971520,0.054374,0.004915,11.0625,,True,pass,,0.4716989602893591
556,555,Real-World,cutlass-default,FP16,32,256,640,10485760,0.127488,0.005478,23.271029,,True,pass,,0.44103752449154854
557,556,Real-World,cutlass-default,FP16,208,256,304,32374784,0.064,0.01065,6.009615,,True,pass,,0.32759401574730873
558,557,Real-World,cutlass-default,FP16,35,256,640,11468800,0.127283,0.00855,14.886227,,True,pass,,0.34390914253890514
559,558,Real-World,cutlass-default,FP16,192,200,400,30720000,0.081869,0.00809,10.120253,,True,pass,,0.3300761841237545
560,559,Real-World,cutlass-default,FP16,16,112,1536,5505024,0.297216,0.008704,34.14706,,True,pass,,0.3209972605109215
561,560,Real-World,cutlass-default,FP16,256,768,2,786432,0.007424,0.006042,1.228814,,True,pass,,0.32785314694046974
562,561,Real-World,cutlass-default,FP16,179,128,576,26394624,0.115763,0.012032,9.621277,,True,pass,,0.3958812430500984
563,562,Real-World,cutlass-default,FP16,200,400,200,32000000,0.044186,0.008141,5.427673,,True,pass,,0.33560007624328136
564,563,Real-World,cutlass-default,FP16,3025,3,64,1161600,0.017818,0.00809,2.202532,,True,pass,,0.3453066758811474
565,564,Real-World,cutlass-default,FP16,196,300,300,35280000,0.063949,0.006042,10.584745,,True,pass,,0.35270160622894764
566,565,Real-World,cutlass-default,FP16,1600,48,80,12288000,0.020941,0.008192,2.55625,,True,pass,,0.33812637627124786
567,566,Real-World,cutlass-default,FP16,1600,64,64,13107200,0.017971,0.008243,2.180124,,True,pass,,0.36323343962430954
568,567,Real-World,cutlass-default,FP16,208,208,400,34611200,0.081971,0.008602,9.529762,,True,pass,,0.3366422485560179
569,568,Real-World,cutlass-default,FP16,1000,100,100,20000000,0.025907,0.006861,3.776119,,True,pass,,0.317245876416564
570,569,Real-World,cutlass-default,FP16,16,512,384,6291456,0.078694,0.009421,8.35326,,True,pass,,0.3515993934124708
571,570,Real-World,cutlass-default,FP16,128,768,128,25165824,0.03031,0.00809,3.746836,,True,pass,,0.3170202560722828
572,571,Real-World,cutlass-default,FP16,256,768,16,6291456,0.008858,0.008243,1.074534,,True,pass,,0.32926627062261105
573,572,Real-World,cutlass-default,FP16,174,400,256,35635200,0.05504,0.00855,6.437126,,True,pass,,0.35768455080688
574,573,Real-World,cutlass-default,FP16,16,256,784,6422528,0.154726,0.010496,14.741463,,True,pass,,0.33467794954776764
575,574,Real-World,cutlass-default,FP16,408,312,128,32587776,0.030515,0.008192,3.725,,True,pass,,0.3295288626104593
576,575,Real-World,cutlass-default,FP16,1,864,256,442368,0.054323,0.008141,6.672956,,True,pass,,0.3338842373341322
577,576,Real-World,cutlass-default,FP16,51,4,4096,1671168,0.781875,0.031642,24.710356,,True,pass,,0.3419023472815752
578,577,Real-World,cutlass-default,FP16,127,64,1153,18743168,0.226048,0.0128,17.659999,,True,pass,,0.3217880502343178
579,578,Real-World,cutlass-default,FP16,78,512,320,25559040,0.066765,0.008141,8.201258,,True,pass,,0.3576369434595108
580,579,Real-World,cutlass-default,FP16,1008,16,208,6709248,0.045158,0.008192,5.5125,,True,pass,,0.329105194658041
581,580,Real-World,cutlass-default,FP16,128,256,512,33554432,0.103219,0.008909,11.586207,,True,pass,,0.31745956279337406
582,581,Real-World,cutlass-default,FP16,31,80,2048,10158080,0.394701,0.027802,14.197053,,True,pass,,0.3216349892318249
583,582,Real-World,cutlass-default,FP16,208,1024,16,6815744,0.008909,0.008141,1.09434,,True,pass,,0.325544323772192
584,583,Real-World,cutlass-default,FP16,110,5,2048,2252800,0.393882,0.026624,14.794231,,True,pass,,0.3353061620146036
585,584,Real-World,cutlass-default,FP16,101,200,720,29088000,0.142746,0.008346,17.104294,,True,pass,,0.3209427632391453
586,585,Real-World,cutlass-default,FP16,256,208,400,42598400,0.082125,0.012339,6.655602,,True,pass,,0.3327941242605448
587,586,Real-World,cutlass-default,FP16,2544,64,30,9768960,0.01193,0.005376,2.219048,,True,pass,,0.3288415912538767
588,587,Real-World,cutlass-default,FP16,114,4,2048,1867776,0.393984,0.027853,14.145221,,True,pass,,0.3400844894349575
589,588,Real-World,cutlass-default,FP16,3040,16,64,6225920,0.017971,0.008704,2.064706,,True,pass,,0.3128217179328203
590,589,Real-World,cutlass-default,FP16,400,48,512,19660800,0.102963,0.008038,12.808917,,True,pass,,0.331094715744257
591,590,Real-World,cutlass-default,FP16,400,400,112,35840000,0.02729,0.008397,3.25,,True,pass,,0.31770907901227474
592,591,Real-World,cutlass-default,FP16,103,1024,128,27000832,0.030413,0.008346,3.644172,,True,pass,,0.32117852196097374
593,592,Real-World,cutlass-default,FP16,159,256,512,41680896,0.103526,0.008141,12.716981,,True,pass,,0.3096341732889414
594,593,Real-World,cutlass-default,FP16,256,128,576,37748736,0.115302,0.008243,13.987577,,True,pass,,0.3252086415886879
595,594,Real-World,cutlass-default,FP16,960,128,128,31457280,0.030259,0.008294,3.648148,,True,pass,,0.3734305389225483
596,595,Real-World,cutlass-default,FP16,147,10,1664,4892160,0.32128,0.008755,36.695905,,True,pass,,0.33281439542770386
597,596,Real-World,cutlass-default,FP16,320,768,16,7864320,0.009062,0.00809,1.120253,,True,pass,,0.3295308966189623
598,597,Real-World,cutlass-default,FP16,149,32,1433,13665088,0.278886,0.014797,18.847751,,True,pass,,0.3283420726656914
599,598,Real-World,cutlass-default,FP16,35,128,1600,14336000,0.309453,0.008499,36.409639,,True,pass,,0.33577055484056473
600,599,Real-World,cutlass-default,FP16,512,320,128,41943040,0.03031,0.008346,3.631902,,True,pass,,0.31552583165466785
601,600,Real-World,cutlass-default,FP16,1200,16,208,7987200,0.045312,0.011418,3.96861,,True,pass,,0.35588934272527695
602,601,Real-World,cutlass-default,FP16,197,14,1280,7060480,0.248832,0.012493,19.918034,,True,pass,,0.3530880846083164
603,602,Real-World,cutlass-default,FP16,320,208,400,53248000,0.082227,0.008141,10.100629,,True,pass,,0.3299476709216833
604,603,Real-World,cutlass-default,FP16,16,512,512,8388608,0.102861,0.008499,12.102409,,True,pass,,0.33498140051960945
605,604,Real-World,cutlass-default,FP16,256,16,1024,8388608,0.199834,0.008397,23.79878,,True,pass,,0.33946044743061066
606,605,Real-World,cutlass-default,FP16,16,368,736,8667136,0.145459,0.008499,17.114458,,True,pass,,0.32762561179697514
607,606,Real-World,cutlass-default,FP16,1600,112,64,22937600,0.018074,0.008243,2.192547,,True,pass,,0.3234606459736824
608,607,Real-World,cutlass-default,FP16,16,2000,128,8192000,0.030208,0.008141,3.710692,,True,pass,,0.32979124411940575
609,608,Real-World,cutlass-default,FP16,87,256,784,34922496,0.154726,0.008499,18.204819,,True,pass,,0.3239822331815958
610,609,Real-World,cutlass-default,FP16,169,52,1280,22497280,0.248781,0.009472,26.264865,,True,pass,,0.33987136371433735
611,610,Real-World,cutlass-default,FP16,168,101,1024,34750464,0.200294,0.008602,23.285714,,True,pass,,0.34999558702111244
612,611,Real-World,cutlass-default,FP16,24,256,1024,12582912,0.20009,0.00855,23.401197,,True,pass,,0.34208558313548565
613,612,Real-World,cutlass-default,FP16,191,81,1024,31684608,0.200192,0.008499,23.554217,,True,pass,,0.33004293218255043
614,613,Real-World,cutlass-default,FP16,93,128,1280,30474240,0.249037,0.008755,28.444442,,True,pass,,0.3345018718391657
615,614,Real-World,cutlass-default,FP16,32,512,512,16777216,0.10281,0.008192,12.55,,True,pass,,0.31987738981842995
616,615,Real-World,cutlass-default,FP16,32,512,515,16875520,0.104448,0.009011,11.590909,,True,pass,,0.33563175424933434
617,616,Real-World,cutlass-default,FP16,145,128,1024,38010880,0.200755,0.00855,23.47904,,True,pass,,0.34268826991319656
618,617,Real-World,cutlass-default,FP16,1,620,500,620000,0.101427,0.00855,11.862275,,True,pass,,0.3219150137156248
619,618,Real-World,cutlass-default,FP16,128,512,384,50331648,0.078848,0.008141,9.685534,,True,pass,,0.33331276290118694
620,619,Real-World,cutlass-default,FP16,384,128,512,50331648,0.103066,0.007987,12.903846,,True,pass,,0.33593912795186043
621,620,Real-World,cutlass-default,FP16,384,512,128,50331648,0.030157,0.008294,3.635803,,True,pass,,0.3185381777584553
622,621,Real-World,cutlass-default,FP16,384,768,16,9437184,0.009062,0.008243,1.099379,,True,pass,,0.33553964272141457
623,622,Real-World,cutlass-default,FP16,149,600,300,53640000,0.064,0.00855,7.48503,,True,pass,,0.4124266002327204
624,623,Real-World,cutlass-default,FP16,98,101,1536,30406656,0.297472,0.009267,32.099448,,True,pass,,0.41106815822422504
625,624,Real-World,cutlass-default,FP16,16,256,1152,9437184,0.224358,0.008499,26.39759,,True,pass,,0.3363167233765125
626,625,Real-World,cutlass-default,FP16,57,512,512,29884416,0.103014,0.00809,12.734177,,True,pass,,0.32900048792362213
627,626,Real-World,cutlass-default,FP16,736,96,304,42958848,0.063744,0.008192,7.781251,,True,pass,,0.3202030621469021
628,627,Real-World,cutlass-default,FP16,400,208,400,66560000,0.08192,0.00855,9.580838,,True,pass,,0.3265027329325676
629,628,Real-World,cutlass-default,FP16,64,512,512,33554432,0.102963,0.008141,12.647798,,True,pass,,0.3319653104990721
630,629,Real-World,cutlass-default,FP16,2544,64,64,20840448,0.018074,0.010496,1.721951,,True,pass,,0.34181712940335274
631,630,Real-World,cutlass-default,FP16,1,1728,192,663552,0.042138,0.008346,5.04908,,True,pass,,0.3287896905094385
632,631,Real-World,cutlass-default,FP16,1,192,1728,663552,0.333824,0.00855,39.041914,,True,pass,,0.3333075400441885
633,632,Real-World,cutlass-default,FP16,16,624,512,10223616,0.10281,0.008346,12.319018,,True,pass,,0.30167456716299057
634,633,Real-World,cutlass-default,FP16,176,32,1600,18022400,0.309402,0.008499,36.403616,,True,pass,,0.33492179587483406
635,634,Real-World,cutlass-default,FP16,1504,16,208,10010624,0.045312,0.008346,5.429448,,True,pass,,0.3368441164493561
636,635,Real-World,cutlass-default,FP16,149,16,2048,9764864,0.394496,0.027546,14.321561,,True,pass,,0.3547941483557224
637,636,Real-World,cutlass-default,FP16,20,800,400,12800000,0.081766,0.010803,7.56872,,True,pass,,0.3599652498960495
638,637,Real-World,cutlass-default,FP16,384,128,576,56623104,0.115251,0.009216,12.505555,,True,pass,,0.346497505903244
639,638,Real-World,cutlass-default,FP16,82,512,512,42991616,0.103168,0.011264,9.159091,,True,pass,,0.3392792325466871
640,639,Real-World,cutlass-default,FP16,1024,320,16,10485760,0.008858,0.008448,1.048485,,True,pass,,0.32967450842261314
641,640,Real-World,cutlass-default,FP16,16,576,576,10616832,0.115251,0.011776,9.786956,,True,pass,,0.3396986909210682
642,641,Real-World,cutlass-default,FP16,34,512,610,21237760,0.122829,0.010803,11.369668,,True,pass,,0.379147132858634
643,642,Real-World,cutlass-default,FP16,408,312,312,79432704,0.065587,0.008038,8.159235,,True,pass,,0.33787767961621284
644,643,Real-World,cutlass-default,FP16,32,800,400,20480000,0.081664,0.010291,7.935323,,True,pass,,0.31816164404153824
645,644,Real-World,cutlass-default,FP16,165,10,2048,6758400,0.39424,0.02985,13.207547,,True,pass,,0.3444428890943527
646,645,Real-World,cutlass-default,FP16,1600,16,208,10649600,0.045363,0.010752,4.219048,,True,pass,,0.35390257090330124
647,646,Real-World,cutlass-default,FP16,32,512,640,20971520,0.188262,0.005581,33.733945,,True,pass,,0.5050980225205421
648,647,Real-World,cutlass-default,FP16,192,192,864,63700992,0.206541,0.006963,29.661764,,True,pass,,0.49230790324509144
649,648,Real-World,cutlass-default,FP16,1600,80,144,36864000,0.03584,0.005888,6.086956,,True,pass,,0.556351276114583
650,649,Real-World,cutlass-default,FP16,1,160,2304,737280,1.001933,2.486118,0.403011,,True,pass,,0.6694708708673716
651,650,Real-World,cutlass-default,FP16,166,80,1536,40796160,0.732211,0.009318,78.576923,,True,pass,,0.5903461240231991
652,651,Real-World,cutlass-default,FP16,128,512,512,67108864,0.10327,0.006502,15.881889,,True,pass,,0.4759594760835171
653,652,Real-World,cutlass-default,FP16,128,362,722,66909184,0.268595,0.010086,26.629441,,True,pass,,0.44172729924321175
654,653,Real-World,cutlass-default,FP16,108,1025,256,56678400,0.054784,0.005837,9.385965,,True,pass,,0.4413538593798876
655,654,Real-World,cutlass-default,FP16,128,1502,128,49217536,0.030157,0.007834,3.849673,,True,pass,,0.4744899980723858
656,655,Real-World,cutlass-default,FP16,256,112,1024,58720256,0.301773,0.007117,42.40288,,True,pass,,0.5004761889576912
657,656,Real-World,cutlass-default,FP16,103,91,2048,38391808,0.524544,0.008858,59.219656,,True,pass,,0.5006496999412775
658,657,Real-World,cutlass-default,FP16,66,576,576,43794432,0.133171,0.006298,21.146341,,True,pass,,0.4462145362049341
659,658,Real-World,cutlass-default,FP16,12800,16,16,6553600,0.009165,0.004506,2.034091,,True,pass,,0.43439817428588867
660,659,Real-World,cutlass-default,FP16,112,96,1920,41287680,0.530022,0.008704,60.894116,,True,pass,,0.47427040711045265
661,660,Real-World,cutlass-default,FP16,512,768,16,12582912,0.00896,0.005734,1.5625,,True,pass,,0.448216937482357
662,661,Real-World,cutlass-default,FP16,3200,64,64,26214400,0.018074,0.006144,2.941667,,True,pass,,0.48781048506498337
663,662,Real-World,cutlass-default,FP16,256,1000,128,65536000,0.030259,0.007936,3.812903,,True,pass,,0.45618718303740025
664,663,Real-World,cutlass-default,FP16,1,16,24576,786432,8.253491,0.946637,8.718752,,True,pass,,0.6624726727604866
665,664,Real-World,cutlass-default,FP16,1,24576,16,786432,0.014234,0.0064,2.224,,True,pass,,0.44077940471470356
666,665,Real-World,cutlass-default,FP16,50,600,600,36000000,0.242278,0.007731,31.337749,,True,pass,,0.44871898368000984
667,666,Real-World,cutlass-default,FP16,69,324,1024,45785088,0.32471,0.006656,48.784614,,True,pass,,0.46345716901123524
668,667,Real-World,cutlass-default,FP16,76,257,1217,47540888,0.369766,0.017408,21.241177,,True,pass,,0.5098958238959312
669,668,Real-World,cutlass-default,FP16,512,320,320,104857600,0.066765,0.006246,10.688525,,True,pass,,0.5012045670300722
670,669,Real-World,cutlass-default,FP16,181,2048,29,21499904,0.012544,0.0064,1.96,,True,pass,,0.5070340391248465
671,670,Real-World,cutlass-default,FP16,112,96,2048,44040192,0.674918,0.008909,75.758622,,True,pass,,0.558133551850915
672,671,Real-World,cutlass-default,FP16,384,768,128,75497472,0.03031,0.008243,3.677019,,True,pass,,0.49947803653776646
673,672,Real-World,cutlass-default,FP16,2000,16,208,13312000,0.045158,0.00471,9.586957,,True,pass,,0.45919617265462875
674,673,Real-World,cutlass-default,FP16,608,208,400,101171200,0.082022,0.006707,12.229008,,True,pass,,0.5036904513835907
675,674,Real-World,cutlass-default,FP16,800,400,112,71680000,0.02729,0.007117,3.834532,,True,pass,,0.49521652422845364
676,675,Real-World,cutlass-default,FP16,192,362,722,100363776,0.249907,0.010394,24.044335,,True,pass,,0.5078349970281124
677,676,Real-World,cutlass-default,FP16,800,48,512,39321600,0.102861,0.005632,18.263636,,True,pass,,0.5091608110815287
678,677,Real-World,cutlass-default,FP16,128,256,1152,75497472,0.471859,0.00768,61.439999,,True,pass,,0.5197201892733574
679,678,Real-World,cutlass-default,FP16,141,512,640,92405760,0.252058,0.009984,25.246154,,True,pass,,0.5164560433477163
680,679,Real-World,cutlass-default,FP16,16,32,10240,10485760,3.522099,1.028864,3.423289,,True,pass,,0.6114802081137896
681,680,Real-World,cutlass-default,FP16,1024,320,128,83886080,0.03031,0.008141,3.723271,,True,pass,,0.503269799053669
682,681,Real-World,cutlass-default,FP16,78,512,784,62619648,0.171981,0.007731,22.245033,,True,pass,,0.5034270025789738
683,682,Real-World,cutlass-default,FP16,78,1248,312,60742656,0.06528,0.009165,7.122905,,True,pass,,0.49375380389392376
684,683,Real-World,cutlass-default,FP16,640,768,16,15728640,0.009011,0.005837,1.54386,,True,pass,,0.5192923527210951
685,684,Real-World,cutlass-default,FP16,3200,128,32,26214400,0.012134,0.005171,2.346535,,True,pass,,0.4990908596664667
686,685,Real-World,cutlass-default,FP16,86,312,1248,66972672,0.467046,0.007885,59.233769,,True,pass,,0.5431166738271713
687,686,Real-World,cutlass-default,FP16,256,512,512,134217728,0.103219,0.007731,13.350993,,True,pass,,0.4843752831220627
688,687,Real-World,cutlass-default,FP16,1,1024,512,1048576,0.103168,0.005376,19.190476,,True,pass,,0.48167037032544613
689,688,Real-World,cutlass-default,FP16,800,256,304,124518400,0.063898,0.006554,9.75,,True,pass,,0.4892122149467468
690,689,Real-World,cutlass-default,FP16,32,512,960,31457280,0.188109,0.008653,21.739644,,True,pass,,0.43678039126098156
691,690,Real-World,cutlass-default,FP16,16,1008,512,16515072,0.10281,0.00809,12.708861,,True,pass,,0.3521687611937523
692,691,Real-World,cutlass-default,FP16,384,512,384,150994944,0.078848,0.008448,9.333333,,True,pass,,0.3341256882995367
693,692,Real-World,cutlass-default,FP16,2400,16,208,15974400,0.045158,0.008294,5.444445,,True,pass,,0.3870173506438732
694,693,Real-World,cutlass-default,FP16,32,100,4096,26214400,0.782541,0.028058,27.890512,,True,pass,,0.35086088441312313
695,694,Real-World,cutlass-default,FP16,512,1024,16,16777216,0.009062,0.010189,0.889447,,True,pass,,0.3485858906060457
696,695,Real-World,cutlass-default,FP16,512,16,1024,16777216,0.199936,0.009114,21.938202,,True,pass,,0.36134221963584423
697,696,Real-World,cutlass-default,FP16,16,512,1024,16777216,0.200038,0.010547,18.966021,,True,pass,,0.4205429684370756
698,697,Real-World,cutlass-default,FP16,512,768,128,100663296,0.030413,0.00855,3.556886,,True,pass,,0.3638597112149
699,698,Real-World,cutlass-default,FP16,142,1999,128,72667648,0.030771,0.00896,3.434286,,True,pass,,0.3347759209573269
700,699,Real-World,cutlass-default,FP16,192,256,1152,113246208,0.224717,0.009114,24.657304,,True,pass,,0.34751137904822826
701,700,Real-World,cutlass-default,FP16,2512,16,208,16719872,0.045363,0.010189,4.452261,,True,pass,,0.3695309478789568
702,701,Real-World,cutlass-default,FP16,928,64,512,60817408,0.103066,0.008038,12.821656,,True,pass,,0.3476777598261833
703,702,Real-World,cutlass-default,FP16,928,512,64,60817408,0.018278,0.010957,1.668224,,True,pass,,0.33858335949480534
704,703,Real-World,cutlass-default,FP16,195,256,1152,115015680,0.225024,0.009114,24.691012,,True,pass,,0.36473292484879494
705,704,Real-World,cutlass-default,FP16,800,208,400,133120000,0.082022,0.008448,9.70909,,True,pass,,0.338939655572176
706,705,Real-World,cutlass-default,FP16,3200,112,64,45875200,0.018227,0.00855,2.131736,,True,pass,,0.38831914588809013
707,706,Real-World,cutlass-default,FP16,32,512,1024,33554432,0.200192,0.008704,23.0,,True,pass,,0.33625386096537113
708,707,Real-World,cutlass-default,FP16,41,512,1024,42991616,0.200141,0.008602,23.267858,,True,pass,,0.33956487476825714
709,708,Real-World,cutlass-default,FP16,1,768,768,1179648,0.151552,0.008294,18.271605,,True,pass,,0.3383282795548439
710,709,Real-World,cutlass-default,FP16,32,256,2048,33554432,0.394445,0.010342,38.138615,,True,pass,,0.35199266113340855
711,710,Real-World,cutlass-default,FP16,32,2048,256,33554432,0.054426,0.008448,6.442424,,True,pass,,0.33401390351355076
712,711,Real-World,cutlass-default,FP16,128,320,1248,102236160,0.242842,0.009267,26.204421,,True,pass,,0.34810543060302734
713,712,Real-World,cutlass-default,FP16,128,1248,320,102236160,0.066765,0.009626,6.93617,,True,pass,,0.33271053805947304
714,713,Real-World,cutlass-default,FP16,2000,1,300,1200000,0.063488,0.007578,8.378378,,True,pass,,0.3487319704145193
715,714,Real-World,cutlass-default,FP16,158,800,500,126400000,0.10199,0.009574,10.652407,,True,pass,,0.3343948405236006
716,715,Real-World,cutlass-default,FP16,16,768,768,18874368,0.151603,0.008448,17.945454,,True,pass,,0.3364331293851137
717,716,Real-World,cutlass-default,FP16,62,1024,512,65011712,0.102861,0.008243,12.47826,,True,pass,,0.35618886910378933
718,717,Real-World,cutlass-default,FP16,1,1000,620,1240000,0.124262,0.006963,17.845589,,True,pass,,0.3370597045868635
719,718,Real-World,cutlass-default,FP16,32,768,768,37748736,0.151706,0.008704,17.429412,,True,pass,,0.3385035004466772
720,719,Real-World,cutlass-default,FP16,2000,16,304,19456000,0.063539,0.008038,7.904459,,True,pass,,0.3351927362382412
721,720,Real-World,cutlass-default,FP16,16,800,784,20070400,0.154624,0.010957,14.112149,,True,pass,,0.3544954415410757
722,721,Real-World,cutlass-default,FP16,16,1008,624,20127744,0.124365,0.00809,15.373419,,True,pass,,0.3459520060569048
723,722,Real-World,cutlass-default,FP16,32,32,10240,20971520,1.946573,0.034048,57.171431,,True,pass,,0.379666805267334
724,723,Real-World,cutlass-default,FP16,22,800,784,27596800,0.154624,0.011059,13.981481,,True,pass,,0.34278844110667706
725,724,Real-World,cutlass-default,FP16,16,800,800,20480000,0.157798,0.011162,14.137614,,True,pass,,0.34340307116508484
726,725,Real-World,cutlass-default,FP16,1,1728,384,1327104,0.078643,0.008192,9.600001,,True,pass,,0.33826168067753315
727,726,Real-World,cutlass-default,FP16,1,384,1728,1327104,0.333824,0.00855,39.041914,,True,pass,,0.38753929547965527
728,727,Real-World,cutlass-default,FP16,78,700,800,87360000,0.157747,0.009114,17.308988,,True,pass,,0.3772139772772789
729,728,Real-World,cutlass-default,FP16,1000,400,200,160000000,0.044339,0.007475,5.931507,,True,pass,,0.5287306383252144
730,729,Real-World,cutlass-default,FP16,64,768,768,75497472,0.23511,0.00681,34.526318,,True,pass,,0.44756801053881645
731,730,Real-World,cutlass-default,FP16,2048,320,16,20971520,0.009114,0.006656,1.369231,,True,pass,,0.493357228115201
732,731,Real-World,cutlass-default,FP16,1008,208,400,167731200,0.082227,0.007475,11.0,,True,pass,,0.47836774587631226
733,732,Real-World,cutlass-default,FP16,192,192,1728,127401984,0.389018,0.00937,41.519127,,True,pass,,0.4369654655456543
734,733,Real-World,cutlass-default,FP16,3200,16,208,21299200,0.045722,0.005069,9.020202,,True,pass,,0.5118810441344976
735,734,Real-World,cutlass-default,FP16,94,256,2048,98566144,0.555213,0.009011,61.613634,,True,pass,,0.46561091020703316
736,735,Real-World,cutlass-default,FP16,32,672,1024,44040192,0.217958,0.006502,33.519684,,True,pass,,0.5152467023581266
737,736,Real-World,cutlass-default,FP16,1024,320,320,209715200,0.067072,0.007322,9.160839,,True,pass,,0.4961193725466728
738,737,Real-World,cutlass-default,FP16,164,1000,512,167936000,0.103475,0.007014,14.751825,,True,pass,,0.4547460675239563
739,738,Real-World,cutlass-default,FP16,74,300,2000,88800000,0.441702,0.009165,48.195534,,True,pass,,0.46749124862253666
740,739,Real-World,cutlass-default,FP16,6050,1,128,1548800,0.03031,0.005018,6.040817,,True,pass,,0.5011966098099947
741,740,Real-World,cutlass-default,FP16,256,112,2048,117440512,0.76713,0.01024,74.915003,,True,pass,,0.520185936242342
742,741,Real-World,cutlass-default,FP16,170,512,1024,178257920,0.219034,0.012749,17.180723,,True,pass,,0.489574309438467
743,742,Real-World,cutlass-default,FP16,128,768,768,150994944,0.274381,0.008448,32.478787,,True,pass,,0.49194242991507053
744,743,Real-World,cutlass-default,FP16,512,512,512,268435456,0.103117,0.008243,12.509316,,True,pass,,0.510130824521184
745,744,Real-World,cutlass-default,FP16,118,2048,256,123731968,0.054938,0.007168,7.664286,,True,pass,,0.5039329193532467
746,745,Real-World,cutlass-default,FP16,16,512,1504,24641536,0.427315,0.00768,55.639996,,True,pass,,0.6445256993174553
747,746,Real-World,cutlass-default,FP16,16,16,25088,12845056,8.534476,0.972646,8.77449,,True,pass,,0.6909016463905573
748,747,Real-World,cutlass-default,FP16,139,768,768,163971072,0.223386,0.007629,29.281879,,True,pass,,0.52071513235569
749,748,Real-World,cutlass-default,FP16,1200,208,400,199680000,0.082842,0.008038,10.305732,,True,pass,,0.5185591802001
750,749,Real-World,cutlass-default,FP16,16,1024,768,25165824,0.169574,0.005837,29.052632,,True,pass,,0.5169954262673855
751,750,Real-World,cutlass-default,FP16,1024,16,768,25165824,0.27648,0.006093,45.378154,,True,pass,,0.5357778742909431
752,751,Real-World,cutlass-default,FP16,1024,768,16,25165824,0.009216,0.006758,1.363636,,True,pass,,0.5080609545111656
753,752,Real-World,cutlass-default,FP16,78,512,1324,105750528,0.455834,0.013005,35.051178,,True,pass,,0.5683590471744537
754,753,Real-World,cutlass-default,FP16,384,256,1152,226492416,0.262349,0.01449,18.106007,,True,pass,,0.45157866925001144
755,754,Real-World,cutlass-default,FP16,31,256,3006,47711232,0.937882,0.027648,33.922222,,True,pass,,0.5378275122493505
756,755,Real-World,cutlass-default,FP16,48,1024,768,75497472,0.277248,0.006912,40.111113,,True,pass,,0.4764211643487215
757,756,Real-World,cutlass-default,FP16,81,64,6000,62208000,2.019021,1.168691,1.727591,,True,pass,,0.5539109818637371
758,757,Real-World,cutlass-default,FP16,6064,16,128,24838144,0.030208,0.00512,5.9,,True,pass,,0.46856101229786873
759,758,Real-World,cutlass-default,FP16,832,1024,16,27262976,0.009114,0.006656,1.369231,,True,pass,,0.41028768569231033
760,759,Real-World,cutlass-default,FP16,4000,16,208,26624000,0.045619,0.005837,7.815789,,True,pass,,0.457189429551363
761,760,Real-World,cutlass-default,FP16,256,1008,512,264241152,0.103987,0.008448,12.309091,,True,pass,,0.45660586282610893
762,761,Real-World,cutlass-default,FP16,208,768,768,245366784,0.169984,0.008141,20.880502,,True,pass,,0.5188531391322613
763,762,Real-World,cutlass-default,FP16,169,800,800,216320000,0.176333,0.007936,22.219354,,True,pass,,0.4598705843091011
764,763,Real-World,cutlass-default,FP16,256,512,1024,268435456,0.324045,0.008602,37.672619,,True,pass,,0.5135160610079765
765,764,Real-World,cutlass-default,FP16,256,1024,512,268435456,0.103936,0.008192,12.687501,,True,pass,,0.4763703737407923
766,765,Real-World,cutlass-default,FP16,185,1024,610,231116800,0.139674,0.022938,6.089286,,True,pass,,0.4841911569237709
767,766,Real-World,cutlass-default,FP16,16,512,1792,29360128,0.719258,0.00855,84.119757,,True,pass,,0.5286800041794777
768,767,Real-World,cutlass-default,FP16,2048,320,128,167772160,0.03072,0.00809,3.797469,,True,pass,,0.5061817839741707
769,768,Real-World,cutlass-default,FP16,112,368,1920,158269440,0.370534,0.010291,36.004974,,True,pass,,0.3686374071985483
770,769,Real-World,cutlass-default,FP16,1600,256,304,249036800,0.063846,0.009677,6.597883,,True,pass,,0.33274382539093494
771,770,Real-World,cutlass-default,FP16,46,256,3200,75366400,0.613222,0.01239,49.491737,,True,pass,,0.3622658122330904
772,771,Real-World,cutlass-default,FP16,256,768,768,301989888,0.151962,0.009011,16.863636,,True,pass,,0.3530526328831911
773,772,Real-World,cutlass-default,FP16,24,24576,16,18874368,0.014285,0.009267,1.541436,,True,pass,,0.33553420193493366
774,773,Real-World,cutlass-default,FP16,32,512,1792,58720256,0.346112,0.008858,39.075145,,True,pass,,0.41258809715509415
775,774,Real-World,cutlass-default,FP16,1504,208,400,250265600,0.082022,0.008294,9.888889,,True,pass,,0.346111036837101
776,775,Real-World,cutlass-default,FP16,1,1000,1000,2000000,0.195738,0.008704,22.488235,,True,pass,,0.389061875641346
777,776,Real-World,cutlass-default,FP16,123,1500,512,188928000,0.103629,0.008346,12.417178,,True,pass,,0.35402290150523186
778,777,Real-World,cutlass-default,FP16,1024,768,128,201326592,0.030566,0.008243,3.708074,,True,pass,,0.3382682744413614
779,778,Real-World,cutlass-default,FP16,1280,768,16,31457280,0.009318,0.008448,1.10303,,True,pass,,0.34443375281989574
780,779,Real-World,cutlass-default,FP16,127,512,1500,195072000,0.291942,0.012288,23.758334,,True,pass,,0.36319408752024174
781,780,Real-World,cutlass-default,FP16,112,368,2048,168820736,0.39465,0.010957,36.018692,,True,pass,,0.3869024608284235
782,781,Real-World,cutlass-default,FP16,1,4000,256,2048000,0.054528,0.011059,4.930555,,True,pass,,0.38476701080799103
783,782,Real-World,cutlass-default,FP16,16,1008,1008,32514048,0.197274,0.008806,22.401163,,True,pass,,0.353667788207531
784,784,Real-World,cutlass-default,FP16,400,96,2048,157286400,0.394701,0.010701,36.885166,,True,pass,,0.3986147977411747
785,785,Real-World,cutlass-default,FP16,1600,208,400,266240000,0.082125,0.010291,7.980099,,True,pass,,0.35563684441149235
786,786,Real-World,cutlass-default,FP16,16,1008,1024,33030144,0.200038,0.008397,23.823172,,True,pass,,0.3663316238671541
787,787,Real-World,cutlass-default,FP16,8,1024,1024,16777216,0.199987,0.008602,23.25,,True,pass,,0.42428343556821346
788,788,Real-World,cutlass-default,FP16,16,1024,1024,33554432,0.200192,0.008653,23.136094,,True,pass,,0.38083338737487793
789,789,Real-World,cutlass-default,FP16,320,768,768,377487360,0.152013,0.010752,14.138095,,True,pass,,0.3501054998487234
790,790,Real-World,cutlass-default,FP16,1024,1024,16,33554432,0.009267,0.008653,1.071006,,True,pass,,0.3526388742029667
791,791,Real-World,cutlass-default,FP16,1024,16,1024,33554432,0.199885,0.008294,24.098765,,True,pass,,0.35259480588138103
792,792,Real-World,cutlass-default,FP16,16,512,2048,33554432,0.394394,0.010086,39.101524,,True,pass,,0.3761060070246458
793,793,Real-World,cutlass-default,FP16,16,2048,512,33554432,0.102912,0.008141,12.641509,,True,pass,,0.36222657188773155
794,794,Real-World,cutlass-default,FP16,122,2000,400,195200000,0.082278,0.008602,9.565476,,True,pass,,0.43250843323767185
795,795,Real-World,cutlass-default,FP16,2072,20,512,42434560,0.102861,0.008243,12.47826,,True,pass,,0.36472625471651554
796,796,Real-World,cutlass-default,FP16,32,1024,1024,67108864,0.200243,0.009011,22.221592,,True,pass,,0.3586596120148897
797,797,Real-World,cutlass-default,FP16,490,63,1960,121010400,0.377958,0.011827,31.95671,,True,pass,,0.3747093416750431
798,798,Real-World,cutlass-default,FP16,33,1024,1024,69206016,0.200294,0.008653,23.147928,,True,pass,,0.38551585003733635
799,799,Real-World,cutlass-default,FP16,16,4096,256,33554432,0.054374,0.00809,6.72152,,True,pass,,0.3800448849797249
800,800,Real-World,cutlass-default,FP16,16,256,4096,33554432,0.782899,0.028928,27.063717,,True,pass,,0.38647145219147205
801,801,Real-World,cutlass-default,FP16,162,360,2048,238878720,0.395059,0.013926,28.367647,,True,pass,,0.3783373851329088
802,802,Real-World,cutlass-default,FP16,32,512,2048,67108864,0.394547,0.01024,38.530001,,True,pass,,0.37119853496551514
803,803,Real-World,cutlass-default,FP16,32,2048,512,67108864,0.103014,0.008499,12.120482,,True,pass,,0.39617365784943104
804,804,Real-World,cutlass-default,FP16,2080,32,512,68157440,0.102963,0.008141,12.647798,,True,pass,,0.3607378862798214
805,805,Real-World,cutlass-default,FP16,96,1000,960,184320000,0.188365,0.008909,21.143679,,True,pass,,0.3558355011045933
806,806,Real-World,cutlass-default,FP16,39,512,2048,81788928,0.394496,0.010086,39.111676,,True,pass,,0.3951788153499365
807,807,Real-World,cutlass-default,FP16,96,1008,960,185794560,0.188211,0.008858,21.248556,,True,pass,,0.36690034344792366
808,808,Real-World,cutlass-default,FP16,2072,40,512,84869120,0.102963,0.007014,14.678832,,True,pass,,0.516899136826396
809,809,Real-World,cutlass-default,FP16,6050,128,64,99123200,0.020941,0.008141,2.572327,,True,pass,,0.6118764951825142
810,810,Real-World,cutlass-default,FP16,6064,128,64,99352576,0.018688,0.007322,2.552448,,True,pass,,0.5442676171660423
811,811,Real-World,cutlass-default,FP16,384,768,768,452984832,0.276173,0.010138,27.242426,,True,pass,,0.48891804181039333
812,812,Real-World,cutlass-default,FP16,1200,257,600,370080000,0.24279,0.01111,21.852534,,True,pass,,0.4809140134602785
813,813,Real-World,cutlass-default,FP16,32,4096,256,67108864,0.054682,0.006093,8.97479,,True,pass,,0.45490166917443275
814,814,Real-World,cutlass-default,FP16,2080,48,512,102236160,0.103014,0.006912,14.903704,,True,pass,,0.46137285232543945
815,815,Real-World,cutlass-default,FP16,512,320,1248,408944640,0.385178,0.009933,38.778351,,True,pass,,0.46740121208131313
816,816,Real-World,cutlass-default,FP16,512,1248,320,408944640,0.067123,0.00983,6.828125,,True,pass,,0.46219407580792904
817,817,Real-World,cutlass-default,FP16,1000,91,1024,186368000,0.217549,0.009216,23.605555,,True,pass,,0.4712049216032028
818,818,Real-World,cutlass-default,FP16,960,500,500,480000000,0.101888,0.012493,8.155738,,True,pass,,0.5109728015959263
819,819,Real-World,cutlass-default,FP16,64,512,2048,134217728,0.572211,0.010189,56.160805,,True,pass,,0.5837792940437794
820,820,Real-World,cutlass-default,FP16,64,2048,512,134217728,0.103168,0.00681,15.150376,,True,pass,,0.4694930277764797
821,821,Real-World,cutlass-default,FP16,1536,768,16,37748736,0.00937,0.007066,1.326087,,True,pass,,0.46345391869544983
822,822,Real-World,cutlass-default,FP16,4000,100,200,160000000,0.043981,0.008038,5.471338,,True,pass,,0.5061021856963634
823,823,Real-World,cutlass-default,FP16,1008,96,1024,198180864,0.324403,0.00937,34.62295,,True,pass,,0.48709077574312687
824,824,Real-World,cutlass-default,FP16,960,512,512,503316480,0.103373,0.008755,11.807017,,True,pass,,0.5088713485747576
825,825,Real-World,cutlass-default,FP16,118,1000,1024,241664000,0.325222,0.008397,38.731708,,True,pass,,0.469738956540823
826,826,Real-World,cutlass-default,FP16,1168,32,1024,76546048,0.322714,0.007475,43.17123,,True,pass,,0.452317813411355
827,827,Real-World,cutlass-default,FP16,992,512,512,520093696,0.103322,0.008806,11.732558,,True,pass,,0.4581932835280895
828,828,Real-World,cutlass-default,FP16,4096,312,2,5111808,0.007782,0.007373,1.055555,,True,pass,,0.49974092841148376
829,829,Real-World,cutlass-default,FP16,2000,300,300,360000000,0.064205,0.010445,6.147059,,True,pass,,0.5102968607097864
830,830,Real-World,cutlass-default,FP16,10000,1,128,2560000,0.030669,0.005274,5.815534,,True,pass,,0.4748884215950966
831,831,Real-World,cutlass-default,FP16,128,1008,1024,264241152,0.322816,0.00855,37.754489,,True,pass,,0.5663673635572195
832,832,Real-World,cutlass-default,FP16,512,1008,512,528482304,0.103322,0.00896,11.531429,,True,pass,,0.45284342020750046
833,833,Real-World,cutlass-default,FP16,2000,208,400,332800000,0.082125,0.008602,9.547619,,True,pass,,0.4700638968497515
834,834,Real-World,cutlass-default,FP16,2000,304,304,369664000,0.064,0.008294,7.716049,,True,pass,,0.4421178326010704
835,835,Real-World,cutlass-default,FP16,127,1024,1024,266338304,0.324147,0.008346,38.84049,,True,pass,,0.5593886207789183
836,836,Real-World,cutlass-default,FP16,128,1024,1024,268435456,0.322867,0.008346,38.687116,,True,pass,,0.4958065040409565
837,837,Real-World,cutlass-default,FP16,1024,512,512,536870912,0.103475,0.009062,11.41808,,True,pass,,0.48707463033497334
838,838,Real-World,cutlass-default,FP16,103,2048,512,216006656,0.103526,0.008397,12.329269,,True,pass,,0.4554526675492525
839,839,Real-World,cutlass-default,FP16,31,600,2056,76483200,0.449741,0.009421,47.739128,,True,pass,,0.557777551934123
840,840,Real-World,cutlass-default,FP16,16,1008,1280,41287680,0.498074,0.007014,71.007298,,True,pass,,0.4780964832752943
841,841,Real-World,cutlass-default,FP16,1,3456,384,2654208,0.078848,0.005325,14.807692,,True,pass,,0.5219930149614811
842,842,Real-World,cutlass-default,FP16,1,384,3456,2654208,1.199309,0.74455,1.610782,,True,pass,,0.511775529012084
843,843,Real-World,cutlass-default,FP16,6000,16,208,39936000,0.045568,0.006042,7.542373,,True,pass,,0.4798310250043869
844,844,Real-World,cutlass-default,FP16,104,1400,800,232960000,0.280627,0.008448,33.218181,,True,pass,,0.46942232735455036
845,845,Real-World,cutlass-default,FP16,512,768,768,603979776,0.27479,0.010496,26.180488,,True,pass,,0.465176859870553
846,846,Real-World,cutlass-default,FP16,128,512,2048,268435456,0.447795,0.013568,33.003772,,True,pass,,0.4773499611765146
847,847,Real-World,cutlass-default,FP16,128,2048,512,268435456,0.103373,0.008346,12.386503,,True,pass,,0.5508150104433298
848,848,Real-World,cutlass-default,FP16,185,1000,1024,378880000,0.323328,0.009267,34.889503,,True,pass,,0.5141242817044258
849,849,Real-World,cutlass-default,FP16,2560,32,512,83886080,0.103219,0.006861,15.044776,,True,pass,,0.5510953608900309
850,850,Real-World,cutlass-default,FP16,2048,320,320,419430400,0.067072,0.009779,6.858639,,True,pass,,0.36295574344694614
851,851,Real-World,cutlass-default,FP16,160,4,8704,11141120,1.656166,0.032461,51.020507,,True,pass,,0.4356519244611263
852,852,Real-World,cutlass-default,FP16,2560,48,512,125829120,0.103168,0.00855,12.065868,,True,pass,,0.3740052804350853
853,853,Real-World,cutlass-default,FP16,384,384,1728,509607936,0.334336,0.012851,26.015937,,True,pass,,0.37948775850236416
854,854,Real-World,cutlass-default,FP16,1536,768,128,301989888,0.03072,0.00855,3.592814,,True,pass,,0.37441701255738735
855,855,Real-World,cutlass-default,FP16,208,1024,1024,436207616,0.200448,0.010598,18.913042,,True,pass,,0.39016254991292953
856,856,Real-World,cutlass-default,FP16,2544,64,512,166723584,0.103168,0.00937,11.010929,,True,pass,,0.37027241103351116
857,857,Real-World,cutlass-default,FP16,2544,512,64,166723584,0.01879,0.008346,2.251534,,True,pass,,0.36774045042693615
858,858,Real-World,cutlass-default,FP16,10000,50,100,100000000,0.025907,0.007424,3.489655,,True,pass,,0.3282754011452198
859,859,Real-World,cutlass-default,FP16,256,112,4096,234881024,0.783514,0.016742,46.798167,,True,pass,,0.393319945782423
860,860,Real-World,cutlass-default,FP16,2400,208,400,399360000,0.082227,0.009165,8.972067,,True,pass,,0.3613890968263149
861,861,Real-World,cutlass-default,FP16,59,1000,1408,166144000,0.273152,0.010906,25.046947,,True,pass,,0.36379303224384785
862,862,Real-World,cutlass-default,FP16,1632,128,768,320864256,0.152013,0.009421,16.135869,,True,pass,,0.36358682438731194
863,863,Real-World,cutlass-default,FP16,16,1088,1408,49020928,0.272947,0.008602,31.732142,,True,pass,,0.3632213491946459
864,864,Real-World,cutlass-default,FP16,640,768,768,754974720,0.152064,0.011418,13.318386,,True,pass,,0.36093299463391304
865,865,Real-World,cutlass-default,FP16,256,1024,1024,536870912,0.200448,0.011162,17.958714,,True,pass,,0.3831714950501919
866,866,Real-World,cutlass-default,FP16,640,100,2048,262144000,0.394701,0.013978,28.238093,,True,pass,,0.37173207849264145
867,867,Real-World,cutlass-default,FP16,16,1008,1536,49545216,0.297318,0.008602,34.565478,,True,pass,,0.39099854975938797
868,868,Real-World,cutlass-default,FP16,2512,208,400,417996800,0.082432,0.009216,8.944445,,True,pass,,0.3844798617064953
869,869,Real-World,cutlass-default,FP16,2048,16,768,50331648,0.151603,0.00896,16.92,,True,pass,,0.3488126937299967
870,870,Real-World,cutlass-default,FP16,2048,768,16,50331648,0.00937,0.008499,1.10241,,True,pass,,0.35991060733795166
871,871,Real-World,cutlass-default,FP16,33,1000,1536,101376000,0.297626,0.009984,29.810255,,True,pass,,0.3832789808511734
872,872,Real-World,cutlass-default,FP16,32,1008,1536,99090432,0.297574,0.010138,29.353536,,True,pass,,0.3705074191093445
873,873,Real-World,cutlass-default,FP16,134,4096,256,281018368,0.055347,0.008806,6.284884,,True,pass,,0.38022063486278057
874,874,Real-World,cutlass-default,FP16,16,16,51200,26214400,9.714739,0.04608,210.823338,,True,pass,,0.6282490994781256
875,875,Real-World,cutlass-default,FP16,320,1024,1024,671088640,0.200602,0.010957,18.308411,,True,pass,,0.37311266362667084
876,876,Real-World,cutlass-default,FP16,400,368,2048,602931200,0.394803,0.012544,31.473468,,True,pass,,0.38799736835062504
877,877,Real-World,cutlass-default,FP16,2072,512,256,543162368,0.055296,0.009165,6.033519,,True,pass,,0.35244058072566986
878,878,Real-World,cutlass-default,FP16,2080,512,256,545259520,0.05504,0.00896,6.142858,,True,pass,,0.39296967536211014
879,879,Real-World,cutlass-default,FP16,198,1000,1280,506880000,0.249549,0.01152,21.662222,,True,pass,,0.3800917211920023
880,880,Real-World,cutlass-default,FP16,1664,1024,16,54525952,0.009574,0.008602,1.113095,,True,pass,,0.35025782510638237
881,881,Real-World,cutlass-default,FP16,31,2048,812,103104512,0.160819,0.011418,14.085202,,True,pass,,0.37128244154155254
882,882,Real-World,cutlass-default,FP16,88,1000,1536,270336000,0.297574,0.010394,28.630542,,True,pass,,0.3754901736974716
883,883,Real-World,cutlass-default,FP16,1000,364,1024,745472000,0.200858,0.011162,17.995412,,True,pass,,0.40136163495481014
884,884,Real-World,cutlass-default,FP16,1008,368,1024,759693312,0.200653,0.01111,18.059907,,True,pass,,0.36983303166925907
885,885,Real-World,cutlass-default,FP16,1200,600,600,864000000,0.120678,0.013978,8.633699,,True,pass,,0.36640879325568676
886,886,Real-World,cutlass-default,FP16,108,1001,1536,332107776,0.297779,0.010854,27.433963,,True,pass,,0.38412559404969215
887,887,Real-World,cutlass-default,FP16,384,1024,1024,805306368,0.200806,0.011418,17.587445,,True,pass,,0.3802386447787285
888,888,Real-World,cutlass-default,FP16,4096,312,128,327155712,0.030874,0.008448,3.654545,,True,pass,,0.47412277199327946
889,889,Real-World,cutlass-default,FP16,18,1000,1792,64512000,0.773478,0.010906,70.924882,,True,pass,,0.6051957868039608
890,890,Real-World,cutlass-default,FP16,16,1008,1792,57802752,0.713216,0.008294,85.987658,,True,pass,,0.5530841555446386
891,891,Real-World,cutlass-default,FP16,3200,256,304,498073600,0.064051,0.010752,5.957143,,True,pass,,0.5250491015613079
892,892,Real-World,cutlass-default,FP16,800,96,2048,314572800,0.530637,0.013773,38.527879,,True,pass,,0.501589760184288
893,893,Real-World,cutlass-default,FP16,2048,768,128,402653184,0.030822,0.010701,2.880383,,True,pass,,0.4684659391641617
894,894,Real-World,cutlass-default,FP16,58,2304,768,205258752,0.274432,0.007731,35.496688,,True,pass,,0.5003363005816936
895,895,Real-World,cutlass-default,FP16,2000,300,600,720000000,0.139008,0.013619,10.206767,,True,pass,,0.5272110272198915
896,896,Real-World,cutlass-default,FP16,1,1000,2000,4000000,0.757094,0.009062,83.542374,,True,pass,,0.5499070640653372
897,897,Real-World,cutlass-default,FP16,1024,320,1248,817889280,0.366694,0.011878,30.870689,,True,pass,,0.5407653469592333
898,898,Real-World,cutlass-default,FP16,1024,1248,320,817889280,0.067379,0.010701,6.296651,,True,pass,,0.4835803918540478
899,899,Real-World,cutlass-default,FP16,2000,304,608,739328000,0.140339,0.010035,13.984694,,True,pass,,0.5495159551501274
900,900,Real-World,cutlass-default,FP16,2560,768,16,62914560,0.014438,0.008397,1.719512,,True,pass,,0.5542869288474321
901,901,Real-World,cutlass-default,FP16,3200,208,400,532480000,0.082278,0.011622,7.079295,,True,pass,,0.5416542999446392
902,902,Real-World,cutlass-default,FP16,16,1008,2000,64512000,0.617216,0.008602,71.755955,,True,pass,,0.5706967320293188
903,903,Real-World,cutlass-default,FP16,512,1024,1024,1073741824,0.324966,0.012595,25.800812,,True,pass,,0.5260095559060574
904,904,Real-World,cutlass-default,FP16,2560,512,256,671088640,0.055245,0.012032,4.591489,,True,pass,,0.5404540244489908
905,905,Real-World,cutlass-default,FP16,16,16384,112,58720256,0.05079,0.006963,7.294117,,True,pass,,0.5542616955935955
906,906,Real-World,cutlass-default,FP16,16,1008,2048,66060288,0.765594,0.008909,85.936779,,True,pass,,0.52062520198524
907,907,Real-World,cutlass-default,FP16,1,16384,128,4194304,0.056832,0.007117,7.985611,,True,pass,,0.5267543438822031
908,908,Real-World,cutlass-default,FP16,30,1000,2048,122880000,0.764672,0.010035,76.198981,,True,pass,,0.5224245637655258
909,909,Real-World,cutlass-default,FP16,2048,1024,16,67108864,0.014541,0.008346,1.742331,,True,pass,,0.5158226247876883
910,910,Real-World,cutlass-default,FP16,2048,16,1024,67108864,0.326707,0.007424,44.006897,,True,pass,,0.4915591049939394
911,911,Real-World,cutlass-default,FP16,32,1008,2048,132120576,0.662682,0.010086,65.700505,,True,pass,,0.5805151090025902
912,912,Real-World,cutlass-default,FP16,1024,768,768,1207959552,0.170086,0.012288,13.841667,,True,pass,,0.5067215859889984
913,913,Real-World,cutlass-default,FP16,30,1024,2048,125829120,0.734822,0.010138,72.484852,,True,pass,,0.5145772602409124
914,914,Real-World,cutlass-default,FP16,32,2048,1024,134217728,0.324506,0.00809,40.113924,,True,pass,,0.5066827200353146
915,915,Real-World,cutlass-default,FP16,1488,32,1440,137134080,0.530278,0.009011,58.84659,,True,pass,,0.5361540783196688
916,916,Real-World,cutlass-default,FP16,64,1000,2048,262144000,0.770099,0.013722,56.123134,,True,pass,,0.6869597509503365
917,917,Real-World,cutlass-default,FP16,10000,16,208,66560000,0.045773,0.006246,7.327869,,True,pass,,0.5142906159162521
918,918,Real-World,cutlass-default,FP16,64,1008,2048,264241152,0.767693,0.013619,56.368424,,True,pass,,0.532602334395051
919,919,Real-World,cutlass-default,FP16,1488,16,1488,70852608,0.384563,0.008448,45.521212,,True,pass,,0.559521147981286
920,920,Real-World,cutlass-default,FP16,98,256,6400,321126400,2.22249,0.019968,111.302561,,True,pass,,0.5497327595949173
921,921,Real-World,cutlass-default,FP16,100,1000,2000,400000000,0.758733,0.011981,63.329058,,True,pass,,0.5840762481093407
922,922,Real-World,cutlass-default,FP16,45,4096,512,188743680,0.103117,0.007782,13.25,,True,pass,,0.49827764742076397
923,923,Real-World,cutlass-default,FP16,16000,16,128,65536000,0.05673,0.00809,7.012659,,True,pass,,0.48339422419667244
924,924,Real-World,cutlass-default,FP16,1488,32,1488,141705216,0.50903,0.009421,54.032606,,True,pass,,0.4959622733294964
925,925,Real-World,cutlass-default,FP16,48,4096,512,201326592,0.103066,0.007731,13.331126,,True,pass,,0.5998685341328382
926,926,Real-World,cutlass-default,FP16,98,1001,2048,401809408,0.72023,0.011981,60.115382,,True,pass,,0.5343493930995464
927,927,Real-World,cutlass-default,FP16,112,1008,2000,451584000,0.385792,0.012646,30.506074,,True,pass,,0.40159207955002785
928,928,Real-World,cutlass-default,FP16,640,1024,1024,1342177280,0.20096,0.014387,13.967972,,True,pass,,0.40920879878103733
929,929,Real-World,cutlass-default,FP16,2048,512,512,1073741824,0.103936,0.012083,8.601695,,True,pass,,0.41863553039729595
930,930,Real-World,cutlass-default,FP16,512,512,2048,1073741824,0.395162,0.015411,25.641197,,True,pass,,0.41559429466724396
931,931,Real-World,cutlass-default,FP16,512,2048,512,1073741824,0.103782,0.011674,8.890351,,True,pass,,0.3848529923707247
932,932,Real-World,cutlass-default,FP16,16,16384,128,67108864,0.056883,0.009626,5.909574,,True,pass,,0.4196595083922148
933,933,Real-World,cutlass-default,FP16,1,768,3072,4718592,0.588902,0.026061,22.59725,,True,pass,,0.4081084467470646
934,934,Real-World,cutlass-default,FP16,105,1000,2048,430080000,0.39511,0.012493,31.627049,,True,pass,,0.5186536330729723
935,935,Real-World,cutlass-default,FP16,1,9216,256,4718592,0.054835,0.008141,6.735849,,True,pass,,0.4096309579908848
936,936,Real-World,cutlass-default,FP16,16,1008,2304,74317824,0.443136,0.010342,42.846533,,True,pass,,0.41534578055143356
937,937,Real-World,cutlass-default,FP16,16,64,29696,60817408,5.638451,0.039782,141.732312,,True,pass,,0.5377774443477392
938,938,Real-World,cutlass-default,FP16,3072,768,16,75497472,0.014592,0.009062,1.610169,,True,pass,,0.3797526340931654
939,939,Real-World,cutlass-default,FP16,16,17200,128,70451200,0.056986,0.008346,6.828221,,True,pass,,0.4064221400767565
940,940,Real-World,cutlass-default,FP16,1232,768,768,1453326336,0.152627,0.01449,10.533569,,True,pass,,0.3835870660841465
941,941,Real-World,cutlass-default,FP16,25,16384,128,104857600,0.057037,0.008755,6.51462,,True,pass,,0.37845947593450546
942,942,Real-World,cutlass-default,FP16,16,256,9216,75497472,1.754112,0.033843,51.830559,,True,pass,,0.43311184272170067
943,943,Real-World,cutlass-default,FP16,4000,208,400,665600000,0.082534,0.012954,6.371542,,True,pass,,0.40259499847888947
944,944,Real-World,cutlass-default,FP16,1280,768,768,1509949440,0.15273,0.014182,10.768952,,True,pass,,0.4020192679017782
945,945,Real-World,cutlass-default,FP16,32,1200,2048,157286400,0.394496,0.010854,36.344341,,True,pass,,0.4389576334506273
946,946,Real-World,cutlass-default,FP16,8192,312,2,10223616,0.011418,0.011366,1.004504,,True,pass,,0.4189313668757677
947,947,Real-World,cutlass-default,FP16,16,1008,2560,82575360,0.491981,0.010394,47.334974,,True,pass,,0.42734463326632977
948,948,Real-World,cutlass-default,FP16,4096,312,312,797442048,0.066253,0.014694,4.508711,,True,pass,,0.4285589884966612
949,949,Real-World,cutlass-default,FP16,1,3456,768,5308416,0.151757,0.008704,17.435294,,True,pass,,0.42362636514008045
950,950,Real-World,cutlass-default,FP16,1,768,3456,5308416,0.661862,0.026778,24.717017,,True,pass,,0.41619885340332985
951,951,Real-World,cutlass-default,FP16,16,1024,2560,83886080,0.901939,0.009984,90.338461,,True,pass,,0.6445878762751818
952,952,Real-World,cutlass-default,FP16,800,368,2048,1205862400,0.950938,0.017613,53.991277,,True,pass,,0.7473629359155893
953,953,Real-World,cutlass-default,FP16,12000,16,208,79872000,0.045978,0.006707,6.854962,,True,pass,,0.5752827152609825
954,954,Real-World,cutlass-default,FP16,91,3072,768,429391872,0.277248,0.010342,26.806931,,True,pass,,0.5139425806701183
955,955,Real-World,cutlass-default,FP16,832,1024,1024,1744830464,0.327936,0.018995,17.264151,,True,pass,,0.4925765413790941
956,956,Real-World,cutlass-default,FP16,139,1000,2304,640512000,0.940851,0.013107,71.781251,,True,pass,,0.5511131584644318
957,957,Real-World,cutlass-default,FP16,992,1504,512,1527775232,0.104038,0.013312,7.815385,,True,pass,,0.4739181660115719
958,958,Real-World,cutlass-default,FP16,384,384,3456,1019215872,1.088819,0.017101,63.670658,,True,pass,,0.543129812926054
959,959,Real-World,cutlass-default,FP16,128,768,3072,603979776,1.208115,0.878336,1.375459,,True,pass,,0.5696315858513117
960,960,Real-World,cutlass-default,FP16,128,3072,768,603979776,0.274432,0.012032,22.80851,,True,pass,,0.5296269673854113
961,961,Real-World,cutlass-default,FP16,3072,768,128,603979776,0.05719,0.011008,5.195349,,True,pass,,0.5114329215139151
962,962,Real-World,cutlass-default,FP16,122,1200,2048,599654400,0.661862,0.012134,54.544305,,True,pass,,0.5341793950647116
963,963,Real-World,cutlass-default,FP16,175,4096,512,734003200,0.104192,0.012698,8.205645,,True,pass,,0.5611498150974512
964,964,Real-World,cutlass-default,FP16,83,1024,2560,435159040,0.562688,0.013466,41.787074,,True,pass,,0.5374648440629244
965,965,Real-World,cutlass-default,FP16,176,2048,1152,830472192,0.311552,0.011469,27.165178,,True,pass,,0.6078357677906752
966,966,Real-World,cutlass-default,FP16,2624,512,512,1375731712,0.104192,0.013005,8.01181,,True,pass,,0.4863338191062212
967,967,Real-World,cutlass-default,FP16,1536,768,768,1811939328,0.171622,0.014797,11.598616,,True,pass,,0.5141098815947771
968,968,Real-World,cutlass-default,FP16,150,500,4500,675000000,1.639424,0.05248,31.239023,,True,pass,,0.56511539965868
969,969,Real-World,cutlass-default,FP16,1576,768,768,1859125248,0.172237,0.014899,11.560137,,True,pass,,0.5680548381060362
970,970,Real-World,cutlass-default,FP16,2752,512,512,1442840576,0.104038,0.013056,7.968628,,True,pass,,0.5104547180235386
971,971,Real-World,cutlass-default,FP16,1000,1024,1024,2097152000,0.22185,0.01536,14.443333,,True,pass,,0.5185165479779243
972,972,Real-World,cutlass-default,FP16,1008,1024,1024,2113929216,0.220621,0.015514,14.221122,,True,pass,,0.5632031708955765
973,973,Real-World,cutlass-default,FP16,159,1000,2560,814080000,0.681062,0.014285,47.67742,,True,pass,,0.6007896866649389
974,974,Real-World,cutlass-default,FP16,200,768,3072,943718400,1.103104,0.01751,62.997075,,True,pass,,0.5983715150505304
975,975,Real-World,cutlass-default,FP16,1024,1024,1024,2147483648,0.326093,0.015565,20.950658,,True,pass,,0.6368490383028984
976,976,Real-World,cutlass-default,FP16,4096,768,2,12582912,0.011469,0.011418,1.004484,,True,pass,,0.5892239790409803
977,977,Real-World,cutlass-default,FP16,208,768,3072,981467136,1.102285,0.017408,63.320589,,True,pass,,0.5449553560465574
978,978,Real-World,cutlass-default,FP16,208,3072,768,981467136,0.277555,0.011878,23.366379,,True,pass,,0.5311998073011637
979,979,Real-World,cutlass-default,FP16,4096,768,7,44040192,0.011571,0.014848,0.77931,,True,pass,,0.5471662972122431
980,980,Real-World,cutlass-default,FP16,16,6048,512,99090432,0.10327,0.00727,14.204225,,True,pass,,0.5867862682789564
981,981,Real-World,cutlass-default,FP16,16,512,6048,99090432,2.152858,0.01833,117.452517,,True,pass,,0.5915508326143026
982,982,Real-World,cutlass-default,FP16,2880,512,512,1509949440,0.10409,0.013056,7.97255,,True,pass,,0.5006863512098789
983,983,Real-World,cutlass-default,FP16,112,16,25088,89915392,8.433869,0.842035,10.016053,,True,pass,,0.8151250593364239
984,984,Real-World,cutlass-default,FP16,4096,16,768,100663296,0.277094,0.007885,35.14286,,True,pass,,0.5382374916225672
985,985,Real-World,cutlass-default,FP16,4096,768,16,100663296,0.014694,0.009421,1.559783,,True,pass,,0.5068891458213329
986,986,Real-World,cutlass-default,FP16,16,1024,3120,102236160,1.112883,0.011213,99.251143,,True,pass,,0.6212082039564848
987,987,Real-World,cutlass-default,FP16,2944,512,512,1543503872,0.104243,0.013414,7.770992,,True,pass,,0.517604460939765
988,988,Real-World,cutlass-default,FP16,256,512,4096,1073741824,0.783872,0.019661,39.869789,,True,pass,,0.5085369758307934
989,989,Real-World,cutlass-default,FP16,12800,1,256,6553600,0.055091,0.012442,4.427984,,True,pass,,0.5063549466431141
990,990,Real-World,cutlass-default,FP16,12800,128,128,419430400,0.031232,0.009728,3.210526,,True,pass,,0.4191853441298008
991,991,Real-World,cutlass-default,FP16,256,3072,768,1207959552,0.15232,0.013056,11.666667,,True,pass,,0.521762739866972
992,992,Real-World,cutlass-default,FP16,256,768,3072,1207959552,0.589466,0.018227,32.339888,,True,pass,,0.4499006159603596
993,993,Real-World,cutlass-default,FP16,32,1024,3136,205520896,0.601037,0.013926,43.158087,,True,pass,,0.45617333613336086
994,994,Real-World,cutlass-default,FP16,58,1024,3120,370606080,0.598272,0.031181,19.187192,,True,pass,,0.46135044284164906
995,995,Real-World,cutlass-default,FP16,3328,1024,16,109051904,0.014643,0.012032,1.217021,,True,pass,,0.41342537105083466
996,996,Real-World,cutlass-default,FP16,12800,16,256,104857600,0.055091,0.008397,6.560976,,True,pass,,0.4149181507527828
997,997,Real-World,cutlass-default,FP16,3200,512,512,1677721600,0.104243,0.01367,7.625468,,True,pass,,0.42153661139309406
998,998,Real-World,cutlass-default,FP16,84,500,6040,507360000,1.152563,0.034714,33.202065,,True,pass,,0.46585665829479694
999,999,Real-World,cutlass-default,FP16,320,768,3072,1509949440,0.589722,0.038861,15.17523,,True,pass,,0.449971666559577
1000,1000,Real-World,cutlass-default,FP16,320,3072,768,1509949440,0.15273,0.014848,10.286207,,True,pass,,0.42404548451304436
1001,1001,Real-World,cutlass-default,FP16,3264,512,512,1711276032,0.104243,0.013773,7.568773,,True,pass,,0.403779961168766
1002,1002,Real-World,cutlass-default,FP16,2048,320,1248,1635778560,0.243661,0.016384,14.871876,,True,pass,,0.42564780823886395
1003,1003,Real-World,cutlass-default,FP16,2048,1248,320,1635778560,0.130355,0.016589,7.858025,,True,pass,,0.406722754240036
1004,1004,Real-World,cutlass-default,FP16,1600,96,2048,629145600,0.394957,0.012954,30.490118,,True,pass,,0.45465835370123386
1005,1005,Real-World,cutlass-default,FP16,8192,312,128,654311424,0.057242,0.012032,4.757447,,True,pass,,0.4165229517966509
1006,1006,Real-World,cutlass-default,FP16,1280,1024,1024,2684354560,0.201574,0.019354,10.415344,,True,pass,,0.439345708116889
1007,1007,Real-World,cutlass-default,FP16,1024,512,2048,2147483648,0.395366,0.020173,19.598985,,True,pass,,0.46160341054201126
1008,1008,Real-World,cutlass-default,FP16,1024,2048,512,2147483648,0.20311,0.0192,10.578667,,True,pass,,0.43984746374189854
1009,1009,Real-World,cutlass-default,FP16,6000,208,400,998400000,0.082893,0.013312,6.226923,,True,pass,,0.42510055005550385
1010,1010,Real-World,cutlass-default,FP16,3392,512,512,1778384896,0.104397,0.013926,7.496323,,True,pass,,0.4577407259494066
1011,1011,Real-World,cutlass-default,FP16,2048,768,768,2415919104,0.153088,0.025907,5.909091,,True,pass,,0.4259037468582392
1012,1012,Real-World,cutlass-default,FP16,3456,512,512,1811939328,0.104397,0.013926,7.496323,,True,pass,,0.4135582987219095
1013,1013,Real-World,cutlass-default,FP16,32,16384,200,209715200,0.084326,0.009114,9.252809,,True,pass,,0.4463410712778568
1014,1014,Real-World,cutlass-default,FP16,68,4899,700,466384800,0.140032,0.015411,9.086379,,True,pass,,0.4501757640391588
1015,1015,Real-World,cutlass-default,FP16,384,768,3072,1811939328,0.589824,0.039219,15.039164,,True,pass,,0.4711153954267502
1016,1016,Real-World,cutlass-default,FP16,384,3072,768,1811939328,0.153037,0.015053,10.166667,,True,pass,,0.44671112298965454
1017,1017,Real-World,cutlass-default,FP16,10000,32,352,225280000,0.073267,0.013517,5.420454,,True,pass,,0.4558967910706997
1018,1018,Real-World,cutlass-default,FP16,3520,512,512,1845493760,0.20311,0.01879,10.809265,,True,pass,,0.411707978695631
1019,1019,Real-World,cutlass-default,FP16,10000,128,256,655360000,0.05545,0.010957,5.060748,,True,pass,,0.4386448264122009
1020,1020,Real-World,cutlass-default,FP16,2544,1472,64,479330304,0.04736,0.01408,3.363636,,True,pass,,0.3973926603794098
1021,1021,Real-World,cutlass-default,FP16,64,1024,3636,476577792,0.697037,0.02391,29.152034,,True,pass,,0.5221252348273993
1022,1022,Real-World,cutlass-default,FP16,5120,768,16,125829120,0.019814,0.011981,1.653846,,True,pass,,0.42809177190065384
1023,1023,Real-World,cutlass-default,FP16,64,1024,3648,478150656,0.698624,0.033178,21.057099,,True,pass,,0.4622684605419636
1024,1024,Real-World,cutlass-default,FP16,16,1000,4096,131072000,0.782848,0.013619,57.481204,,True,pass,,0.5345524121075869
1025,1025,Real-World,cutlass-default,FP16,4096,1024,2,16777216,0.015155,0.018842,0.804348,,True,pass,,0.4324684850871563
1026,1026,Real-World,cutlass-default,FP16,128,128,16384,536870912,3.116288,0.04265,73.067227,,True,pass,,0.5631795916706324
1027,1027,Real-World,cutlass-default,FP16,16,2048,2048,134217728,0.394394,0.011213,35.173518,,True,pass,,0.5190434474498034
1028,1028,Real-World,cutlass-default,FP16,3952,512,512,2071986176,0.203315,0.018944,10.732433,,True,pass,,0.4436698146164417
1029,1030,Real-World,cutlass-default,FP16,512,768,3072,2415919104,0.589978,0.02176,27.112941,,True,pass,,0.47397635504603386
1030,1031,Real-World,cutlass-default,FP16,512,3072,768,2415919104,0.153139,0.017101,8.955089,,True,pass,,0.466851320117712
1031,1032,Real-World,cutlass-default,FP16,33,2048,2048,276824064,0.394598,0.012698,31.076612,,True,pass,,0.5566559433937073
1032,1033,Real-World,cutlass-default,FP16,1200,600,2056,2960640000,0.39721,0.031232,12.718033,,True,pass,,0.48080444149672985
1033,1034,Real-World,cutlass-default,FP16,1664,1024,1024,3489660928,0.202035,0.020122,10.040712,,True,pass,,0.4576680511236191
1034,1035,Real-World,cutlass-default,FP16,32,512,8192,268435456,1.560525,0.033229,46.963022,,True,pass,,0.5643626097589731
1035,1036,Real-World,cutlass-default,FP16,20000,16,208,133120000,0.087296,0.009216,9.472222,,True,pass,,0.450928445905447
1036,1037,Real-World,cutlass-default,FP16,2560,768,768,3019898880,0.300442,0.023603,12.728851,,True,pass,,0.4685326125472784
1037,1038,Real-World,cutlass-default,FP16,16,1088,4096,142606336,0.783002,0.01623,48.242903,,True,pass,,0.6016506757587194
1038,1039,Real-World,cutlass-default,FP16,1600,368,2048,2411724800,0.395571,0.021043,18.798055,,True,pass,,0.48503404296934605
1039,1040,Real-World,cutlass-default,FP16,112,1008,4096,924844032,0.783565,0.019558,40.062828,,True,pass,,0.5220681112259626
1040,1041,Real-World,cutlass-default,FP16,32,16384,256,268435456,0.10537,0.009728,10.831579,,True,pass,,0.5909868814051151
1041,1042,Real-World,cutlass-default,FP16,16,512,8960,146800640,3.602432,2.473677,1.456307,,True,pass,,0.6645742189139128
1042,1043,Real-World,cutlass-default,FP16,640,768,3072,3019898880,1.176576,0.503962,2.334654,,True,pass,,0.6838564146310091
1043,1044,Real-World,cutlass-default,FP16,640,3072,768,3019898880,0.717568,0.025958,27.642998,,True,pass,,0.7807705402374268
1044,1045,Real-World,cutlass-default,FP16,6144,768,16,150994944,0.022989,0.014694,1.56446,,True,pass,,0.7091540452092886
1045,1046,Real-World,cutlass-default,FP16,128,4096,1024,1073741824,0.269978,0.013466,20.04943,,True,pass,,0.6665343083441257
1046,1047,Real-World,cutlass-default,FP16,128,1024,4096,1073741824,1.545318,0.019098,80.916893,,True,pass,,0.7521874718368053
1047,1048,Real-World,cutlass-default,FP16,134,4096,1024,1124073472,0.264858,0.013773,19.230483,,True,pass,,0.734332637861371
1048,1049,Real-World,cutlass-default,FP16,4672,32,1024,306184192,0.323379,0.009882,32.725389,,True,pass,,0.6672951951622963
1049,1050,Real-World,cutlass-default,FP16,6464,768,2,19857408,0.015616,0.019046,0.819892,,True,pass,,0.5781472828239202
1050,1051,Real-World,cutlass-default,FP16,160,1024,4096,1342177280,1.331763,0.021658,61.491726,,True,pass,,0.7616241350769997
1051,1052,Real-World,cutlass-default,FP16,6464,11,768,109215744,0.276685,0.008397,32.951221,,True,pass,,0.6520683094859123
1052,1053,Real-World,cutlass-default,FP16,256,6416,512,1681915904,0.104755,0.013414,7.809161,,True,pass,,0.6077419929206371
1053,1054,Real-World,cutlass-default,FP16,8192,312,312,1594884096,0.254669,0.022938,11.102679,,True,pass,,0.6458092946559191
1054,1055,Real-World,cutlass-default,FP16,2048,1024,1024,4294967296,0.561818,0.02775,20.245388,,True,pass,,0.5700057949870825
1055,1056,Real-World,cutlass-default,FP16,256,2048,2048,2147483648,0.559565,0.019456,28.760524,,True,pass,,0.9481486473232508
1056,1057,Real-World,cutlass-default,FP16,208,1024,4096,1744830464,1.28384,0.76416,1.680067,,True,pass,,0.69156439229846
1057,1058,Real-World,cutlass-default,FP16,208,4096,1024,1744830464,0.219341,0.015155,14.472972,,True,pass,,0.6897919811308384
1058,1059,Real-World,cutlass-default,FP16,3072,768,768,3623878656,0.33833,0.023398,14.459519,,True,pass,,0.6592733636498451
1059,1060,Real-World,cutlass-default,FP16,1,6912,768,10616832,0.170394,0.007219,23.602837,,True,pass,,0.6969498284161091
1060,1061,Real-World,cutlass-default,FP16,1,768,6912,10616832,2.354739,0.994458,2.367863,,True,pass,,0.6923788413405418
1061,1062,Real-World,cutlass-default,FP16,24000,16,208,159744000,0.087142,0.008755,9.953216,,True,pass,,0.6426128670573235
1062,1063,Real-World,cutlass-default,FP16,5,384,14112,54190080,4.789351,1.05472,4.540874,,True,pass,,0.7519509438425303
1063,1064,Real-World,cutlass-default,FP16,1232,2304,768,4359979008,0.501094,0.027597,18.1577,,True,pass,,0.6515617333352566
1064,1065,Real-World,cutlass-default,FP16,10192,32,512,333971456,0.104448,0.008653,12.071005,,True,pass,,0.6428655963391066
1065,1066,Real-World,cutlass-default,FP16,6144,768,128,1207959552,0.084173,0.016538,5.089783,,True,pass,,0.6256019044667482
1066,1067,Real-World,cutlass-default,FP16,490,1920,1960,3687936000,0.541645,0.032768,16.529688,,True,pass,,0.6206953935325146
1067,1068,Real-World,cutlass-default,FP16,10192,48,512,500957184,0.103731,0.010138,10.232324,,True,pass,,0.6001133881509304
1068,1069,Real-World,cutlass-default,FP16,130,64,29696,494141440,10.586522,0.950323,11.139917,,True,pass,,0.9706451520323753
1069,1070,Real-World,cutlass-default,FP16,16,1824,3136,183042048,0.895488,0.013773,65.018583,,True,pass,,0.7083961796015501
1070,1071,Real-World,cutlass-default,FP16,768,768,3456,4076863488,1.120512,0.029901,37.474314,,True,pass,,0.6882449965924025
1071,1072,Real-World,cutlass-default,FP16,2424,38,2424,446558976,0.944282,0.015718,60.074915,,True,pass,,0.8149094507098198
1072,1073,Real-World,cutlass-default,FP16,10000,400,200,1600000000,0.249037,0.025037,9.94683,,True,pass,,0.6180910635739565
1073,1074,Real-World,cutlass-default,FP16,640,100,8192,1048576000,1.56119,0.042189,37.004855,,True,pass,,0.647980460897088
1074,1075,Real-World,cutlass-default,FP16,384,4096,1024,3221225472,0.201933,0.020173,10.010153,,True,pass,,0.516716031357646
1075,1076,Real-World,cutlass-default,FP16,384,1024,4096,3221225472,0.784282,0.044083,17.790941,,True,pass,,0.5947032794356346
1076,1077,Real-World,cutlass-default,FP16,10000,208,400,1664000000,0.160563,0.017613,9.116279,,True,pass,,0.48022593930363655
1077,1078,Real-World,cutlass-default,FP16,16000,128,256,1048576000,0.10624,0.014592,7.280702,,True,pass,,0.49459615536034107
1078,1079,Real-World,cutlass-default,FP16,45,1470,4096,541900800,0.783667,0.034355,22.81073,,True,pass,,0.6321884542703629
1079,1080,Real-World,cutlass-default,FP16,1024,768,3072,4831838208,0.590541,0.030259,19.516074,,True,pass,,0.5323822740465403
1080,1081,Real-World,cutlass-default,FP16,1024,3072,768,4831838208,0.300851,0.028211,10.664247,,True,pass,,0.5111601836979389
1081,1082,Real-World,cutlass-default,FP16,2048,512,2048,4294967296,0.396186,0.032,12.3808,,True,pass,,0.5117186885327101
1082,1083,Real-World,cutlass-default,FP16,2048,2048,512,4294967296,0.301978,0.029184,10.347369,,True,pass,,0.4996765945106745
1083,1084,Real-World,cutlass-default,FP16,512,2048,2048,4294967296,0.396544,0.025139,15.77393,,True,pass,,0.6450796034187078
1084,1085,Real-World,cutlass-default,FP16,48,1472,4096,578813952,0.78336,0.034509,22.700297,,True,pass,,0.6071452107280493
1085,1086,Real-World,cutlass-default,FP16,8192,768,16,201326592,0.025549,0.015309,1.668896,,True,pass,,0.48934777453541756
1086,1087,Real-World,cutlass-default,FP16,4096,1248,312,3189768192,0.189338,0.035021,5.406433,,True,pass,,0.5239807032048702
1087,1088,Real-World,cutlass-default,FP16,4096,312,1248,3189768192,0.244531,0.02263,10.80543,,True,pass,,0.5278231147676706
1088,1089,Real-World,cutlass-default,FP16,640,2048,2048,5368709120,0.396595,0.032256,12.295237,,True,pass,,0.6506617087870836
1089,1090,Real-World,cutlass-default,FP16,512,4096,1024,4294967296,0.397568,0.028211,14.092559,,True,pass,,0.6276361756026745
1090,1091,Real-World,cutlass-default,FP16,512,1024,4096,4294967296,0.784282,0.048128,16.295744,,True,pass,,0.6047796718776226
1091,1092,Real-World,cutlass-default,FP16,4096,768,768,4831838208,0.300646,0.027955,10.754578,,True,pass,,0.5254558715969324
1092,1093,Real-World,cutlass-default,FP16,6656,1024,16,218103808,0.025498,0.020122,1.267176,,True,pass,,0.482542984187603
1093,1094,Real-World,cutlass-default,FP16,64,6272,1034,830111744,0.203981,0.019814,10.294574,,True,pass,,0.5431265477091074
1094,1095,Real-World,cutlass-default,FP16,64,6272,1040,834928640,0.203981,0.012544,16.261225,,True,pass,,0.5499164760112762
1095,1096,Real-World,cutlass-default,FP16,3200,96,2048,1258291200,0.395162,0.016077,24.579618,,True,pass,,0.5385108161717653
1096,1097,Real-World,cutlass-default,FP16,1232,3072,768,5813305344,0.448205,0.033997,13.183735,,True,pass,,0.5199123043566942
1097,1098,Real-World,cutlass-default,FP16,1232,768,3072,5813305344,0.59095,0.033075,17.866874,,True,pass,,0.5590273924171925
1098,1099,Real-World,cutlass-default,FP16,199,1470,4096,2396405760,0.784589,0.025907,30.284585,,True,pass,,0.6300392225384712
1099,1100,Real-World,cutlass-default,FP16,1280,768,3072,6039797760,1.13449,0.033638,33.726028,,True,pass,,0.595565302297473
1100,1101,Real-World,cutlass-default,FP16,1280,3072,768,6039797760,0.962816,0.038451,25.039948,,True,pass,,0.7904952093958855
1101,1102,Real-World,cutlass-default,FP16,12000,208,400,1996800000,0.181146,0.019098,9.485255,,True,pass,,0.5961908791214228
1102,1103,Real-World,cutlass-default,FP16,8192,768,128,1610612736,0.236339,0.019763,11.95855,,True,pass,,0.6203847452998161
1103,1104,Real-World,cutlass-default,FP16,256,16384,208,1744830464,0.20695,0.022938,9.022321,,True,pass,,0.7074485793709755
1104,1105,Real-World,cutlass-default,FP16,12960,80,512,1061683200,0.10409,0.01193,8.725322,,True,pass,,0.657314820215106
1105,1106,Real-World,cutlass-default,FP16,10000,256,512,2621440000,0.223232,0.018893,11.815719,,True,pass,,0.6843244526535273
1106,1107,Real-World,cutlass-default,FP16,3328,1024,1024,6979321856,0.778957,0.033894,22.981874,,True,pass,,0.6653335206210613
1107,1108,Real-World,cutlass-default,FP16,10192,512,256,2671771648,0.282624,0.025702,10.996017,,True,pass,,0.6307079382240772
1108,1109,Real-World,cutlass-default,FP16,10240,768,16,251658240,0.030618,0.018125,1.689266,,True,pass,,0.6110338978469372
1109,1110,Real-World,cutlass-default,FP16,600,10000,200,2400000000,0.186778,0.032768,5.7,,True,pass,,0.5907349791377783
1110,1111,Real-World,cutlass-default,FP16,1536,768,3072,7247757312,0.846848,0.941722,0.899255,,True,pass,,0.7189828101545572
1111,1112,Real-World,cutlass-default,FP16,1536,3072,768,7247757312,0.788787,0.038042,20.734859,,True,pass,,0.6964771281927824
1112,1113,Real-World,cutlass-default,FP16,608,10000,208,2529280000,0.298752,0.026266,11.374269,,True,pass,,0.5996040012687445
1113,1114,Real-World,cutlass-default,FP16,7888,512,512,4135583744,0.338483,0.028979,11.680212,,True,pass,,0.6231253445148468
1114,1115,Real-World,cutlass-default,FP16,1576,3072,768,7436500992,0.951808,0.038707,24.589947,,True,pass,,0.7113014161586761
1115,1116,Real-World,cutlass-default,FP16,1576,768,3072,7436500992,1.131418,0.919245,1.230812,,True,pass,,0.7724399846047163
1116,1117,Real-World,cutlass-default,FP16,185,4096,1792,2715811840,0.62336,0.020275,30.744951,,True,pass,,0.7333802599459887
1117,1118,Real-World,cutlass-default,FP16,5120,768,768,6039797760,0.846182,0.03113,27.182568,,True,pass,,0.7095229160040617
1118,1119,Real-World,cutlass-default,FP16,832,4096,1024,6979321856,1.164032,0.03968,29.335483,,True,pass,,0.6896841488778591
1119,1120,Real-World,cutlass-default,FP16,3200,368,2048,4823449600,0.769229,0.031642,24.31068,,True,pass,,0.6820646375417709
1120,1121,Real-World,cutlass-default,FP16,16,2048,4096,268435456,1.51593,0.016589,91.382718,,True,pass,,0.9093076251447201
1121,1122,Real-World,cutlass-default,FP16,8192,1024,16,268435456,0.030976,0.019149,1.617647,,True,pass,,0.8451480157673359
1122,1123,Real-World,cutlass-default,FP16,3952,1504,512,6086459392,0.678861,0.039782,17.064351,,True,pass,,0.7249548397958279
1123,1126,Real-World,cutlass-default,FP16,41,1024,8192,687865856,2.736435,0.030515,89.674495,,True,pass,,0.9264874774962664
1124,1128,Real-World,cutlass-default,FP16,40000,16,208,266240000,0.256,0.013056,19.607843,,True,pass,,0.7332761585712433
1125,1129,Real-World,cutlass-default,FP16,110,2048,4096,1845493760,1.202534,0.794214,1.514118,,True,pass,,0.8969342615455389
1126,1130,Real-World,cutlass-default,FP16,16,1024,8704,285212672,2.72983,0.023194,117.697574,,True,pass,,0.8165106493979692
1127,1131,Real-World,cutlass-default,FP16,4096,1024,1024,8589934592,1.075251,0.046797,22.977025,,True,pass,,0.7226423677057028
1128,1132,Real-World,cutlass-default,FP16,1024,4096,1024,8589934592,0.593818,0.049715,11.944388,,True,pass,,0.6902636308223009
1129,1133,Real-World,cutlass-default,FP16,1024,1024,4096,8589934592,0.785971,0.044186,17.787949,,True,pass,,0.6716889720410109
1130,1134,Real-World,cutlass-default,FP16,188,1,51200,19251200,,,,,False,process_error,Failed,0.6136081255972385
1131,1135,Real-World,cutlass-default,FP16,79,1024,8704,1408237568,1.658573,0.048128,34.461702,,True,pass,,0.7664277981966734
1132,1136,Real-World,cutlass-default,FP16,1,16384,600,19660800,0.236032,0.013312,17.73077,,True,pass,,0.6898758839815855
1133,1138,Real-World,cutlass-default,FP16,9344,32,1024,612368384,0.201062,0.012339,16.294605,,True,pass,,0.6483502704650164
1134,1139,Real-World,cutlass-default,FP16,6144,768,768,7247757312,0.44841,0.039322,11.403646,,True,pass,,0.6043818835169077
1135,1140,Real-World,cutlass-default,FP16,2048,3027,768,9522118656,0.596838,0.051712,11.541584,,True,pass,,0.6353230085223913
1136,1141,Real-World,cutlass-default,FP16,128,1024,8704,2281701376,1.65888,0.054016,30.710901,,True,pass,,0.826235331594944
1137,1142,Real-World,cutlass-default,FP16,2048,768,3072,9663676416,0.592742,0.045926,12.906354,,True,pass,,0.6351311020553112
1138,1143,Real-World,cutlass-default,FP16,2048,3072,768,9663676416,0.596634,0.051763,11.526211,,True,pass,,0.6022560764104128
1139,1144,Real-World,cutlass-default,FP16,138,1024,8704,2459959296,1.659443,0.055962,29.653248,,True,pass,,0.6921985037624836
1140,1145,Real-World,cutlass-default,FP16,6464,768,768,7625244672,0.448307,0.04393,10.205128,,True,pass,,0.5807515401393175
1141,1146,Real-World,cutlass-default,FP16,1,6912,1536,21233664,0.298035,0.009728,30.63684,,True,pass,,0.7296682707965374
1142,1147,Real-World,cutlass-default,FP16,1,1536,6912,21233664,1.318195,0.021043,62.64234,,True,pass,,0.6952772736549377
1143,1148,Real-World,cutlass-default,FP16,20368,32,512,667418624,0.202496,0.013056,15.509805,,True,pass,,0.6346263885498047
1144,1151,Real-World,cutlass-default,FP16,768,768,6912,8153726976,1.320602,0.053094,24.872709,,True,pass,,0.6816599573940039
1145,1152,Real-World,cutlass-default,FP16,408,128,21128,2206777344,4.017254,0.075674,53.086603,,True,pass,,0.767483189702034
1146,1153,Real-World,cutlass-default,FP16,20368,48,512,1001127936,0.202854,0.01623,12.498422,,True,pass,,0.6497907936573029
1147,1155,Real-World,cutlass-default,FP16,2560,768,3072,12079595520,1.177139,0.06569,17.919719,,True,pass,,0.7056779079139233
1148,1156,Real-World,cutlass-default,FP16,2560,3072,768,12079595520,0.74455,0.061594,12.088114,,True,pass,,0.7041540872305632
1149,1157,Real-World,cutlass-default,FP16,20000,208,400,3328000000,0.533811,0.035328,15.110144,,True,pass,,0.9598637446761131
1150,1158,Real-World,cutlass-default,FP16,16000,256,512,4194304000,0.549427,0.031693,17.336027,,True,pass,,0.7621897272765636
1151,1159,Real-World,cutlass-default,FP16,65536,64,128,1073741824,0.159181,0.018995,8.380054,,True,pass,,0.9092784002423286
1152,1160,Real-World,cutlass-default,FP16,1664,1024,4096,13958643712,1.189939,0.057702,20.622006,,True,pass,,0.8676689900457859
1153,1161,Real-World,cutlass-default,FP16,1664,4096,1024,13958643712,1.274624,0.064717,19.695411,,True,pass,,0.8579603526741266
1154,1163,Real-World,cutlass-default,FP16,12800,500,500,6400000000,0.541389,0.063027,8.589765,,True,pass,,0.8471580594778061
1155,1164,Real-World,cutlass-default,FP16,8192,1248,312,6379536384,0.544922,0.051866,10.506416,,True,pass,,0.8423599395900965
1156,1165,Real-World,cutlass-default,FP16,8192,312,1248,6379536384,0.988518,0.038861,25.437418,,True,pass,,0.9026959761977196
1157,1166,Real-World,cutlass-default,FP16,8192,768,768,9663676416,0.804762,0.052992,15.186474,,True,pass,,0.8101618755608797
1158,1167,Real-World,cutlass-default,FP16,12800,512,512,6710886400,0.615219,0.04009,15.346105,,True,pass,,0.8222129996865988
1159,1168,Real-World,cutlass-default,FP16,128,4096,3072,3221225472,0.946688,0.826112,1.145956,,True,pass,,1.1283446624875069
1160,1169,Real-World,cutlass-default,FP16,3072,768,3072,14495514624,2.13632,0.065946,32.395184,,True,pass,,0.8853724971413612
1161,1170,Real-World,cutlass-default,FP16,3072,3072,768,14495514624,1.419418,0.075981,18.681266,,True,pass,,0.8519587237387896
1162,1171,Real-World,cutlass-default,FP16,105,1024,12544,2697461760,4.234189,0.997632,4.244239,,True,pass,,1.0246554147452116
1163,1172,Real-World,cutlass-default,FP16,12960,1025,80,2125440000,0.28841,0.03584,8.047143,,True,pass,,0.6588746067136526
1164,1173,Real-World,cutlass-default,FP16,12960,1040,80,2156544000,0.287078,0.036096,7.953191,,True,pass,,0.6647984702140093
1165,1174,Real-World,cutlass-default,FP16,24000,208,400,3993600000,0.521267,0.034918,14.928153,,True,pass,,0.8064442202448845
1166,1175,Real-World,cutlass-default,FP16,6656,1024,1024,13958643712,1.36151,0.064614,21.071316,,True,pass,,0.9166145510971546
1167,1176,Real-World,cutlass-default,FP16,2048,4096,1024,17179869184,1.98784,0.079411,25.032237,,True,pass,,1.0051749553531408
1168,1177,Real-World,cutlass-default,FP16,2048,1024,4096,17179869184,2.875494,0.083661,34.370869,,True,pass,,0.9837391078472137
1169,1178,Real-World,cutlass-default,FP16,1,23698,620,29385520,0.284467,0.019251,14.776595,,True,pass,,1.0161795057356358
1170,1179,Real-World,cutlass-default,FP16,16384,768,128,3221225472,0.366131,0.035686,10.259684,,True,pass,,0.8271963354200125
1171,1180,Real-World,cutlass-default,FP16,28800,257,257,3804422400,0.542566,0.088781,6.111303,,True,pass,,0.7895107641816139
1172,1181,Real-World,cutlass-default,FP16,2424,1920,2424,22562979840,1.393971,0.112742,12.364214,,True,pass,,0.8439659886062145
1173,1182,Real-World,cutlass-default,FP16,16,23712,624,473481216,0.245299,0.01408,17.421818,,True,pass,,0.8885795623064041
1174,1183,Real-World,cutlass-default,FP16,2432,1920,2432,22712156160,1.399142,0.104602,13.375918,,True,pass,,0.7962486576288939
1175,1184,Real-World,cutlass-default,FP16,20368,512,256,5339348992,0.311859,0.042598,7.320914,,True,pass,,0.6815972495824099
1176,1185,Real-World,cutlass-default,FP16,10000,512,1024,10485760000,0.595968,0.054221,10.991501,,True,pass,,0.7319361083209515
1177,1186,Real-World,cutlass-default,FP16,20480,768,16,503316480,0.053555,0.031642,1.692557,,True,pass,,0.697117792442441
1178,1187,Real-World,cutlass-default,FP16,10240,768,768,12079595520,0.745421,0.060058,12.411765,,True,pass,,0.794822197407484
1179,1188,Real-World,cutlass-default,FP16,15776,512,512,8271167488,0.502118,0.058982,8.51302,,True,pass,,0.6772718690335751
1180,1189,Real-World,cutlass-default,FP16,7888,1504,512,12148277248,0.793344,0.076749,10.336891,,True,pass,,0.7442674823105335
1181,1191,Real-World,cutlass-default,FP16,16,4096,4096,536870912,0.784947,0.023194,33.843268,,True,pass,,1.4109917003661394
1182,1192,Real-World,cutlass-default,FP16,32,4096,4096,1073741824,0.785203,0.024678,31.817428,,True,pass,,1.53482267819345
1183,1193,Real-World,cutlass-default,FP16,58,4096,4096,1946157056,0.785562,0.047974,16.3746,,True,pass,,1.6120290663093328
1184,1196,Real-World,cutlass-default,FP16,8192,1024,1024,17179869184,0.988211,0.080333,12.301466,,True,pass,,0.9113593306392431
1185,1197,Real-World,cutlass-default,FP16,4096,3072,768,19327352832,1.187686,0.100454,11.82314,,True,pass,,0.8451949134469032
1186,1198,Real-World,cutlass-default,FP16,4096,768,3072,19327352832,1.179494,0.083456,14.133129,,True,pass,,0.9853628035634756
1187,1199,Real-World,cutlass-default,FP16,16,1024,18432,603979776,3.505254,0.045517,77.010121,,True,pass,,1.1285387799143791
1188,1200,Real-World,cutlass-default,FP16,18688,32,1024,1224736768,0.39808,0.031795,12.520128,,True,pass,,0.9183042645454407
1189,1201,Real-World,cutlass-default,FP16,256,56336,112,3230531584,0.217293,0.053146,4.088632,,True,pass,,1.0628100857138634
1190,1202,Real-World,cutlass-default,FP16,3328,1024,4096,27917287424,1.56928,0.107571,14.588291,,True,pass,,0.986219197511673
1191,1203,Real-World,cutlass-default,FP16,3328,4096,1024,27917287424,1.577011,0.125901,12.525823,,True,pass,,0.9625311549752951
1192,1204,Real-World,cutlass-default,FP16,1,13824,1536,42467328,0.301107,0.031642,9.516181,,True,pass,,1.1388770453631878
1193,1205,Real-World,cutlass-default,FP16,1,1536,13824,42467328,2.630963,0.050842,51.748237,,True,pass,,1.1554317940026522
1194,1206,Real-World,cutlass-default,FP16,5120,768,3072,24159191040,1.764045,0.093082,18.951595,,True,pass,,0.9966824930161238
1195,1207,Real-World,cutlass-default,FP16,5120,3072,768,24159191040,1.336371,0.114944,11.62628,,True,pass,,0.9519548043608665
1196,1208,Real-World,cutlass-default,FP16,40736,32,512,1334837248,0.30423,0.035072,8.674453,,True,pass,,0.9550382494926453
1197,1210,Real-World,cutlass-default,FP16,40736,48,512,2002255872,0.328653,0.040602,8.094578,,True,pass,,0.9866095688194036
1198,1213,Real-World,cutlass-default,FP16,1536,1536,6912,32614907904,2.638029,0.13609,19.384499,,True,pass,,1.1076776888221502
1199,1214,Real-World,cutlass-default,FP16,40000,208,400,6656000000,0.475597,0.057139,8.323477,,True,pass,,0.9181592501699924
1200,1215,Real-World,cutlass-default,FP16,16000,512,1024,16777216000,0.988314,0.080691,12.248096,,True,pass,,1.0017171278595924
1201,1216,Real-World,cutlass-default,FP16,4096,4096,1024,34359738368,1.969254,0.155238,12.685357,,True,pass,,1.2799265831708908
1202,1217,Real-World,cutlass-default,FP16,4096,1024,4096,34359738368,2.347981,0.16471,14.255207,,True,pass,,1.259988620877266
1203,1218,Real-World,cutlass-default,FP16,16384,768,768,19327352832,1.188147,0.102093,11.637913,,True,pass,,1.1397747471928596
1204,1220,Real-World,cutlass-default,FP16,6144,768,3072,28991029248,1.764198,0.127898,13.793836,,True,pass,,1.2248604726046324
1205,1221,Real-World,cutlass-default,FP16,6144,3072,768,28991029248,3.548928,0.268134,13.235631,,True,pass,,1.2399458270519972
1206,1222,Real-World,cutlass-default,FP16,1000,1024,12544,25690112000,5.361357,0.25513,21.014248,,True,pass,,1.44059875048697
1207,1223,Real-World,cutlass-default,FP16,1008,1024,12544,25895632896,4.460339,0.260557,17.118492,,True,pass,,1.4495283719152212
1208,1224,Real-World,cutlass-default,FP16,6464,3072,768,30500978688,3.301991,0.171059,19.303203,,True,pass,,1.3094279766082764
1209,1225,Real-World,cutlass-default,FP16,6464,768,3072,30500978688,3.491277,0.149197,23.400481,,True,pass,,1.3544492591172457
1210,1226,Real-World,cutlass-default,FP16,45,512,50176,2312110080,17.163519,1.119846,15.326672,,True,pass,,1.892133291810751
1211,1227,Real-World,cutlass-default,FP16,48,512,50176,2466250752,17.16736,1.086771,15.796664,,True,pass,,1.8918846528977156
1212,1228,Real-World,cutlass-default,FP16,32768,768,128,6442450944,0.575181,0.066406,8.661527,,True,pass,,1.1963409185409546
1213,1229,Real-World,cutlass-default,FP16,40736,512,256,10678697984,0.910848,0.078797,11.559455,,True,pass,,1.0661475155502558
1214,1230,Real-World,cutlass-default,FP16,20480,768,768,24159191040,2.464819,0.136806,18.01684,,True,pass,,1.3228688556700945
1215,1231,Real-World,cutlass-default,FP16,40960,768,16,1006632960,0.103066,0.059187,1.74135,,True,pass,,1.2320715691894293
1216,1232,Real-World,cutlass-default,FP16,15776,1504,512,24296554496,2.520474,0.150835,16.710115,,True,pass,,1.2362152449786663
1217,1233,Real-World,cutlass-default,FP16,8192,768,3072,38654705664,4.356813,0.285594,15.255288,,True,pass,,1.5721260998398066
1218,1234,Real-World,cutlass-default,FP16,8192,3072,768,38654705664,3.866163,0.321843,12.012568,,True,pass,,1.523266913369298
1219,1235,Real-World,cutlass-default,FP16,196,512,50176,10070523904,17.107353,1.175808,14.549445,,True,pass,,2.15858918428421
1220,1236,Real-World,cutlass-default,FP16,1632,128,21128,8827109376,7.267891,1.243494,5.844731,,True,pass,,1.930169403553009
1221,1237,Real-World,cutlass-default,FP16,16,4096,9216,1207959552,1.757696,0.054118,32.478712,,True,pass,,1.8879905119538307
1222,1238,Real-World,cutlass-default,FP16,6656,1024,4096,55834574848,3.13001,0.209818,14.917765,,True,pass,,1.538405243307352
1223,1239,Real-World,cutlass-default,FP16,6656,4096,1024,55834574848,3.145011,0.246118,12.778448,,True,pass,,1.4824668895453215
1224,1240,Real-World,cutlass-default,FP16,112,4096,9216,8455716864,1.758925,0.090675,19.398081,,True,pass,,1.9655298385769129
1225,1241,Real-World,cutlass-default,FP16,37376,32,1024,2449473536,0.594944,0.058419,10.184049,,True,pass,,1.492286840453744
1226,1242,Real-World,cutlass-default,FP16,168,4096,9216,12683575296,1.760614,0.08151,21.599874,,True,pass,,1.8867207523435354
1227,1243,Real-World,cutlass-default,FP16,10240,768,3072,48318382080,2.935501,0.180838,16.232729,,True,pass,,1.6030228231102228
1228,1244,Real-World,cutlass-default,FP16,10240,3072,768,48318382080,2.666035,0.223488,11.92921,,True,pass,,1.5716375280171633
1229,1245,Real-World,cutlass-default,FP16,159,36552,1024,11902500864,1.184666,0.076339,15.518444,,True,pass,,3.3612593710422516
1230,1246,Real-World,cutlass-default,FP16,640,768,30522,30004346880,5.806285,0.3904,14.872655,,True,pass,,1.8413165230304003
1231,1247,Real-World,cutlass-default,FP16,98,768,50257,7565085696,9.547776,0.310784,30.721581,,True,pass,,2.10280404612422
1232,1249,Real-World,cutlass-default,FP16,10000,1024,3120,63897600000,3.576269,0.246272,14.521622,,True,pass,,1.6685275416821241
1233,1250,Real-World,cutlass-default,FP16,1536,1536,13824,65229815808,5.266022,0.260608,20.20668,,True,pass,,1.948660360649228
1234,1252,Real-World,cutlass-default,FP16,8192,1024,4096,68719476736,3.909785,0.263936,14.813385,,True,pass,,1.7848562523722649
1235,1253,Real-World,cutlass-default,FP16,8192,4096,1024,68719476736,3.731097,0.309709,12.047114,,True,pass,,1.9657463617622852
1236,1256,Real-World,cutlass-default,FP16,32768,768,768,38654705664,2.221978,0.195482,11.366684,,True,pass,,1.7473879400640726
1237,1257,Real-World,cutlass-default,FP16,16,2560,19760,1618739200,3.757824,0.109158,34.425423,,True,pass,,2.106292512267828
1238,1258,Real-World,cutlass-default,FP16,640,1024,30522,40005795840,5.806694,0.388915,14.93049,,True,pass,,2.160441404208541
1239,1259,Real-World,cutlass-default,FP16,4000,100,12592,10073600000,2.399488,0.117299,20.456133,,True,pass,,1.915495516732335
1240,1260,Real-World,cutlass-default,FP16,1024,16,51200,1677721600,9.717351,0.096819,100.36595,,True,pass,,2.1542481761425734
1241,1261,Real-World,cutlass-default,FP16,199,2560,19760,20133068800,3.761101,0.154573,24.33223,,True,pass,,2.2670975606888533
1242,1265,Real-World,cutlass-default,FP16,40960,768,768,48318382080,2.666086,0.225536,11.821113,,True,pass,,2.137239020317793
1243,1266,Real-World,cutlass-default,FP16,1280,768,30528,60020490240,5.810073,0.279398,20.794942,,True,pass,,2.4761495031416416
1244,1267,Real-World,cutlass-default,FP16,16384,3072,768,77309411328,6.247527,0.745728,8.377755,,True,pass,,2.673391692340374
1245,1268,Real-World,cutlass-default,FP16,16384,768,3072,77309411328,8.640973,0.693248,12.464476,,True,pass,,2.702339928597212
1246,1269,Real-World,cutlass-default,FP16,16000,1024,3120,102236160000,11.511501,0.768922,14.970968,,True,pass,,2.6364725306630135
1247,1270,Real-World,cutlass-default,FP16,1280,1024,30528,80027320320,10.991924,1.512755,7.266161,,True,pass,,2.992820655927062
1248,1271,Real-World,cutlass-default,FP16,20480,768,3072,96636764160,10.148762,0.419533,24.190626,,True,pass,,3.1235096864402294
1249,1272,Real-World,cutlass-default,FP16,20480,3072,768,96636764160,10.182144,0.737946,13.79796,,True,pass,,3.2131480649113655
1250,1273,Real-World,cutlass-default,FP16,1216,768,40560,75756994560,14.312192,0.534221,26.79078,,True,pass,,3.3199333250522614
1251,1276,Real-World,cutlass-default,FP16,16,4096,25088,3288334336,4.770355,0.155597,30.65844,,True,pass,,4.631564367562532
1252,1277,Real-World,cutlass-default,FP16,32,4096,25088,6576668672,4.770509,0.165376,28.846441,,True,pass,,5.313318530097604
1253,1278,Real-World,cutlass-default,FP16,79,4096,25088,16236150784,4.773069,0.156621,30.475317,,True,pass,,4.4871022664010525
1254,1281,Real-World,cutlass-default,FP16,32768,768,3072,154618822656,8.831027,0.616653,14.320906,,True,pass,,4.7288278713822365
1255,1282,Real-World,cutlass-default,FP16,32768,3072,768,154618822656,8.526899,0.703898,12.113834,,True,pass,,4.6009897124022245
1256,1285,Real-World,cutlass-default,FP16,40960,768,3072,193273528320,10.588825,0.709683,14.920496,,True,pass,,5.628711096942425
1257,1286,Real-World,cutlass-default,FP16,40960,3072,768,193273528320,19.928831,1.366528,14.583551,,True,pass,,6.024958131834865
1258,1289,Real-World,cutlass-default,FP16,5124,700,2048,14691532800,2.248038,0.066458,33.826658,,True,pass,,0.9847478102892637
1259,1290,Real-World,cutlass-default,FP16,35,700,2048,100352000,0.526029,0.010189,51.628138,,True,pass,,0.5129017308354378
1260,1291,Real-World,cutlass-default,FP16,5124,700,2560,18364416000,2.608077,0.079974,32.611396,,True,pass,,1.1140464320778847
1261,1292,Real-World,cutlass-default,FP16,35,700,2560,125440000,0.702771,0.011878,59.163791,,True,pass,,0.5626762714236975
1262,1293,Real-World,cutlass-default,FP16,5124,1500,2048,31481856000,3.723827,0.150067,24.814399,,True,pass,,1.1490146648138762
1263,1294,Real-World,cutlass-default,FP16,35,1500,2048,215040000,0.696166,0.012544,55.49796,,True,pass,,0.6860505435615778
1264,1295,Real-World,cutlass-default,FP16,5124,1500,2560,39352320000,4.605286,0.176794,26.048943,,True,pass,,1.2712399531155825
1265,1296,Real-World,cutlass-default,FP16,35,1500,2560,268800000,0.799232,0.013568,58.905659,,True,pass,,0.6506276912987232
1266,1297,Real-World,cutlass-default,FP16,7680,1,2560,39321600,0.801792,0.028979,27.667843,,True,pass,,1.2261963374912739
1267,1298,Real-World,cutlass-default,FP16,7680,2,2560,78643200,0.568781,0.030003,18.957339,,True,pass,,1.1085328217595816
1268,1299,DeepBench,cutlass-default,FP16,7680,4,2560,157286400,0.713984,0.029542,24.16811,,True,pass,,1.1224545408040285
1269,1300,DeepBench,cutlass-default,FP16,3072,1,1024,6291456,0.269568,0.007373,36.562497,,True,pass,,0.5980102047324181
1270,1301,DeepBench,cutlass-default,FP16,3072,2,1024,12582912,0.217498,0.00727,29.915494,,True,pass,,0.597268046811223
1271,1302,DeepBench,cutlass-default,FP16,3072,4,1024,25165824,0.218214,0.007168,30.442855,,True,pass,,0.5835201181471348
1272,1303,DeepBench,cutlass-default,FP16,64,1,1216,155648,0.484506,0.006758,71.689394,,True,pass,,0.5062398985028267
1273,1304,DeepBench,cutlass-default,FP16,512,1,500000,512000000,,,,,False,process_error,Failed,9.120257571339607
1274,1305,DeepBench,cutlass-default,FP16,1024,1,500000,1024000000,,,,,False,process_error,Failed,16.2105953078717
1275,1306,DeepBench,cutlass-default,FP16,512,2,500000,1024000000,173.351624,2.024858,85.611764,,True,pass,,12.913994912058115
1276,1307,DeepBench,cutlass-default,FP16,1024,2,500000,2048000000,187.014294,2.139187,87.42306,,True,pass,,22.571829127147794
1277,1308,DeepBench,cutlass-default,FP16,512,4,500000,2048000000,172.422095,1.606195,107.348153,,True,pass,,12.649693574756384
1278,1309,DeepBench,cutlass-default,FP16,1024,4,500000,4096000000,94.83858,0.696115,136.239777,,True,pass,,20.386185634881258
1279,1310,DeepBench,cutlass-default,FP16,1024,700,512,734003200,0.103526,0.010342,10.009901,,True,pass,,0.3693501651287079
1280,1311,DeepBench,cutlass-default,FP16,7680,1500,2560,58982400000,3.424512,0.227686,15.040477,,True,pass,,1.3922147806733847
1281,1312,DeepBench,cutlass-default,FP16,6144,1500,2048,37748736000,2.353101,0.166861,14.102179,,True,pass,,1.270587520673871
1282,1313,DeepBench,cutlass-default,FP16,4608,1500,1536,21233664000,1.182822,0.089805,13.171038,,True,pass,,0.8186146263033152
1283,1314,DeepBench,cutlass-default,FP16,8448,1500,2816,71368704000,4.304026,0.291021,14.789409,,True,pass,,1.6272415053099394
1284,1315,DeepBench,cutlass-default,FP16,3072,1500,1024,9437184000,0.594637,0.046438,12.804852,,True,pass,,0.6270056739449501
1285,1316,DeepBench,cutlass-default,FP16,7680,3000,2560,117964800000,6.838067,0.449638,15.207924,,True,pass,,2.0235031321644783
1286,1317,DeepBench,cutlass-default,FP16,6144,3000,2048,75497472000,4.305817,0.306022,14.070268,,True,pass,,1.6228179801255465
1287,1318,DeepBench,cutlass-default,FP16,4608,3000,1536,42467328000,2.355917,0.174848,13.474085,,True,pass,,1.1247136797755957
1288,1319,DeepBench,cutlass-default,FP16,8448,3000,2816,142737408000,18.66071,1.233715,15.125623,,True,pass,,2.620904067531228
1289,1320,DeepBench,cutlass-default,FP16,3072,3000,1024,18874368000,2.228941,0.093901,23.737186,,True,pass,,0.9281711094081402
1290,1321,DeepBench,cutlass-default,FP16,7680,6000,2560,235929600000,24.660173,1.459354,16.89801,,True,pass,,3.7269544396549463
1291,1322,DeepBench,cutlass-default,FP16,6144,6000,2048,150994944000,15.217203,1.231923,12.352396,,True,pass,,3.9306966196745634
1292,1323,DeepBench,cutlass-default,FP16,4608,6000,1536,84934656000,8.74368,0.72448,12.068904,,True,pass,,1.9684681314975023
1293,1324,DeepBench,cutlass-default,FP16,8448,6000,2816,285474816000,29.390387,2.11968,13.865483,,True,pass,,4.269838003441691
1294,1325,DeepBench,cutlass-default,FP16,3072,6000,1024,37748736000,4.037478,0.299776,13.468317,,True,pass,,1.4723884295672178
1295,1326,DeepBench,cutlass-default,FP16,6144,1,2048,25165824,0.768922,0.013619,56.45865,,True,pass,,0.8587496634572744
1296,1327,DeepBench,cutlass-default,FP16,4608,1,1536,14155776,0.333517,0.01111,30.018433,,True,pass,,0.6418370753526688
1297,1328,DeepBench,cutlass-default,FP16,8448,1,2816,47579136,0.648346,0.035533,18.246398,,True,pass,,1.1445212550461292
1298,1329,DeepBench,cutlass-default,FP16,6144,2,2048,50331648,0.450458,0.014438,31.198584,,True,pass,,0.8143272418528795
1299,1330,DeepBench,cutlass-default,FP16,4608,2,1536,28311552,0.334438,0.010547,31.708738,,True,pass,,0.707571167498827
1300,1331,DeepBench,cutlass-default,FP16,8448,2,2816,95158272,0.54272,0.035379,15.340086,,True,pass,,1.1251394003629684
1301,1332,DeepBench,cutlass-default,FP16,6144,4,2048,100663296,0.394906,0.014029,28.149635,,True,pass,,0.7147530931979418
1302,1333,DeepBench,cutlass-default,FP16,4608,4,1536,56623104,0.297472,0.011059,26.898148,,True,pass,,0.5719737000763416
1303,1334,DeepBench,cutlass-default,FP16,8448,4,2816,190316544,0.542822,0.035584,15.254677,,True,pass,,1.065707141533494
1304,1335,DeepBench,cutlass-default,FP16,128,1500,1280,491520000,0.249139,0.011571,21.530972,,True,pass,,0.41662403754889965
1305,1336,DeepBench,cutlass-default,FP16,3072,1500,128,1179648000,0.084378,0.017869,4.722063,,True,pass,,0.4540576320141554
1306,1337,DeepBench,cutlass-default,FP16,128,1,1024,262144,0.199936,0.008397,23.810976,,True,pass,,0.31968616135418415
1307,1338,DeepBench,cutlass-default,FP16,3072,1,128,786432,0.030054,0.00809,3.71519,,True,pass,,0.3470082562416792
1308,1339,DeepBench,cutlass-default,FP16,176,1500,1408,743424000,0.273715,0.012544,21.820409,,True,pass,,0.41978125646710396
1309,1340,DeepBench,cutlass-default,FP16,4224,1500,176,2230272000,0.147558,0.023859,6.18455,,True,pass,,0.48735170252621174
1310,1341,DeepBench,cutlass-default,FP16,128,1,1408,360448,0.272691,0.008704,31.329412,,True,pass,,0.33903079479932785
1311,1342,DeepBench,cutlass-default,FP16,4224,1,128,1081344,0.030259,0.008909,3.396552,,True,pass,,0.33258820697665215
1312,1343,DeepBench,cutlass-default,FP16,512,1500,2816,4325376000,0.54231,0.03159,17.166937,,True,pass,,0.5788198672235012
1313,1344,DeepBench,cutlass-default,FP16,512,1500,2048,3145728000,0.39593,0.022477,17.615034,,True,pass,,0.5345531217753887
1314,1345,DeepBench,cutlass-default,FP16,512,1500,2560,3932160000,0.493619,0.027341,18.054308,,True,pass,,0.56983457878232
1315,1346,DeepBench,cutlass-default,FP16,512,1500,1530,2350080000,0.298701,0.031693,9.424879,,True,pass,,0.4475173391401768
1316,1347,DeepBench,cutlass-default,FP16,1024,1500,2816,8650752000,0.543949,0.04224,12.877576,,True,pass,,0.6017797328531742
1317,1348,DeepBench,cutlass-default,FP16,1024,1500,2048,6291456000,0.397414,0.032358,12.281646,,True,pass,,0.6017128843814135
1318,1349,DeepBench,cutlass-default,FP16,1024,1500,2560,7864320000,0.49536,0.039782,12.451738,,True,pass,,0.5931867882609367
1319,1350,DeepBench,cutlass-default,FP16,1024,1500,1530,4700160000,0.299776,0.073677,4.068798,,True,pass,,0.501914182677865
1320,1351,DeepBench,cutlass-default,FP16,512,1,512,524288,0.10281,0.008192,12.55,,True,pass,,0.3314083181321621
1321,1352,DeepBench,cutlass-default,FP16,1024,1,512,1048576,0.102758,0.008294,12.388889,,True,pass,,0.36642472818493843
1322,1353,DeepBench,cutlass-default,FP16,512,3000,2816,8650752000,0.543898,0.042906,12.676611,,True,pass,,0.7337505519390106
1323,1354,DeepBench,cutlass-default,FP16,512,3000,2048,6291456000,0.397312,0.032819,12.106084,,True,pass,,0.7323662899434566
1324,1355,DeepBench,cutlass-default,FP16,512,3000,2560,7864320000,0.495206,0.03927,12.610169,,True,pass,,0.7003531586378813
1325,1356,DeepBench,cutlass-default,FP16,512,3000,1530,4700160000,0.299622,0.073523,4.075209,,True,pass,,0.5539707466959953
1326,1357,DeepBench,cutlass-default,FP16,1024,3000,2816,17301504000,1.081498,0.076851,14.072618,,True,pass,,0.814567631110549
1327,1358,DeepBench,cutlass-default,FP16,1024,3000,2048,12582912000,0.788685,0.058112,13.571806,,True,pass,,0.7984412554651499
1328,1359,DeepBench,cutlass-default,FP16,1024,3000,2560,15728640000,1.33975,0.070605,18.975344,,True,pass,,1.2458833288401365
1329,1360,DeepBench,cutlass-default,FP16,1024,3000,1530,9400320000,1.48096,0.089139,16.614015,,True,pass,,0.8821458853781223
1330,1361,DeepBench,cutlass-default,FP16,512,2,512,1048576,0.103014,0.005274,19.53398,,True,pass,,0.47404783591628075
1331,1362,DeepBench,cutlass-default,FP16,1024,2,512,2097152,0.102963,0.007475,13.773972,,True,pass,,0.5331925228238106
1332,1363,DeepBench,cutlass-default,FP16,512,6000,2816,17301504000,2.020557,0.077875,25.946088,,True,pass,,1.3138286117464304
1333,1364,DeepBench,cutlass-default,FP16,512,6000,2048,12582912000,1.14944,0.059699,19.253859,,True,pass,,1.4707082714885473
1334,1365,DeepBench,cutlass-default,FP16,512,6000,2560,15728640000,1.798554,0.071987,24.984354,,True,pass,,1.167398750782013
1335,1366,DeepBench,cutlass-default,FP16,512,6000,1530,9400320000,0.796621,0.07849,10.14938,,True,pass,,0.8478488158434629
1336,1367,DeepBench,cutlass-default,FP16,1024,6000,2816,34603008000,4.047974,0.171981,23.537363,,True,pass,,1.4400112181901932
1337,1368,DeepBench,cutlass-default,FP16,1024,6000,2048,25165824000,2.977434,0.133478,22.306482,,True,pass,,1.6818738877773285
1338,1369,DeepBench,cutlass-default,FP16,1024,6000,2560,31457280000,3.835187,0.263834,14.536387,,True,pass,,1.4109910354018211
1339,1370,DeepBench,cutlass-default,FP16,1024,6000,1530,18800640000,2.236672,0.175206,12.765927,,True,pass,,1.0514396876096725
1340,1371,DeepBench,cutlass-default,FP16,512,4,512,2097152,0.10281,0.005171,19.881188,,True,pass,,0.4576009325683117
1341,1372,DeepBench,cutlass-default,FP16,1024,4,512,4194304,0.102912,0.007373,13.958332,,True,pass,,0.5071002561599016
1342,1373,DeepBench,cutlass-default,FP16,10752,1,3584,77070336,1.225216,0.051456,23.810946,,True,pass,,1.8274144399911165
1343,1374,DeepBench,cutlass-default,FP16,10752,2,3584,154140672,1.429197,0.051866,27.555775,,True,pass,,1.5988560672849417
1344,1375,DeepBench,cutlass-default,FP16,10752,4,3584,308281344,1.016218,0.052531,19.345029,,True,pass,,1.7160032391548157
1345,1376,DeepBench,cutlass-default,FP16,10752,1500,3584,115605504000,6.835251,0.455117,15.018674,,True,pass,,2.2823162022978067
1346,1377,DeepBench,cutlass-default,FP16,10752,3000,3584,231211008000,13.018982,0.90752,14.345669,,True,pass,,3.3586794193834066
1347,1378,DeepBench,cutlass-default,FP16,10752,6000,3584,462422016000,25.567284,1.756877,14.55269,,True,pass,,5.0078706704080105
1348,1379,DeepBench,cutlass-default,FP16,2560,16,2560,209715200,0.491469,0.022733,21.61937,,True,pass,,0.6271201800554991
1349,1380,DeepBench,cutlass-default,FP16,2560,32,2560,419430400,0.491725,0.014131,34.797099,,True,pass,,0.5267238710075617
1350,1381,DeepBench,cutlass-default,FP16,2560,64,2560,838860800,0.49239,0.020531,23.982544,,True,pass,,0.5577579885721207
1351,1382,DeepBench,cutlass-default,FP16,2560,128,2560,1677721600,0.494746,0.018995,26.045821,,True,pass,,0.5491052512079477
1352,1383,DeepBench,cutlass-default,FP16,2560,7000,2560,91750400000,5.376665,0.37632,14.287483,,True,pass,,1.8537228424102068
1353,1384,DeepBench,cutlass-default,FP16,1760,16,1760,99123200,0.339558,0.00983,34.541667,,True,pass,,0.4453925434499979
1354,1385,DeepBench,cutlass-default,FP16,1760,32,1760,198246400,0.339712,0.012954,26.225296,,True,pass,,0.4234963618218899
1355,1386,DeepBench,cutlass-default,FP16,1760,64,1760,396492800,0.34007,0.012288,27.675,,True,pass,,0.4678434953093529
1356,1387,DeepBench,cutlass-default,FP16,1760,128,1760,792985600,0.340224,0.014029,24.251826,,True,pass,,0.44245467334985733
1357,1388,DeepBench,cutlass-default,FP16,1760,7000,1760,43366400000,2.69481,0.195994,13.749477,,True,pass,,1.1546841990202665
1358,1389,DeepBench,cutlass-default,FP16,2048,16,2048,134217728,0.394291,0.010701,36.84689,,True,pass,,0.4694710113108158
1359,1390,DeepBench,cutlass-default,FP16,2048,32,2048,268435456,0.394752,0.013978,28.241757,,True,pass,,0.4697902277112007
1360,1391,DeepBench,cutlass-default,FP16,2048,64,2048,536870912,0.394701,0.014182,27.830323,,True,pass,,0.47753773257136345
1361,1392,DeepBench,cutlass-default,FP16,2048,128,2048,1073741824,0.395162,0.015411,25.641197,,True,pass,,0.47564551047980785
1362,1393,DeepBench,cutlass-default,FP16,2048,7000,2048,58720256000,3.524762,0.246221,14.31545,,True,pass,,2.4550255481153727
1363,1394,DeepBench,cutlass-default,FP16,4096,16,4096,536870912,0.784691,0.040499,19.375473,,True,pass,,0.8595959972590208
1364,1395,DeepBench,cutlass-default,FP16,4096,32,4096,1073741824,0.785152,0.028723,27.335115,,True,pass,,0.841074800118804
1365,1396,DeepBench,cutlass-default,FP16,4096,64,4096,2147483648,0.785715,0.16384,4.795625,,True,pass,,0.8658276945352554
1366,1397,DeepBench,cutlass-default,FP16,4096,128,4096,4294967296,0.787456,0.035891,21.940086,,True,pass,,0.9043576754629612
1367,1398,DeepBench,cutlass-default,FP16,4096,7000,4096,234881024000,13.357158,0.916531,14.573599,,True,pass,,4.649031043052673
1368,1399,DeepBench,cutlass-default,FP16,5124,9124,1760,164564843520,9.409024,0.660736,14.240217,,True,pass,,2.714731091633439
1369,1400,DeepBench,cutlass-default,FP16,35,8457,1760,1041902400,0.341504,0.018227,18.735955,,True,pass,,0.8046206124126911
1370,1401,DeepBench,cutlass-default,FP16,5124,9124,2048,191493636096,10.979379,0.751667,14.606702,,True,pass,,3.5115285087376833
1371,1402,DeepBench,cutlass-default,FP16,35,8457,2048,1212395520,0.397363,0.027699,14.345657,,True,pass,,2.3853786028921604
1372,1403,DeepBench,cutlass-default,FP16,5124,9124,2560,239367045120,25.502464,1.689088,15.098363,,True,pass,,3.7148484513163567
1373,1404,DeepBench,cutlass-default,FP16,35,8457,2560,1515494400,0.811622,0.03497,23.209371,,True,pass,,1.357468493282795
1374,1405,DeepBench,cutlass-default,FP16,5124,9124,4096,382987272192,41.015656,2.603418,15.754543,,True,pass,,6.658114457502961
1375,1406,DeepBench,cutlass-default,FP16,35,8457,4096,2424791040,1.205965,0.052582,22.93476,,True,pass,,3.1083148438483477
1376,1407,DeepBench,cutlass-default,FP16,7680,16,2560,629145600,0.75648,0.030054,25.170358,,True,pass,,1.08570933714509
1377,1408,DeepBench,cutlass-default,FP16,7680,32,2560,1258291200,0.672461,0.035021,19.201753,,True,pass,,1.101043876260519
1378,1409,DeepBench,cutlass-default,FP16,7680,64,2560,2516582400,0.890112,0.033638,26.461188,,True,pass,,1.1002044193446636
1379,1410,DeepBench,cutlass-default,FP16,7680,128,2560,5033164800,0.70912,0.988262,0.717542,,True,pass,,1.1192205660045147
1380,1411,DeepBench,cutlass-default,FP16,3072,16,1024,100663296,0.327782,0.00768,42.679997,,True,pass,,0.5330234076827765
1381,1412,DeepBench,cutlass-default,FP16,3072,32,1024,201326592,0.325376,0.009472,34.351353,,True,pass,,0.5332836955785751
1382,1413,DeepBench,cutlass-default,FP16,3072,64,1024,402653184,0.325325,0.00983,33.093749,,True,pass,,0.5135867651551962
1383,1414,DeepBench,cutlass-default,FP16,3072,128,1024,805306368,0.325581,0.011315,28.773757,,True,pass,,0.5414695795625448
1384,1415,DeepBench,cutlass-default,FP16,512,8,500000,4096000000,94.82204,0.432691,219.144834,,True,pass,,10.62638951651752
1385,1416,DeepBench,cutlass-default,FP16,1024,8,500000,8192000000,173.660828,2.495437,69.591353,,True,pass,,20.615815414115787
1386,1417,DeepBench,cutlass-default,FP16,512,16,500000,8192000000,173.437439,1.872077,92.644404,,True,pass,,13.11903440952301
1387,1418,DeepBench,cutlass-default,FP16,1024,16,500000,16384000000,172.589722,2.019994,85.440727,,True,pass,,20.529449304565787
1388,1419,DeepBench,cutlass-default,FP16,7680,24000,2560,943718400000,95.355646,6.514483,14.637485,,True,pass,,12.86616793461144
1389,1420,DeepBench,cutlass-default,FP16,6144,24000,2048,603979776000,33.098804,2.353152,14.065731,,True,pass,,15.483641590923071
1390,1421,DeepBench,cutlass-default,FP16,4608,24000,1536,339738624000,18.639821,1.360282,13.702914,,True,pass,,6.240802889689803
1391,1422,DeepBench,cutlass-default,FP16,8448,24000,2816,1141899264000,116.012439,7.711436,15.044206,,True,pass,,12.933671403676271
1392,1423,DeepBench,cutlass-default,FP16,3072,24000,1024,150994944000,15.702937,1.066445,14.724567,,True,pass,,7.787936199456453
1393,1424,DeepBench,cutlass-default,FP16,7680,48000,2560,1887436800000,190.305078,13.42459,14.175858,,True,pass,,34.52865581214428
1394,1425,DeepBench,cutlass-default,FP16,6144,48000,2048,1207959552000,122.794702,8.701952,14.111167,,True,pass,,31.223989591002464
1395,1426,DeepBench,cutlass-default,FP16,4608,48000,1536,679477248000,36.925644,2.652774,13.919632,,True,pass,,19.912358483299613
1396,1427,DeepBench,cutlass-default,FP16,8448,48000,2816,2283798528000,230.13335,15.997491,14.38559,,True,pass,,32.050520138815045
1397,1428,DeepBench,cutlass-default,FP16,3072,48000,1024,301989888000,16.545587,1.279539,12.930895,,True,pass,,12.86047856323421
1398,1429,DeepBench,cutlass-default,FP16,6144,16,2048,402653184,0.394803,0.015053,26.227891,,True,pass,,0.7352082282304764
1399,1430,DeepBench,cutlass-default,FP16,4608,16,1536,226492416,0.297472,0.011571,25.707964,,True,pass,,0.5550042856484652
1400,1431,DeepBench,cutlass-default,FP16,8448,16,2816,761266176,0.542822,0.036198,14.995756,,True,pass,,1.0653088837862015
1401,1432,DeepBench,cutlass-default,FP16,6144,32,2048,805306368,0.395213,0.017818,22.181034,,True,pass,,0.7051528599113226
1402,1433,DeepBench,cutlass-default,FP16,4608,32,1536,452984832,0.297626,0.012698,23.439516,,True,pass,,0.5386180598288774
1403,1434,DeepBench,cutlass-default,FP16,8448,32,2816,1522532352,0.543078,0.042445,12.794934,,True,pass,,1.0655149389058352
1404,1435,DeepBench,cutlass-default,FP16,512,24000,2816,69206016000,3.765709,0.409344,9.199375,,True,pass,,4.021010547876358
1405,1436,DeepBench,cutlass-default,FP16,512,24000,2048,50331648000,6.287001,0.546355,11.507169,,True,pass,,5.118104685097933
1406,1437,DeepBench,cutlass-default,FP16,512,24000,2560,62914560000,6.550067,0.422144,15.516192,,True,pass,,4.54072062112391
1407,1438,DeepBench,cutlass-default,FP16,512,24000,1530,37601280000,4.098355,0.374682,10.938234,,True,pass,,2.5563581977039576
1408,1439,DeepBench,cutlass-default,FP16,1024,24000,2816,138412032000,14.103961,1.137715,12.396741,,True,pass,,5.644341798499227
1409,1440,DeepBench,cutlass-default,FP16,1024,24000,2048,100663296000,10.601984,0.448973,23.613866,,True,pass,,6.325348701328039
1410,1441,DeepBench,cutlass-default,FP16,1024,24000,2560,125829120000,6.844672,0.470528,14.54679,,True,pass,,5.563979336991906
1411,1442,DeepBench,cutlass-default,FP16,1024,24000,1530,75202560000,4.112384,0.52951,7.76639,,True,pass,,3.3267230316996574
1412,1443,DeepBench,cutlass-default,FP16,512,16,512,8388608,0.102758,0.008448,12.163635,,True,pass,,0.3405147157609463
1413,1444,DeepBench,cutlass-default,FP16,1024,16,512,16777216,0.102758,0.008294,12.388889,,True,pass,,0.3371219001710415
1414,1445,DeepBench,cutlass-default,FP16,512,48000,2816,138412032000,7.589888,0.519475,14.610683,,True,pass,,11.277715787291527
1415,1446,DeepBench,cutlass-default,FP16,512,48000,2048,100663296000,10.52887,0.548762,19.186602,,True,pass,,10.835705565288663
1416,1447,DeepBench,cutlass-default,FP16,512,48000,2560,125829120000,12.751411,0.975923,13.065999,,True,pass,,12.330004932358861
1417,1448,DeepBench,cutlass-default,FP16,512,48000,1530,75202560000,4.111667,0.549683,7.480067,,True,pass,,5.615188296884298
1418,1449,DeepBench,cutlass-default,FP16,1024,48000,2816,276824064000,15.183052,1.018368,14.9092,,True,pass,,13.239966809749603
1419,1450,DeepBench,cutlass-default,FP16,1024,48000,2048,201326592000,20.425063,1.544038,13.228339,,True,pass,,12.916838502511382
1420,1451,DeepBench,cutlass-default,FP16,1024,48000,2560,251658240000,25.663385,1.610701,15.933055,,True,pass,,13.848225556313992
1421,1452,DeepBench,cutlass-default,FP16,1024,48000,1530,150405120000,8.212531,1.052058,7.806162,,True,pass,,6.410365534946322
1422,1453,DeepBench,cutlass-default,FP16,512,32,512,16777216,0.102963,0.00809,12.727848,,True,pass,,0.3786071855574846
1423,1454,DeepBench,cutlass-default,FP16,1024,32,512,33554432,0.102963,0.008346,12.337423,,True,pass,,0.3399053104221821
1424,1455,DeepBench,cutlass-default,FP16,1024,1536,1024,3221225472,0.202035,0.020122,10.040712,,True,pass,,0.4422018248587847
1425,1456,DeepBench,cutlass-default,FP16,4096,1536,1024,12884901888,0.79191,0.063898,12.39343,,True,pass,,0.7332352641969919
1426,1457,DeepBench,cutlass-default,FP16,1024,1536,4096,12884901888,0.788429,0.057856,13.627433,,True,pass,,0.8366871327161789
1427,1458,DeepBench,cutlass-default,FP16,1024,4,1024,8388608,0.199885,0.009318,21.450549,,True,pass,,0.35649717040359974
1428,1459,DeepBench,cutlass-default,FP16,2,1536,1024,6291456,0.200346,0.008499,23.572291,,True,pass,,0.38855975307524204
1429,1460,DeepBench,cutlass-default,FP16,1024,384,1024,805306368,0.200704,0.011213,17.899544,,True,pass,,0.39499663189053535
1430,1461,DeepBench,cutlass-default,FP16,4096,384,1024,3221225472,0.202086,0.019814,10.198966,,True,pass,,0.548815393820405
1431,1462,DeepBench,cutlass-default,FP16,1024,384,4096,3221225472,0.784589,0.027955,28.065933,,True,pass,,0.7658638600260019
1432,1463,DeepBench,cutlass-default,FP16,1024,1,1024,2097152,0.200141,0.008653,23.130178,,True,pass,,0.5533290319144726
1433,1464,DeepBench,cutlass-default,FP16,2,384,1024,1572864,0.200038,0.008397,23.823172,,True,pass,,0.3433385882526636
