backend,m,n,k,count,num_layers,avg_ms,total_ms,avg_tflops,share_pct,cumulative_share_pct,layers
cublas,16,51200,5120,33216,64,0.35315767138826737,11730.48521283269,23.75382873724107,8.574252409488622,8.574252409488622,model.layers.0.mlp.gate_up_proj;model.layers.1.mlp.gate_up_proj;model.layers.10.mlp.gate_up_proj;model.layers.11.mlp.gate_up_proj;model.layers.12.mlp.gate_up_proj;model.layers.13.mlp.gate_up_proj;model.layers.14.mlp.gate_up_proj;model.layers.15.mlp.gate_up_proj;model.layers.16.mlp.gate_up_proj;model.layers.17.mlp.gate_up_proj;model.layers.18.mlp.gate_up_proj;model.layers.19.mlp.gate_up_proj;model.layers.2.mlp.gate_up_proj;model.layers.20.mlp.gate_up_proj;model.layers.21.mlp.gate_up_proj;model.layers.22.mlp.gate_up_proj;model.layers.23.mlp.gate_up_proj;model.layers.24.mlp.gate_up_proj;model.layers.25.mlp.gate_up_proj;model.layers.26.mlp.gate_up_proj;model.layers.27.mlp.gate_up_proj;model.layers.28.mlp.gate_up_proj;model.layers.29.mlp.gate_up_proj;model.layers.3.mlp.gate_up_proj;model.layers.30.mlp.gate_up_proj;model.layers.31.mlp.gate_up_proj;model.layers.32.mlp.gate_up_proj;model.layers.33.mlp.gate_up_proj;model.layers.34.mlp.gate_up_proj;model.layers.35.mlp.gate_up_proj;model.layers.36.mlp.gate_up_proj;model.layers.37.mlp.gate_up_proj;model.layers.38.mlp.gate_up_proj;model.layers.39.mlp.gate_up_proj;model.layers.4.mlp.gate_up_proj;model.layers.40.mlp.gate_up_proj;model.layers.41.mlp.gate_up_proj;model.layers.42.mlp.gate_up_proj;model.layers.43.mlp.gate_up_proj;model.layers.44.mlp.gate_up_proj;model.layers.45.mlp.gate_up_proj;model.layers.46.mlp.gate_up_proj;model.layers.47.mlp.gate_up_proj;model.layers.48.mlp.gate_up_proj;model.layers.49.mlp.gate_up_proj;model.layers.5.mlp.gate_up_proj;model.layers.50.mlp.gate_up_proj;model.layers.51.mlp.gate_up_proj;model.layers.52.mlp.gate_up_proj;model.layers.53.mlp.gate_up_proj;model.layers.54.mlp.gate_up_proj;model.layers.55.mlp.gate_up_proj;model.layers.56.mlp.gate_up_proj;model.layers.57.mlp.gate_up_proj;model.layers.58.mlp.gate_up_proj;model.layers.59.mlp.gate_up_proj;model.layers.6.mlp.gate_up_proj;model.layers.60.mlp.gate_up_proj;model.layers.61.mlp.gate_up_proj;model.layers.62.mlp.gate_up_proj;model.layers.63.mlp.gate_up_proj;model.layers.7.mlp.gate_up_proj;model.layers.8.mlp.gate_up_proj;model.layers.9.mlp.gate_up_proj
cublas,12,51200,5120,32640,64,0.3493056034240141,11401.334895759821,18.0123972013931,8.333664075072702,16.907916484561326,model.layers.0.mlp.gate_up_proj;model.layers.1.mlp.gate_up_proj;model.layers.10.mlp.gate_up_proj;model.layers.11.mlp.gate_up_proj;model.layers.12.mlp.gate_up_proj;model.layers.13.mlp.gate_up_proj;model.layers.14.mlp.gate_up_proj;model.layers.15.mlp.gate_up_proj;model.layers.16.mlp.gate_up_proj;model.layers.17.mlp.gate_up_proj;model.layers.18.mlp.gate_up_proj;model.layers.19.mlp.gate_up_proj;model.layers.2.mlp.gate_up_proj;model.layers.20.mlp.gate_up_proj;model.layers.21.mlp.gate_up_proj;model.layers.22.mlp.gate_up_proj;model.layers.23.mlp.gate_up_proj;model.layers.24.mlp.gate_up_proj;model.layers.25.mlp.gate_up_proj;model.layers.26.mlp.gate_up_proj;model.layers.27.mlp.gate_up_proj;model.layers.28.mlp.gate_up_proj;model.layers.29.mlp.gate_up_proj;model.layers.3.mlp.gate_up_proj;model.layers.30.mlp.gate_up_proj;model.layers.31.mlp.gate_up_proj;model.layers.32.mlp.gate_up_proj;model.layers.33.mlp.gate_up_proj;model.layers.34.mlp.gate_up_proj;model.layers.35.mlp.gate_up_proj;model.layers.36.mlp.gate_up_proj;model.layers.37.mlp.gate_up_proj;model.layers.38.mlp.gate_up_proj;model.layers.39.mlp.gate_up_proj;model.layers.4.mlp.gate_up_proj;model.layers.40.mlp.gate_up_proj;model.layers.41.mlp.gate_up_proj;model.layers.42.mlp.gate_up_proj;model.layers.43.mlp.gate_up_proj;model.layers.44.mlp.gate_up_proj;model.layers.45.mlp.gate_up_proj;model.layers.46.mlp.gate_up_proj;model.layers.47.mlp.gate_up_proj;model.layers.48.mlp.gate_up_proj;model.layers.49.mlp.gate_up_proj;model.layers.5.mlp.gate_up_proj;model.layers.50.mlp.gate_up_proj;model.layers.51.mlp.gate_up_proj;model.layers.52.mlp.gate_up_proj;model.layers.53.mlp.gate_up_proj;model.layers.54.mlp.gate_up_proj;model.layers.55.mlp.gate_up_proj;model.layers.56.mlp.gate_up_proj;model.layers.57.mlp.gate_up_proj;model.layers.58.mlp.gate_up_proj;model.layers.59.mlp.gate_up_proj;model.layers.6.mlp.gate_up_proj;model.layers.60.mlp.gate_up_proj;model.layers.61.mlp.gate_up_proj;model.layers.62.mlp.gate_up_proj;model.layers.63.mlp.gate_up_proj;model.layers.7.mlp.gate_up_proj;model.layers.8.mlp.gate_up_proj;model.layers.9.mlp.gate_up_proj
cublas,8,51200,5120,32768,64,0.34448784408141364,11288.177674859762,12.175850797542338,8.250953210487838,25.158869695049162,model.layers.0.mlp.gate_up_proj;model.layers.1.mlp.gate_up_proj;model.layers.10.mlp.gate_up_proj;model.layers.11.mlp.gate_up_proj;model.layers.12.mlp.gate_up_proj;model.layers.13.mlp.gate_up_proj;model.layers.14.mlp.gate_up_proj;model.layers.15.mlp.gate_up_proj;model.layers.16.mlp.gate_up_proj;model.layers.17.mlp.gate_up_proj;model.layers.18.mlp.gate_up_proj;model.layers.19.mlp.gate_up_proj;model.layers.2.mlp.gate_up_proj;model.layers.20.mlp.gate_up_proj;model.layers.21.mlp.gate_up_proj;model.layers.22.mlp.gate_up_proj;model.layers.23.mlp.gate_up_proj;model.layers.24.mlp.gate_up_proj;model.layers.25.mlp.gate_up_proj;model.layers.26.mlp.gate_up_proj;model.layers.27.mlp.gate_up_proj;model.layers.28.mlp.gate_up_proj;model.layers.29.mlp.gate_up_proj;model.layers.3.mlp.gate_up_proj;model.layers.30.mlp.gate_up_proj;model.layers.31.mlp.gate_up_proj;model.layers.32.mlp.gate_up_proj;model.layers.33.mlp.gate_up_proj;model.layers.34.mlp.gate_up_proj;model.layers.35.mlp.gate_up_proj;model.layers.36.mlp.gate_up_proj;model.layers.37.mlp.gate_up_proj;model.layers.38.mlp.gate_up_proj;model.layers.39.mlp.gate_up_proj;model.layers.4.mlp.gate_up_proj;model.layers.40.mlp.gate_up_proj;model.layers.41.mlp.gate_up_proj;model.layers.42.mlp.gate_up_proj;model.layers.43.mlp.gate_up_proj;model.layers.44.mlp.gate_up_proj;model.layers.45.mlp.gate_up_proj;model.layers.46.mlp.gate_up_proj;model.layers.47.mlp.gate_up_proj;model.layers.48.mlp.gate_up_proj;model.layers.49.mlp.gate_up_proj;model.layers.5.mlp.gate_up_proj;model.layers.50.mlp.gate_up_proj;model.layers.51.mlp.gate_up_proj;model.layers.52.mlp.gate_up_proj;model.layers.53.mlp.gate_up_proj;model.layers.54.mlp.gate_up_proj;model.layers.55.mlp.gate_up_proj;model.layers.56.mlp.gate_up_proj;model.layers.57.mlp.gate_up_proj;model.layers.58.mlp.gate_up_proj;model.layers.59.mlp.gate_up_proj;model.layers.6.mlp.gate_up_proj;model.layers.60.mlp.gate_up_proj;model.layers.61.mlp.gate_up_proj;model.layers.62.mlp.gate_up_proj;model.layers.63.mlp.gate_up_proj;model.layers.7.mlp.gate_up_proj;model.layers.8.mlp.gate_up_proj;model.layers.9.mlp.gate_up_proj
cublas,4,51200,5120,32704,64,0.34015210827178305,11124.334548920393,6.165790423654747,8.131194113410851,33.29006380846001,model.layers.0.mlp.gate_up_proj;model.layers.1.mlp.gate_up_proj;model.layers.10.mlp.gate_up_proj;model.layers.11.mlp.gate_up_proj;model.layers.12.mlp.gate_up_proj;model.layers.13.mlp.gate_up_proj;model.layers.14.mlp.gate_up_proj;model.layers.15.mlp.gate_up_proj;model.layers.16.mlp.gate_up_proj;model.layers.17.mlp.gate_up_proj;model.layers.18.mlp.gate_up_proj;model.layers.19.mlp.gate_up_proj;model.layers.2.mlp.gate_up_proj;model.layers.20.mlp.gate_up_proj;model.layers.21.mlp.gate_up_proj;model.layers.22.mlp.gate_up_proj;model.layers.23.mlp.gate_up_proj;model.layers.24.mlp.gate_up_proj;model.layers.25.mlp.gate_up_proj;model.layers.26.mlp.gate_up_proj;model.layers.27.mlp.gate_up_proj;model.layers.28.mlp.gate_up_proj;model.layers.29.mlp.gate_up_proj;model.layers.3.mlp.gate_up_proj;model.layers.30.mlp.gate_up_proj;model.layers.31.mlp.gate_up_proj;model.layers.32.mlp.gate_up_proj;model.layers.33.mlp.gate_up_proj;model.layers.34.mlp.gate_up_proj;model.layers.35.mlp.gate_up_proj;model.layers.36.mlp.gate_up_proj;model.layers.37.mlp.gate_up_proj;model.layers.38.mlp.gate_up_proj;model.layers.39.mlp.gate_up_proj;model.layers.4.mlp.gate_up_proj;model.layers.40.mlp.gate_up_proj;model.layers.41.mlp.gate_up_proj;model.layers.42.mlp.gate_up_proj;model.layers.43.mlp.gate_up_proj;model.layers.44.mlp.gate_up_proj;model.layers.45.mlp.gate_up_proj;model.layers.46.mlp.gate_up_proj;model.layers.47.mlp.gate_up_proj;model.layers.48.mlp.gate_up_proj;model.layers.49.mlp.gate_up_proj;model.layers.5.mlp.gate_up_proj;model.layers.50.mlp.gate_up_proj;model.layers.51.mlp.gate_up_proj;model.layers.52.mlp.gate_up_proj;model.layers.53.mlp.gate_up_proj;model.layers.54.mlp.gate_up_proj;model.layers.55.mlp.gate_up_proj;model.layers.56.mlp.gate_up_proj;model.layers.57.mlp.gate_up_proj;model.layers.58.mlp.gate_up_proj;model.layers.59.mlp.gate_up_proj;model.layers.6.mlp.gate_up_proj;model.layers.60.mlp.gate_up_proj;model.layers.61.mlp.gate_up_proj;model.layers.62.mlp.gate_up_proj;model.layers.63.mlp.gate_up_proj;model.layers.7.mlp.gate_up_proj;model.layers.8.mlp.gate_up_proj;model.layers.9.mlp.gate_up_proj
cublas,2,51200,5120,32640,64,0.336180107501865,10972.918708860874,3.1191607933388203,8.020518586532832,41.31058239499284,model.layers.0.mlp.gate_up_proj;model.layers.1.mlp.gate_up_proj;model.layers.10.mlp.gate_up_proj;model.layers.11.mlp.gate_up_proj;model.layers.12.mlp.gate_up_proj;model.layers.13.mlp.gate_up_proj;model.layers.14.mlp.gate_up_proj;model.layers.15.mlp.gate_up_proj;model.layers.16.mlp.gate_up_proj;model.layers.17.mlp.gate_up_proj;model.layers.18.mlp.gate_up_proj;model.layers.19.mlp.gate_up_proj;model.layers.2.mlp.gate_up_proj;model.layers.20.mlp.gate_up_proj;model.layers.21.mlp.gate_up_proj;model.layers.22.mlp.gate_up_proj;model.layers.23.mlp.gate_up_proj;model.layers.24.mlp.gate_up_proj;model.layers.25.mlp.gate_up_proj;model.layers.26.mlp.gate_up_proj;model.layers.27.mlp.gate_up_proj;model.layers.28.mlp.gate_up_proj;model.layers.29.mlp.gate_up_proj;model.layers.3.mlp.gate_up_proj;model.layers.30.mlp.gate_up_proj;model.layers.31.mlp.gate_up_proj;model.layers.32.mlp.gate_up_proj;model.layers.33.mlp.gate_up_proj;model.layers.34.mlp.gate_up_proj;model.layers.35.mlp.gate_up_proj;model.layers.36.mlp.gate_up_proj;model.layers.37.mlp.gate_up_proj;model.layers.38.mlp.gate_up_proj;model.layers.39.mlp.gate_up_proj;model.layers.4.mlp.gate_up_proj;model.layers.40.mlp.gate_up_proj;model.layers.41.mlp.gate_up_proj;model.layers.42.mlp.gate_up_proj;model.layers.43.mlp.gate_up_proj;model.layers.44.mlp.gate_up_proj;model.layers.45.mlp.gate_up_proj;model.layers.46.mlp.gate_up_proj;model.layers.47.mlp.gate_up_proj;model.layers.48.mlp.gate_up_proj;model.layers.49.mlp.gate_up_proj;model.layers.5.mlp.gate_up_proj;model.layers.50.mlp.gate_up_proj;model.layers.51.mlp.gate_up_proj;model.layers.52.mlp.gate_up_proj;model.layers.53.mlp.gate_up_proj;model.layers.54.mlp.gate_up_proj;model.layers.55.mlp.gate_up_proj;model.layers.56.mlp.gate_up_proj;model.layers.57.mlp.gate_up_proj;model.layers.58.mlp.gate_up_proj;model.layers.59.mlp.gate_up_proj;model.layers.6.mlp.gate_up_proj;model.layers.60.mlp.gate_up_proj;model.layers.61.mlp.gate_up_proj;model.layers.62.mlp.gate_up_proj;model.layers.63.mlp.gate_up_proj;model.layers.7.mlp.gate_up_proj;model.layers.8.mlp.gate_up_proj;model.layers.9.mlp.gate_up_proj
cublas,1,51200,5120,32768,64,0.3279621885067172,10746.66499298811,1.5987291849570582,7.855141244225153,49.165723639217994,model.layers.0.mlp.gate_up_proj;model.layers.1.mlp.gate_up_proj;model.layers.10.mlp.gate_up_proj;model.layers.11.mlp.gate_up_proj;model.layers.12.mlp.gate_up_proj;model.layers.13.mlp.gate_up_proj;model.layers.14.mlp.gate_up_proj;model.layers.15.mlp.gate_up_proj;model.layers.16.mlp.gate_up_proj;model.layers.17.mlp.gate_up_proj;model.layers.18.mlp.gate_up_proj;model.layers.19.mlp.gate_up_proj;model.layers.2.mlp.gate_up_proj;model.layers.20.mlp.gate_up_proj;model.layers.21.mlp.gate_up_proj;model.layers.22.mlp.gate_up_proj;model.layers.23.mlp.gate_up_proj;model.layers.24.mlp.gate_up_proj;model.layers.25.mlp.gate_up_proj;model.layers.26.mlp.gate_up_proj;model.layers.27.mlp.gate_up_proj;model.layers.28.mlp.gate_up_proj;model.layers.29.mlp.gate_up_proj;model.layers.3.mlp.gate_up_proj;model.layers.30.mlp.gate_up_proj;model.layers.31.mlp.gate_up_proj;model.layers.32.mlp.gate_up_proj;model.layers.33.mlp.gate_up_proj;model.layers.34.mlp.gate_up_proj;model.layers.35.mlp.gate_up_proj;model.layers.36.mlp.gate_up_proj;model.layers.37.mlp.gate_up_proj;model.layers.38.mlp.gate_up_proj;model.layers.39.mlp.gate_up_proj;model.layers.4.mlp.gate_up_proj;model.layers.40.mlp.gate_up_proj;model.layers.41.mlp.gate_up_proj;model.layers.42.mlp.gate_up_proj;model.layers.43.mlp.gate_up_proj;model.layers.44.mlp.gate_up_proj;model.layers.45.mlp.gate_up_proj;model.layers.46.mlp.gate_up_proj;model.layers.47.mlp.gate_up_proj;model.layers.48.mlp.gate_up_proj;model.layers.49.mlp.gate_up_proj;model.layers.5.mlp.gate_up_proj;model.layers.50.mlp.gate_up_proj;model.layers.51.mlp.gate_up_proj;model.layers.52.mlp.gate_up_proj;model.layers.53.mlp.gate_up_proj;model.layers.54.mlp.gate_up_proj;model.layers.55.mlp.gate_up_proj;model.layers.56.mlp.gate_up_proj;model.layers.57.mlp.gate_up_proj;model.layers.58.mlp.gate_up_proj;model.layers.59.mlp.gate_up_proj;model.layers.6.mlp.gate_up_proj;model.layers.60.mlp.gate_up_proj;model.layers.61.mlp.gate_up_proj;model.layers.62.mlp.gate_up_proj;model.layers.63.mlp.gate_up_proj;model.layers.7.mlp.gate_up_proj;model.layers.8.mlp.gate_up_proj;model.layers.9.mlp.gate_up_proj
cublas,16,5120,25600,33216,64,0.1866030056363327,6198.205435216427,22.50582885153361,4.530501247234974,53.69622488645297,model.layers.0.mlp.down_proj;model.layers.1.mlp.down_proj;model.layers.10.mlp.down_proj;model.layers.11.mlp.down_proj;model.layers.12.mlp.down_proj;model.layers.13.mlp.down_proj;model.layers.14.mlp.down_proj;model.layers.15.mlp.down_proj;model.layers.16.mlp.down_proj;model.layers.17.mlp.down_proj;model.layers.18.mlp.down_proj;model.layers.19.mlp.down_proj;model.layers.2.mlp.down_proj;model.layers.20.mlp.down_proj;model.layers.21.mlp.down_proj;model.layers.22.mlp.down_proj;model.layers.23.mlp.down_proj;model.layers.24.mlp.down_proj;model.layers.25.mlp.down_proj;model.layers.26.mlp.down_proj;model.layers.27.mlp.down_proj;model.layers.28.mlp.down_proj;model.layers.29.mlp.down_proj;model.layers.3.mlp.down_proj;model.layers.30.mlp.down_proj;model.layers.31.mlp.down_proj;model.layers.32.mlp.down_proj;model.layers.33.mlp.down_proj;model.layers.34.mlp.down_proj;model.layers.35.mlp.down_proj;model.layers.36.mlp.down_proj;model.layers.37.mlp.down_proj;model.layers.38.mlp.down_proj;model.layers.39.mlp.down_proj;model.layers.4.mlp.down_proj;model.layers.40.mlp.down_proj;model.layers.41.mlp.down_proj;model.layers.42.mlp.down_proj;model.layers.43.mlp.down_proj;model.layers.44.mlp.down_proj;model.layers.45.mlp.down_proj;model.layers.46.mlp.down_proj;model.layers.47.mlp.down_proj;model.layers.48.mlp.down_proj;model.layers.49.mlp.down_proj;model.layers.5.mlp.down_proj;model.layers.50.mlp.down_proj;model.layers.51.mlp.down_proj;model.layers.52.mlp.down_proj;model.layers.53.mlp.down_proj;model.layers.54.mlp.down_proj;model.layers.55.mlp.down_proj;model.layers.56.mlp.down_proj;model.layers.57.mlp.down_proj;model.layers.58.mlp.down_proj;model.layers.59.mlp.down_proj;model.layers.6.mlp.down_proj;model.layers.60.mlp.down_proj;model.layers.61.mlp.down_proj;model.layers.62.mlp.down_proj;model.layers.63.mlp.down_proj;model.layers.7.mlp.down_proj;model.layers.8.mlp.down_proj;model.layers.9.mlp.down_proj
cublas,12,5120,25600,32640,64,0.18353192027539525,5990.481877788901,17.140806174630313,4.378668293996852,58.07489318044982,model.layers.0.mlp.down_proj;model.layers.1.mlp.down_proj;model.layers.10.mlp.down_proj;model.layers.11.mlp.down_proj;model.layers.12.mlp.down_proj;model.layers.13.mlp.down_proj;model.layers.14.mlp.down_proj;model.layers.15.mlp.down_proj;model.layers.16.mlp.down_proj;model.layers.17.mlp.down_proj;model.layers.18.mlp.down_proj;model.layers.19.mlp.down_proj;model.layers.2.mlp.down_proj;model.layers.20.mlp.down_proj;model.layers.21.mlp.down_proj;model.layers.22.mlp.down_proj;model.layers.23.mlp.down_proj;model.layers.24.mlp.down_proj;model.layers.25.mlp.down_proj;model.layers.26.mlp.down_proj;model.layers.27.mlp.down_proj;model.layers.28.mlp.down_proj;model.layers.29.mlp.down_proj;model.layers.3.mlp.down_proj;model.layers.30.mlp.down_proj;model.layers.31.mlp.down_proj;model.layers.32.mlp.down_proj;model.layers.33.mlp.down_proj;model.layers.34.mlp.down_proj;model.layers.35.mlp.down_proj;model.layers.36.mlp.down_proj;model.layers.37.mlp.down_proj;model.layers.38.mlp.down_proj;model.layers.39.mlp.down_proj;model.layers.4.mlp.down_proj;model.layers.40.mlp.down_proj;model.layers.41.mlp.down_proj;model.layers.42.mlp.down_proj;model.layers.43.mlp.down_proj;model.layers.44.mlp.down_proj;model.layers.45.mlp.down_proj;model.layers.46.mlp.down_proj;model.layers.47.mlp.down_proj;model.layers.48.mlp.down_proj;model.layers.49.mlp.down_proj;model.layers.5.mlp.down_proj;model.layers.50.mlp.down_proj;model.layers.51.mlp.down_proj;model.layers.52.mlp.down_proj;model.layers.53.mlp.down_proj;model.layers.54.mlp.down_proj;model.layers.55.mlp.down_proj;model.layers.56.mlp.down_proj;model.layers.57.mlp.down_proj;model.layers.58.mlp.down_proj;model.layers.59.mlp.down_proj;model.layers.6.mlp.down_proj;model.layers.60.mlp.down_proj;model.layers.61.mlp.down_proj;model.layers.62.mlp.down_proj;model.layers.63.mlp.down_proj;model.layers.7.mlp.down_proj;model.layers.8.mlp.down_proj;model.layers.9.mlp.down_proj
cublas,8,5120,25600,32768,64,0.1813015917359735,5940.890558004379,11.568200340785012,4.342420134995979,62.417313315445796,model.layers.0.mlp.down_proj;model.layers.1.mlp.down_proj;model.layers.10.mlp.down_proj;model.layers.11.mlp.down_proj;model.layers.12.mlp.down_proj;model.layers.13.mlp.down_proj;model.layers.14.mlp.down_proj;model.layers.15.mlp.down_proj;model.layers.16.mlp.down_proj;model.layers.17.mlp.down_proj;model.layers.18.mlp.down_proj;model.layers.19.mlp.down_proj;model.layers.2.mlp.down_proj;model.layers.20.mlp.down_proj;model.layers.21.mlp.down_proj;model.layers.22.mlp.down_proj;model.layers.23.mlp.down_proj;model.layers.24.mlp.down_proj;model.layers.25.mlp.down_proj;model.layers.26.mlp.down_proj;model.layers.27.mlp.down_proj;model.layers.28.mlp.down_proj;model.layers.29.mlp.down_proj;model.layers.3.mlp.down_proj;model.layers.30.mlp.down_proj;model.layers.31.mlp.down_proj;model.layers.32.mlp.down_proj;model.layers.33.mlp.down_proj;model.layers.34.mlp.down_proj;model.layers.35.mlp.down_proj;model.layers.36.mlp.down_proj;model.layers.37.mlp.down_proj;model.layers.38.mlp.down_proj;model.layers.39.mlp.down_proj;model.layers.4.mlp.down_proj;model.layers.40.mlp.down_proj;model.layers.41.mlp.down_proj;model.layers.42.mlp.down_proj;model.layers.43.mlp.down_proj;model.layers.44.mlp.down_proj;model.layers.45.mlp.down_proj;model.layers.46.mlp.down_proj;model.layers.47.mlp.down_proj;model.layers.48.mlp.down_proj;model.layers.49.mlp.down_proj;model.layers.5.mlp.down_proj;model.layers.50.mlp.down_proj;model.layers.51.mlp.down_proj;model.layers.52.mlp.down_proj;model.layers.53.mlp.down_proj;model.layers.54.mlp.down_proj;model.layers.55.mlp.down_proj;model.layers.56.mlp.down_proj;model.layers.57.mlp.down_proj;model.layers.58.mlp.down_proj;model.layers.59.mlp.down_proj;model.layers.6.mlp.down_proj;model.layers.60.mlp.down_proj;model.layers.61.mlp.down_proj;model.layers.62.mlp.down_proj;model.layers.63.mlp.down_proj;model.layers.7.mlp.down_proj;model.layers.8.mlp.down_proj;model.layers.9.mlp.down_proj
cublas,4,5120,25600,32704,64,0.17894023995292455,5852.0616074204445,5.860350673376124,4.2774917173084095,66.6948050327542,model.layers.0.mlp.down_proj;model.layers.1.mlp.down_proj;model.layers.10.mlp.down_proj;model.layers.11.mlp.down_proj;model.layers.12.mlp.down_proj;model.layers.13.mlp.down_proj;model.layers.14.mlp.down_proj;model.layers.15.mlp.down_proj;model.layers.16.mlp.down_proj;model.layers.17.mlp.down_proj;model.layers.18.mlp.down_proj;model.layers.19.mlp.down_proj;model.layers.2.mlp.down_proj;model.layers.20.mlp.down_proj;model.layers.21.mlp.down_proj;model.layers.22.mlp.down_proj;model.layers.23.mlp.down_proj;model.layers.24.mlp.down_proj;model.layers.25.mlp.down_proj;model.layers.26.mlp.down_proj;model.layers.27.mlp.down_proj;model.layers.28.mlp.down_proj;model.layers.29.mlp.down_proj;model.layers.3.mlp.down_proj;model.layers.30.mlp.down_proj;model.layers.31.mlp.down_proj;model.layers.32.mlp.down_proj;model.layers.33.mlp.down_proj;model.layers.34.mlp.down_proj;model.layers.35.mlp.down_proj;model.layers.36.mlp.down_proj;model.layers.37.mlp.down_proj;model.layers.38.mlp.down_proj;model.layers.39.mlp.down_proj;model.layers.4.mlp.down_proj;model.layers.40.mlp.down_proj;model.layers.41.mlp.down_proj;model.layers.42.mlp.down_proj;model.layers.43.mlp.down_proj;model.layers.44.mlp.down_proj;model.layers.45.mlp.down_proj;model.layers.46.mlp.down_proj;model.layers.47.mlp.down_proj;model.layers.48.mlp.down_proj;model.layers.49.mlp.down_proj;model.layers.5.mlp.down_proj;model.layers.50.mlp.down_proj;model.layers.51.mlp.down_proj;model.layers.52.mlp.down_proj;model.layers.53.mlp.down_proj;model.layers.54.mlp.down_proj;model.layers.55.mlp.down_proj;model.layers.56.mlp.down_proj;model.layers.57.mlp.down_proj;model.layers.58.mlp.down_proj;model.layers.59.mlp.down_proj;model.layers.6.mlp.down_proj;model.layers.60.mlp.down_proj;model.layers.61.mlp.down_proj;model.layers.62.mlp.down_proj;model.layers.63.mlp.down_proj;model.layers.7.mlp.down_proj;model.layers.8.mlp.down_proj;model.layers.9.mlp.down_proj
cublas,2,5120,25600,32640,64,0.17696815452894524,5776.240563824773,2.9627633630159953,4.22207126760451,70.91687630035871,model.layers.0.mlp.down_proj;model.layers.1.mlp.down_proj;model.layers.10.mlp.down_proj;model.layers.11.mlp.down_proj;model.layers.12.mlp.down_proj;model.layers.13.mlp.down_proj;model.layers.14.mlp.down_proj;model.layers.15.mlp.down_proj;model.layers.16.mlp.down_proj;model.layers.17.mlp.down_proj;model.layers.18.mlp.down_proj;model.layers.19.mlp.down_proj;model.layers.2.mlp.down_proj;model.layers.20.mlp.down_proj;model.layers.21.mlp.down_proj;model.layers.22.mlp.down_proj;model.layers.23.mlp.down_proj;model.layers.24.mlp.down_proj;model.layers.25.mlp.down_proj;model.layers.26.mlp.down_proj;model.layers.27.mlp.down_proj;model.layers.28.mlp.down_proj;model.layers.29.mlp.down_proj;model.layers.3.mlp.down_proj;model.layers.30.mlp.down_proj;model.layers.31.mlp.down_proj;model.layers.32.mlp.down_proj;model.layers.33.mlp.down_proj;model.layers.34.mlp.down_proj;model.layers.35.mlp.down_proj;model.layers.36.mlp.down_proj;model.layers.37.mlp.down_proj;model.layers.38.mlp.down_proj;model.layers.39.mlp.down_proj;model.layers.4.mlp.down_proj;model.layers.40.mlp.down_proj;model.layers.41.mlp.down_proj;model.layers.42.mlp.down_proj;model.layers.43.mlp.down_proj;model.layers.44.mlp.down_proj;model.layers.45.mlp.down_proj;model.layers.46.mlp.down_proj;model.layers.47.mlp.down_proj;model.layers.48.mlp.down_proj;model.layers.49.mlp.down_proj;model.layers.5.mlp.down_proj;model.layers.50.mlp.down_proj;model.layers.51.mlp.down_proj;model.layers.52.mlp.down_proj;model.layers.53.mlp.down_proj;model.layers.54.mlp.down_proj;model.layers.55.mlp.down_proj;model.layers.56.mlp.down_proj;model.layers.57.mlp.down_proj;model.layers.58.mlp.down_proj;model.layers.59.mlp.down_proj;model.layers.6.mlp.down_proj;model.layers.60.mlp.down_proj;model.layers.61.mlp.down_proj;model.layers.62.mlp.down_proj;model.layers.63.mlp.down_proj;model.layers.7.mlp.down_proj;model.layers.8.mlp.down_proj;model.layers.9.mlp.down_proj
cublas,1,5120,25600,32768,64,0.1747707524227735,5726.888015389442,1.5000451210817114,4.185997635554481,75.1028739359132,model.layers.0.mlp.down_proj;model.layers.1.mlp.down_proj;model.layers.10.mlp.down_proj;model.layers.11.mlp.down_proj;model.layers.12.mlp.down_proj;model.layers.13.mlp.down_proj;model.layers.14.mlp.down_proj;model.layers.15.mlp.down_proj;model.layers.16.mlp.down_proj;model.layers.17.mlp.down_proj;model.layers.18.mlp.down_proj;model.layers.19.mlp.down_proj;model.layers.2.mlp.down_proj;model.layers.20.mlp.down_proj;model.layers.21.mlp.down_proj;model.layers.22.mlp.down_proj;model.layers.23.mlp.down_proj;model.layers.24.mlp.down_proj;model.layers.25.mlp.down_proj;model.layers.26.mlp.down_proj;model.layers.27.mlp.down_proj;model.layers.28.mlp.down_proj;model.layers.29.mlp.down_proj;model.layers.3.mlp.down_proj;model.layers.30.mlp.down_proj;model.layers.31.mlp.down_proj;model.layers.32.mlp.down_proj;model.layers.33.mlp.down_proj;model.layers.34.mlp.down_proj;model.layers.35.mlp.down_proj;model.layers.36.mlp.down_proj;model.layers.37.mlp.down_proj;model.layers.38.mlp.down_proj;model.layers.39.mlp.down_proj;model.layers.4.mlp.down_proj;model.layers.40.mlp.down_proj;model.layers.41.mlp.down_proj;model.layers.42.mlp.down_proj;model.layers.43.mlp.down_proj;model.layers.44.mlp.down_proj;model.layers.45.mlp.down_proj;model.layers.46.mlp.down_proj;model.layers.47.mlp.down_proj;model.layers.48.mlp.down_proj;model.layers.49.mlp.down_proj;model.layers.5.mlp.down_proj;model.layers.50.mlp.down_proj;model.layers.51.mlp.down_proj;model.layers.52.mlp.down_proj;model.layers.53.mlp.down_proj;model.layers.54.mlp.down_proj;model.layers.55.mlp.down_proj;model.layers.56.mlp.down_proj;model.layers.57.mlp.down_proj;model.layers.58.mlp.down_proj;model.layers.59.mlp.down_proj;model.layers.6.mlp.down_proj;model.layers.60.mlp.down_proj;model.layers.61.mlp.down_proj;model.layers.62.mlp.down_proj;model.layers.63.mlp.down_proj;model.layers.7.mlp.down_proj;model.layers.8.mlp.down_proj;model.layers.9.mlp.down_proj
cublas,8,10240,5120,32768,64,0.09610193996832095,3149.068368881941,8.740885745414374,2.3017723955691496,77.40464633148234,model.layers.0.self_attn.qkv_proj;model.layers.1.self_attn.qkv_proj;model.layers.10.self_attn.qkv_proj;model.layers.11.self_attn.qkv_proj;model.layers.12.self_attn.qkv_proj;model.layers.13.self_attn.qkv_proj;model.layers.14.self_attn.qkv_proj;model.layers.15.self_attn.qkv_proj;model.layers.16.self_attn.qkv_proj;model.layers.17.self_attn.qkv_proj;model.layers.18.self_attn.qkv_proj;model.layers.19.self_attn.qkv_proj;model.layers.2.self_attn.qkv_proj;model.layers.20.self_attn.qkv_proj;model.layers.21.self_attn.qkv_proj;model.layers.22.self_attn.qkv_proj;model.layers.23.self_attn.qkv_proj;model.layers.24.self_attn.qkv_proj;model.layers.25.self_attn.qkv_proj;model.layers.26.self_attn.qkv_proj;model.layers.27.self_attn.qkv_proj;model.layers.28.self_attn.qkv_proj;model.layers.29.self_attn.qkv_proj;model.layers.3.self_attn.qkv_proj;model.layers.30.self_attn.qkv_proj;model.layers.31.self_attn.qkv_proj;model.layers.32.self_attn.qkv_proj;model.layers.33.self_attn.qkv_proj;model.layers.34.self_attn.qkv_proj;model.layers.35.self_attn.qkv_proj;model.layers.36.self_attn.qkv_proj;model.layers.37.self_attn.qkv_proj;model.layers.38.self_attn.qkv_proj;model.layers.39.self_attn.qkv_proj;model.layers.4.self_attn.qkv_proj;model.layers.40.self_attn.qkv_proj;model.layers.41.self_attn.qkv_proj;model.layers.42.self_attn.qkv_proj;model.layers.43.self_attn.qkv_proj;model.layers.44.self_attn.qkv_proj;model.layers.45.self_attn.qkv_proj;model.layers.46.self_attn.qkv_proj;model.layers.47.self_attn.qkv_proj;model.layers.48.self_attn.qkv_proj;model.layers.49.self_attn.qkv_proj;model.layers.5.self_attn.qkv_proj;model.layers.50.self_attn.qkv_proj;model.layers.51.self_attn.qkv_proj;model.layers.52.self_attn.qkv_proj;model.layers.53.self_attn.qkv_proj;model.layers.54.self_attn.qkv_proj;model.layers.55.self_attn.qkv_proj;model.layers.56.self_attn.qkv_proj;model.layers.57.self_attn.qkv_proj;model.layers.58.self_attn.qkv_proj;model.layers.59.self_attn.qkv_proj;model.layers.6.self_attn.qkv_proj;model.layers.60.self_attn.qkv_proj;model.layers.61.self_attn.qkv_proj;model.layers.62.self_attn.qkv_proj;model.layers.63.self_attn.qkv_proj;model.layers.7.self_attn.qkv_proj;model.layers.8.self_attn.qkv_proj;model.layers.9.self_attn.qkv_proj
cublas,4,10240,5120,32704,64,0.09493510971764384,3104.757828205824,4.424700016064285,2.2693841564413844,79.67403048792373,model.layers.0.self_attn.qkv_proj;model.layers.1.self_attn.qkv_proj;model.layers.10.self_attn.qkv_proj;model.layers.11.self_attn.qkv_proj;model.layers.12.self_attn.qkv_proj;model.layers.13.self_attn.qkv_proj;model.layers.14.self_attn.qkv_proj;model.layers.15.self_attn.qkv_proj;model.layers.16.self_attn.qkv_proj;model.layers.17.self_attn.qkv_proj;model.layers.18.self_attn.qkv_proj;model.layers.19.self_attn.qkv_proj;model.layers.2.self_attn.qkv_proj;model.layers.20.self_attn.qkv_proj;model.layers.21.self_attn.qkv_proj;model.layers.22.self_attn.qkv_proj;model.layers.23.self_attn.qkv_proj;model.layers.24.self_attn.qkv_proj;model.layers.25.self_attn.qkv_proj;model.layers.26.self_attn.qkv_proj;model.layers.27.self_attn.qkv_proj;model.layers.28.self_attn.qkv_proj;model.layers.29.self_attn.qkv_proj;model.layers.3.self_attn.qkv_proj;model.layers.30.self_attn.qkv_proj;model.layers.31.self_attn.qkv_proj;model.layers.32.self_attn.qkv_proj;model.layers.33.self_attn.qkv_proj;model.layers.34.self_attn.qkv_proj;model.layers.35.self_attn.qkv_proj;model.layers.36.self_attn.qkv_proj;model.layers.37.self_attn.qkv_proj;model.layers.38.self_attn.qkv_proj;model.layers.39.self_attn.qkv_proj;model.layers.4.self_attn.qkv_proj;model.layers.40.self_attn.qkv_proj;model.layers.41.self_attn.qkv_proj;model.layers.42.self_attn.qkv_proj;model.layers.43.self_attn.qkv_proj;model.layers.44.self_attn.qkv_proj;model.layers.45.self_attn.qkv_proj;model.layers.46.self_attn.qkv_proj;model.layers.47.self_attn.qkv_proj;model.layers.48.self_attn.qkv_proj;model.layers.49.self_attn.qkv_proj;model.layers.5.self_attn.qkv_proj;model.layers.50.self_attn.qkv_proj;model.layers.51.self_attn.qkv_proj;model.layers.52.self_attn.qkv_proj;model.layers.53.self_attn.qkv_proj;model.layers.54.self_attn.qkv_proj;model.layers.55.self_attn.qkv_proj;model.layers.56.self_attn.qkv_proj;model.layers.57.self_attn.qkv_proj;model.layers.58.self_attn.qkv_proj;model.layers.59.self_attn.qkv_proj;model.layers.6.self_attn.qkv_proj;model.layers.60.self_attn.qkv_proj;model.layers.61.self_attn.qkv_proj;model.layers.62.self_attn.qkv_proj;model.layers.63.self_attn.qkv_proj;model.layers.7.self_attn.qkv_proj;model.layers.8.self_attn.qkv_proj;model.layers.9.self_attn.qkv_proj
cublas,2,10240,5120,32640,64,0.09291206416057642,3032.6497742012143,2.2607240711796526,2.216677670343419,81.89070815826715,model.layers.0.self_attn.qkv_proj;model.layers.1.self_attn.qkv_proj;model.layers.10.self_attn.qkv_proj;model.layers.11.self_attn.qkv_proj;model.layers.12.self_attn.qkv_proj;model.layers.13.self_attn.qkv_proj;model.layers.14.self_attn.qkv_proj;model.layers.15.self_attn.qkv_proj;model.layers.16.self_attn.qkv_proj;model.layers.17.self_attn.qkv_proj;model.layers.18.self_attn.qkv_proj;model.layers.19.self_attn.qkv_proj;model.layers.2.self_attn.qkv_proj;model.layers.20.self_attn.qkv_proj;model.layers.21.self_attn.qkv_proj;model.layers.22.self_attn.qkv_proj;model.layers.23.self_attn.qkv_proj;model.layers.24.self_attn.qkv_proj;model.layers.25.self_attn.qkv_proj;model.layers.26.self_attn.qkv_proj;model.layers.27.self_attn.qkv_proj;model.layers.28.self_attn.qkv_proj;model.layers.29.self_attn.qkv_proj;model.layers.3.self_attn.qkv_proj;model.layers.30.self_attn.qkv_proj;model.layers.31.self_attn.qkv_proj;model.layers.32.self_attn.qkv_proj;model.layers.33.self_attn.qkv_proj;model.layers.34.self_attn.qkv_proj;model.layers.35.self_attn.qkv_proj;model.layers.36.self_attn.qkv_proj;model.layers.37.self_attn.qkv_proj;model.layers.38.self_attn.qkv_proj;model.layers.39.self_attn.qkv_proj;model.layers.4.self_attn.qkv_proj;model.layers.40.self_attn.qkv_proj;model.layers.41.self_attn.qkv_proj;model.layers.42.self_attn.qkv_proj;model.layers.43.self_attn.qkv_proj;model.layers.44.self_attn.qkv_proj;model.layers.45.self_attn.qkv_proj;model.layers.46.self_attn.qkv_proj;model.layers.47.self_attn.qkv_proj;model.layers.48.self_attn.qkv_proj;model.layers.49.self_attn.qkv_proj;model.layers.5.self_attn.qkv_proj;model.layers.50.self_attn.qkv_proj;model.layers.51.self_attn.qkv_proj;model.layers.52.self_attn.qkv_proj;model.layers.53.self_attn.qkv_proj;model.layers.54.self_attn.qkv_proj;model.layers.55.self_attn.qkv_proj;model.layers.56.self_attn.qkv_proj;model.layers.57.self_attn.qkv_proj;model.layers.58.self_attn.qkv_proj;model.layers.59.self_attn.qkv_proj;model.layers.6.self_attn.qkv_proj;model.layers.60.self_attn.qkv_proj;model.layers.61.self_attn.qkv_proj;model.layers.62.self_attn.qkv_proj;model.layers.63.self_attn.qkv_proj;model.layers.7.self_attn.qkv_proj;model.layers.8.self_attn.qkv_proj;model.layers.9.self_attn.qkv_proj
cublas,16,10240,5120,33216,64,0.08390751291337371,2787.071948930621,20.041275605176807,2.0371756103826026,83.92788376864975,model.layers.0.self_attn.qkv_proj;model.layers.1.self_attn.qkv_proj;model.layers.10.self_attn.qkv_proj;model.layers.11.self_attn.qkv_proj;model.layers.12.self_attn.qkv_proj;model.layers.13.self_attn.qkv_proj;model.layers.14.self_attn.qkv_proj;model.layers.15.self_attn.qkv_proj;model.layers.16.self_attn.qkv_proj;model.layers.17.self_attn.qkv_proj;model.layers.18.self_attn.qkv_proj;model.layers.19.self_attn.qkv_proj;model.layers.2.self_attn.qkv_proj;model.layers.20.self_attn.qkv_proj;model.layers.21.self_attn.qkv_proj;model.layers.22.self_attn.qkv_proj;model.layers.23.self_attn.qkv_proj;model.layers.24.self_attn.qkv_proj;model.layers.25.self_attn.qkv_proj;model.layers.26.self_attn.qkv_proj;model.layers.27.self_attn.qkv_proj;model.layers.28.self_attn.qkv_proj;model.layers.29.self_attn.qkv_proj;model.layers.3.self_attn.qkv_proj;model.layers.30.self_attn.qkv_proj;model.layers.31.self_attn.qkv_proj;model.layers.32.self_attn.qkv_proj;model.layers.33.self_attn.qkv_proj;model.layers.34.self_attn.qkv_proj;model.layers.35.self_attn.qkv_proj;model.layers.36.self_attn.qkv_proj;model.layers.37.self_attn.qkv_proj;model.layers.38.self_attn.qkv_proj;model.layers.39.self_attn.qkv_proj;model.layers.4.self_attn.qkv_proj;model.layers.40.self_attn.qkv_proj;model.layers.41.self_attn.qkv_proj;model.layers.42.self_attn.qkv_proj;model.layers.43.self_attn.qkv_proj;model.layers.44.self_attn.qkv_proj;model.layers.45.self_attn.qkv_proj;model.layers.46.self_attn.qkv_proj;model.layers.47.self_attn.qkv_proj;model.layers.48.self_attn.qkv_proj;model.layers.49.self_attn.qkv_proj;model.layers.5.self_attn.qkv_proj;model.layers.50.self_attn.qkv_proj;model.layers.51.self_attn.qkv_proj;model.layers.52.self_attn.qkv_proj;model.layers.53.self_attn.qkv_proj;model.layers.54.self_attn.qkv_proj;model.layers.55.self_attn.qkv_proj;model.layers.56.self_attn.qkv_proj;model.layers.57.self_attn.qkv_proj;model.layers.58.self_attn.qkv_proj;model.layers.59.self_attn.qkv_proj;model.layers.6.self_attn.qkv_proj;model.layers.60.self_attn.qkv_proj;model.layers.61.self_attn.qkv_proj;model.layers.62.self_attn.qkv_proj;model.layers.63.self_attn.qkv_proj;model.layers.7.self_attn.qkv_proj;model.layers.8.self_attn.qkv_proj;model.layers.9.self_attn.qkv_proj
cublas,12,10240,5120,32640,64,0.08328806101344526,2718.522311478853,15.141291538074917,1.9870701046489263,85.91495387329867,model.layers.0.self_attn.qkv_proj;model.layers.1.self_attn.qkv_proj;model.layers.10.self_attn.qkv_proj;model.layers.11.self_attn.qkv_proj;model.layers.12.self_attn.qkv_proj;model.layers.13.self_attn.qkv_proj;model.layers.14.self_attn.qkv_proj;model.layers.15.self_attn.qkv_proj;model.layers.16.self_attn.qkv_proj;model.layers.17.self_attn.qkv_proj;model.layers.18.self_attn.qkv_proj;model.layers.19.self_attn.qkv_proj;model.layers.2.self_attn.qkv_proj;model.layers.20.self_attn.qkv_proj;model.layers.21.self_attn.qkv_proj;model.layers.22.self_attn.qkv_proj;model.layers.23.self_attn.qkv_proj;model.layers.24.self_attn.qkv_proj;model.layers.25.self_attn.qkv_proj;model.layers.26.self_attn.qkv_proj;model.layers.27.self_attn.qkv_proj;model.layers.28.self_attn.qkv_proj;model.layers.29.self_attn.qkv_proj;model.layers.3.self_attn.qkv_proj;model.layers.30.self_attn.qkv_proj;model.layers.31.self_attn.qkv_proj;model.layers.32.self_attn.qkv_proj;model.layers.33.self_attn.qkv_proj;model.layers.34.self_attn.qkv_proj;model.layers.35.self_attn.qkv_proj;model.layers.36.self_attn.qkv_proj;model.layers.37.self_attn.qkv_proj;model.layers.38.self_attn.qkv_proj;model.layers.39.self_attn.qkv_proj;model.layers.4.self_attn.qkv_proj;model.layers.40.self_attn.qkv_proj;model.layers.41.self_attn.qkv_proj;model.layers.42.self_attn.qkv_proj;model.layers.43.self_attn.qkv_proj;model.layers.44.self_attn.qkv_proj;model.layers.45.self_attn.qkv_proj;model.layers.46.self_attn.qkv_proj;model.layers.47.self_attn.qkv_proj;model.layers.48.self_attn.qkv_proj;model.layers.49.self_attn.qkv_proj;model.layers.5.self_attn.qkv_proj;model.layers.50.self_attn.qkv_proj;model.layers.51.self_attn.qkv_proj;model.layers.52.self_attn.qkv_proj;model.layers.53.self_attn.qkv_proj;model.layers.54.self_attn.qkv_proj;model.layers.55.self_attn.qkv_proj;model.layers.56.self_attn.qkv_proj;model.layers.57.self_attn.qkv_proj;model.layers.58.self_attn.qkv_proj;model.layers.59.self_attn.qkv_proj;model.layers.6.self_attn.qkv_proj;model.layers.60.self_attn.qkv_proj;model.layers.61.self_attn.qkv_proj;model.layers.62.self_attn.qkv_proj;model.layers.63.self_attn.qkv_proj;model.layers.7.self_attn.qkv_proj;model.layers.8.self_attn.qkv_proj;model.layers.9.self_attn.qkv_proj
cublas,16,5120,8192,33216,64,0.07977306913213916,2649.742264293134,16.839901142247463,1.9367961837831686,87.85175005708184,model.layers.0.self_attn.o_proj;model.layers.1.self_attn.o_proj;model.layers.10.self_attn.o_proj;model.layers.11.self_attn.o_proj;model.layers.12.self_attn.o_proj;model.layers.13.self_attn.o_proj;model.layers.14.self_attn.o_proj;model.layers.15.self_attn.o_proj;model.layers.16.self_attn.o_proj;model.layers.17.self_attn.o_proj;model.layers.18.self_attn.o_proj;model.layers.19.self_attn.o_proj;model.layers.2.self_attn.o_proj;model.layers.20.self_attn.o_proj;model.layers.21.self_attn.o_proj;model.layers.22.self_attn.o_proj;model.layers.23.self_attn.o_proj;model.layers.24.self_attn.o_proj;model.layers.25.self_attn.o_proj;model.layers.26.self_attn.o_proj;model.layers.27.self_attn.o_proj;model.layers.28.self_attn.o_proj;model.layers.29.self_attn.o_proj;model.layers.3.self_attn.o_proj;model.layers.30.self_attn.o_proj;model.layers.31.self_attn.o_proj;model.layers.32.self_attn.o_proj;model.layers.33.self_attn.o_proj;model.layers.34.self_attn.o_proj;model.layers.35.self_attn.o_proj;model.layers.36.self_attn.o_proj;model.layers.37.self_attn.o_proj;model.layers.38.self_attn.o_proj;model.layers.39.self_attn.o_proj;model.layers.4.self_attn.o_proj;model.layers.40.self_attn.o_proj;model.layers.41.self_attn.o_proj;model.layers.42.self_attn.o_proj;model.layers.43.self_attn.o_proj;model.layers.44.self_attn.o_proj;model.layers.45.self_attn.o_proj;model.layers.46.self_attn.o_proj;model.layers.47.self_attn.o_proj;model.layers.48.self_attn.o_proj;model.layers.49.self_attn.o_proj;model.layers.5.self_attn.o_proj;model.layers.50.self_attn.o_proj;model.layers.51.self_attn.o_proj;model.layers.52.self_attn.o_proj;model.layers.53.self_attn.o_proj;model.layers.54.self_attn.o_proj;model.layers.55.self_attn.o_proj;model.layers.56.self_attn.o_proj;model.layers.57.self_attn.o_proj;model.layers.58.self_attn.o_proj;model.layers.59.self_attn.o_proj;model.layers.6.self_attn.o_proj;model.layers.60.self_attn.o_proj;model.layers.61.self_attn.o_proj;model.layers.62.self_attn.o_proj;model.layers.63.self_attn.o_proj;model.layers.7.self_attn.o_proj;model.layers.8.self_attn.o_proj;model.layers.9.self_attn.o_proj
cublas,1,10240,5120,32768,64,0.08063130987648037,2642.126762032509,1.3024434541304037,1.931229727031985,89.78297978411383,model.layers.0.self_attn.qkv_proj;model.layers.1.self_attn.qkv_proj;model.layers.10.self_attn.qkv_proj;model.layers.11.self_attn.qkv_proj;model.layers.12.self_attn.qkv_proj;model.layers.13.self_attn.qkv_proj;model.layers.14.self_attn.qkv_proj;model.layers.15.self_attn.qkv_proj;model.layers.16.self_attn.qkv_proj;model.layers.17.self_attn.qkv_proj;model.layers.18.self_attn.qkv_proj;model.layers.19.self_attn.qkv_proj;model.layers.2.self_attn.qkv_proj;model.layers.20.self_attn.qkv_proj;model.layers.21.self_attn.qkv_proj;model.layers.22.self_attn.qkv_proj;model.layers.23.self_attn.qkv_proj;model.layers.24.self_attn.qkv_proj;model.layers.25.self_attn.qkv_proj;model.layers.26.self_attn.qkv_proj;model.layers.27.self_attn.qkv_proj;model.layers.28.self_attn.qkv_proj;model.layers.29.self_attn.qkv_proj;model.layers.3.self_attn.qkv_proj;model.layers.30.self_attn.qkv_proj;model.layers.31.self_attn.qkv_proj;model.layers.32.self_attn.qkv_proj;model.layers.33.self_attn.qkv_proj;model.layers.34.self_attn.qkv_proj;model.layers.35.self_attn.qkv_proj;model.layers.36.self_attn.qkv_proj;model.layers.37.self_attn.qkv_proj;model.layers.38.self_attn.qkv_proj;model.layers.39.self_attn.qkv_proj;model.layers.4.self_attn.qkv_proj;model.layers.40.self_attn.qkv_proj;model.layers.41.self_attn.qkv_proj;model.layers.42.self_attn.qkv_proj;model.layers.43.self_attn.qkv_proj;model.layers.44.self_attn.qkv_proj;model.layers.45.self_attn.qkv_proj;model.layers.46.self_attn.qkv_proj;model.layers.47.self_attn.qkv_proj;model.layers.48.self_attn.qkv_proj;model.layers.49.self_attn.qkv_proj;model.layers.5.self_attn.qkv_proj;model.layers.50.self_attn.qkv_proj;model.layers.51.self_attn.qkv_proj;model.layers.52.self_attn.qkv_proj;model.layers.53.self_attn.qkv_proj;model.layers.54.self_attn.qkv_proj;model.layers.55.self_attn.qkv_proj;model.layers.56.self_attn.qkv_proj;model.layers.57.self_attn.qkv_proj;model.layers.58.self_attn.qkv_proj;model.layers.59.self_attn.qkv_proj;model.layers.6.self_attn.qkv_proj;model.layers.60.self_attn.qkv_proj;model.layers.61.self_attn.qkv_proj;model.layers.62.self_attn.qkv_proj;model.layers.63.self_attn.qkv_proj;model.layers.7.self_attn.qkv_proj;model.layers.8.self_attn.qkv_proj;model.layers.9.self_attn.qkv_proj
cublas,8,5120,8192,32768,64,0.07909331031419242,2591.7295923754573,8.49113491616442,1.8943925420798517,91.67737232619369,model.layers.0.self_attn.o_proj;model.layers.1.self_attn.o_proj;model.layers.10.self_attn.o_proj;model.layers.11.self_attn.o_proj;model.layers.12.self_attn.o_proj;model.layers.13.self_attn.o_proj;model.layers.14.self_attn.o_proj;model.layers.15.self_attn.o_proj;model.layers.16.self_attn.o_proj;model.layers.17.self_attn.o_proj;model.layers.18.self_attn.o_proj;model.layers.19.self_attn.o_proj;model.layers.2.self_attn.o_proj;model.layers.20.self_attn.o_proj;model.layers.21.self_attn.o_proj;model.layers.22.self_attn.o_proj;model.layers.23.self_attn.o_proj;model.layers.24.self_attn.o_proj;model.layers.25.self_attn.o_proj;model.layers.26.self_attn.o_proj;model.layers.27.self_attn.o_proj;model.layers.28.self_attn.o_proj;model.layers.29.self_attn.o_proj;model.layers.3.self_attn.o_proj;model.layers.30.self_attn.o_proj;model.layers.31.self_attn.o_proj;model.layers.32.self_attn.o_proj;model.layers.33.self_attn.o_proj;model.layers.34.self_attn.o_proj;model.layers.35.self_attn.o_proj;model.layers.36.self_attn.o_proj;model.layers.37.self_attn.o_proj;model.layers.38.self_attn.o_proj;model.layers.39.self_attn.o_proj;model.layers.4.self_attn.o_proj;model.layers.40.self_attn.o_proj;model.layers.41.self_attn.o_proj;model.layers.42.self_attn.o_proj;model.layers.43.self_attn.o_proj;model.layers.44.self_attn.o_proj;model.layers.45.self_attn.o_proj;model.layers.46.self_attn.o_proj;model.layers.47.self_attn.o_proj;model.layers.48.self_attn.o_proj;model.layers.49.self_attn.o_proj;model.layers.5.self_attn.o_proj;model.layers.50.self_attn.o_proj;model.layers.51.self_attn.o_proj;model.layers.52.self_attn.o_proj;model.layers.53.self_attn.o_proj;model.layers.54.self_attn.o_proj;model.layers.55.self_attn.o_proj;model.layers.56.self_attn.o_proj;model.layers.57.self_attn.o_proj;model.layers.58.self_attn.o_proj;model.layers.59.self_attn.o_proj;model.layers.6.self_attn.o_proj;model.layers.60.self_attn.o_proj;model.layers.61.self_attn.o_proj;model.layers.62.self_attn.o_proj;model.layers.63.self_attn.o_proj;model.layers.7.self_attn.o_proj;model.layers.8.self_attn.o_proj;model.layers.9.self_attn.o_proj
cublas,12,5120,8192,32640,64,0.07926807627972106,2587.3100097700953,12.70780076941208,1.8911621030898682,93.56853442928356,model.layers.0.self_attn.o_proj;model.layers.1.self_attn.o_proj;model.layers.10.self_attn.o_proj;model.layers.11.self_attn.o_proj;model.layers.12.self_attn.o_proj;model.layers.13.self_attn.o_proj;model.layers.14.self_attn.o_proj;model.layers.15.self_attn.o_proj;model.layers.16.self_attn.o_proj;model.layers.17.self_attn.o_proj;model.layers.18.self_attn.o_proj;model.layers.19.self_attn.o_proj;model.layers.2.self_attn.o_proj;model.layers.20.self_attn.o_proj;model.layers.21.self_attn.o_proj;model.layers.22.self_attn.o_proj;model.layers.23.self_attn.o_proj;model.layers.24.self_attn.o_proj;model.layers.25.self_attn.o_proj;model.layers.26.self_attn.o_proj;model.layers.27.self_attn.o_proj;model.layers.28.self_attn.o_proj;model.layers.29.self_attn.o_proj;model.layers.3.self_attn.o_proj;model.layers.30.self_attn.o_proj;model.layers.31.self_attn.o_proj;model.layers.32.self_attn.o_proj;model.layers.33.self_attn.o_proj;model.layers.34.self_attn.o_proj;model.layers.35.self_attn.o_proj;model.layers.36.self_attn.o_proj;model.layers.37.self_attn.o_proj;model.layers.38.self_attn.o_proj;model.layers.39.self_attn.o_proj;model.layers.4.self_attn.o_proj;model.layers.40.self_attn.o_proj;model.layers.41.self_attn.o_proj;model.layers.42.self_attn.o_proj;model.layers.43.self_attn.o_proj;model.layers.44.self_attn.o_proj;model.layers.45.self_attn.o_proj;model.layers.46.self_attn.o_proj;model.layers.47.self_attn.o_proj;model.layers.48.self_attn.o_proj;model.layers.49.self_attn.o_proj;model.layers.5.self_attn.o_proj;model.layers.50.self_attn.o_proj;model.layers.51.self_attn.o_proj;model.layers.52.self_attn.o_proj;model.layers.53.self_attn.o_proj;model.layers.54.self_attn.o_proj;model.layers.55.self_attn.o_proj;model.layers.56.self_attn.o_proj;model.layers.57.self_attn.o_proj;model.layers.58.self_attn.o_proj;model.layers.59.self_attn.o_proj;model.layers.6.self_attn.o_proj;model.layers.60.self_attn.o_proj;model.layers.61.self_attn.o_proj;model.layers.62.self_attn.o_proj;model.layers.63.self_attn.o_proj;model.layers.7.self_attn.o_proj;model.layers.8.self_attn.o_proj;model.layers.9.self_attn.o_proj
cublas,4,5120,8192,32704,64,0.07800651133746644,2551.124946780503,4.304627939192536,1.8647130809141617,95.43324751019772,model.layers.0.self_attn.o_proj;model.layers.1.self_attn.o_proj;model.layers.10.self_attn.o_proj;model.layers.11.self_attn.o_proj;model.layers.12.self_attn.o_proj;model.layers.13.self_attn.o_proj;model.layers.14.self_attn.o_proj;model.layers.15.self_attn.o_proj;model.layers.16.self_attn.o_proj;model.layers.17.self_attn.o_proj;model.layers.18.self_attn.o_proj;model.layers.19.self_attn.o_proj;model.layers.2.self_attn.o_proj;model.layers.20.self_attn.o_proj;model.layers.21.self_attn.o_proj;model.layers.22.self_attn.o_proj;model.layers.23.self_attn.o_proj;model.layers.24.self_attn.o_proj;model.layers.25.self_attn.o_proj;model.layers.26.self_attn.o_proj;model.layers.27.self_attn.o_proj;model.layers.28.self_attn.o_proj;model.layers.29.self_attn.o_proj;model.layers.3.self_attn.o_proj;model.layers.30.self_attn.o_proj;model.layers.31.self_attn.o_proj;model.layers.32.self_attn.o_proj;model.layers.33.self_attn.o_proj;model.layers.34.self_attn.o_proj;model.layers.35.self_attn.o_proj;model.layers.36.self_attn.o_proj;model.layers.37.self_attn.o_proj;model.layers.38.self_attn.o_proj;model.layers.39.self_attn.o_proj;model.layers.4.self_attn.o_proj;model.layers.40.self_attn.o_proj;model.layers.41.self_attn.o_proj;model.layers.42.self_attn.o_proj;model.layers.43.self_attn.o_proj;model.layers.44.self_attn.o_proj;model.layers.45.self_attn.o_proj;model.layers.46.self_attn.o_proj;model.layers.47.self_attn.o_proj;model.layers.48.self_attn.o_proj;model.layers.49.self_attn.o_proj;model.layers.5.self_attn.o_proj;model.layers.50.self_attn.o_proj;model.layers.51.self_attn.o_proj;model.layers.52.self_attn.o_proj;model.layers.53.self_attn.o_proj;model.layers.54.self_attn.o_proj;model.layers.55.self_attn.o_proj;model.layers.56.self_attn.o_proj;model.layers.57.self_attn.o_proj;model.layers.58.self_attn.o_proj;model.layers.59.self_attn.o_proj;model.layers.6.self_attn.o_proj;model.layers.60.self_attn.o_proj;model.layers.61.self_attn.o_proj;model.layers.62.self_attn.o_proj;model.layers.63.self_attn.o_proj;model.layers.7.self_attn.o_proj;model.layers.8.self_attn.o_proj;model.layers.9.self_attn.o_proj
cublas,2,5120,8192,32640,64,0.07680825256016653,2507.0213635638356,2.1855911935858026,1.8324761147698367,97.26572362496755,model.layers.0.self_attn.o_proj;model.layers.1.self_attn.o_proj;model.layers.10.self_attn.o_proj;model.layers.11.self_attn.o_proj;model.layers.12.self_attn.o_proj;model.layers.13.self_attn.o_proj;model.layers.14.self_attn.o_proj;model.layers.15.self_attn.o_proj;model.layers.16.self_attn.o_proj;model.layers.17.self_attn.o_proj;model.layers.18.self_attn.o_proj;model.layers.19.self_attn.o_proj;model.layers.2.self_attn.o_proj;model.layers.20.self_attn.o_proj;model.layers.21.self_attn.o_proj;model.layers.22.self_attn.o_proj;model.layers.23.self_attn.o_proj;model.layers.24.self_attn.o_proj;model.layers.25.self_attn.o_proj;model.layers.26.self_attn.o_proj;model.layers.27.self_attn.o_proj;model.layers.28.self_attn.o_proj;model.layers.29.self_attn.o_proj;model.layers.3.self_attn.o_proj;model.layers.30.self_attn.o_proj;model.layers.31.self_attn.o_proj;model.layers.32.self_attn.o_proj;model.layers.33.self_attn.o_proj;model.layers.34.self_attn.o_proj;model.layers.35.self_attn.o_proj;model.layers.36.self_attn.o_proj;model.layers.37.self_attn.o_proj;model.layers.38.self_attn.o_proj;model.layers.39.self_attn.o_proj;model.layers.4.self_attn.o_proj;model.layers.40.self_attn.o_proj;model.layers.41.self_attn.o_proj;model.layers.42.self_attn.o_proj;model.layers.43.self_attn.o_proj;model.layers.44.self_attn.o_proj;model.layers.45.self_attn.o_proj;model.layers.46.self_attn.o_proj;model.layers.47.self_attn.o_proj;model.layers.48.self_attn.o_proj;model.layers.49.self_attn.o_proj;model.layers.5.self_attn.o_proj;model.layers.50.self_attn.o_proj;model.layers.51.self_attn.o_proj;model.layers.52.self_attn.o_proj;model.layers.53.self_attn.o_proj;model.layers.54.self_attn.o_proj;model.layers.55.self_attn.o_proj;model.layers.56.self_attn.o_proj;model.layers.57.self_attn.o_proj;model.layers.58.self_attn.o_proj;model.layers.59.self_attn.o_proj;model.layers.6.self_attn.o_proj;model.layers.60.self_attn.o_proj;model.layers.61.self_attn.o_proj;model.layers.62.self_attn.o_proj;model.layers.63.self_attn.o_proj;model.layers.7.self_attn.o_proj;model.layers.8.self_attn.o_proj;model.layers.9.self_attn.o_proj
cublas,1,5120,8192,32768,64,0.07599322150053922,2490.145882129669,1.1045091425103146,1.8201411913013776,99.08586481626892,model.layers.0.self_attn.o_proj;model.layers.1.self_attn.o_proj;model.layers.10.self_attn.o_proj;model.layers.11.self_attn.o_proj;model.layers.12.self_attn.o_proj;model.layers.13.self_attn.o_proj;model.layers.14.self_attn.o_proj;model.layers.15.self_attn.o_proj;model.layers.16.self_attn.o_proj;model.layers.17.self_attn.o_proj;model.layers.18.self_attn.o_proj;model.layers.19.self_attn.o_proj;model.layers.2.self_attn.o_proj;model.layers.20.self_attn.o_proj;model.layers.21.self_attn.o_proj;model.layers.22.self_attn.o_proj;model.layers.23.self_attn.o_proj;model.layers.24.self_attn.o_proj;model.layers.25.self_attn.o_proj;model.layers.26.self_attn.o_proj;model.layers.27.self_attn.o_proj;model.layers.28.self_attn.o_proj;model.layers.29.self_attn.o_proj;model.layers.3.self_attn.o_proj;model.layers.30.self_attn.o_proj;model.layers.31.self_attn.o_proj;model.layers.32.self_attn.o_proj;model.layers.33.self_attn.o_proj;model.layers.34.self_attn.o_proj;model.layers.35.self_attn.o_proj;model.layers.36.self_attn.o_proj;model.layers.37.self_attn.o_proj;model.layers.38.self_attn.o_proj;model.layers.39.self_attn.o_proj;model.layers.4.self_attn.o_proj;model.layers.40.self_attn.o_proj;model.layers.41.self_attn.o_proj;model.layers.42.self_attn.o_proj;model.layers.43.self_attn.o_proj;model.layers.44.self_attn.o_proj;model.layers.45.self_attn.o_proj;model.layers.46.self_attn.o_proj;model.layers.47.self_attn.o_proj;model.layers.48.self_attn.o_proj;model.layers.49.self_attn.o_proj;model.layers.5.self_attn.o_proj;model.layers.50.self_attn.o_proj;model.layers.51.self_attn.o_proj;model.layers.52.self_attn.o_proj;model.layers.53.self_attn.o_proj;model.layers.54.self_attn.o_proj;model.layers.55.self_attn.o_proj;model.layers.56.self_attn.o_proj;model.layers.57.self_attn.o_proj;model.layers.58.self_attn.o_proj;model.layers.59.self_attn.o_proj;model.layers.6.self_attn.o_proj;model.layers.60.self_attn.o_proj;model.layers.61.self_attn.o_proj;model.layers.62.self_attn.o_proj;model.layers.63.self_attn.o_proj;model.layers.7.self_attn.o_proj;model.layers.8.self_attn.o_proj;model.layers.9.self_attn.o_proj
cublas,9,51200,5120,320,64,0.34612800227478147,110.76096072793007,13.63365257956264,0.08095934798671438,99.16682416425564,model.layers.0.mlp.gate_up_proj;model.layers.1.mlp.gate_up_proj;model.layers.10.mlp.gate_up_proj;model.layers.11.mlp.gate_up_proj;model.layers.12.mlp.gate_up_proj;model.layers.13.mlp.gate_up_proj;model.layers.14.mlp.gate_up_proj;model.layers.15.mlp.gate_up_proj;model.layers.16.mlp.gate_up_proj;model.layers.17.mlp.gate_up_proj;model.layers.18.mlp.gate_up_proj;model.layers.19.mlp.gate_up_proj;model.layers.2.mlp.gate_up_proj;model.layers.20.mlp.gate_up_proj;model.layers.21.mlp.gate_up_proj;model.layers.22.mlp.gate_up_proj;model.layers.23.mlp.gate_up_proj;model.layers.24.mlp.gate_up_proj;model.layers.25.mlp.gate_up_proj;model.layers.26.mlp.gate_up_proj;model.layers.27.mlp.gate_up_proj;model.layers.28.mlp.gate_up_proj;model.layers.29.mlp.gate_up_proj;model.layers.3.mlp.gate_up_proj;model.layers.30.mlp.gate_up_proj;model.layers.31.mlp.gate_up_proj;model.layers.32.mlp.gate_up_proj;model.layers.33.mlp.gate_up_proj;model.layers.34.mlp.gate_up_proj;model.layers.35.mlp.gate_up_proj;model.layers.36.mlp.gate_up_proj;model.layers.37.mlp.gate_up_proj;model.layers.38.mlp.gate_up_proj;model.layers.39.mlp.gate_up_proj;model.layers.4.mlp.gate_up_proj;model.layers.40.mlp.gate_up_proj;model.layers.41.mlp.gate_up_proj;model.layers.42.mlp.gate_up_proj;model.layers.43.mlp.gate_up_proj;model.layers.44.mlp.gate_up_proj;model.layers.45.mlp.gate_up_proj;model.layers.46.mlp.gate_up_proj;model.layers.47.mlp.gate_up_proj;model.layers.48.mlp.gate_up_proj;model.layers.49.mlp.gate_up_proj;model.layers.5.mlp.gate_up_proj;model.layers.50.mlp.gate_up_proj;model.layers.51.mlp.gate_up_proj;model.layers.52.mlp.gate_up_proj;model.layers.53.mlp.gate_up_proj;model.layers.54.mlp.gate_up_proj;model.layers.55.mlp.gate_up_proj;model.layers.56.mlp.gate_up_proj;model.layers.57.mlp.gate_up_proj;model.layers.58.mlp.gate_up_proj;model.layers.59.mlp.gate_up_proj;model.layers.6.mlp.gate_up_proj;model.layers.60.mlp.gate_up_proj;model.layers.61.mlp.gate_up_proj;model.layers.62.mlp.gate_up_proj;model.layers.63.mlp.gate_up_proj;model.layers.7.mlp.gate_up_proj;model.layers.8.mlp.gate_up_proj;model.layers.9.mlp.gate_up_proj
cublas,13,51200,5120,256,64,0.3506200045812875,89.7587211728096,19.440104581990553,0.06560802194666703,99.23243218620232,model.layers.0.mlp.gate_up_proj;model.layers.1.mlp.gate_up_proj;model.layers.10.mlp.gate_up_proj;model.layers.11.mlp.gate_up_proj;model.layers.12.mlp.gate_up_proj;model.layers.13.mlp.gate_up_proj;model.layers.14.mlp.gate_up_proj;model.layers.15.mlp.gate_up_proj;model.layers.16.mlp.gate_up_proj;model.layers.17.mlp.gate_up_proj;model.layers.18.mlp.gate_up_proj;model.layers.19.mlp.gate_up_proj;model.layers.2.mlp.gate_up_proj;model.layers.20.mlp.gate_up_proj;model.layers.21.mlp.gate_up_proj;model.layers.22.mlp.gate_up_proj;model.layers.23.mlp.gate_up_proj;model.layers.24.mlp.gate_up_proj;model.layers.25.mlp.gate_up_proj;model.layers.26.mlp.gate_up_proj;model.layers.27.mlp.gate_up_proj;model.layers.28.mlp.gate_up_proj;model.layers.29.mlp.gate_up_proj;model.layers.3.mlp.gate_up_proj;model.layers.30.mlp.gate_up_proj;model.layers.31.mlp.gate_up_proj;model.layers.32.mlp.gate_up_proj;model.layers.33.mlp.gate_up_proj;model.layers.34.mlp.gate_up_proj;model.layers.35.mlp.gate_up_proj;model.layers.36.mlp.gate_up_proj;model.layers.37.mlp.gate_up_proj;model.layers.38.mlp.gate_up_proj;model.layers.39.mlp.gate_up_proj;model.layers.4.mlp.gate_up_proj;model.layers.40.mlp.gate_up_proj;model.layers.41.mlp.gate_up_proj;model.layers.42.mlp.gate_up_proj;model.layers.43.mlp.gate_up_proj;model.layers.44.mlp.gate_up_proj;model.layers.45.mlp.gate_up_proj;model.layers.46.mlp.gate_up_proj;model.layers.47.mlp.gate_up_proj;model.layers.48.mlp.gate_up_proj;model.layers.49.mlp.gate_up_proj;model.layers.5.mlp.gate_up_proj;model.layers.50.mlp.gate_up_proj;model.layers.51.mlp.gate_up_proj;model.layers.52.mlp.gate_up_proj;model.layers.53.mlp.gate_up_proj;model.layers.54.mlp.gate_up_proj;model.layers.55.mlp.gate_up_proj;model.layers.56.mlp.gate_up_proj;model.layers.57.mlp.gate_up_proj;model.layers.58.mlp.gate_up_proj;model.layers.59.mlp.gate_up_proj;model.layers.6.mlp.gate_up_proj;model.layers.60.mlp.gate_up_proj;model.layers.61.mlp.gate_up_proj;model.layers.62.mlp.gate_up_proj;model.layers.63.mlp.gate_up_proj;model.layers.7.mlp.gate_up_proj;model.layers.8.mlp.gate_up_proj;model.layers.9.mlp.gate_up_proj
cublas,5,51200,5120,256,64,0.34170000080484897,87.47520020604134,7.672610497090878,0.06393891066983669,99.29637109687215,model.layers.0.mlp.gate_up_proj;model.layers.1.mlp.gate_up_proj;model.layers.10.mlp.gate_up_proj;model.layers.11.mlp.gate_up_proj;model.layers.12.mlp.gate_up_proj;model.layers.13.mlp.gate_up_proj;model.layers.14.mlp.gate_up_proj;model.layers.15.mlp.gate_up_proj;model.layers.16.mlp.gate_up_proj;model.layers.17.mlp.gate_up_proj;model.layers.18.mlp.gate_up_proj;model.layers.19.mlp.gate_up_proj;model.layers.2.mlp.gate_up_proj;model.layers.20.mlp.gate_up_proj;model.layers.21.mlp.gate_up_proj;model.layers.22.mlp.gate_up_proj;model.layers.23.mlp.gate_up_proj;model.layers.24.mlp.gate_up_proj;model.layers.25.mlp.gate_up_proj;model.layers.26.mlp.gate_up_proj;model.layers.27.mlp.gate_up_proj;model.layers.28.mlp.gate_up_proj;model.layers.29.mlp.gate_up_proj;model.layers.3.mlp.gate_up_proj;model.layers.30.mlp.gate_up_proj;model.layers.31.mlp.gate_up_proj;model.layers.32.mlp.gate_up_proj;model.layers.33.mlp.gate_up_proj;model.layers.34.mlp.gate_up_proj;model.layers.35.mlp.gate_up_proj;model.layers.36.mlp.gate_up_proj;model.layers.37.mlp.gate_up_proj;model.layers.38.mlp.gate_up_proj;model.layers.39.mlp.gate_up_proj;model.layers.4.mlp.gate_up_proj;model.layers.40.mlp.gate_up_proj;model.layers.41.mlp.gate_up_proj;model.layers.42.mlp.gate_up_proj;model.layers.43.mlp.gate_up_proj;model.layers.44.mlp.gate_up_proj;model.layers.45.mlp.gate_up_proj;model.layers.46.mlp.gate_up_proj;model.layers.47.mlp.gate_up_proj;model.layers.48.mlp.gate_up_proj;model.layers.49.mlp.gate_up_proj;model.layers.5.mlp.gate_up_proj;model.layers.50.mlp.gate_up_proj;model.layers.51.mlp.gate_up_proj;model.layers.52.mlp.gate_up_proj;model.layers.53.mlp.gate_up_proj;model.layers.54.mlp.gate_up_proj;model.layers.55.mlp.gate_up_proj;model.layers.56.mlp.gate_up_proj;model.layers.57.mlp.gate_up_proj;model.layers.58.mlp.gate_up_proj;model.layers.59.mlp.gate_up_proj;model.layers.6.mlp.gate_up_proj;model.layers.60.mlp.gate_up_proj;model.layers.61.mlp.gate_up_proj;model.layers.62.mlp.gate_up_proj;model.layers.63.mlp.gate_up_proj;model.layers.7.mlp.gate_up_proj;model.layers.8.mlp.gate_up_proj;model.layers.9.mlp.gate_up_proj
cublas,15,51200,5120,192,64,0.35263999955107767,67.70687991380692,22.303050517945817,0.049489502582964966,99.34586059945512,model.layers.0.mlp.gate_up_proj;model.layers.1.mlp.gate_up_proj;model.layers.10.mlp.gate_up_proj;model.layers.11.mlp.gate_up_proj;model.layers.12.mlp.gate_up_proj;model.layers.13.mlp.gate_up_proj;model.layers.14.mlp.gate_up_proj;model.layers.15.mlp.gate_up_proj;model.layers.16.mlp.gate_up_proj;model.layers.17.mlp.gate_up_proj;model.layers.18.mlp.gate_up_proj;model.layers.19.mlp.gate_up_proj;model.layers.2.mlp.gate_up_proj;model.layers.20.mlp.gate_up_proj;model.layers.21.mlp.gate_up_proj;model.layers.22.mlp.gate_up_proj;model.layers.23.mlp.gate_up_proj;model.layers.24.mlp.gate_up_proj;model.layers.25.mlp.gate_up_proj;model.layers.26.mlp.gate_up_proj;model.layers.27.mlp.gate_up_proj;model.layers.28.mlp.gate_up_proj;model.layers.29.mlp.gate_up_proj;model.layers.3.mlp.gate_up_proj;model.layers.30.mlp.gate_up_proj;model.layers.31.mlp.gate_up_proj;model.layers.32.mlp.gate_up_proj;model.layers.33.mlp.gate_up_proj;model.layers.34.mlp.gate_up_proj;model.layers.35.mlp.gate_up_proj;model.layers.36.mlp.gate_up_proj;model.layers.37.mlp.gate_up_proj;model.layers.38.mlp.gate_up_proj;model.layers.39.mlp.gate_up_proj;model.layers.4.mlp.gate_up_proj;model.layers.40.mlp.gate_up_proj;model.layers.41.mlp.gate_up_proj;model.layers.42.mlp.gate_up_proj;model.layers.43.mlp.gate_up_proj;model.layers.44.mlp.gate_up_proj;model.layers.45.mlp.gate_up_proj;model.layers.46.mlp.gate_up_proj;model.layers.47.mlp.gate_up_proj;model.layers.48.mlp.gate_up_proj;model.layers.49.mlp.gate_up_proj;model.layers.5.mlp.gate_up_proj;model.layers.50.mlp.gate_up_proj;model.layers.51.mlp.gate_up_proj;model.layers.52.mlp.gate_up_proj;model.layers.53.mlp.gate_up_proj;model.layers.54.mlp.gate_up_proj;model.layers.55.mlp.gate_up_proj;model.layers.56.mlp.gate_up_proj;model.layers.57.mlp.gate_up_proj;model.layers.58.mlp.gate_up_proj;model.layers.59.mlp.gate_up_proj;model.layers.6.mlp.gate_up_proj;model.layers.60.mlp.gate_up_proj;model.layers.61.mlp.gate_up_proj;model.layers.62.mlp.gate_up_proj;model.layers.63.mlp.gate_up_proj;model.layers.7.mlp.gate_up_proj;model.layers.8.mlp.gate_up_proj;model.layers.9.mlp.gate_up_proj
cublas,11,51200,5120,192,64,0.3484693340336283,66.90611213445663,16.552573543144682,0.04890419132456758,99.39476479077969,model.layers.0.mlp.gate_up_proj;model.layers.1.mlp.gate_up_proj;model.layers.10.mlp.gate_up_proj;model.layers.11.mlp.gate_up_proj;model.layers.12.mlp.gate_up_proj;model.layers.13.mlp.gate_up_proj;model.layers.14.mlp.gate_up_proj;model.layers.15.mlp.gate_up_proj;model.layers.16.mlp.gate_up_proj;model.layers.17.mlp.gate_up_proj;model.layers.18.mlp.gate_up_proj;model.layers.19.mlp.gate_up_proj;model.layers.2.mlp.gate_up_proj;model.layers.20.mlp.gate_up_proj;model.layers.21.mlp.gate_up_proj;model.layers.22.mlp.gate_up_proj;model.layers.23.mlp.gate_up_proj;model.layers.24.mlp.gate_up_proj;model.layers.25.mlp.gate_up_proj;model.layers.26.mlp.gate_up_proj;model.layers.27.mlp.gate_up_proj;model.layers.28.mlp.gate_up_proj;model.layers.29.mlp.gate_up_proj;model.layers.3.mlp.gate_up_proj;model.layers.30.mlp.gate_up_proj;model.layers.31.mlp.gate_up_proj;model.layers.32.mlp.gate_up_proj;model.layers.33.mlp.gate_up_proj;model.layers.34.mlp.gate_up_proj;model.layers.35.mlp.gate_up_proj;model.layers.36.mlp.gate_up_proj;model.layers.37.mlp.gate_up_proj;model.layers.38.mlp.gate_up_proj;model.layers.39.mlp.gate_up_proj;model.layers.4.mlp.gate_up_proj;model.layers.40.mlp.gate_up_proj;model.layers.41.mlp.gate_up_proj;model.layers.42.mlp.gate_up_proj;model.layers.43.mlp.gate_up_proj;model.layers.44.mlp.gate_up_proj;model.layers.45.mlp.gate_up_proj;model.layers.46.mlp.gate_up_proj;model.layers.47.mlp.gate_up_proj;model.layers.48.mlp.gate_up_proj;model.layers.49.mlp.gate_up_proj;model.layers.5.mlp.gate_up_proj;model.layers.50.mlp.gate_up_proj;model.layers.51.mlp.gate_up_proj;model.layers.52.mlp.gate_up_proj;model.layers.53.mlp.gate_up_proj;model.layers.54.mlp.gate_up_proj;model.layers.55.mlp.gate_up_proj;model.layers.56.mlp.gate_up_proj;model.layers.57.mlp.gate_up_proj;model.layers.58.mlp.gate_up_proj;model.layers.59.mlp.gate_up_proj;model.layers.6.mlp.gate_up_proj;model.layers.60.mlp.gate_up_proj;model.layers.61.mlp.gate_up_proj;model.layers.62.mlp.gate_up_proj;model.layers.63.mlp.gate_up_proj;model.layers.7.mlp.gate_up_proj;model.layers.8.mlp.gate_up_proj;model.layers.9.mlp.gate_up_proj
cublas,7,51200,5120,192,64,0.34487466638286907,66.21593594551086,10.643764428685524,0.048399715615023514,99.44316450639471,model.layers.0.mlp.gate_up_proj;model.layers.1.mlp.gate_up_proj;model.layers.10.mlp.gate_up_proj;model.layers.11.mlp.gate_up_proj;model.layers.12.mlp.gate_up_proj;model.layers.13.mlp.gate_up_proj;model.layers.14.mlp.gate_up_proj;model.layers.15.mlp.gate_up_proj;model.layers.16.mlp.gate_up_proj;model.layers.17.mlp.gate_up_proj;model.layers.18.mlp.gate_up_proj;model.layers.19.mlp.gate_up_proj;model.layers.2.mlp.gate_up_proj;model.layers.20.mlp.gate_up_proj;model.layers.21.mlp.gate_up_proj;model.layers.22.mlp.gate_up_proj;model.layers.23.mlp.gate_up_proj;model.layers.24.mlp.gate_up_proj;model.layers.25.mlp.gate_up_proj;model.layers.26.mlp.gate_up_proj;model.layers.27.mlp.gate_up_proj;model.layers.28.mlp.gate_up_proj;model.layers.29.mlp.gate_up_proj;model.layers.3.mlp.gate_up_proj;model.layers.30.mlp.gate_up_proj;model.layers.31.mlp.gate_up_proj;model.layers.32.mlp.gate_up_proj;model.layers.33.mlp.gate_up_proj;model.layers.34.mlp.gate_up_proj;model.layers.35.mlp.gate_up_proj;model.layers.36.mlp.gate_up_proj;model.layers.37.mlp.gate_up_proj;model.layers.38.mlp.gate_up_proj;model.layers.39.mlp.gate_up_proj;model.layers.4.mlp.gate_up_proj;model.layers.40.mlp.gate_up_proj;model.layers.41.mlp.gate_up_proj;model.layers.42.mlp.gate_up_proj;model.layers.43.mlp.gate_up_proj;model.layers.44.mlp.gate_up_proj;model.layers.45.mlp.gate_up_proj;model.layers.46.mlp.gate_up_proj;model.layers.47.mlp.gate_up_proj;model.layers.48.mlp.gate_up_proj;model.layers.49.mlp.gate_up_proj;model.layers.5.mlp.gate_up_proj;model.layers.50.mlp.gate_up_proj;model.layers.51.mlp.gate_up_proj;model.layers.52.mlp.gate_up_proj;model.layers.53.mlp.gate_up_proj;model.layers.54.mlp.gate_up_proj;model.layers.55.mlp.gate_up_proj;model.layers.56.mlp.gate_up_proj;model.layers.57.mlp.gate_up_proj;model.layers.58.mlp.gate_up_proj;model.layers.59.mlp.gate_up_proj;model.layers.6.mlp.gate_up_proj;model.layers.60.mlp.gate_up_proj;model.layers.61.mlp.gate_up_proj;model.layers.62.mlp.gate_up_proj;model.layers.63.mlp.gate_up_proj;model.layers.7.mlp.gate_up_proj;model.layers.8.mlp.gate_up_proj;model.layers.9.mlp.gate_up_proj
cublas,6,51200,5120,192,64,0.3426453354768455,65.78790441155434,9.181721732826846,0.048086851283772415,99.49125135767848,model.layers.0.mlp.gate_up_proj;model.layers.1.mlp.gate_up_proj;model.layers.10.mlp.gate_up_proj;model.layers.11.mlp.gate_up_proj;model.layers.12.mlp.gate_up_proj;model.layers.13.mlp.gate_up_proj;model.layers.14.mlp.gate_up_proj;model.layers.15.mlp.gate_up_proj;model.layers.16.mlp.gate_up_proj;model.layers.17.mlp.gate_up_proj;model.layers.18.mlp.gate_up_proj;model.layers.19.mlp.gate_up_proj;model.layers.2.mlp.gate_up_proj;model.layers.20.mlp.gate_up_proj;model.layers.21.mlp.gate_up_proj;model.layers.22.mlp.gate_up_proj;model.layers.23.mlp.gate_up_proj;model.layers.24.mlp.gate_up_proj;model.layers.25.mlp.gate_up_proj;model.layers.26.mlp.gate_up_proj;model.layers.27.mlp.gate_up_proj;model.layers.28.mlp.gate_up_proj;model.layers.29.mlp.gate_up_proj;model.layers.3.mlp.gate_up_proj;model.layers.30.mlp.gate_up_proj;model.layers.31.mlp.gate_up_proj;model.layers.32.mlp.gate_up_proj;model.layers.33.mlp.gate_up_proj;model.layers.34.mlp.gate_up_proj;model.layers.35.mlp.gate_up_proj;model.layers.36.mlp.gate_up_proj;model.layers.37.mlp.gate_up_proj;model.layers.38.mlp.gate_up_proj;model.layers.39.mlp.gate_up_proj;model.layers.4.mlp.gate_up_proj;model.layers.40.mlp.gate_up_proj;model.layers.41.mlp.gate_up_proj;model.layers.42.mlp.gate_up_proj;model.layers.43.mlp.gate_up_proj;model.layers.44.mlp.gate_up_proj;model.layers.45.mlp.gate_up_proj;model.layers.46.mlp.gate_up_proj;model.layers.47.mlp.gate_up_proj;model.layers.48.mlp.gate_up_proj;model.layers.49.mlp.gate_up_proj;model.layers.5.mlp.gate_up_proj;model.layers.50.mlp.gate_up_proj;model.layers.51.mlp.gate_up_proj;model.layers.52.mlp.gate_up_proj;model.layers.53.mlp.gate_up_proj;model.layers.54.mlp.gate_up_proj;model.layers.55.mlp.gate_up_proj;model.layers.56.mlp.gate_up_proj;model.layers.57.mlp.gate_up_proj;model.layers.58.mlp.gate_up_proj;model.layers.59.mlp.gate_up_proj;model.layers.6.mlp.gate_up_proj;model.layers.60.mlp.gate_up_proj;model.layers.61.mlp.gate_up_proj;model.layers.62.mlp.gate_up_proj;model.layers.63.mlp.gate_up_proj;model.layers.7.mlp.gate_up_proj;model.layers.8.mlp.gate_up_proj;model.layers.9.mlp.gate_up_proj
cublas,3,51200,5120,192,64,0.3383093325731655,64.95539185404778,4.649384318827756,0.047478336574225594,99.53872969425271,model.layers.0.mlp.gate_up_proj;model.layers.1.mlp.gate_up_proj;model.layers.10.mlp.gate_up_proj;model.layers.11.mlp.gate_up_proj;model.layers.12.mlp.gate_up_proj;model.layers.13.mlp.gate_up_proj;model.layers.14.mlp.gate_up_proj;model.layers.15.mlp.gate_up_proj;model.layers.16.mlp.gate_up_proj;model.layers.17.mlp.gate_up_proj;model.layers.18.mlp.gate_up_proj;model.layers.19.mlp.gate_up_proj;model.layers.2.mlp.gate_up_proj;model.layers.20.mlp.gate_up_proj;model.layers.21.mlp.gate_up_proj;model.layers.22.mlp.gate_up_proj;model.layers.23.mlp.gate_up_proj;model.layers.24.mlp.gate_up_proj;model.layers.25.mlp.gate_up_proj;model.layers.26.mlp.gate_up_proj;model.layers.27.mlp.gate_up_proj;model.layers.28.mlp.gate_up_proj;model.layers.29.mlp.gate_up_proj;model.layers.3.mlp.gate_up_proj;model.layers.30.mlp.gate_up_proj;model.layers.31.mlp.gate_up_proj;model.layers.32.mlp.gate_up_proj;model.layers.33.mlp.gate_up_proj;model.layers.34.mlp.gate_up_proj;model.layers.35.mlp.gate_up_proj;model.layers.36.mlp.gate_up_proj;model.layers.37.mlp.gate_up_proj;model.layers.38.mlp.gate_up_proj;model.layers.39.mlp.gate_up_proj;model.layers.4.mlp.gate_up_proj;model.layers.40.mlp.gate_up_proj;model.layers.41.mlp.gate_up_proj;model.layers.42.mlp.gate_up_proj;model.layers.43.mlp.gate_up_proj;model.layers.44.mlp.gate_up_proj;model.layers.45.mlp.gate_up_proj;model.layers.46.mlp.gate_up_proj;model.layers.47.mlp.gate_up_proj;model.layers.48.mlp.gate_up_proj;model.layers.49.mlp.gate_up_proj;model.layers.5.mlp.gate_up_proj;model.layers.50.mlp.gate_up_proj;model.layers.51.mlp.gate_up_proj;model.layers.52.mlp.gate_up_proj;model.layers.53.mlp.gate_up_proj;model.layers.54.mlp.gate_up_proj;model.layers.55.mlp.gate_up_proj;model.layers.56.mlp.gate_up_proj;model.layers.57.mlp.gate_up_proj;model.layers.58.mlp.gate_up_proj;model.layers.59.mlp.gate_up_proj;model.layers.6.mlp.gate_up_proj;model.layers.60.mlp.gate_up_proj;model.layers.61.mlp.gate_up_proj;model.layers.62.mlp.gate_up_proj;model.layers.63.mlp.gate_up_proj;model.layers.7.mlp.gate_up_proj;model.layers.8.mlp.gate_up_proj;model.layers.9.mlp.gate_up_proj
cublas,9,5120,25600,320,64,0.18203199827112257,58.250239446759224,12.964019679915555,0.04257728873681059,99.58130698298952,model.layers.0.mlp.down_proj;model.layers.1.mlp.down_proj;model.layers.10.mlp.down_proj;model.layers.11.mlp.down_proj;model.layers.12.mlp.down_proj;model.layers.13.mlp.down_proj;model.layers.14.mlp.down_proj;model.layers.15.mlp.down_proj;model.layers.16.mlp.down_proj;model.layers.17.mlp.down_proj;model.layers.18.mlp.down_proj;model.layers.19.mlp.down_proj;model.layers.2.mlp.down_proj;model.layers.20.mlp.down_proj;model.layers.21.mlp.down_proj;model.layers.22.mlp.down_proj;model.layers.23.mlp.down_proj;model.layers.24.mlp.down_proj;model.layers.25.mlp.down_proj;model.layers.26.mlp.down_proj;model.layers.27.mlp.down_proj;model.layers.28.mlp.down_proj;model.layers.29.mlp.down_proj;model.layers.3.mlp.down_proj;model.layers.30.mlp.down_proj;model.layers.31.mlp.down_proj;model.layers.32.mlp.down_proj;model.layers.33.mlp.down_proj;model.layers.34.mlp.down_proj;model.layers.35.mlp.down_proj;model.layers.36.mlp.down_proj;model.layers.37.mlp.down_proj;model.layers.38.mlp.down_proj;model.layers.39.mlp.down_proj;model.layers.4.mlp.down_proj;model.layers.40.mlp.down_proj;model.layers.41.mlp.down_proj;model.layers.42.mlp.down_proj;model.layers.43.mlp.down_proj;model.layers.44.mlp.down_proj;model.layers.45.mlp.down_proj;model.layers.46.mlp.down_proj;model.layers.47.mlp.down_proj;model.layers.48.mlp.down_proj;model.layers.49.mlp.down_proj;model.layers.5.mlp.down_proj;model.layers.50.mlp.down_proj;model.layers.51.mlp.down_proj;model.layers.52.mlp.down_proj;model.layers.53.mlp.down_proj;model.layers.54.mlp.down_proj;model.layers.55.mlp.down_proj;model.layers.56.mlp.down_proj;model.layers.57.mlp.down_proj;model.layers.58.mlp.down_proj;model.layers.59.mlp.down_proj;model.layers.6.mlp.down_proj;model.layers.60.mlp.down_proj;model.layers.61.mlp.down_proj;model.layers.62.mlp.down_proj;model.layers.63.mlp.down_proj;model.layers.7.mlp.down_proj;model.layers.8.mlp.down_proj;model.layers.9.mlp.down_proj
cublas,13,5120,25600,256,64,0.18476799956988543,47.30060788989067,18.445564835308776,0.03457379160467266,99.61588077459419,model.layers.0.mlp.down_proj;model.layers.1.mlp.down_proj;model.layers.10.mlp.down_proj;model.layers.11.mlp.down_proj;model.layers.12.mlp.down_proj;model.layers.13.mlp.down_proj;model.layers.14.mlp.down_proj;model.layers.15.mlp.down_proj;model.layers.16.mlp.down_proj;model.layers.17.mlp.down_proj;model.layers.18.mlp.down_proj;model.layers.19.mlp.down_proj;model.layers.2.mlp.down_proj;model.layers.20.mlp.down_proj;model.layers.21.mlp.down_proj;model.layers.22.mlp.down_proj;model.layers.23.mlp.down_proj;model.layers.24.mlp.down_proj;model.layers.25.mlp.down_proj;model.layers.26.mlp.down_proj;model.layers.27.mlp.down_proj;model.layers.28.mlp.down_proj;model.layers.29.mlp.down_proj;model.layers.3.mlp.down_proj;model.layers.30.mlp.down_proj;model.layers.31.mlp.down_proj;model.layers.32.mlp.down_proj;model.layers.33.mlp.down_proj;model.layers.34.mlp.down_proj;model.layers.35.mlp.down_proj;model.layers.36.mlp.down_proj;model.layers.37.mlp.down_proj;model.layers.38.mlp.down_proj;model.layers.39.mlp.down_proj;model.layers.4.mlp.down_proj;model.layers.40.mlp.down_proj;model.layers.41.mlp.down_proj;model.layers.42.mlp.down_proj;model.layers.43.mlp.down_proj;model.layers.44.mlp.down_proj;model.layers.45.mlp.down_proj;model.layers.46.mlp.down_proj;model.layers.47.mlp.down_proj;model.layers.48.mlp.down_proj;model.layers.49.mlp.down_proj;model.layers.5.mlp.down_proj;model.layers.50.mlp.down_proj;model.layers.51.mlp.down_proj;model.layers.52.mlp.down_proj;model.layers.53.mlp.down_proj;model.layers.54.mlp.down_proj;model.layers.55.mlp.down_proj;model.layers.56.mlp.down_proj;model.layers.57.mlp.down_proj;model.layers.58.mlp.down_proj;model.layers.59.mlp.down_proj;model.layers.6.mlp.down_proj;model.layers.60.mlp.down_proj;model.layers.61.mlp.down_proj;model.layers.62.mlp.down_proj;model.layers.63.mlp.down_proj;model.layers.7.mlp.down_proj;model.layers.8.mlp.down_proj;model.layers.9.mlp.down_proj
cublas,5,5120,25600,256,64,0.17975199775537476,46.01651142537594,7.292878717954795,0.03363519724944202,99.64951597184363,model.layers.0.mlp.down_proj;model.layers.1.mlp.down_proj;model.layers.10.mlp.down_proj;model.layers.11.mlp.down_proj;model.layers.12.mlp.down_proj;model.layers.13.mlp.down_proj;model.layers.14.mlp.down_proj;model.layers.15.mlp.down_proj;model.layers.16.mlp.down_proj;model.layers.17.mlp.down_proj;model.layers.18.mlp.down_proj;model.layers.19.mlp.down_proj;model.layers.2.mlp.down_proj;model.layers.20.mlp.down_proj;model.layers.21.mlp.down_proj;model.layers.22.mlp.down_proj;model.layers.23.mlp.down_proj;model.layers.24.mlp.down_proj;model.layers.25.mlp.down_proj;model.layers.26.mlp.down_proj;model.layers.27.mlp.down_proj;model.layers.28.mlp.down_proj;model.layers.29.mlp.down_proj;model.layers.3.mlp.down_proj;model.layers.30.mlp.down_proj;model.layers.31.mlp.down_proj;model.layers.32.mlp.down_proj;model.layers.33.mlp.down_proj;model.layers.34.mlp.down_proj;model.layers.35.mlp.down_proj;model.layers.36.mlp.down_proj;model.layers.37.mlp.down_proj;model.layers.38.mlp.down_proj;model.layers.39.mlp.down_proj;model.layers.4.mlp.down_proj;model.layers.40.mlp.down_proj;model.layers.41.mlp.down_proj;model.layers.42.mlp.down_proj;model.layers.43.mlp.down_proj;model.layers.44.mlp.down_proj;model.layers.45.mlp.down_proj;model.layers.46.mlp.down_proj;model.layers.47.mlp.down_proj;model.layers.48.mlp.down_proj;model.layers.49.mlp.down_proj;model.layers.5.mlp.down_proj;model.layers.50.mlp.down_proj;model.layers.51.mlp.down_proj;model.layers.52.mlp.down_proj;model.layers.53.mlp.down_proj;model.layers.54.mlp.down_proj;model.layers.55.mlp.down_proj;model.layers.56.mlp.down_proj;model.layers.57.mlp.down_proj;model.layers.58.mlp.down_proj;model.layers.59.mlp.down_proj;model.layers.6.mlp.down_proj;model.layers.60.mlp.down_proj;model.layers.61.mlp.down_proj;model.layers.62.mlp.down_proj;model.layers.63.mlp.down_proj;model.layers.7.mlp.down_proj;model.layers.8.mlp.down_proj;model.layers.9.mlp.down_proj
cublas,15,5120,25600,192,64,0.18595199923341474,35.70278385281563,21.148446597404366,0.026096506233226183,99.67561247807686,model.layers.0.mlp.down_proj;model.layers.1.mlp.down_proj;model.layers.10.mlp.down_proj;model.layers.11.mlp.down_proj;model.layers.12.mlp.down_proj;model.layers.13.mlp.down_proj;model.layers.14.mlp.down_proj;model.layers.15.mlp.down_proj;model.layers.16.mlp.down_proj;model.layers.17.mlp.down_proj;model.layers.18.mlp.down_proj;model.layers.19.mlp.down_proj;model.layers.2.mlp.down_proj;model.layers.20.mlp.down_proj;model.layers.21.mlp.down_proj;model.layers.22.mlp.down_proj;model.layers.23.mlp.down_proj;model.layers.24.mlp.down_proj;model.layers.25.mlp.down_proj;model.layers.26.mlp.down_proj;model.layers.27.mlp.down_proj;model.layers.28.mlp.down_proj;model.layers.29.mlp.down_proj;model.layers.3.mlp.down_proj;model.layers.30.mlp.down_proj;model.layers.31.mlp.down_proj;model.layers.32.mlp.down_proj;model.layers.33.mlp.down_proj;model.layers.34.mlp.down_proj;model.layers.35.mlp.down_proj;model.layers.36.mlp.down_proj;model.layers.37.mlp.down_proj;model.layers.38.mlp.down_proj;model.layers.39.mlp.down_proj;model.layers.4.mlp.down_proj;model.layers.40.mlp.down_proj;model.layers.41.mlp.down_proj;model.layers.42.mlp.down_proj;model.layers.43.mlp.down_proj;model.layers.44.mlp.down_proj;model.layers.45.mlp.down_proj;model.layers.46.mlp.down_proj;model.layers.47.mlp.down_proj;model.layers.48.mlp.down_proj;model.layers.49.mlp.down_proj;model.layers.5.mlp.down_proj;model.layers.50.mlp.down_proj;model.layers.51.mlp.down_proj;model.layers.52.mlp.down_proj;model.layers.53.mlp.down_proj;model.layers.54.mlp.down_proj;model.layers.55.mlp.down_proj;model.layers.56.mlp.down_proj;model.layers.57.mlp.down_proj;model.layers.58.mlp.down_proj;model.layers.59.mlp.down_proj;model.layers.6.mlp.down_proj;model.layers.60.mlp.down_proj;model.layers.61.mlp.down_proj;model.layers.62.mlp.down_proj;model.layers.63.mlp.down_proj;model.layers.7.mlp.down_proj;model.layers.8.mlp.down_proj;model.layers.9.mlp.down_proj
cublas,11,5120,25600,192,64,0.18321599904447794,35.177471816539764,15.741374237899203,0.02571253592756105,99.70132501400442,model.layers.0.mlp.down_proj;model.layers.1.mlp.down_proj;model.layers.10.mlp.down_proj;model.layers.11.mlp.down_proj;model.layers.12.mlp.down_proj;model.layers.13.mlp.down_proj;model.layers.14.mlp.down_proj;model.layers.15.mlp.down_proj;model.layers.16.mlp.down_proj;model.layers.17.mlp.down_proj;model.layers.18.mlp.down_proj;model.layers.19.mlp.down_proj;model.layers.2.mlp.down_proj;model.layers.20.mlp.down_proj;model.layers.21.mlp.down_proj;model.layers.22.mlp.down_proj;model.layers.23.mlp.down_proj;model.layers.24.mlp.down_proj;model.layers.25.mlp.down_proj;model.layers.26.mlp.down_proj;model.layers.27.mlp.down_proj;model.layers.28.mlp.down_proj;model.layers.29.mlp.down_proj;model.layers.3.mlp.down_proj;model.layers.30.mlp.down_proj;model.layers.31.mlp.down_proj;model.layers.32.mlp.down_proj;model.layers.33.mlp.down_proj;model.layers.34.mlp.down_proj;model.layers.35.mlp.down_proj;model.layers.36.mlp.down_proj;model.layers.37.mlp.down_proj;model.layers.38.mlp.down_proj;model.layers.39.mlp.down_proj;model.layers.4.mlp.down_proj;model.layers.40.mlp.down_proj;model.layers.41.mlp.down_proj;model.layers.42.mlp.down_proj;model.layers.43.mlp.down_proj;model.layers.44.mlp.down_proj;model.layers.45.mlp.down_proj;model.layers.46.mlp.down_proj;model.layers.47.mlp.down_proj;model.layers.48.mlp.down_proj;model.layers.49.mlp.down_proj;model.layers.5.mlp.down_proj;model.layers.50.mlp.down_proj;model.layers.51.mlp.down_proj;model.layers.52.mlp.down_proj;model.layers.53.mlp.down_proj;model.layers.54.mlp.down_proj;model.layers.55.mlp.down_proj;model.layers.56.mlp.down_proj;model.layers.57.mlp.down_proj;model.layers.58.mlp.down_proj;model.layers.59.mlp.down_proj;model.layers.6.mlp.down_proj;model.layers.60.mlp.down_proj;model.layers.61.mlp.down_proj;model.layers.62.mlp.down_proj;model.layers.63.mlp.down_proj;model.layers.7.mlp.down_proj;model.layers.8.mlp.down_proj;model.layers.9.mlp.down_proj
cublas,7,5120,25600,192,64,0.18189866460549334,34.92454360425472,10.0935050212067,0.025527661193544063,99.72685267519797,model.layers.0.mlp.down_proj;model.layers.1.mlp.down_proj;model.layers.10.mlp.down_proj;model.layers.11.mlp.down_proj;model.layers.12.mlp.down_proj;model.layers.13.mlp.down_proj;model.layers.14.mlp.down_proj;model.layers.15.mlp.down_proj;model.layers.16.mlp.down_proj;model.layers.17.mlp.down_proj;model.layers.18.mlp.down_proj;model.layers.19.mlp.down_proj;model.layers.2.mlp.down_proj;model.layers.20.mlp.down_proj;model.layers.21.mlp.down_proj;model.layers.22.mlp.down_proj;model.layers.23.mlp.down_proj;model.layers.24.mlp.down_proj;model.layers.25.mlp.down_proj;model.layers.26.mlp.down_proj;model.layers.27.mlp.down_proj;model.layers.28.mlp.down_proj;model.layers.29.mlp.down_proj;model.layers.3.mlp.down_proj;model.layers.30.mlp.down_proj;model.layers.31.mlp.down_proj;model.layers.32.mlp.down_proj;model.layers.33.mlp.down_proj;model.layers.34.mlp.down_proj;model.layers.35.mlp.down_proj;model.layers.36.mlp.down_proj;model.layers.37.mlp.down_proj;model.layers.38.mlp.down_proj;model.layers.39.mlp.down_proj;model.layers.4.mlp.down_proj;model.layers.40.mlp.down_proj;model.layers.41.mlp.down_proj;model.layers.42.mlp.down_proj;model.layers.43.mlp.down_proj;model.layers.44.mlp.down_proj;model.layers.45.mlp.down_proj;model.layers.46.mlp.down_proj;model.layers.47.mlp.down_proj;model.layers.48.mlp.down_proj;model.layers.49.mlp.down_proj;model.layers.5.mlp.down_proj;model.layers.50.mlp.down_proj;model.layers.51.mlp.down_proj;model.layers.52.mlp.down_proj;model.layers.53.mlp.down_proj;model.layers.54.mlp.down_proj;model.layers.55.mlp.down_proj;model.layers.56.mlp.down_proj;model.layers.57.mlp.down_proj;model.layers.58.mlp.down_proj;model.layers.59.mlp.down_proj;model.layers.6.mlp.down_proj;model.layers.60.mlp.down_proj;model.layers.61.mlp.down_proj;model.layers.62.mlp.down_proj;model.layers.63.mlp.down_proj;model.layers.7.mlp.down_proj;model.layers.8.mlp.down_proj;model.layers.9.mlp.down_proj
cublas,6,5120,25600,192,64,0.18086399782138565,34.72588758170605,8.69960257364413,0.025382456042257223,99.75223513124023,model.layers.0.mlp.down_proj;model.layers.1.mlp.down_proj;model.layers.10.mlp.down_proj;model.layers.11.mlp.down_proj;model.layers.12.mlp.down_proj;model.layers.13.mlp.down_proj;model.layers.14.mlp.down_proj;model.layers.15.mlp.down_proj;model.layers.16.mlp.down_proj;model.layers.17.mlp.down_proj;model.layers.18.mlp.down_proj;model.layers.19.mlp.down_proj;model.layers.2.mlp.down_proj;model.layers.20.mlp.down_proj;model.layers.21.mlp.down_proj;model.layers.22.mlp.down_proj;model.layers.23.mlp.down_proj;model.layers.24.mlp.down_proj;model.layers.25.mlp.down_proj;model.layers.26.mlp.down_proj;model.layers.27.mlp.down_proj;model.layers.28.mlp.down_proj;model.layers.29.mlp.down_proj;model.layers.3.mlp.down_proj;model.layers.30.mlp.down_proj;model.layers.31.mlp.down_proj;model.layers.32.mlp.down_proj;model.layers.33.mlp.down_proj;model.layers.34.mlp.down_proj;model.layers.35.mlp.down_proj;model.layers.36.mlp.down_proj;model.layers.37.mlp.down_proj;model.layers.38.mlp.down_proj;model.layers.39.mlp.down_proj;model.layers.4.mlp.down_proj;model.layers.40.mlp.down_proj;model.layers.41.mlp.down_proj;model.layers.42.mlp.down_proj;model.layers.43.mlp.down_proj;model.layers.44.mlp.down_proj;model.layers.45.mlp.down_proj;model.layers.46.mlp.down_proj;model.layers.47.mlp.down_proj;model.layers.48.mlp.down_proj;model.layers.49.mlp.down_proj;model.layers.5.mlp.down_proj;model.layers.50.mlp.down_proj;model.layers.51.mlp.down_proj;model.layers.52.mlp.down_proj;model.layers.53.mlp.down_proj;model.layers.54.mlp.down_proj;model.layers.55.mlp.down_proj;model.layers.56.mlp.down_proj;model.layers.57.mlp.down_proj;model.layers.58.mlp.down_proj;model.layers.59.mlp.down_proj;model.layers.6.mlp.down_proj;model.layers.60.mlp.down_proj;model.layers.61.mlp.down_proj;model.layers.62.mlp.down_proj;model.layers.63.mlp.down_proj;model.layers.7.mlp.down_proj;model.layers.8.mlp.down_proj;model.layers.9.mlp.down_proj
cublas,3,5120,25600,192,64,0.17820266370351115,34.21491143107414,4.413508345054015,0.025008964374073375,99.7772440956143,model.layers.0.mlp.down_proj;model.layers.1.mlp.down_proj;model.layers.10.mlp.down_proj;model.layers.11.mlp.down_proj;model.layers.12.mlp.down_proj;model.layers.13.mlp.down_proj;model.layers.14.mlp.down_proj;model.layers.15.mlp.down_proj;model.layers.16.mlp.down_proj;model.layers.17.mlp.down_proj;model.layers.18.mlp.down_proj;model.layers.19.mlp.down_proj;model.layers.2.mlp.down_proj;model.layers.20.mlp.down_proj;model.layers.21.mlp.down_proj;model.layers.22.mlp.down_proj;model.layers.23.mlp.down_proj;model.layers.24.mlp.down_proj;model.layers.25.mlp.down_proj;model.layers.26.mlp.down_proj;model.layers.27.mlp.down_proj;model.layers.28.mlp.down_proj;model.layers.29.mlp.down_proj;model.layers.3.mlp.down_proj;model.layers.30.mlp.down_proj;model.layers.31.mlp.down_proj;model.layers.32.mlp.down_proj;model.layers.33.mlp.down_proj;model.layers.34.mlp.down_proj;model.layers.35.mlp.down_proj;model.layers.36.mlp.down_proj;model.layers.37.mlp.down_proj;model.layers.38.mlp.down_proj;model.layers.39.mlp.down_proj;model.layers.4.mlp.down_proj;model.layers.40.mlp.down_proj;model.layers.41.mlp.down_proj;model.layers.42.mlp.down_proj;model.layers.43.mlp.down_proj;model.layers.44.mlp.down_proj;model.layers.45.mlp.down_proj;model.layers.46.mlp.down_proj;model.layers.47.mlp.down_proj;model.layers.48.mlp.down_proj;model.layers.49.mlp.down_proj;model.layers.5.mlp.down_proj;model.layers.50.mlp.down_proj;model.layers.51.mlp.down_proj;model.layers.52.mlp.down_proj;model.layers.53.mlp.down_proj;model.layers.54.mlp.down_proj;model.layers.55.mlp.down_proj;model.layers.56.mlp.down_proj;model.layers.57.mlp.down_proj;model.layers.58.mlp.down_proj;model.layers.59.mlp.down_proj;model.layers.6.mlp.down_proj;model.layers.60.mlp.down_proj;model.layers.61.mlp.down_proj;model.layers.62.mlp.down_proj;model.layers.63.mlp.down_proj;model.layers.7.mlp.down_proj;model.layers.8.mlp.down_proj;model.layers.9.mlp.down_proj
cublas,9,10240,5120,320,64,0.0965344024822116,30.89100879430771,9.8035450272661,0.022579399042792592,99.79982349465709,model.layers.0.self_attn.qkv_proj;model.layers.1.self_attn.qkv_proj;model.layers.10.self_attn.qkv_proj;model.layers.11.self_attn.qkv_proj;model.layers.12.self_attn.qkv_proj;model.layers.13.self_attn.qkv_proj;model.layers.14.self_attn.qkv_proj;model.layers.15.self_attn.qkv_proj;model.layers.16.self_attn.qkv_proj;model.layers.17.self_attn.qkv_proj;model.layers.18.self_attn.qkv_proj;model.layers.19.self_attn.qkv_proj;model.layers.2.self_attn.qkv_proj;model.layers.20.self_attn.qkv_proj;model.layers.21.self_attn.qkv_proj;model.layers.22.self_attn.qkv_proj;model.layers.23.self_attn.qkv_proj;model.layers.24.self_attn.qkv_proj;model.layers.25.self_attn.qkv_proj;model.layers.26.self_attn.qkv_proj;model.layers.27.self_attn.qkv_proj;model.layers.28.self_attn.qkv_proj;model.layers.29.self_attn.qkv_proj;model.layers.3.self_attn.qkv_proj;model.layers.30.self_attn.qkv_proj;model.layers.31.self_attn.qkv_proj;model.layers.32.self_attn.qkv_proj;model.layers.33.self_attn.qkv_proj;model.layers.34.self_attn.qkv_proj;model.layers.35.self_attn.qkv_proj;model.layers.36.self_attn.qkv_proj;model.layers.37.self_attn.qkv_proj;model.layers.38.self_attn.qkv_proj;model.layers.39.self_attn.qkv_proj;model.layers.4.self_attn.qkv_proj;model.layers.40.self_attn.qkv_proj;model.layers.41.self_attn.qkv_proj;model.layers.42.self_attn.qkv_proj;model.layers.43.self_attn.qkv_proj;model.layers.44.self_attn.qkv_proj;model.layers.45.self_attn.qkv_proj;model.layers.46.self_attn.qkv_proj;model.layers.47.self_attn.qkv_proj;model.layers.48.self_attn.qkv_proj;model.layers.49.self_attn.qkv_proj;model.layers.5.self_attn.qkv_proj;model.layers.50.self_attn.qkv_proj;model.layers.51.self_attn.qkv_proj;model.layers.52.self_attn.qkv_proj;model.layers.53.self_attn.qkv_proj;model.layers.54.self_attn.qkv_proj;model.layers.55.self_attn.qkv_proj;model.layers.56.self_attn.qkv_proj;model.layers.57.self_attn.qkv_proj;model.layers.58.self_attn.qkv_proj;model.layers.59.self_attn.qkv_proj;model.layers.6.self_attn.qkv_proj;model.layers.60.self_attn.qkv_proj;model.layers.61.self_attn.qkv_proj;model.layers.62.self_attn.qkv_proj;model.layers.63.self_attn.qkv_proj;model.layers.7.self_attn.qkv_proj;model.layers.8.self_attn.qkv_proj;model.layers.9.self_attn.qkv_proj
cublas,9,5120,8192,320,64,0.07855039893183857,25.136127658188343,9.636410140681052,0.01837294018346835,99.81819643484056,model.layers.0.self_attn.o_proj;model.layers.1.self_attn.o_proj;model.layers.10.self_attn.o_proj;model.layers.11.self_attn.o_proj;model.layers.12.self_attn.o_proj;model.layers.13.self_attn.o_proj;model.layers.14.self_attn.o_proj;model.layers.15.self_attn.o_proj;model.layers.16.self_attn.o_proj;model.layers.17.self_attn.o_proj;model.layers.18.self_attn.o_proj;model.layers.19.self_attn.o_proj;model.layers.2.self_attn.o_proj;model.layers.20.self_attn.o_proj;model.layers.21.self_attn.o_proj;model.layers.22.self_attn.o_proj;model.layers.23.self_attn.o_proj;model.layers.24.self_attn.o_proj;model.layers.25.self_attn.o_proj;model.layers.26.self_attn.o_proj;model.layers.27.self_attn.o_proj;model.layers.28.self_attn.o_proj;model.layers.29.self_attn.o_proj;model.layers.3.self_attn.o_proj;model.layers.30.self_attn.o_proj;model.layers.31.self_attn.o_proj;model.layers.32.self_attn.o_proj;model.layers.33.self_attn.o_proj;model.layers.34.self_attn.o_proj;model.layers.35.self_attn.o_proj;model.layers.36.self_attn.o_proj;model.layers.37.self_attn.o_proj;model.layers.38.self_attn.o_proj;model.layers.39.self_attn.o_proj;model.layers.4.self_attn.o_proj;model.layers.40.self_attn.o_proj;model.layers.41.self_attn.o_proj;model.layers.42.self_attn.o_proj;model.layers.43.self_attn.o_proj;model.layers.44.self_attn.o_proj;model.layers.45.self_attn.o_proj;model.layers.46.self_attn.o_proj;model.layers.47.self_attn.o_proj;model.layers.48.self_attn.o_proj;model.layers.49.self_attn.o_proj;model.layers.5.self_attn.o_proj;model.layers.50.self_attn.o_proj;model.layers.51.self_attn.o_proj;model.layers.52.self_attn.o_proj;model.layers.53.self_attn.o_proj;model.layers.54.self_attn.o_proj;model.layers.55.self_attn.o_proj;model.layers.56.self_attn.o_proj;model.layers.57.self_attn.o_proj;model.layers.58.self_attn.o_proj;model.layers.59.self_attn.o_proj;model.layers.6.self_attn.o_proj;model.layers.60.self_attn.o_proj;model.layers.61.self_attn.o_proj;model.layers.62.self_attn.o_proj;model.layers.63.self_attn.o_proj;model.layers.7.self_attn.o_proj;model.layers.8.self_attn.o_proj;model.layers.9.self_attn.o_proj
cublas,5,10240,5120,256,64,0.09590000216849148,24.55040055513382,5.487280959113202,0.017944810235427155,99.83614124507599,model.layers.0.self_attn.qkv_proj;model.layers.1.self_attn.qkv_proj;model.layers.10.self_attn.qkv_proj;model.layers.11.self_attn.qkv_proj;model.layers.12.self_attn.qkv_proj;model.layers.13.self_attn.qkv_proj;model.layers.14.self_attn.qkv_proj;model.layers.15.self_attn.qkv_proj;model.layers.16.self_attn.qkv_proj;model.layers.17.self_attn.qkv_proj;model.layers.18.self_attn.qkv_proj;model.layers.19.self_attn.qkv_proj;model.layers.2.self_attn.qkv_proj;model.layers.20.self_attn.qkv_proj;model.layers.21.self_attn.qkv_proj;model.layers.22.self_attn.qkv_proj;model.layers.23.self_attn.qkv_proj;model.layers.24.self_attn.qkv_proj;model.layers.25.self_attn.qkv_proj;model.layers.26.self_attn.qkv_proj;model.layers.27.self_attn.qkv_proj;model.layers.28.self_attn.qkv_proj;model.layers.29.self_attn.qkv_proj;model.layers.3.self_attn.qkv_proj;model.layers.30.self_attn.qkv_proj;model.layers.31.self_attn.qkv_proj;model.layers.32.self_attn.qkv_proj;model.layers.33.self_attn.qkv_proj;model.layers.34.self_attn.qkv_proj;model.layers.35.self_attn.qkv_proj;model.layers.36.self_attn.qkv_proj;model.layers.37.self_attn.qkv_proj;model.layers.38.self_attn.qkv_proj;model.layers.39.self_attn.qkv_proj;model.layers.4.self_attn.qkv_proj;model.layers.40.self_attn.qkv_proj;model.layers.41.self_attn.qkv_proj;model.layers.42.self_attn.qkv_proj;model.layers.43.self_attn.qkv_proj;model.layers.44.self_attn.qkv_proj;model.layers.45.self_attn.qkv_proj;model.layers.46.self_attn.qkv_proj;model.layers.47.self_attn.qkv_proj;model.layers.48.self_attn.qkv_proj;model.layers.49.self_attn.qkv_proj;model.layers.5.self_attn.qkv_proj;model.layers.50.self_attn.qkv_proj;model.layers.51.self_attn.qkv_proj;model.layers.52.self_attn.qkv_proj;model.layers.53.self_attn.qkv_proj;model.layers.54.self_attn.qkv_proj;model.layers.55.self_attn.qkv_proj;model.layers.56.self_attn.qkv_proj;model.layers.57.self_attn.qkv_proj;model.layers.58.self_attn.qkv_proj;model.layers.59.self_attn.qkv_proj;model.layers.6.self_attn.qkv_proj;model.layers.60.self_attn.qkv_proj;model.layers.61.self_attn.qkv_proj;model.layers.62.self_attn.qkv_proj;model.layers.63.self_attn.qkv_proj;model.layers.7.self_attn.qkv_proj;model.layers.8.self_attn.qkv_proj;model.layers.9.self_attn.qkv_proj
cublas,13,10240,5120,256,64,0.08367599826306105,21.421055555343628,16.34739843954077,0.015657454391423423,99.85179869946742,model.layers.0.self_attn.qkv_proj;model.layers.1.self_attn.qkv_proj;model.layers.10.self_attn.qkv_proj;model.layers.11.self_attn.qkv_proj;model.layers.12.self_attn.qkv_proj;model.layers.13.self_attn.qkv_proj;model.layers.14.self_attn.qkv_proj;model.layers.15.self_attn.qkv_proj;model.layers.16.self_attn.qkv_proj;model.layers.17.self_attn.qkv_proj;model.layers.18.self_attn.qkv_proj;model.layers.19.self_attn.qkv_proj;model.layers.2.self_attn.qkv_proj;model.layers.20.self_attn.qkv_proj;model.layers.21.self_attn.qkv_proj;model.layers.22.self_attn.qkv_proj;model.layers.23.self_attn.qkv_proj;model.layers.24.self_attn.qkv_proj;model.layers.25.self_attn.qkv_proj;model.layers.26.self_attn.qkv_proj;model.layers.27.self_attn.qkv_proj;model.layers.28.self_attn.qkv_proj;model.layers.29.self_attn.qkv_proj;model.layers.3.self_attn.qkv_proj;model.layers.30.self_attn.qkv_proj;model.layers.31.self_attn.qkv_proj;model.layers.32.self_attn.qkv_proj;model.layers.33.self_attn.qkv_proj;model.layers.34.self_attn.qkv_proj;model.layers.35.self_attn.qkv_proj;model.layers.36.self_attn.qkv_proj;model.layers.37.self_attn.qkv_proj;model.layers.38.self_attn.qkv_proj;model.layers.39.self_attn.qkv_proj;model.layers.4.self_attn.qkv_proj;model.layers.40.self_attn.qkv_proj;model.layers.41.self_attn.qkv_proj;model.layers.42.self_attn.qkv_proj;model.layers.43.self_attn.qkv_proj;model.layers.44.self_attn.qkv_proj;model.layers.45.self_attn.qkv_proj;model.layers.46.self_attn.qkv_proj;model.layers.47.self_attn.qkv_proj;model.layers.48.self_attn.qkv_proj;model.layers.49.self_attn.qkv_proj;model.layers.5.self_attn.qkv_proj;model.layers.50.self_attn.qkv_proj;model.layers.51.self_attn.qkv_proj;model.layers.52.self_attn.qkv_proj;model.layers.53.self_attn.qkv_proj;model.layers.54.self_attn.qkv_proj;model.layers.55.self_attn.qkv_proj;model.layers.56.self_attn.qkv_proj;model.layers.57.self_attn.qkv_proj;model.layers.58.self_attn.qkv_proj;model.layers.59.self_attn.qkv_proj;model.layers.6.self_attn.qkv_proj;model.layers.60.self_attn.qkv_proj;model.layers.61.self_attn.qkv_proj;model.layers.62.self_attn.qkv_proj;model.layers.63.self_attn.qkv_proj;model.layers.7.self_attn.qkv_proj;model.layers.8.self_attn.qkv_proj;model.layers.9.self_attn.qkv_proj
cublas,13,5120,8192,256,64,0.07824399918899871,20.03046379238367,13.953987267345582,0.014641018621048739,99.86643971808847,model.layers.0.self_attn.o_proj;model.layers.1.self_attn.o_proj;model.layers.10.self_attn.o_proj;model.layers.11.self_attn.o_proj;model.layers.12.self_attn.o_proj;model.layers.13.self_attn.o_proj;model.layers.14.self_attn.o_proj;model.layers.15.self_attn.o_proj;model.layers.16.self_attn.o_proj;model.layers.17.self_attn.o_proj;model.layers.18.self_attn.o_proj;model.layers.19.self_attn.o_proj;model.layers.2.self_attn.o_proj;model.layers.20.self_attn.o_proj;model.layers.21.self_attn.o_proj;model.layers.22.self_attn.o_proj;model.layers.23.self_attn.o_proj;model.layers.24.self_attn.o_proj;model.layers.25.self_attn.o_proj;model.layers.26.self_attn.o_proj;model.layers.27.self_attn.o_proj;model.layers.28.self_attn.o_proj;model.layers.29.self_attn.o_proj;model.layers.3.self_attn.o_proj;model.layers.30.self_attn.o_proj;model.layers.31.self_attn.o_proj;model.layers.32.self_attn.o_proj;model.layers.33.self_attn.o_proj;model.layers.34.self_attn.o_proj;model.layers.35.self_attn.o_proj;model.layers.36.self_attn.o_proj;model.layers.37.self_attn.o_proj;model.layers.38.self_attn.o_proj;model.layers.39.self_attn.o_proj;model.layers.4.self_attn.o_proj;model.layers.40.self_attn.o_proj;model.layers.41.self_attn.o_proj;model.layers.42.self_attn.o_proj;model.layers.43.self_attn.o_proj;model.layers.44.self_attn.o_proj;model.layers.45.self_attn.o_proj;model.layers.46.self_attn.o_proj;model.layers.47.self_attn.o_proj;model.layers.48.self_attn.o_proj;model.layers.49.self_attn.o_proj;model.layers.5.self_attn.o_proj;model.layers.50.self_attn.o_proj;model.layers.51.self_attn.o_proj;model.layers.52.self_attn.o_proj;model.layers.53.self_attn.o_proj;model.layers.54.self_attn.o_proj;model.layers.55.self_attn.o_proj;model.layers.56.self_attn.o_proj;model.layers.57.self_attn.o_proj;model.layers.58.self_attn.o_proj;model.layers.59.self_attn.o_proj;model.layers.6.self_attn.o_proj;model.layers.60.self_attn.o_proj;model.layers.61.self_attn.o_proj;model.layers.62.self_attn.o_proj;model.layers.63.self_attn.o_proj;model.layers.7.self_attn.o_proj;model.layers.8.self_attn.o_proj;model.layers.9.self_attn.o_proj
cublas,5,5120,8192,256,64,0.07770000043092296,19.891200110316277,5.410768320069058,0.014539225563058748,99.88097894365153,model.layers.0.self_attn.o_proj;model.layers.1.self_attn.o_proj;model.layers.10.self_attn.o_proj;model.layers.11.self_attn.o_proj;model.layers.12.self_attn.o_proj;model.layers.13.self_attn.o_proj;model.layers.14.self_attn.o_proj;model.layers.15.self_attn.o_proj;model.layers.16.self_attn.o_proj;model.layers.17.self_attn.o_proj;model.layers.18.self_attn.o_proj;model.layers.19.self_attn.o_proj;model.layers.2.self_attn.o_proj;model.layers.20.self_attn.o_proj;model.layers.21.self_attn.o_proj;model.layers.22.self_attn.o_proj;model.layers.23.self_attn.o_proj;model.layers.24.self_attn.o_proj;model.layers.25.self_attn.o_proj;model.layers.26.self_attn.o_proj;model.layers.27.self_attn.o_proj;model.layers.28.self_attn.o_proj;model.layers.29.self_attn.o_proj;model.layers.3.self_attn.o_proj;model.layers.30.self_attn.o_proj;model.layers.31.self_attn.o_proj;model.layers.32.self_attn.o_proj;model.layers.33.self_attn.o_proj;model.layers.34.self_attn.o_proj;model.layers.35.self_attn.o_proj;model.layers.36.self_attn.o_proj;model.layers.37.self_attn.o_proj;model.layers.38.self_attn.o_proj;model.layers.39.self_attn.o_proj;model.layers.4.self_attn.o_proj;model.layers.40.self_attn.o_proj;model.layers.41.self_attn.o_proj;model.layers.42.self_attn.o_proj;model.layers.43.self_attn.o_proj;model.layers.44.self_attn.o_proj;model.layers.45.self_attn.o_proj;model.layers.46.self_attn.o_proj;model.layers.47.self_attn.o_proj;model.layers.48.self_attn.o_proj;model.layers.49.self_attn.o_proj;model.layers.5.self_attn.o_proj;model.layers.50.self_attn.o_proj;model.layers.51.self_attn.o_proj;model.layers.52.self_attn.o_proj;model.layers.53.self_attn.o_proj;model.layers.54.self_attn.o_proj;model.layers.55.self_attn.o_proj;model.layers.56.self_attn.o_proj;model.layers.57.self_attn.o_proj;model.layers.58.self_attn.o_proj;model.layers.59.self_attn.o_proj;model.layers.6.self_attn.o_proj;model.layers.60.self_attn.o_proj;model.layers.61.self_attn.o_proj;model.layers.62.self_attn.o_proj;model.layers.63.self_attn.o_proj;model.layers.7.self_attn.o_proj;model.layers.8.self_attn.o_proj;model.layers.9.self_attn.o_proj
cublas,7,10240,5120,192,64,0.09757866885047406,18.73510441929102,7.561420019842358,0.013694191782740039,99.89467313543427,model.layers.0.self_attn.qkv_proj;model.layers.1.self_attn.qkv_proj;model.layers.10.self_attn.qkv_proj;model.layers.11.self_attn.qkv_proj;model.layers.12.self_attn.qkv_proj;model.layers.13.self_attn.qkv_proj;model.layers.14.self_attn.qkv_proj;model.layers.15.self_attn.qkv_proj;model.layers.16.self_attn.qkv_proj;model.layers.17.self_attn.qkv_proj;model.layers.18.self_attn.qkv_proj;model.layers.19.self_attn.qkv_proj;model.layers.2.self_attn.qkv_proj;model.layers.20.self_attn.qkv_proj;model.layers.21.self_attn.qkv_proj;model.layers.22.self_attn.qkv_proj;model.layers.23.self_attn.qkv_proj;model.layers.24.self_attn.qkv_proj;model.layers.25.self_attn.qkv_proj;model.layers.26.self_attn.qkv_proj;model.layers.27.self_attn.qkv_proj;model.layers.28.self_attn.qkv_proj;model.layers.29.self_attn.qkv_proj;model.layers.3.self_attn.qkv_proj;model.layers.30.self_attn.qkv_proj;model.layers.31.self_attn.qkv_proj;model.layers.32.self_attn.qkv_proj;model.layers.33.self_attn.qkv_proj;model.layers.34.self_attn.qkv_proj;model.layers.35.self_attn.qkv_proj;model.layers.36.self_attn.qkv_proj;model.layers.37.self_attn.qkv_proj;model.layers.38.self_attn.qkv_proj;model.layers.39.self_attn.qkv_proj;model.layers.4.self_attn.qkv_proj;model.layers.40.self_attn.qkv_proj;model.layers.41.self_attn.qkv_proj;model.layers.42.self_attn.qkv_proj;model.layers.43.self_attn.qkv_proj;model.layers.44.self_attn.qkv_proj;model.layers.45.self_attn.qkv_proj;model.layers.46.self_attn.qkv_proj;model.layers.47.self_attn.qkv_proj;model.layers.48.self_attn.qkv_proj;model.layers.49.self_attn.qkv_proj;model.layers.5.self_attn.qkv_proj;model.layers.50.self_attn.qkv_proj;model.layers.51.self_attn.qkv_proj;model.layers.52.self_attn.qkv_proj;model.layers.53.self_attn.qkv_proj;model.layers.54.self_attn.qkv_proj;model.layers.55.self_attn.qkv_proj;model.layers.56.self_attn.qkv_proj;model.layers.57.self_attn.qkv_proj;model.layers.58.self_attn.qkv_proj;model.layers.59.self_attn.qkv_proj;model.layers.6.self_attn.qkv_proj;model.layers.60.self_attn.qkv_proj;model.layers.61.self_attn.qkv_proj;model.layers.62.self_attn.qkv_proj;model.layers.63.self_attn.qkv_proj;model.layers.7.self_attn.qkv_proj;model.layers.8.self_attn.qkv_proj;model.layers.9.self_attn.qkv_proj
cublas,6,10240,5120,192,64,0.09599466889631003,18.430976428091526,6.574624989110627,0.01347189320650702,99.90814502864079,model.layers.0.self_attn.qkv_proj;model.layers.1.self_attn.qkv_proj;model.layers.10.self_attn.qkv_proj;model.layers.11.self_attn.qkv_proj;model.layers.12.self_attn.qkv_proj;model.layers.13.self_attn.qkv_proj;model.layers.14.self_attn.qkv_proj;model.layers.15.self_attn.qkv_proj;model.layers.16.self_attn.qkv_proj;model.layers.17.self_attn.qkv_proj;model.layers.18.self_attn.qkv_proj;model.layers.19.self_attn.qkv_proj;model.layers.2.self_attn.qkv_proj;model.layers.20.self_attn.qkv_proj;model.layers.21.self_attn.qkv_proj;model.layers.22.self_attn.qkv_proj;model.layers.23.self_attn.qkv_proj;model.layers.24.self_attn.qkv_proj;model.layers.25.self_attn.qkv_proj;model.layers.26.self_attn.qkv_proj;model.layers.27.self_attn.qkv_proj;model.layers.28.self_attn.qkv_proj;model.layers.29.self_attn.qkv_proj;model.layers.3.self_attn.qkv_proj;model.layers.30.self_attn.qkv_proj;model.layers.31.self_attn.qkv_proj;model.layers.32.self_attn.qkv_proj;model.layers.33.self_attn.qkv_proj;model.layers.34.self_attn.qkv_proj;model.layers.35.self_attn.qkv_proj;model.layers.36.self_attn.qkv_proj;model.layers.37.self_attn.qkv_proj;model.layers.38.self_attn.qkv_proj;model.layers.39.self_attn.qkv_proj;model.layers.4.self_attn.qkv_proj;model.layers.40.self_attn.qkv_proj;model.layers.41.self_attn.qkv_proj;model.layers.42.self_attn.qkv_proj;model.layers.43.self_attn.qkv_proj;model.layers.44.self_attn.qkv_proj;model.layers.45.self_attn.qkv_proj;model.layers.46.self_attn.qkv_proj;model.layers.47.self_attn.qkv_proj;model.layers.48.self_attn.qkv_proj;model.layers.49.self_attn.qkv_proj;model.layers.5.self_attn.qkv_proj;model.layers.50.self_attn.qkv_proj;model.layers.51.self_attn.qkv_proj;model.layers.52.self_attn.qkv_proj;model.layers.53.self_attn.qkv_proj;model.layers.54.self_attn.qkv_proj;model.layers.55.self_attn.qkv_proj;model.layers.56.self_attn.qkv_proj;model.layers.57.self_attn.qkv_proj;model.layers.58.self_attn.qkv_proj;model.layers.59.self_attn.qkv_proj;model.layers.6.self_attn.qkv_proj;model.layers.60.self_attn.qkv_proj;model.layers.61.self_attn.qkv_proj;model.layers.62.self_attn.qkv_proj;model.layers.63.self_attn.qkv_proj;model.layers.7.self_attn.qkv_proj;model.layers.8.self_attn.qkv_proj;model.layers.9.self_attn.qkv_proj
cublas,3,10240,5120,192,64,0.09469333535525948,18.18112038820982,3.329927406163126,0.013289264038735052,99.92143429267952,model.layers.0.self_attn.qkv_proj;model.layers.1.self_attn.qkv_proj;model.layers.10.self_attn.qkv_proj;model.layers.11.self_attn.qkv_proj;model.layers.12.self_attn.qkv_proj;model.layers.13.self_attn.qkv_proj;model.layers.14.self_attn.qkv_proj;model.layers.15.self_attn.qkv_proj;model.layers.16.self_attn.qkv_proj;model.layers.17.self_attn.qkv_proj;model.layers.18.self_attn.qkv_proj;model.layers.19.self_attn.qkv_proj;model.layers.2.self_attn.qkv_proj;model.layers.20.self_attn.qkv_proj;model.layers.21.self_attn.qkv_proj;model.layers.22.self_attn.qkv_proj;model.layers.23.self_attn.qkv_proj;model.layers.24.self_attn.qkv_proj;model.layers.25.self_attn.qkv_proj;model.layers.26.self_attn.qkv_proj;model.layers.27.self_attn.qkv_proj;model.layers.28.self_attn.qkv_proj;model.layers.29.self_attn.qkv_proj;model.layers.3.self_attn.qkv_proj;model.layers.30.self_attn.qkv_proj;model.layers.31.self_attn.qkv_proj;model.layers.32.self_attn.qkv_proj;model.layers.33.self_attn.qkv_proj;model.layers.34.self_attn.qkv_proj;model.layers.35.self_attn.qkv_proj;model.layers.36.self_attn.qkv_proj;model.layers.37.self_attn.qkv_proj;model.layers.38.self_attn.qkv_proj;model.layers.39.self_attn.qkv_proj;model.layers.4.self_attn.qkv_proj;model.layers.40.self_attn.qkv_proj;model.layers.41.self_attn.qkv_proj;model.layers.42.self_attn.qkv_proj;model.layers.43.self_attn.qkv_proj;model.layers.44.self_attn.qkv_proj;model.layers.45.self_attn.qkv_proj;model.layers.46.self_attn.qkv_proj;model.layers.47.self_attn.qkv_proj;model.layers.48.self_attn.qkv_proj;model.layers.49.self_attn.qkv_proj;model.layers.5.self_attn.qkv_proj;model.layers.50.self_attn.qkv_proj;model.layers.51.self_attn.qkv_proj;model.layers.52.self_attn.qkv_proj;model.layers.53.self_attn.qkv_proj;model.layers.54.self_attn.qkv_proj;model.layers.55.self_attn.qkv_proj;model.layers.56.self_attn.qkv_proj;model.layers.57.self_attn.qkv_proj;model.layers.58.self_attn.qkv_proj;model.layers.59.self_attn.qkv_proj;model.layers.6.self_attn.qkv_proj;model.layers.60.self_attn.qkv_proj;model.layers.61.self_attn.qkv_proj;model.layers.62.self_attn.qkv_proj;model.layers.63.self_attn.qkv_proj;model.layers.7.self_attn.qkv_proj;model.layers.8.self_attn.qkv_proj;model.layers.9.self_attn.qkv_proj
cublas,15,10240,5120,192,64,0.084021331781211,16.13209570199251,18.787932152731468,0.01179155490444615,99.93322584758397,model.layers.0.self_attn.qkv_proj;model.layers.1.self_attn.qkv_proj;model.layers.10.self_attn.qkv_proj;model.layers.11.self_attn.qkv_proj;model.layers.12.self_attn.qkv_proj;model.layers.13.self_attn.qkv_proj;model.layers.14.self_attn.qkv_proj;model.layers.15.self_attn.qkv_proj;model.layers.16.self_attn.qkv_proj;model.layers.17.self_attn.qkv_proj;model.layers.18.self_attn.qkv_proj;model.layers.19.self_attn.qkv_proj;model.layers.2.self_attn.qkv_proj;model.layers.20.self_attn.qkv_proj;model.layers.21.self_attn.qkv_proj;model.layers.22.self_attn.qkv_proj;model.layers.23.self_attn.qkv_proj;model.layers.24.self_attn.qkv_proj;model.layers.25.self_attn.qkv_proj;model.layers.26.self_attn.qkv_proj;model.layers.27.self_attn.qkv_proj;model.layers.28.self_attn.qkv_proj;model.layers.29.self_attn.qkv_proj;model.layers.3.self_attn.qkv_proj;model.layers.30.self_attn.qkv_proj;model.layers.31.self_attn.qkv_proj;model.layers.32.self_attn.qkv_proj;model.layers.33.self_attn.qkv_proj;model.layers.34.self_attn.qkv_proj;model.layers.35.self_attn.qkv_proj;model.layers.36.self_attn.qkv_proj;model.layers.37.self_attn.qkv_proj;model.layers.38.self_attn.qkv_proj;model.layers.39.self_attn.qkv_proj;model.layers.4.self_attn.qkv_proj;model.layers.40.self_attn.qkv_proj;model.layers.41.self_attn.qkv_proj;model.layers.42.self_attn.qkv_proj;model.layers.43.self_attn.qkv_proj;model.layers.44.self_attn.qkv_proj;model.layers.45.self_attn.qkv_proj;model.layers.46.self_attn.qkv_proj;model.layers.47.self_attn.qkv_proj;model.layers.48.self_attn.qkv_proj;model.layers.49.self_attn.qkv_proj;model.layers.5.self_attn.qkv_proj;model.layers.50.self_attn.qkv_proj;model.layers.51.self_attn.qkv_proj;model.layers.52.self_attn.qkv_proj;model.layers.53.self_attn.qkv_proj;model.layers.54.self_attn.qkv_proj;model.layers.55.self_attn.qkv_proj;model.layers.56.self_attn.qkv_proj;model.layers.57.self_attn.qkv_proj;model.layers.58.self_attn.qkv_proj;model.layers.59.self_attn.qkv_proj;model.layers.6.self_attn.qkv_proj;model.layers.60.self_attn.qkv_proj;model.layers.61.self_attn.qkv_proj;model.layers.62.self_attn.qkv_proj;model.layers.63.self_attn.qkv_proj;model.layers.7.self_attn.qkv_proj;model.layers.8.self_attn.qkv_proj;model.layers.9.self_attn.qkv_proj
cublas,11,10240,5120,192,64,0.08367466495838016,16.06553567200899,13.842180601857203,0.011742903677569574,99.94496875126154,model.layers.0.self_attn.qkv_proj;model.layers.1.self_attn.qkv_proj;model.layers.10.self_attn.qkv_proj;model.layers.11.self_attn.qkv_proj;model.layers.12.self_attn.qkv_proj;model.layers.13.self_attn.qkv_proj;model.layers.14.self_attn.qkv_proj;model.layers.15.self_attn.qkv_proj;model.layers.16.self_attn.qkv_proj;model.layers.17.self_attn.qkv_proj;model.layers.18.self_attn.qkv_proj;model.layers.19.self_attn.qkv_proj;model.layers.2.self_attn.qkv_proj;model.layers.20.self_attn.qkv_proj;model.layers.21.self_attn.qkv_proj;model.layers.22.self_attn.qkv_proj;model.layers.23.self_attn.qkv_proj;model.layers.24.self_attn.qkv_proj;model.layers.25.self_attn.qkv_proj;model.layers.26.self_attn.qkv_proj;model.layers.27.self_attn.qkv_proj;model.layers.28.self_attn.qkv_proj;model.layers.29.self_attn.qkv_proj;model.layers.3.self_attn.qkv_proj;model.layers.30.self_attn.qkv_proj;model.layers.31.self_attn.qkv_proj;model.layers.32.self_attn.qkv_proj;model.layers.33.self_attn.qkv_proj;model.layers.34.self_attn.qkv_proj;model.layers.35.self_attn.qkv_proj;model.layers.36.self_attn.qkv_proj;model.layers.37.self_attn.qkv_proj;model.layers.38.self_attn.qkv_proj;model.layers.39.self_attn.qkv_proj;model.layers.4.self_attn.qkv_proj;model.layers.40.self_attn.qkv_proj;model.layers.41.self_attn.qkv_proj;model.layers.42.self_attn.qkv_proj;model.layers.43.self_attn.qkv_proj;model.layers.44.self_attn.qkv_proj;model.layers.45.self_attn.qkv_proj;model.layers.46.self_attn.qkv_proj;model.layers.47.self_attn.qkv_proj;model.layers.48.self_attn.qkv_proj;model.layers.49.self_attn.qkv_proj;model.layers.5.self_attn.qkv_proj;model.layers.50.self_attn.qkv_proj;model.layers.51.self_attn.qkv_proj;model.layers.52.self_attn.qkv_proj;model.layers.53.self_attn.qkv_proj;model.layers.54.self_attn.qkv_proj;model.layers.55.self_attn.qkv_proj;model.layers.56.self_attn.qkv_proj;model.layers.57.self_attn.qkv_proj;model.layers.58.self_attn.qkv_proj;model.layers.59.self_attn.qkv_proj;model.layers.6.self_attn.qkv_proj;model.layers.60.self_attn.qkv_proj;model.layers.61.self_attn.qkv_proj;model.layers.62.self_attn.qkv_proj;model.layers.63.self_attn.qkv_proj;model.layers.7.self_attn.qkv_proj;model.layers.8.self_attn.qkv_proj;model.layers.9.self_attn.qkv_proj
cublas,7,5120,8192,192,64,0.0792959986332183,15.224831737577915,7.438248690390548,0.011128401582841514,99.95609715284438,model.layers.0.self_attn.o_proj;model.layers.1.self_attn.o_proj;model.layers.10.self_attn.o_proj;model.layers.11.self_attn.o_proj;model.layers.12.self_attn.o_proj;model.layers.13.self_attn.o_proj;model.layers.14.self_attn.o_proj;model.layers.15.self_attn.o_proj;model.layers.16.self_attn.o_proj;model.layers.17.self_attn.o_proj;model.layers.18.self_attn.o_proj;model.layers.19.self_attn.o_proj;model.layers.2.self_attn.o_proj;model.layers.20.self_attn.o_proj;model.layers.21.self_attn.o_proj;model.layers.22.self_attn.o_proj;model.layers.23.self_attn.o_proj;model.layers.24.self_attn.o_proj;model.layers.25.self_attn.o_proj;model.layers.26.self_attn.o_proj;model.layers.27.self_attn.o_proj;model.layers.28.self_attn.o_proj;model.layers.29.self_attn.o_proj;model.layers.3.self_attn.o_proj;model.layers.30.self_attn.o_proj;model.layers.31.self_attn.o_proj;model.layers.32.self_attn.o_proj;model.layers.33.self_attn.o_proj;model.layers.34.self_attn.o_proj;model.layers.35.self_attn.o_proj;model.layers.36.self_attn.o_proj;model.layers.37.self_attn.o_proj;model.layers.38.self_attn.o_proj;model.layers.39.self_attn.o_proj;model.layers.4.self_attn.o_proj;model.layers.40.self_attn.o_proj;model.layers.41.self_attn.o_proj;model.layers.42.self_attn.o_proj;model.layers.43.self_attn.o_proj;model.layers.44.self_attn.o_proj;model.layers.45.self_attn.o_proj;model.layers.46.self_attn.o_proj;model.layers.47.self_attn.o_proj;model.layers.48.self_attn.o_proj;model.layers.49.self_attn.o_proj;model.layers.5.self_attn.o_proj;model.layers.50.self_attn.o_proj;model.layers.51.self_attn.o_proj;model.layers.52.self_attn.o_proj;model.layers.53.self_attn.o_proj;model.layers.54.self_attn.o_proj;model.layers.55.self_attn.o_proj;model.layers.56.self_attn.o_proj;model.layers.57.self_attn.o_proj;model.layers.58.self_attn.o_proj;model.layers.59.self_attn.o_proj;model.layers.6.self_attn.o_proj;model.layers.60.self_attn.o_proj;model.layers.61.self_attn.o_proj;model.layers.62.self_attn.o_proj;model.layers.63.self_attn.o_proj;model.layers.7.self_attn.o_proj;model.layers.8.self_attn.o_proj;model.layers.9.self_attn.o_proj
cublas,15,5120,8192,192,64,0.07879466513016571,15.128575704991817,15.994154423866576,0.011058044431849474,99.96715519727623,model.layers.0.self_attn.o_proj;model.layers.1.self_attn.o_proj;model.layers.10.self_attn.o_proj;model.layers.11.self_attn.o_proj;model.layers.12.self_attn.o_proj;model.layers.13.self_attn.o_proj;model.layers.14.self_attn.o_proj;model.layers.15.self_attn.o_proj;model.layers.16.self_attn.o_proj;model.layers.17.self_attn.o_proj;model.layers.18.self_attn.o_proj;model.layers.19.self_attn.o_proj;model.layers.2.self_attn.o_proj;model.layers.20.self_attn.o_proj;model.layers.21.self_attn.o_proj;model.layers.22.self_attn.o_proj;model.layers.23.self_attn.o_proj;model.layers.24.self_attn.o_proj;model.layers.25.self_attn.o_proj;model.layers.26.self_attn.o_proj;model.layers.27.self_attn.o_proj;model.layers.28.self_attn.o_proj;model.layers.29.self_attn.o_proj;model.layers.3.self_attn.o_proj;model.layers.30.self_attn.o_proj;model.layers.31.self_attn.o_proj;model.layers.32.self_attn.o_proj;model.layers.33.self_attn.o_proj;model.layers.34.self_attn.o_proj;model.layers.35.self_attn.o_proj;model.layers.36.self_attn.o_proj;model.layers.37.self_attn.o_proj;model.layers.38.self_attn.o_proj;model.layers.39.self_attn.o_proj;model.layers.4.self_attn.o_proj;model.layers.40.self_attn.o_proj;model.layers.41.self_attn.o_proj;model.layers.42.self_attn.o_proj;model.layers.43.self_attn.o_proj;model.layers.44.self_attn.o_proj;model.layers.45.self_attn.o_proj;model.layers.46.self_attn.o_proj;model.layers.47.self_attn.o_proj;model.layers.48.self_attn.o_proj;model.layers.49.self_attn.o_proj;model.layers.5.self_attn.o_proj;model.layers.50.self_attn.o_proj;model.layers.51.self_attn.o_proj;model.layers.52.self_attn.o_proj;model.layers.53.self_attn.o_proj;model.layers.54.self_attn.o_proj;model.layers.55.self_attn.o_proj;model.layers.56.self_attn.o_proj;model.layers.57.self_attn.o_proj;model.layers.58.self_attn.o_proj;model.layers.59.self_attn.o_proj;model.layers.6.self_attn.o_proj;model.layers.60.self_attn.o_proj;model.layers.61.self_attn.o_proj;model.layers.62.self_attn.o_proj;model.layers.63.self_attn.o_proj;model.layers.7.self_attn.o_proj;model.layers.8.self_attn.o_proj;model.layers.9.self_attn.o_proj
cublas,11,5120,8192,192,64,0.07843199927204599,15.05894386023283,11.790847436090845,0.011007147900131525,99.97816234517636,model.layers.0.self_attn.o_proj;model.layers.1.self_attn.o_proj;model.layers.10.self_attn.o_proj;model.layers.11.self_attn.o_proj;model.layers.12.self_attn.o_proj;model.layers.13.self_attn.o_proj;model.layers.14.self_attn.o_proj;model.layers.15.self_attn.o_proj;model.layers.16.self_attn.o_proj;model.layers.17.self_attn.o_proj;model.layers.18.self_attn.o_proj;model.layers.19.self_attn.o_proj;model.layers.2.self_attn.o_proj;model.layers.20.self_attn.o_proj;model.layers.21.self_attn.o_proj;model.layers.22.self_attn.o_proj;model.layers.23.self_attn.o_proj;model.layers.24.self_attn.o_proj;model.layers.25.self_attn.o_proj;model.layers.26.self_attn.o_proj;model.layers.27.self_attn.o_proj;model.layers.28.self_attn.o_proj;model.layers.29.self_attn.o_proj;model.layers.3.self_attn.o_proj;model.layers.30.self_attn.o_proj;model.layers.31.self_attn.o_proj;model.layers.32.self_attn.o_proj;model.layers.33.self_attn.o_proj;model.layers.34.self_attn.o_proj;model.layers.35.self_attn.o_proj;model.layers.36.self_attn.o_proj;model.layers.37.self_attn.o_proj;model.layers.38.self_attn.o_proj;model.layers.39.self_attn.o_proj;model.layers.4.self_attn.o_proj;model.layers.40.self_attn.o_proj;model.layers.41.self_attn.o_proj;model.layers.42.self_attn.o_proj;model.layers.43.self_attn.o_proj;model.layers.44.self_attn.o_proj;model.layers.45.self_attn.o_proj;model.layers.46.self_attn.o_proj;model.layers.47.self_attn.o_proj;model.layers.48.self_attn.o_proj;model.layers.49.self_attn.o_proj;model.layers.5.self_attn.o_proj;model.layers.50.self_attn.o_proj;model.layers.51.self_attn.o_proj;model.layers.52.self_attn.o_proj;model.layers.53.self_attn.o_proj;model.layers.54.self_attn.o_proj;model.layers.55.self_attn.o_proj;model.layers.56.self_attn.o_proj;model.layers.57.self_attn.o_proj;model.layers.58.self_attn.o_proj;model.layers.59.self_attn.o_proj;model.layers.6.self_attn.o_proj;model.layers.60.self_attn.o_proj;model.layers.61.self_attn.o_proj;model.layers.62.self_attn.o_proj;model.layers.63.self_attn.o_proj;model.layers.7.self_attn.o_proj;model.layers.8.self_attn.o_proj;model.layers.9.self_attn.o_proj
cublas,6,5120,8192,192,64,0.07839466627531995,15.051775924861431,6.436128450533757,0.01100190858683679,99.98916425376319,model.layers.0.self_attn.o_proj;model.layers.1.self_attn.o_proj;model.layers.10.self_attn.o_proj;model.layers.11.self_attn.o_proj;model.layers.12.self_attn.o_proj;model.layers.13.self_attn.o_proj;model.layers.14.self_attn.o_proj;model.layers.15.self_attn.o_proj;model.layers.16.self_attn.o_proj;model.layers.17.self_attn.o_proj;model.layers.18.self_attn.o_proj;model.layers.19.self_attn.o_proj;model.layers.2.self_attn.o_proj;model.layers.20.self_attn.o_proj;model.layers.21.self_attn.o_proj;model.layers.22.self_attn.o_proj;model.layers.23.self_attn.o_proj;model.layers.24.self_attn.o_proj;model.layers.25.self_attn.o_proj;model.layers.26.self_attn.o_proj;model.layers.27.self_attn.o_proj;model.layers.28.self_attn.o_proj;model.layers.29.self_attn.o_proj;model.layers.3.self_attn.o_proj;model.layers.30.self_attn.o_proj;model.layers.31.self_attn.o_proj;model.layers.32.self_attn.o_proj;model.layers.33.self_attn.o_proj;model.layers.34.self_attn.o_proj;model.layers.35.self_attn.o_proj;model.layers.36.self_attn.o_proj;model.layers.37.self_attn.o_proj;model.layers.38.self_attn.o_proj;model.layers.39.self_attn.o_proj;model.layers.4.self_attn.o_proj;model.layers.40.self_attn.o_proj;model.layers.41.self_attn.o_proj;model.layers.42.self_attn.o_proj;model.layers.43.self_attn.o_proj;model.layers.44.self_attn.o_proj;model.layers.45.self_attn.o_proj;model.layers.46.self_attn.o_proj;model.layers.47.self_attn.o_proj;model.layers.48.self_attn.o_proj;model.layers.49.self_attn.o_proj;model.layers.5.self_attn.o_proj;model.layers.50.self_attn.o_proj;model.layers.51.self_attn.o_proj;model.layers.52.self_attn.o_proj;model.layers.53.self_attn.o_proj;model.layers.54.self_attn.o_proj;model.layers.55.self_attn.o_proj;model.layers.56.self_attn.o_proj;model.layers.57.self_attn.o_proj;model.layers.58.self_attn.o_proj;model.layers.59.self_attn.o_proj;model.layers.6.self_attn.o_proj;model.layers.60.self_attn.o_proj;model.layers.61.self_attn.o_proj;model.layers.62.self_attn.o_proj;model.layers.63.self_attn.o_proj;model.layers.7.self_attn.o_proj;model.layers.8.self_attn.o_proj;model.layers.9.self_attn.o_proj
cublas,3,5120,8192,192,64,0.0772106678923592,14.824448235332966,3.264891624423178,0.010835746236830108,100.00000000000003,model.layers.0.self_attn.o_proj;model.layers.1.self_attn.o_proj;model.layers.10.self_attn.o_proj;model.layers.11.self_attn.o_proj;model.layers.12.self_attn.o_proj;model.layers.13.self_attn.o_proj;model.layers.14.self_attn.o_proj;model.layers.15.self_attn.o_proj;model.layers.16.self_attn.o_proj;model.layers.17.self_attn.o_proj;model.layers.18.self_attn.o_proj;model.layers.19.self_attn.o_proj;model.layers.2.self_attn.o_proj;model.layers.20.self_attn.o_proj;model.layers.21.self_attn.o_proj;model.layers.22.self_attn.o_proj;model.layers.23.self_attn.o_proj;model.layers.24.self_attn.o_proj;model.layers.25.self_attn.o_proj;model.layers.26.self_attn.o_proj;model.layers.27.self_attn.o_proj;model.layers.28.self_attn.o_proj;model.layers.29.self_attn.o_proj;model.layers.3.self_attn.o_proj;model.layers.30.self_attn.o_proj;model.layers.31.self_attn.o_proj;model.layers.32.self_attn.o_proj;model.layers.33.self_attn.o_proj;model.layers.34.self_attn.o_proj;model.layers.35.self_attn.o_proj;model.layers.36.self_attn.o_proj;model.layers.37.self_attn.o_proj;model.layers.38.self_attn.o_proj;model.layers.39.self_attn.o_proj;model.layers.4.self_attn.o_proj;model.layers.40.self_attn.o_proj;model.layers.41.self_attn.o_proj;model.layers.42.self_attn.o_proj;model.layers.43.self_attn.o_proj;model.layers.44.self_attn.o_proj;model.layers.45.self_attn.o_proj;model.layers.46.self_attn.o_proj;model.layers.47.self_attn.o_proj;model.layers.48.self_attn.o_proj;model.layers.49.self_attn.o_proj;model.layers.5.self_attn.o_proj;model.layers.50.self_attn.o_proj;model.layers.51.self_attn.o_proj;model.layers.52.self_attn.o_proj;model.layers.53.self_attn.o_proj;model.layers.54.self_attn.o_proj;model.layers.55.self_attn.o_proj;model.layers.56.self_attn.o_proj;model.layers.57.self_attn.o_proj;model.layers.58.self_attn.o_proj;model.layers.59.self_attn.o_proj;model.layers.6.self_attn.o_proj;model.layers.60.self_attn.o_proj;model.layers.61.self_attn.o_proj;model.layers.62.self_attn.o_proj;model.layers.63.self_attn.o_proj;model.layers.7.self_attn.o_proj;model.layers.8.self_attn.o_proj;model.layers.9.self_attn.o_proj
