shape_index,qid,category,backend,dtype,m,n,k,flops,baseline_ms,moonpoly_ms,speedup,cosine_similarity,correctness_passed,status,error,wall_seconds
1,0,Real-World,cublas,FP16,1,1,1,2,0.008192,0.007219,1.134752,1.0,True,pass,,0.7557336129248142
1,0,Real-World,cublas,FP32,1,1,1,2,0.012032,0.013466,0.893536,1.0,True,pass,,0.7557336129248142
1,0,Real-World,cublas,INT8,1,1,1,2,0.009267,0.01408,0.658182,0.0,False,incorrect,Cosine similarity threshold failed,0.7557336129248142
2,1,Real-World,cublas,FP16,1,1,3,6,0.00809,0.00768,1.053333,1.0,True,pass,,1.7849077377468348
2,1,Real-World,cublas,FP32,1,1,3,6,0.008294,0.011981,0.692308,1.0,True,pass,,1.7849077377468348
2,1,Real-World,cublas,INT8,1,1,3,6,0.009267,0.014234,0.651079,0.0,False,incorrect,Cosine similarity threshold failed,1.7849077377468348
3,2,Real-World,cublas,FP16,2,2,2,16,0.013363,0.007066,1.891304,1.0,True,pass,,1.8556800950318575
3,2,Real-World,cublas,FP32,2,2,2,16,0.010035,0.008038,1.248408,1.0,True,pass,,1.8556800950318575
3,2,Real-World,cublas,INT8,2,2,2,16,0.022579,0.00855,2.640718,0.0,False,incorrect,Cosine similarity threshold failed,1.8556800950318575
4,3,Real-World,cublas,FP16,2,2,4,32,0.013978,0.008397,1.664634,1.0,True,pass,,0.97596768848598
4,3,Real-World,cublas,FP32,2,2,4,32,0.010598,0.008397,1.262195,1.0,True,pass,,0.97596768848598
4,3,Real-World,cublas,INT8,2,2,4,32,,,,,False,missing,Running INT8...Error benchmarking size 2x2x4: std::exception,0.97596768848598
5,4,Real-World,cublas,FP16,2,4,4,64,0.014643,0.008806,1.66279,1.0,True,pass,,1.8785780351608992
5,4,Real-World,cublas,FP32,2,4,4,64,0.010035,0.008448,1.187879,1.0,True,pass,,1.8785780351608992
5,4,Real-World,cublas,INT8,2,4,4,64,,,,,False,missing,Running INT8...Error benchmarking size 2x4x4: std::exception,1.8785780351608992
6,5,Real-World,cublas,FP16,1,1,24,48,0.007526,0.014643,0.513986,1.0,True,pass,,1.8902089763432741
6,5,Real-World,cublas,FP32,1,1,24,48,0.008653,0.010035,0.862245,1.0,True,pass,,1.8902089763432741
6,5,Real-World,cublas,INT8,1,1,24,48,0.008448,0.007322,1.153846,1.0,True,pass,,1.8902089763432741
7,6,Real-World,cublas,FP16,1,1,25,50,0.008499,0.007629,1.114094,1.0,True,pass,,1.7342906799167395
7,6,Real-World,cublas,FP32,1,1,25,50,0.007168,0.010547,0.679612,1.0,True,pass,,1.7342906799167395
7,6,Real-World,cublas,INT8,1,1,25,50,0.002816,0.009728,0.289474,0.0,False,incorrect,Cosine similarity threshold failed,1.7342906799167395
8,7,Real-World,cublas,FP16,1,1,48,96,0.008806,0.012288,0.716667,1.0,True,pass,,0.812189256772399
8,7,Real-World,cublas,FP32,1,1,48,96,0.008755,0.011981,0.730769,1.0,True,pass,,0.812189256772399
8,7,Real-World,cublas,INT8,1,1,48,96,0.012544,0.0128,0.98,1.0,True,pass,,0.812189256772399
9,8,Real-World,cublas,FP16,1,1,96,192,0.010291,0.012698,0.810484,1.0,True,pass,,1.7223363164812326
9,8,Real-World,cublas,FP32,1,1,96,192,0.009882,0.017203,0.574405,1.0,True,pass,,1.7223363164812326
9,8,Real-World,cublas,INT8,1,1,96,192,0.009114,0.009318,0.978022,1.0,True,pass,,1.7223363164812326
10,9,Real-World,cublas,FP16,1,1,128,256,0.008755,0.012954,0.675889,1.0,True,pass,,1.6464917045086622
10,9,Real-World,cublas,FP32,1,1,128,256,0.007578,0.01879,0.40327,1.0,True,pass,,1.6464917045086622
10,9,Real-World,cublas,INT8,1,1,128,256,0.00896,0.008858,1.011561,1.0,True,pass,,1.6464917045086622
11,10,Real-World,cublas,FP16,53,4,1,424,0.010086,0.009779,1.031414,1.0,True,pass,,0.8710169643163681
11,10,Real-World,cublas,FP32,53,4,1,424,0.008653,0.009523,0.908602,1.0,True,pass,,0.8710169643163681
11,10,Real-World,cublas,INT8,53,4,1,424,0.009626,0.014336,0.671429,0.0,False,incorrect,Cosine similarity threshold failed,0.8710169643163681
12,11,Real-World,cublas,FP16,20,1,16,640,0.010394,0.013005,0.799212,1.0,True,pass,,1.8974442798644304
12,11,Real-World,cublas,FP32,20,1,16,640,0.009011,0.009728,0.926316,1.0,True,pass,,1.8974442798644304
12,11,Real-World,cublas,INT8,20,1,16,640,0.01193,0.012442,0.958848,1.0,True,pass,,1.8974442798644304
13,12,Real-World,cublas,FP16,1,1,192,384,0.009626,0.00855,1.125748,1.0,True,pass,,1.9007929842919111
13,12,Real-World,cublas,FP32,1,1,192,384,0.016333,0.02601,0.627953,1.0,True,pass,,1.9007929842919111
13,12,Real-World,cublas,INT8,1,1,192,384,0.020787,0.01449,1.434629,1.0,True,pass,,1.9007929842919111
14,13,Real-World,cublas,FP16,27,10,4,2160,0.010035,0.008858,1.132948,1.0,True,pass,,1.711278297007084
14,13,Real-World,cublas,FP32,27,10,4,2160,0.010701,0.00855,1.251497,1.0,True,pass,,1.711278297007084
14,13,Real-World,cublas,INT8,27,10,4,2160,,,,,False,missing,Running INT8...Error benchmarking size 27x10x4: std::exception,1.711278297007084
15,14,Real-World,cublas,FP16,109,1,4,872,0.008346,0.009318,0.895605,1.0,True,pass,,0.7667285911738873
15,14,Real-World,cublas,FP32,109,1,4,872,0.008192,0.00855,0.958084,1.0,True,pass,,0.7667285911738873
15,14,Real-World,cublas,INT8,109,1,4,872,0.012134,0.012902,0.940476,1.0,True,pass,,0.7667285911738873
16,15,Real-World,cublas,FP16,93,5,2,1860,0.010445,0.009011,1.159091,1.0,True,pass,,1.8346408233046532
16,15,Real-World,cublas,FP32,93,5,2,1860,0.009216,0.008909,1.034483,1.0,True,pass,,1.8346408233046532
16,15,Real-World,cublas,INT8,93,5,2,1860,,,,,False,missing,Running INT8...Error benchmarking size 93x5x2: std::exception,1.8346408233046532
17,16,Real-World,cublas,FP16,32,4,16,4096,0.007731,0.011571,0.668142,1.0,True,pass,,1.6515031941235065
17,16,Real-World,cublas,FP32,32,4,16,4096,0.010189,0.009062,1.124294,1.0,True,pass,,1.6515031941235065
17,16,Real-World,cublas,INT8,32,4,16,4096,0.00855,0.00768,1.113333,1.0,True,pass,,1.6515031941235065
18,17,Real-World,cublas,FP16,184,1,3,1104,0.007526,0.022067,0.341067,1.0,True,pass,,0.8834819234907627
18,17,Real-World,cublas,FP32,184,1,3,1104,0.008346,0.008858,0.942197,1.0,True,pass,,0.8834819234907627
18,17,Real-World,cublas,INT8,184,1,3,1104,0.00983,0.008192,1.2,0.0,False,incorrect,Cosine similarity threshold failed,0.8834819234907627
19,18,Real-World,cublas,FP16,16,16,16,8192,0.009267,0.012954,0.715415,1.0,True,pass,,1.7643896359950304
19,18,Real-World,cublas,FP32,16,16,16,8192,0.010496,0.009114,1.151685,1.0,True,pass,,1.7643896359950304
19,18,Real-World,cublas,INT8,16,16,16,8192,0.012493,0.012493,1.0,1.0,True,pass,,1.7643896359950304
20,19,Real-World,cublas,FP16,1,1,384,768,0.010752,0.014336,0.75,1.0,True,pass,,1.7257974650710821
20,19,Real-World,cublas,FP32,1,1,384,768,0.014848,0.093286,0.159166,1.0,True,pass,,1.7257974650710821
20,19,Real-World,cublas,INT8,1,1,384,768,0.012288,0.014387,0.854093,1.0,True,pass,,1.7257974650710821
21,20,Real-World,cublas,FP16,58,2,12,2784,0.009114,0.009216,0.988889,1.0,True,pass,,1.9083760268986225
21,20,Real-World,cublas,FP32,58,2,12,2784,0.008806,0.00983,0.895833,1.0,True,pass,,1.9083760268986225
21,20,Real-World,cublas,INT8,58,2,12,2784,,,,,False,missing,Running INT8...Error benchmarking size 58x2x12: std::exception,1.9083760268986225
22,21,Real-World,cublas,FP16,16,32,16,16384,0.00727,0.007578,0.959459,1.0,True,pass,,0.8956751134246588
22,21,Real-World,cublas,FP32,16,32,16,16384,0.010189,0.009011,1.130682,1.0,True,pass,,0.8956751134246588
22,21,Real-World,cublas,INT8,16,32,16,16384,0.009984,0.007782,1.282895,1.0,True,pass,,0.8956751134246588
23,22,Real-World,cublas,FP16,16,16,32,16384,0.009062,0.012288,0.7375,1.0,True,pass,,1.8399912100285292
23,22,Real-World,cublas,FP32,16,16,32,16384,0.01111,0.010445,1.063725,1.0,True,pass,,1.8399912100285292
23,22,Real-World,cublas,INT8,16,16,32,16384,0.012544,0.012646,0.991903,1.0,True,pass,,1.8399912100285292
24,23,Real-World,cublas,FP16,32,16,16,16384,0.007578,0.008192,0.925,1.0,True,pass,,1.7850926108658314
24,23,Real-World,cublas,FP32,32,16,16,16384,0.010598,0.009062,1.169492,1.0,True,pass,,1.7850926108658314
24,23,Real-World,cublas,INT8,32,16,16,16384,0.009267,0.009114,1.016854,1.0,True,pass,,1.7850926108658314
25,24,Real-World,cublas,FP16,1,25,50,2500,0.01239,0.012851,0.964144,1.0,True,pass,,0.9445589166134596
25,24,Real-World,cublas,FP32,1,25,50,2500,0.00983,0.013363,0.735632,1.0,True,pass,,0.9445589166134596
25,24,Real-World,cublas,INT8,1,25,50,2500,,,,,False,missing,Running INT8...Error benchmarking size 1x25x50: std::exception,0.9445589166134596
26,25,Real-World,cublas,FP16,16,4,64,8192,0.009728,0.012237,0.794979,1.0,True,pass,,1.7750750668346882
26,25,Real-World,cublas,FP32,16,4,64,8192,0.013414,0.014541,0.922535,1.0,True,pass,,1.7750750668346882
26,25,Real-World,cublas,INT8,16,4,64,8192,0.008858,0.008704,1.017647,1.0,True,pass,,1.7750750668346882
27,26,Real-World,cublas,FP16,16,64,4,8192,0.009728,0.010854,0.896227,1.0,True,pass,,1.9714657086879015
27,26,Real-World,cublas,FP32,16,64,4,8192,0.02263,0.01495,1.513698,1.0,True,pass,,1.9714657086879015
27,26,Real-World,cublas,INT8,16,64,4,8192,0.0128,0.008038,1.592357,1.0,True,pass,,1.9714657086879015
28,27,Real-World,cublas,FP16,68,10,10,13600,0.009114,0.008038,1.133758,1.0,True,pass,,1.7014372237026691
28,27,Real-World,cublas,FP32,68,10,10,13600,0.012493,0.013722,0.910448,1.0,True,pass,,1.7014372237026691
28,27,Real-World,cublas,INT8,68,10,10,13600,0.005734,0.009933,0.57732,0.0,False,incorrect,Cosine similarity threshold failed,1.7014372237026691
29,28,Real-World,cublas,FP16,1,1,768,1536,0.011162,0.013261,0.841699,1.0,True,pass,,0.7710338663309813
29,28,Real-World,cublas,FP32,1,1,768,1536,0.011264,0.021965,0.512821,1.0,True,pass,,0.7710338663309813
29,28,Real-World,cublas,INT8,1,1,768,1536,0.012851,0.015616,0.822951,1.0,True,pass,,0.7710338663309813
30,29,Real-World,cublas,FP16,1,5,256,2560,0.011674,0.013722,0.850746,1.0,True,pass,,1.9881979376077652
30,29,Real-World,cublas,FP32,1,5,256,2560,0.01193,0.029542,0.403813,1.0,True,pass,,1.9881979376077652
30,29,Real-World,cublas,INT8,1,5,256,2560,,,,,False,missing,Running INT8...Error benchmarking size 1x5x256: std::exception,1.9881979376077652
31,30,Real-World,cublas,FP16,24,2,64,6144,0.00855,0.011418,0.748879,1.0,True,pass,,1.6493989117443562
31,30,Real-World,cublas,FP32,24,2,64,6144,0.012698,0.013158,0.964981,1.0,True,pass,,1.6493989117443562
31,30,Real-World,cublas,INT8,24,2,64,6144,0.008243,0.007834,1.052288,1.0,True,pass,,1.6493989117443562
32,31,Real-World,cublas,FP16,5,1,300,3000,0.009677,0.011469,0.84375,1.0,True,pass,,0.8602624032646418
32,31,Real-World,cublas,FP32,5,1,300,3000,0.011366,0.033587,0.338415,1.0,True,pass,,0.8602624032646418
32,31,Real-World,cublas,INT8,5,1,300,3000,0.012442,0.015514,0.80198,1.0,True,pass,,0.8602624032646418
33,32,Real-World,cublas,FP16,28,16,32,28672,0.009626,0.012339,0.780083,1.0,True,pass,,1.911420164629817
33,32,Real-World,cublas,FP32,28,16,32,28672,0.009933,0.010342,0.960396,1.0,True,pass,,1.911420164629817
33,32,Real-World,cublas,INT8,28,16,32,28672,0.008602,0.008038,1.070064,1.0,True,pass,,1.911420164629817
34,33,Real-World,cublas,FP16,68,16,10,21760,0.009574,0.009472,1.010811,1.0,True,pass,,1.8922359943389893
34,33,Real-World,cublas,FP32,68,16,10,21760,0.009472,0.009728,0.973684,1.0,True,pass,,1.8922359943389893
34,33,Real-World,cublas,INT8,68,16,10,21760,0.009472,0.00855,1.107784,0.0,False,incorrect,Cosine similarity threshold failed,1.8922359943389893
35,34,Real-World,cublas,FP16,32,16,32,32768,0.010086,0.012698,0.794355,1.0,True,pass,,1.7605288717895746
35,34,Real-World,cublas,FP32,32,16,32,32768,0.011981,0.011827,1.012987,1.0,True,pass,,1.7605288717895746
35,34,Real-World,cublas,INT8,32,16,32,32768,0.010445,0.00937,1.114754,1.0,True,pass,,1.7605288717895746
36,35,Real-World,cublas,FP16,16,64,16,32768,0.01024,0.011776,0.869565,1.0,True,pass,,0.7933626789599657
36,35,Real-World,cublas,FP32,16,64,16,32768,0.01449,0.014131,1.025362,1.0,True,pass,,0.7933626789599657
36,35,Real-World,cublas,INT8,16,64,16,32768,0.012749,0.012851,0.992032,1.0,True,pass,,0.7933626789599657
37,36,Real-World,cublas,FP16,16,16,64,32768,0.010342,0.012493,0.827869,1.0,True,pass,,1.864346807822585
37,36,Real-World,cublas,FP32,16,16,64,32768,0.013568,0.014592,0.929825,1.0,True,pass,,1.864346807822585
37,36,Real-World,cublas,INT8,16,16,64,32768,0.012595,0.0128,0.984,1.0,True,pass,,1.864346807822585
38,37,Real-World,cublas,FP16,179,3,10,10740,0.010086,0.009318,1.082418,1.0,True,pass,,1.8190378490835428
38,37,Real-World,cublas,FP32,179,3,10,10740,0.023501,0.009011,2.607955,1.0,True,pass,,1.8190378490835428
38,37,Real-World,cublas,INT8,179,3,10,10740,,,,,False,missing,Running INT8...Error benchmarking size 179x3x10: std::exception,1.8190378490835428
39,38,Real-World,cublas,FP16,134,16,2,8576,0.01065,0.010138,1.050505,1.0,True,pass,,0.7938938345760107
39,38,Real-World,cublas,FP32,134,16,2,8576,0.012954,0.013312,0.973077,1.0,True,pass,,0.7938938345760107
39,38,Real-World,cublas,INT8,134,16,2,8576,0.009779,0.013363,0.731801,0.0,False,incorrect,Cosine similarity threshold failed,0.7938938345760107
40,39,Real-World,cublas,FP16,122,1,20,4880,0.00896,0.009318,0.961538,1.0,True,pass,,1.893252544105053
40,39,Real-World,cublas,FP32,122,1,20,4880,0.012083,0.014541,0.830986,1.0,True,pass,,1.893252544105053
40,39,Real-World,cublas,INT8,122,1,20,4880,0.00809,0.008038,1.006369,1.0,True,pass,,1.893252544105053
41,40,Real-World,cublas,FP16,142,2,16,9088,0.009933,0.011878,0.836207,1.0,True,pass,,1.7089443933218718
41,40,Real-World,cublas,FP32,142,2,16,9088,0.131686,0.009011,14.613637,1.0,True,pass,,1.7089443933218718
41,40,Real-World,cublas,INT8,142,2,16,9088,,,,,False,missing,Running INT8...Error benchmarking size 142x2x16: std::exception,1.7089443933218718
42,41,Real-World,cublas,FP16,1,27,96,5184,0.008653,0.012339,0.701245,1.0,True,pass,,0.9319521281868219
42,41,Real-World,cublas,FP32,1,27,96,5184,0.010906,0.016077,0.678344,1.0,True,pass,,0.9319521281868219
42,41,Real-World,cublas,INT8,1,27,96,5184,,,,,False,missing,Running INT8...Error benchmarking size 1x27x96: std::exception,0.9319521281868219
43,42,Real-World,cublas,FP16,1,96,27,5184,0.02304,0.007578,3.04054,1.0,True,pass,,1.9728731140494347
43,42,Real-World,cublas,FP32,1,96,27,5184,0.008653,0.010803,0.800948,1.0,True,pass,,1.9728731140494347
43,42,Real-World,cublas,INT8,1,96,27,5184,0.00983,0.00855,1.149701,0.0,False,incorrect,Cosine similarity threshold failed,1.9728731140494347
44,43,Real-World,cublas,FP16,66,1,40,5280,0.009472,0.012339,0.767635,1.0,True,pass,,1.8205605894327164
44,43,Real-World,cublas,FP32,66,1,40,5280,0.006861,0.011264,0.609091,1.0,True,pass,,1.8205605894327164
44,43,Real-World,cublas,INT8,66,1,40,5280,0.008141,0.007373,1.104167,1.0,True,pass,,1.8205605894327164
45,44,Real-World,cublas,FP16,16,16,80,40960,0.010701,0.012595,0.849594,1.0,True,pass,,1.763629600405693
45,44,Real-World,cublas,FP32,16,16,80,40960,0.01705,0.019149,0.890375,1.0,True,pass,,1.763629600405693
45,44,Real-World,cublas,INT8,16,16,80,40960,0.012493,0.009114,1.370787,1.0,True,pass,,1.763629600405693
46,45,Real-World,cublas,FP16,1,1,1536,3072,0.012237,0.016486,0.742236,1.0,True,pass,,0.7209148723632097
46,45,Real-World,cublas,FP32,1,1,1536,3072,0.012442,0.075008,0.16587,1.0,True,pass,,0.7209148723632097
46,45,Real-World,cublas,INT8,1,1,1536,3072,0.010957,0.015104,0.725424,1.0,True,pass,,0.7209148723632097
47,46,Real-World,cublas,FP16,1,1536,1,3072,0.009216,0.009216,1.0,1.0,True,pass,,1.7792316302657127
47,46,Real-World,cublas,FP32,1,1536,1,3072,0.01024,0.009933,1.030928,1.0,True,pass,,1.7792316302657127
47,46,Real-World,cublas,INT8,1,1536,1,3072,0.009882,0.009933,0.994845,0.0,False,incorrect,Cosine similarity threshold failed,1.7792316302657127
48,47,Real-World,cublas,FP16,65,12,30,46800,0.010138,0.009984,1.015385,1.0,True,pass,,1.8973044771701097
48,47,Real-World,cublas,FP32,65,12,30,46800,0.016077,0.013363,1.203065,1.0,True,pass,,1.8973044771701097
48,47,Real-World,cublas,INT8,65,12,30,46800,,,,,False,missing,Running INT8...Error benchmarking size 65x12x30: std::exception,1.8973044771701097
49,48,Real-World,cublas,FP16,8,312,2,9984,0.009267,0.008909,1.04023,1.0,True,pass,,0.7166641969233751
49,48,Real-World,cublas,FP32,8,312,2,9984,0.00983,0.008653,1.136095,1.0,True,pass,,0.7166641969233751
49,48,Real-World,cublas,INT8,8,312,2,9984,0.010342,0.00681,1.518797,0.0,False,incorrect,Cosine similarity threshold failed,0.7166641969233751
50,49,Real-World,cublas,FP16,159,10,10,31800,0.009882,0.008294,1.191358,1.0,True,pass,,3.820656180381775
50,49,Real-World,cublas,FP32,159,10,10,31800,0.008397,0.009011,0.931818,1.0,True,pass,,3.820656180381775
50,49,Real-World,cublas,INT8,159,10,10,31800,,,,,False,missing,Running INT8...Error benchmarking size 159x10x10: std::exception,3.820656180381775
51,50,Real-World,cublas,FP16,94,4,30,22560,0.009728,0.008704,1.117647,1.0,True,pass,,0.6943786330521107
51,50,Real-World,cublas,FP32,94,4,30,22560,0.009165,0.010342,0.886138,1.0,True,pass,,0.6943786330521107
51,50,Real-World,cublas,INT8,94,4,30,22560,0.009728,0.007219,1.347518,0.0,False,incorrect,Cosine similarity threshold failed,0.6943786330521107
52,51,Real-World,cublas,FP16,16,16,96,49152,0.009626,0.01239,0.776859,1.0,True,pass,,1.7155973482877016
52,51,Real-World,cublas,FP32,16,16,96,49152,0.013978,0.015411,0.906977,1.0,True,pass,,1.7155973482877016
52,51,Real-World,cublas,INT8,16,16,96,49152,0.008909,0.007782,1.144737,1.0,True,pass,,1.7155973482877016
53,52,Real-World,cublas,FP16,87,24,12,50112,0.010291,0.009114,1.129214,1.0,True,pass,,1.7253094613552094
53,52,Real-World,cublas,FP32,87,24,12,50112,0.01065,0.008755,1.216374,1.0,True,pass,,1.7253094613552094
53,52,Real-World,cublas,INT8,87,24,12,50112,,,,,False,missing,Running INT8...Error benchmarking size 87x24x12: std::exception,1.7253094613552094
54,53,Real-World,cublas,FP16,1,864,3,5184,0.008141,0.010598,0.768116,1.0,True,pass,,0.8070300705730915
54,53,Real-World,cublas,FP32,1,864,3,5184,0.00896,0.008909,1.005747,1.0,True,pass,,0.8070300705730915
54,53,Real-World,cublas,INT8,1,864,3,5184,0.009984,0.008499,1.174699,0.0,False,incorrect,Cosine similarity threshold failed,0.8070300705730915
55,54,Real-World,cublas,FP16,1,3,864,5184,0.01152,0.013414,0.858779,1.0,True,pass,,1.8275610394775867
55,54,Real-World,cublas,FP32,1,3,864,5184,0.014694,0.066867,0.219755,1.0,True,pass,,1.8275610394775867
55,54,Real-World,cublas,INT8,1,3,864,5184,,,,,False,missing,Running INT8...Error benchmarking size 1x3x864: std::exception,1.8275610394775867
56,55,Real-World,cublas,FP16,32,64,16,65536,0.010342,0.012237,0.845188,1.0,True,pass,,1.6645003762096167
56,55,Real-World,cublas,FP32,32,64,16,65536,0.009933,0.00937,1.060109,1.0,True,pass,,1.6645003762096167
56,55,Real-World,cublas,INT8,32,64,16,65536,0.009984,0.00768,1.3,1.0,True,pass,,1.6645003762096167
57,56,Real-World,cublas,FP16,32,16,64,65536,0.009779,0.012032,0.812766,1.0,True,pass,,0.7359605133533478
57,56,Real-World,cublas,FP32,32,16,64,65536,0.012288,0.013107,0.9375,1.0,True,pass,,0.7359605133533478
57,56,Real-World,cublas,INT8,32,16,64,65536,0.00896,0.007629,1.174497,1.0,True,pass,,0.7359605133533478
58,57,Real-World,cublas,FP16,16,32,64,65536,0.008909,0.012442,0.716049,1.0,True,pass,,1.615236695855856
58,57,Real-World,cublas,FP32,16,32,64,65536,0.011162,0.012851,0.868526,1.0,True,pass,,1.615236695855856
58,57,Real-World,cublas,INT8,16,32,64,65536,0.009728,0.007475,1.30137,1.0,True,pass,,1.615236695855856
59,58,Real-World,cublas,FP16,112,16,16,57344,0.009472,0.012083,0.783898,1.0,True,pass,,0.6967882737517357
59,58,Real-World,cublas,FP32,112,16,16,57344,0.009062,0.009165,0.988827,1.0,True,pass,,0.6967882737517357
59,58,Real-World,cublas,INT8,112,16,16,57344,0.008909,0.008038,1.10828,1.0,True,pass,,0.6967882737517357
60,59,Real-World,cublas,FP16,1,50,75,7500,0.008755,0.007731,1.13245,1.0,True,pass,,1.8043485339730978
60,59,Real-World,cublas,FP32,1,50,75,7500,0.01239,0.014746,0.840278,1.0,True,pass,,1.8043485339730978
60,59,Real-World,cublas,INT8,1,50,75,7500,0.009677,0.011059,0.875,0.0,False,incorrect,Cosine similarity threshold failed,1.8043485339730978
61,60,Real-World,cublas,FP16,100,12,24,57600,0.009114,0.011622,0.784141,1.0,True,pass,,1.6255760286003351
61,60,Real-World,cublas,FP32,100,12,24,57600,0.009267,0.010035,0.923469,1.0,True,pass,,1.6255760286003351
61,60,Real-World,cublas,INT8,100,12,24,57600,0.008858,0.007322,1.20979,1.0,True,pass,,1.6255760286003351
62,61,Real-World,cublas,FP16,196,4,16,25088,0.009984,0.012032,0.829787,1.0,True,pass,,0.7448120806366205
62,61,Real-World,cublas,FP32,196,4,16,25088,0.008704,0.00937,0.928962,1.0,True,pass,,0.7448120806366205
62,61,Real-World,cublas,INT8,196,4,16,25088,0.009165,0.00809,1.132911,1.0,True,pass,,0.7448120806366205
63,62,Real-World,cublas,FP16,112,32,4,28672,0.009626,0.009267,1.038674,1.0,True,pass,,1.6118899267166853
63,62,Real-World,cublas,FP32,112,32,4,28672,0.010291,0.008243,1.248447,1.0,True,pass,,1.6118899267166853
63,62,Real-World,cublas,INT8,112,32,4,28672,0.015206,0.00896,1.697143,1.0,True,pass,,1.6118899267166853
64,63,Real-World,cublas,FP16,24,96,16,73728,0.009626,0.011776,0.817391,1.0,True,pass,,0.7056920491158962
64,63,Real-World,cublas,FP32,24,96,16,73728,0.009984,0.009267,1.077348,1.0,True,pass,,0.7056920491158962
64,63,Real-World,cublas,INT8,24,96,16,73728,0.011366,0.007987,1.423077,1.0,True,pass,,0.7056920491158962
65,64,Real-World,cublas,FP16,81,50,2,16200,0.010035,0.00855,1.173653,1.0,True,pass,,1.7765274792909622
65,64,Real-World,cublas,FP32,81,50,2,16200,0.010138,0.008653,1.171598,1.0,True,pass,,1.7765274792909622
65,64,Real-World,cublas,INT8,81,50,2,16200,,,,,False,missing,Running INT8...Error benchmarking size 81x50x2: std::exception,1.7765274792909622
66,65,Real-World,cublas,FP16,16,16,128,65536,0.009984,0.012544,0.795918,1.0,True,pass,,1.6304700747132301
66,65,Real-World,cublas,FP32,16,16,128,65536,0.015411,0.018381,0.83844,1.0,True,pass,,1.6304700747132301
66,65,Real-World,cublas,INT8,16,16,128,65536,0.009114,0.007629,1.194631,1.0,True,pass,,1.6304700747132301
67,66,Real-World,cublas,FP16,16,128,16,65536,0.009779,0.011981,0.816239,1.0,True,pass,,0.7540096156299114
67,66,Real-World,cublas,FP32,16,128,16,65536,0.009882,0.00937,1.054645,1.0,True,pass,,0.7540096156299114
67,66,Real-World,cublas,INT8,16,128,16,65536,0.01024,0.008038,1.273885,1.0,True,pass,,0.7540096156299114
68,67,Real-World,cublas,FP16,128,16,16,65536,0.009933,0.01193,0.832618,1.0,True,pass,,1.5472058672457933
68,67,Real-World,cublas,FP32,128,16,16,65536,0.009267,0.009421,0.983696,1.0,True,pass,,1.5472058672457933
68,67,Real-World,cublas,INT8,128,16,16,65536,0.011469,0.010035,1.142857,1.0,True,pass,,1.5472058672457933
69,68,Real-World,cublas,FP16,33,128,1,8448,0.008038,0.007782,1.032895,1.0,True,pass,,0.7411123067140579
69,68,Real-World,cublas,FP32,33,128,1,8448,0.008038,0.009165,0.877095,1.0,True,pass,,0.7411123067140579
69,68,Real-World,cublas,INT8,33,128,1,8448,0.010035,0.008448,1.187879,0.0,False,incorrect,Cosine similarity threshold failed,0.7411123067140579
70,69,Real-World,cublas,FP16,184,8,16,47104,0.009318,0.011827,0.787879,1.0,True,pass,,1.5222460962831974
70,69,Real-World,cublas,FP32,184,8,16,47104,0.010086,0.009882,1.020725,1.0,True,pass,,1.5222460962831974
70,69,Real-World,cublas,INT8,184,8,16,47104,0.012288,0.012749,0.963855,1.0,True,pass,,1.5222460962831974
71,70,Real-World,cublas,FP16,32,3,128,24576,0.009882,0.012698,0.778226,1.0,True,pass,,0.7637609522789717
71,70,Real-World,cublas,FP32,32,3,128,24576,0.01536,0.018125,0.847458,1.0,True,pass,,0.7637609522789717
71,70,Real-World,cublas,INT8,32,3,128,24576,0.008704,0.007782,1.118421,1.0,True,pass,,0.7637609522789717
72,71,Real-World,cublas,FP16,141,8,24,54144,0.011264,0.012237,0.920502,1.0,True,pass,,1.782375579699874
72,71,Real-World,cublas,FP32,141,8,24,54144,0.010291,0.011418,0.901345,1.0,True,pass,,1.782375579699874
72,71,Real-World,cublas,INT8,141,8,24,54144,,,,,False,missing,Running INT8...Error benchmarking size 141x8x24: std::exception,1.782375579699874
73,72,Real-World,cublas,FP16,87,3,50,26100,0.010138,0.008755,1.157895,1.0,True,pass,,1.500854292884469
73,72,Real-World,cublas,FP32,87,3,50,26100,0.009011,0.01193,0.755365,1.0,True,pass,,1.500854292884469
73,72,Real-World,cublas,INT8,87,3,50,26100,,,,,False,missing,Running INT8...Error benchmarking size 87x3x50: std::exception,1.500854292884469
74,73,Real-World,cublas,FP16,1,192,24,9216,0.008294,0.011981,0.692308,1.0,True,pass,,0.8696810957044363
74,73,Real-World,cublas,FP32,1,192,24,9216,0.008499,0.010291,0.825871,1.0,True,pass,,0.8696810957044363
74,73,Real-World,cublas,INT8,1,192,24,9216,,,,,False,missing,Running INT8...Error benchmarking size 1x192x24: std::exception,0.8696810957044363
75,74,Real-World,cublas,FP16,1,24,192,9216,0.01193,0.013158,0.906615,1.0,True,pass,,1.7924936711788177
75,74,Real-World,cublas,FP32,1,24,192,9216,0.015002,0.028211,0.53176,1.0,True,pass,,1.7924936711788177
75,74,Real-World,cublas,INT8,1,24,192,9216,,,,,False,missing,Running INT8...Error benchmarking size 1x24x192: std::exception,1.7924936711788177
76,75,Real-World,cublas,FP16,144,16,16,73728,0.009779,0.013107,0.746094,1.0,True,pass,,1.6903966460376978
76,75,Real-World,cublas,FP32,144,16,16,73728,0.008346,0.009165,0.910615,1.0,True,pass,,1.6903966460376978
76,75,Real-World,cublas,INT8,144,16,16,73728,0.009216,0.008243,1.118012,1.0,True,pass,,1.6903966460376978
77,76,Real-World,cublas,FP16,134,10,25,67000,0.010547,0.00855,1.233533,1.0,True,pass,,1.8010852951556444
77,76,Real-World,cublas,FP32,134,10,25,67000,0.012902,0.015718,0.820847,1.0,True,pass,,1.8010852951556444
77,76,Real-World,cublas,INT8,134,10,25,67000,0.010035,0.014694,0.682927,0.0,False,incorrect,Cosine similarity threshold failed,1.8010852951556444
78,77,Real-World,cublas,FP16,32,32,64,131072,0.010138,0.012186,0.831933,1.0,True,pass,,1.0090373046696186
78,77,Real-World,cublas,FP32,32,32,64,131072,0.014592,0.017818,0.818966,1.0,True,pass,,1.0090373046696186
78,77,Real-World,cublas,INT8,32,32,64,131072,0.007936,0.007526,1.054422,1.0,True,pass,,1.0090373046696186
79,78,Real-World,cublas,FP16,155,16,16,79360,0.010138,0.012186,0.831933,1.0,True,pass,,1.8566339313983917
79,78,Real-World,cublas,FP32,155,16,16,79360,0.009165,0.009267,0.98895,1.0,True,pass,,1.8566339313983917
79,78,Real-World,cublas,INT8,155,16,16,79360,,,,,False,missing,Running INT8...Error benchmarking size 155x16x16: std::exception,1.8566339313983917
80,79,Real-World,cublas,FP16,1,100,51,10200,0.008602,0.007578,1.135135,1.0,True,pass,,1.7333429623395205
80,79,Real-World,cublas,FP32,1,100,51,10200,0.012442,0.018176,0.684507,1.0,True,pass,,1.7333429623395205
80,79,Real-World,cublas,INT8,1,100,51,10200,0.010701,0.014541,0.735915,0.0,False,incorrect,Cosine similarity threshold failed,1.7333429623395205
81,80,Real-World,cublas,FP16,64,10,64,81920,0.007475,0.007373,1.013889,1.0,True,pass,,1.8187121730297804
81,80,Real-World,cublas,FP32,64,10,64,81920,0.008909,0.013773,0.64684,1.0,True,pass,,1.8187121730297804
81,80,Real-World,cublas,INT8,64,10,64,81920,0.007834,0.007834,1.0,1.0,True,pass,,1.8187121730297804
82,81,Real-World,cublas,FP16,162,1,32,10368,0.00855,0.012134,0.704641,1.0,True,pass,,0.9113710038363934
82,81,Real-World,cublas,FP32,162,1,32,10368,0.00727,0.010291,0.706468,1.0,True,pass,,0.9113710038363934
82,81,Real-World,cublas,INT8,162,1,32,10368,0.008192,0.007987,1.025641,1.0,True,pass,,0.9113710038363934
83,82,Real-World,cublas,FP16,85,32,23,125120,0.010035,0.007629,1.315436,1.0,True,pass,,1.7143030371516943
83,82,Real-World,cublas,FP32,85,32,23,125120,0.011827,0.009677,1.222222,1.0,True,pass,,1.7143030371516943
83,82,Real-World,cublas,INT8,85,32,23,125120,0.009779,0.00855,1.143712,0.0,False,incorrect,Cosine similarity threshold failed,1.7143030371516943
84,83,Real-World,cublas,FP16,32,9,128,73728,0.009062,0.013005,0.69685,1.0,True,pass,,1.6159864868968725
84,83,Real-World,cublas,FP32,32,9,128,73728,0.015872,0.018688,0.849315,1.0,True,pass,,1.6159864868968725
84,83,Real-World,cublas,INT8,32,9,128,73728,0.011878,0.010035,1.183673,1.0,True,pass,,1.6159864868968725
85,84,Real-World,cublas,FP16,154,4,32,39424,0.008704,0.012442,0.699588,1.0,True,pass,,1.0040055885910988
85,84,Real-World,cublas,FP32,154,4,32,39424,0.008909,0.010906,0.816901,1.0,True,pass,,1.0040055885910988
85,84,Real-World,cublas,INT8,154,4,32,39424,,,,,False,missing,Running INT8...Error benchmarking size 154x4x32: std::exception,1.0040055885910988
86,85,Real-World,cublas,FP16,32,10,128,81920,0.013056,0.013363,0.977012,1.0,True,pass,,1.8242169469594955
86,85,Real-World,cublas,FP32,32,10,128,81920,0.01495,0.018125,0.824859,1.0,True,pass,,1.8242169469594955
86,85,Real-World,cublas,INT8,32,10,128,81920,0.009421,0.00809,1.164557,1.0,True,pass,,1.8242169469594955
87,86,Real-World,cublas,FP16,196,5,24,47040,0.010701,0.012339,0.86722,1.0,True,pass,,1.6338933687657118
87,86,Real-World,cublas,FP32,196,5,24,47040,0.009626,0.011162,0.862385,1.0,True,pass,,1.6338933687657118
87,86,Real-World,cublas,INT8,196,5,24,47040,0.009267,0.008909,1.04023,1.0,True,pass,,1.6338933687657118
88,87,Real-World,cublas,FP16,176,16,16,90112,0.007373,0.007475,0.986301,1.0,True,pass,,0.8823547959327698
88,87,Real-World,cublas,FP32,176,16,16,90112,0.008858,0.009574,0.925134,1.0,True,pass,,0.8823547959327698
88,87,Real-World,cublas,INT8,176,16,16,90112,0.012851,0.0128,1.004,1.0,True,pass,,0.8823547959327698
89,88,Real-World,cublas,FP16,112,16,32,114688,0.007526,0.007219,1.042553,1.0,True,pass,,1.935735061764717
89,88,Real-World,cublas,FP32,112,16,32,114688,0.00937,0.011776,0.795652,1.0,True,pass,,1.935735061764717
89,88,Real-World,cublas,INT8,112,16,32,114688,0.012749,0.013056,0.976471,1.0,True,pass,,1.935735061764717
90,89,Real-World,cublas,FP16,20,10,192,76800,0.011366,0.013261,0.857143,1.0,True,pass,,1.8349232748150826
90,89,Real-World,cublas,FP32,20,10,192,76800,0.025651,0.024781,1.035124,1.0,True,pass,,1.8349232748150826
90,89,Real-World,cublas,INT8,20,10,192,76800,0.009523,0.007782,1.223684,1.0,True,pass,,1.8349232748150826
91,90,Real-World,cublas,FP16,77,8,64,78848,0.010496,0.012339,0.850622,1.0,True,pass,,1.8516565412282944
91,90,Real-World,cublas,FP32,77,8,64,78848,0.010138,0.013619,0.744361,1.0,True,pass,,1.8516565412282944
91,90,Real-World,cublas,INT8,77,8,64,78848,,,,,False,missing,Running INT8...Error benchmarking size 77x8x64: std::exception,1.8516565412282944
92,91,Real-World,cublas,FP16,16,64,64,131072,0.008294,0.012646,0.655871,1.0,True,pass,,0.881700674071908
92,91,Real-World,cublas,FP32,16,64,64,131072,0.011827,0.013517,0.875,1.0,True,pass,,0.881700674071908
92,91,Real-World,cublas,INT8,16,64,64,131072,0.025651,0.013261,1.934363,1.0,True,pass,,0.881700674071908
93,92,Real-World,cublas,FP16,64,64,16,131072,0.008653,0.013466,0.642585,1.0,True,pass,,1.8595467247068882
93,92,Real-World,cublas,FP32,64,64,16,131072,0.010342,0.009472,1.091892,1.0,True,pass,,1.8595467247068882
93,92,Real-World,cublas,INT8,64,64,16,131072,0.012646,0.012339,1.024896,1.0,True,pass,,1.8595467247068882
94,93,Real-World,cublas,FP16,35,16,112,125440,0.008602,0.009318,0.923077,1.0,True,pass,,1.809817835688591
94,93,Real-World,cublas,FP32,35,16,112,125440,0.015155,0.016896,0.89697,1.0,True,pass,,1.809817835688591
94,93,Real-World,cublas,INT8,35,16,112,125440,,,,,False,missing,Running INT8...Error benchmarking size 35x16x112: std::exception,1.809817835688591
95,94,Real-World,cublas,FP16,29,64,48,178176,0.010189,0.012544,0.812245,1.0,True,pass,,0.8685970045626163
95,94,Real-World,cublas,FP32,29,64,48,178176,0.011571,0.011981,0.965812,1.0,True,pass,,0.8685970045626163
95,94,Real-World,cublas,INT8,29,64,48,178176,,,,,False,missing,Running INT8...Error benchmarking size 29x64x48: std::exception,0.8685970045626163
96,95,Real-World,cublas,FP16,16,16,192,98304,0.013363,0.013466,0.992395,1.0,True,pass,,2.028824193403125
96,95,Real-World,cublas,FP32,16,16,192,98304,0.01879,0.024166,0.777542,1.0,True,pass,,2.028824193403125
96,95,Real-World,cublas,INT8,16,16,192,98304,0.009165,0.008038,1.140127,1.0,True,pass,,2.028824193403125
97,96,Real-World,cublas,FP16,16,32,128,131072,0.010957,0.008294,1.320987,1.0,True,pass,,2.0915829967707396
97,96,Real-World,cublas,FP32,16,32,128,131072,0.015718,0.023194,0.677704,1.0,True,pass,,2.0915829967707396
97,96,Real-World,cublas,INT8,16,32,128,131072,0.008243,0.007936,1.03871,1.0,True,pass,,2.0915829967707396
98,97,Real-World,cublas,FP16,32,16,128,131072,0.011315,0.015155,0.746622,1.0,True,pass,,1.7700912784785032
98,97,Real-World,cublas,FP32,32,16,128,131072,0.016947,0.019405,0.873351,1.0,True,pass,,1.7700912784785032
98,97,Real-World,cublas,INT8,32,16,128,131072,0.012646,0.013056,0.968627,1.0,True,pass,,1.7700912784785032
99,98,Real-World,cublas,FP16,32,128,16,131072,0.01239,0.012749,0.971888,1.0,True,pass,,1.8098011761903763
99,98,Real-World,cublas,FP32,32,128,16,131072,0.012595,0.011827,1.064935,1.0,True,pass,,1.8098011761903763
99,98,Real-World,cublas,INT8,32,128,16,131072,0.010752,0.009114,1.179775,1.0,True,pass,,1.8098011761903763
100,99,Real-World,cublas,FP16,16,128,32,131072,0.007834,0.012442,0.62963,1.0,True,pass,,0.8268979359418154
100,99,Real-World,cublas,FP32,16,128,32,131072,0.012083,0.011162,1.082569,1.0,True,pass,,0.8268979359418154
100,99,Real-World,cublas,INT8,16,128,32,131072,0.011008,0.00809,1.360759,1.0,True,pass,,0.8268979359418154
101,100,Real-World,cublas,FP16,128,16,32,131072,0.009421,0.012851,0.733068,1.0,True,pass,,1.8635090794414282
101,100,Real-World,cublas,FP32,128,16,32,131072,0.01024,0.010854,0.943396,1.0,True,pass,,1.8635090794414282
101,100,Real-World,cublas,INT8,128,16,32,131072,0.009267,0.022886,0.404922,1.0,True,pass,,1.8635090794414282
102,101,Real-World,cublas,FP16,16,16,208,106496,0.010496,0.013978,0.750916,1.0,True,pass,,1.6813029311597347
102,101,Real-World,cublas,FP32,16,16,208,106496,0.019405,0.02473,0.784679,1.0,True,pass,,1.6813029311597347
102,101,Real-World,cublas,INT8,16,16,208,106496,0.008806,0.008602,1.023809,1.0,True,pass,,1.6813029311597347
103,102,Real-World,cublas,FP16,208,16,16,106496,0.007731,0.009011,0.857954,1.0,True,pass,,0.85901871137321
103,102,Real-World,cublas,FP32,208,16,16,106496,0.00896,0.009267,0.966851,1.0,True,pass,,0.85901871137321
103,102,Real-World,cublas,INT8,208,16,16,106496,0.012698,0.0128,0.992,1.0,True,pass,,0.85901871137321
104,103,Real-World,cublas,FP16,95,32,32,194560,0.008806,0.012493,0.704918,1.0,True,pass,,1.98887156881392
104,103,Real-World,cublas,FP32,95,32,32,194560,0.011008,0.010701,1.028708,1.0,True,pass,,1.98887156881392
104,103,Real-World,cublas,INT8,95,32,32,194560,,,,,False,missing,Running INT8...Error benchmarking size 95x32x32: std::exception,1.98887156881392
105,104,Real-World,cublas,FP16,61,32,56,218624,0.010189,0.012186,0.836134,1.0,True,pass,,1.8946748208254576
105,104,Real-World,cublas,FP32,61,32,56,218624,0.011878,0.01239,0.958678,1.0,True,pass,,1.8946748208254576
105,104,Real-World,cublas,INT8,61,32,56,218624,,,,,False,missing,Running INT8...Error benchmarking size 61x32x56: std::exception,1.8946748208254576
106,105,Real-World,cublas,FP16,72,2,96,27648,0.010547,0.012954,0.814229,1.0,True,pass,,0.7325874678790569
106,105,Real-World,cublas,FP32,72,2,96,27648,0.010035,0.016845,0.595745,1.0,True,pass,,0.7325874678790569
106,105,Real-World,cublas,INT8,72,2,96,27648,0.009318,0.009523,0.978494,1.0,True,pass,,0.7325874678790569
107,106,Real-World,cublas,FP16,103,4,64,52736,0.013722,0.012442,1.102881,1.0,True,pass,,1.988857751712203
107,106,Real-World,cublas,FP32,103,4,64,52736,0.009984,0.014387,0.69395,1.0,True,pass,,1.988857751712203
107,106,Real-World,cublas,INT8,103,4,64,52736,,,,,False,missing,Running INT8...Error benchmarking size 103x4x64: std::exception,1.988857751712203
108,107,Real-World,cublas,FP16,16,64,80,163840,0.010138,0.012544,0.808163,1.0,True,pass,,1.9079672507941723
108,107,Real-World,cublas,FP32,16,64,80,163840,0.015565,0.019661,0.791667,1.0,True,pass,,1.9079672507941723
108,107,Real-World,cublas,INT8,16,64,80,163840,0.008397,0.008038,1.044586,1.0,True,pass,,1.9079672507941723
109,108,Real-World,cublas,FP16,82,16,64,167936,0.008858,0.011878,0.74569,1.0,True,pass,,1.7888264562934637
109,108,Real-World,cublas,FP32,82,16,64,167936,0.013056,0.018074,0.72238,1.0,True,pass,,1.7888264562934637
109,108,Real-World,cublas,INT8,82,16,64,167936,,,,,False,missing,Running INT8...Error benchmarking size 82x16x64: std::exception,1.7888264562934637
110,109,Real-World,cublas,FP16,193,24,14,129696,0.010035,0.008909,1.126437,1.0,True,pass,,0.8067481871694326
110,109,Real-World,cublas,FP32,193,24,14,129696,0.01065,0.009216,1.155556,1.0,True,pass,,0.8067481871694326
110,109,Real-World,cublas,INT8,193,24,14,129696,,,,,False,missing,Running INT8...Error benchmarking size 193x24x14: std::exception,0.8067481871694326
111,110,Real-World,cublas,FP16,1,75,100,15000,0.008499,0.009114,0.932584,1.0,True,pass,,1.926884526386857
111,110,Real-World,cublas,FP32,1,75,100,15000,0.012032,0.016845,0.714286,1.0,True,pass,,1.926884526386857
111,110,Real-World,cublas,INT8,1,75,100,15000,,,,,False,missing,Running INT8...Error benchmarking size 1x75x100: std::exception,1.926884526386857
112,111,Real-World,cublas,FP16,25,1,300,15000,0.009984,0.011366,0.878379,1.0,True,pass,,1.6243404541164637
112,111,Real-World,cublas,FP32,25,1,300,15000,0.011674,0.033434,0.349158,1.0,True,pass,,1.6243404541164637
112,111,Real-World,cublas,INT8,25,1,300,15000,0.008806,0.010445,0.843137,1.0,True,pass,,1.6243404541164637
113,112,Real-World,cublas,FP16,112,16,48,172032,0.012134,0.0128,0.948,1.0,True,pass,,0.8248830065131187
113,112,Real-World,cublas,FP32,112,16,48,172032,0.010701,0.012646,0.846154,1.0,True,pass,,0.8248830065131187
113,112,Real-World,cublas,INT8,112,16,48,172032,0.013158,0.012544,1.048979,1.0,True,pass,,0.8248830065131187
114,113,Real-World,cublas,FP16,78,1,100,15600,0.010496,0.010035,1.045918,1.0,True,pass,,1.846171511337161
114,113,Real-World,cublas,FP32,78,1,100,15600,0.011162,0.016947,0.65861,1.0,True,pass,,1.846171511337161
114,113,Real-World,cublas,INT8,78,1,100,15600,0.008806,0.008448,1.042424,1.0,True,pass,,1.846171511337161
115,114,Real-World,cublas,FP16,24,192,16,147456,0.009472,0.012339,0.767635,1.0,True,pass,,1.6843013875186443
115,114,Real-World,cublas,FP32,24,192,16,147456,0.00983,0.008909,1.103448,1.0,True,pass,,1.6843013875186443
115,114,Real-World,cublas,INT8,24,192,16,147456,0.013107,0.00896,1.462857,1.0,True,pass,,1.6843013875186443
116,115,Real-World,cublas,FP16,32,64,64,262144,0.009779,0.012083,0.809322,1.0,True,pass,,0.8743731826543808
116,115,Real-World,cublas,FP32,32,64,64,262144,0.133069,0.01321,10.07365,1.0,True,pass,,0.8743731826543808
116,115,Real-World,cublas,INT8,32,64,64,262144,0.008909,0.007782,1.144737,1.0,True,pass,,0.8743731826543808
117,116,Real-World,cublas,FP16,16,256,16,131072,0.009626,0.012032,0.8,1.0,True,pass,,1.8695833124220371
117,116,Real-World,cublas,FP32,16,256,16,131072,0.009062,0.00896,1.011428,1.0,True,pass,,1.8695833124220371
117,116,Real-World,cublas,INT8,16,256,16,131072,0.010086,0.007936,1.270968,1.0,True,pass,,1.8695833124220371
118,117,Real-World,cublas,FP16,16,16,256,131072,0.010342,0.013978,0.739927,1.0,True,pass,,1.7074467726051807
118,117,Real-World,cublas,FP32,16,16,256,131072,0.024627,0.033638,0.732116,1.0,True,pass,,1.7074467726051807
118,117,Real-World,cublas,INT8,16,16,256,131072,0.008141,0.00896,0.908571,1.0,True,pass,,1.7074467726051807
119,118,Real-World,cublas,FP16,1,32,256,16384,0.011725,0.01367,0.857678,1.0,True,pass,,1.8881693109869957
119,118,Real-World,cublas,FP32,1,32,256,16384,0.011725,0.029235,0.401051,1.0,True,pass,,1.8881693109869957
119,118,Real-World,cublas,INT8,1,32,256,16384,,,,,False,missing,Running INT8...Error benchmarking size 1x32x256: std::exception,1.8881693109869957
120,119,Real-World,cublas,FP16,128,1,65,16640,0.009216,0.008141,1.132075,1.0,True,pass,,0.8702919036149979
120,119,Real-World,cublas,FP32,128,1,65,16640,0.010189,0.014182,0.718412,1.0,True,pass,,0.8702919036149979
120,119,Real-World,cublas,INT8,128,1,65,16640,0.010291,0.01193,0.862661,0.0,False,incorrect,Cosine similarity threshold failed,0.8702919036149979
121,120,Real-World,cublas,FP16,153,7,48,102816,0.009728,0.012288,0.791666,1.0,True,pass,,1.8783035073429346
121,120,Real-World,cublas,FP32,153,7,48,102816,0.009421,0.012288,0.766666,1.0,True,pass,,1.8783035073429346
121,120,Real-World,cublas,INT8,153,7,48,102816,,,,,False,missing,Running INT8...Error benchmarking size 153x7x48: std::exception,1.8783035073429346
122,121,Real-World,cublas,FP16,16,48,128,196608,0.009779,0.012442,0.786008,1.0,True,pass,,1.5354395881295204
122,121,Real-World,cublas,FP32,16,48,128,196608,0.013107,0.018586,0.705234,1.0,True,pass,,1.5354395881295204
122,121,Real-World,cublas,INT8,16,48,128,196608,0.013517,0.009882,1.367875,1.0,True,pass,,1.5354395881295204
123,122,Real-World,cublas,FP16,176,16,32,180224,0.009677,0.012288,0.7875,1.0,True,pass,,0.816477520391345
123,122,Real-World,cublas,FP32,176,16,32,180224,0.008499,0.010598,0.801932,1.0,True,pass,,0.816477520391345
123,122,Real-World,cublas,INT8,176,16,32,180224,0.008704,0.008141,1.069182,1.0,True,pass,,0.816477520391345
124,123,Real-World,cublas,FP16,1,69,128,17664,0.008858,0.012646,0.700405,1.0,True,pass,,1.8568170741200447
124,123,Real-World,cublas,FP32,1,69,128,17664,0.01495,0.02345,0.637555,1.0,True,pass,,1.8568170741200447
124,123,Real-World,cublas,INT8,1,69,128,17664,,,,,False,missing,Running INT8...Error benchmarking size 1x69x128: std::exception,1.8568170741200447
125,124,Real-World,cublas,FP16,20,1,432,17280,0.013926,0.013056,1.066667,1.0,True,pass,,1.7473057974129915
125,124,Real-World,cublas,FP32,20,1,432,17280,0.011315,0.044032,0.256977,1.0,True,pass,,1.7473057974129915
125,124,Real-World,cublas,INT8,20,1,432,17280,0.009318,0.010445,0.892157,1.0,True,pass,,1.7473057974129915
126,125,Real-World,cublas,FP16,8,1,1024,16384,0.011776,0.013722,0.858209,1.0,True,pass,,0.6664586123079062
126,125,Real-World,cublas,FP32,8,1,1024,16384,0.01152,0.053862,0.213878,1.0,True,pass,,0.6664586123079062
126,125,Real-World,cublas,INT8,8,1,1024,16384,0.009574,0.01152,0.831111,1.0,True,pass,,0.6664586123079062
127,126,Real-World,cublas,FP16,108,64,16,221184,0.008806,0.012493,0.704918,1.0,True,pass,,1.742995848879218
127,126,Real-World,cublas,FP32,108,64,16,221184,0.010342,0.009677,1.068783,1.0,True,pass,,1.742995848879218
127,126,Real-World,cublas,INT8,108,64,16,221184,0.01239,0.008038,1.541401,1.0,True,pass,,1.742995848879218
128,127,Real-World,cublas,FP16,32,64,80,327680,0.009523,0.0128,0.744,1.0,True,pass,,1.6844412200152874
128,127,Real-World,cublas,FP32,32,64,80,327680,0.01321,0.016179,0.816456,1.0,True,pass,,1.6844412200152874
128,127,Real-World,cublas,INT8,32,64,80,327680,0.02775,0.008909,3.114943,1.0,True,pass,,1.6844412200152874
129,128,Real-World,cublas,FP16,32,128,36,294912,0.009882,0.00937,1.054645,1.0,True,pass,,0.7257381957024336
129,128,Real-World,cublas,FP32,32,128,36,294912,0.012134,0.011469,1.058036,1.0,True,pass,,0.7257381957024336
129,128,Real-World,cublas,INT8,32,128,36,294912,0.013773,0.007578,1.817567,1.0,True,pass,,0.7257381957024336
130,129,Real-World,cublas,FP16,194,1,50,19400,0.009933,0.01065,0.932692,1.0,True,pass,,1.9209096413105726
130,129,Real-World,cublas,FP32,194,1,50,19400,0.009318,0.013056,0.713725,1.0,True,pass,,1.9209096413105726
130,129,Real-World,cublas,INT8,194,1,50,19400,0.010547,0.007782,1.355263,0.0,False,incorrect,Cosine similarity threshold failed,1.9209096413105726
131,130,Real-World,cublas,FP16,112,64,16,229376,0.009882,0.012442,0.794239,1.0,True,pass,,1.5823204312473536
131,130,Real-World,cublas,FP32,112,64,16,229376,0.010598,0.009626,1.101064,1.0,True,pass,,1.5823204312473536
131,130,Real-World,cublas,INT8,112,64,16,229376,0.010598,0.008192,1.29375,1.0,True,pass,,1.5823204312473536
132,131,Real-World,cublas,FP16,16,16,304,155648,0.010957,0.014234,0.769784,1.0,True,pass,,0.7300760895013809
132,131,Real-World,cublas,FP32,16,16,304,155648,0.023398,0.033894,0.690332,1.0,True,pass,,0.7300760895013809
132,131,Real-World,cublas,INT8,16,16,304,155648,0.01321,0.013978,0.945055,1.0,True,pass,,0.7300760895013809
133,132,Real-World,cublas,FP16,16,112,64,229376,0.009677,0.011981,0.807692,1.0,True,pass,,1.7886903807520866
133,132,Real-World,cublas,FP32,16,112,64,229376,0.015104,0.01833,0.824022,1.0,True,pass,,1.7886903807520866
133,132,Real-World,cublas,INT8,16,112,64,229376,0.008141,0.008141,1.0,1.0,True,pass,,1.7886903807520866
134,133,Real-World,cublas,FP16,127,24,48,292608,0.010547,0.012389,0.85135,1.0,True,pass,,1.9371895100921392
134,133,Real-World,cublas,FP32,127,24,48,292608,0.01536,0.016845,0.911854,1.0,True,pass,,1.9371895100921392
134,133,Real-World,cublas,INT8,127,24,48,292608,,,,,False,missing,Running INT8...Error benchmarking size 127x24x48: std::exception,1.9371895100921392
135,134,Real-World,cublas,FP16,136,64,8,139264,0.009728,0.011981,0.811966,1.0,True,pass,,1.5650293566286564
135,134,Real-World,cublas,FP32,136,64,8,139264,0.010086,0.008909,1.132184,1.0,True,pass,,1.5650293566286564
135,134,Real-World,cublas,INT8,136,64,8,139264,0.012646,0.007322,1.727273,1.0,True,pass,,1.5650293566286564
136,135,Real-World,cublas,FP16,43,12,180,185760,0.014438,0.014131,1.021739,1.0,True,pass,,0.8762644752860069
136,135,Real-World,cublas,FP32,43,12,180,185760,0.019098,0.023091,0.827051,1.0,True,pass,,0.8762644752860069
136,135,Real-World,cublas,INT8,43,12,180,185760,,,,,False,missing,Running INT8...Error benchmarking size 43x12x180: std::exception,0.8762644752860069
137,136,Real-World,cublas,FP16,32,75,75,360000,0.009267,0.008909,1.04023,1.0,True,pass,,1.764538012444973
137,136,Real-World,cublas,FP32,32,75,75,360000,0.012749,0.01577,0.808442,1.0,True,pass,,1.764538012444973
137,136,Real-World,cublas,INT8,32,75,75,360000,0.011008,0.018534,0.593923,0.0,False,incorrect,Cosine similarity threshold failed,1.764538012444973
138,137,Real-World,cublas,FP16,32,16,208,212992,0.009779,0.03456,0.282963,1.0,True,pass,,1.829098153859377
138,137,Real-World,cublas,FP32,32,16,208,212992,0.019405,0.025037,0.775051,1.0,True,pass,,1.829098153859377
138,137,Real-World,cublas,INT8,32,16,208,212992,0.00937,0.009011,1.039773,1.0,True,pass,,1.829098153859377
139,138,Real-World,cublas,FP16,208,16,32,212992,0.009728,0.01193,0.815451,1.0,True,pass,,1.673499708995223
139,138,Real-World,cublas,FP32,208,16,32,212992,0.009062,0.010854,0.834906,1.0,True,pass,,1.673499708995223
139,138,Real-World,cublas,INT8,208,16,32,212992,0.011674,0.010189,1.145728,1.0,True,pass,,1.673499708995223
140,139,Real-World,cublas,FP16,30,5,300,90000,0.014182,0.011366,1.247748,1.0,True,pass,,0.918820682913065
140,139,Real-World,cublas,FP32,30,5,300,90000,0.024013,0.03328,0.721538,1.0,True,pass,,0.918820682913065
140,139,Real-World,cublas,INT8,30,5,300,90000,,,,,False,missing,Running INT8...Error benchmarking size 30x5x300: std::exception,0.918820682913065
141,140,Real-World,cublas,FP16,32,9,256,147456,0.00983,0.010086,0.974619,1.0,True,pass,,1.936058035120368
141,140,Real-World,cublas,FP32,32,9,256,147456,0.021709,0.029082,0.746479,1.0,True,pass,,1.936058035120368
141,140,Real-World,cublas,INT8,32,9,256,147456,0.009267,0.009216,1.005555,1.0,True,pass,,1.936058035120368
142,141,Real-World,cublas,FP16,8,6,768,73728,0.026675,0.041421,0.644005,1.0,True,pass,,1.8834093734622002
142,141,Real-World,cublas,FP32,8,6,768,73728,0.045875,0.021658,2.118203,1.0,True,pass,,1.8834093734622002
142,141,Real-World,cublas,INT8,8,6,768,73728,0.009574,0.011008,0.869767,1.0,True,pass,,1.8834093734622002
143,142,Real-World,cublas,FP16,1,432,24,20736,0.007731,0.012134,0.637131,1.0,True,pass,,1.742243466898799
143,142,Real-World,cublas,FP32,1,432,24,20736,0.008653,0.01449,0.597173,1.0,True,pass,,1.742243466898799
143,142,Real-World,cublas,INT8,1,432,24,20736,,,,,False,missing,Running INT8...Error benchmarking size 1x432x24: std::exception,1.742243466898799
144,143,Real-World,cublas,FP16,159,48,16,244224,0.009626,0.010138,0.949495,1.0,True,pass,,2.227072574198246
144,143,Real-World,cublas,FP32,159,48,16,244224,0.01321,0.009114,1.449438,1.0,True,pass,,2.227072574198246
144,143,Real-World,cublas,INT8,159,48,16,244224,,,,,False,missing,Running INT8...Error benchmarking size 159x48x16: std::exception,2.227072574198246
145,144,Real-World,cublas,FP16,143,10,64,183040,0.008346,0.008602,0.970238,1.0,True,pass,,1.0350525211542845
145,144,Real-World,cublas,FP32,143,10,64,183040,0.009165,0.013363,0.685824,1.0,True,pass,,1.0350525211542845
145,144,Real-World,cublas,INT8,143,10,64,183040,,,,,False,missing,Running INT8...Error benchmarking size 143x10x64: std::exception,1.0350525211542845
146,145,Real-World,cublas,FP16,64,128,16,262144,0.011213,0.015667,0.715686,1.0,True,pass,,1.7654559332877398
146,145,Real-World,cublas,FP32,64,128,16,262144,0.010752,0.009574,1.122995,1.0,True,pass,,1.7654559332877398
146,145,Real-World,cublas,INT8,64,128,16,262144,0.013312,0.013107,1.015625,1.0,True,pass,,1.7654559332877398
147,146,Real-World,cublas,FP16,64,16,128,262144,0.010496,0.012339,0.850622,1.0,True,pass,,1.5994444359093904
147,146,Real-World,cublas,FP32,64,16,128,262144,0.009677,0.018637,0.519231,1.0,True,pass,,1.5994444359093904
147,146,Real-World,cublas,INT8,64,16,128,262144,0.008448,0.00809,1.044304,1.0,True,pass,,1.5994444359093904
148,147,Real-World,cublas,FP16,16,64,128,262144,0.00809,0.010138,0.79798,1.0,True,pass,,2.1001315880566835
148,147,Real-World,cublas,FP32,16,64,128,262144,0.013056,0.018586,0.702479,1.0,True,pass,,2.1001315880566835
148,147,Real-World,cublas,INT8,16,64,128,262144,0.013158,0.012902,1.019841,1.0,True,pass,,2.1001315880566835
149,148,Real-World,cublas,FP16,133,64,16,272384,0.00896,0.011878,0.75431,1.0,True,pass,,0.9256564639508724
149,148,Real-World,cublas,FP32,133,64,16,272384,0.01065,0.009318,1.142857,1.0,True,pass,,0.9256564639508724
149,148,Real-World,cublas,INT8,133,64,16,272384,,,,,False,missing,Running INT8...Error benchmarking size 133x64x16: std::exception,0.9256564639508724
150,149,Real-World,cublas,FP16,85,4,128,87040,0.010803,0.0128,0.844,1.0,True,pass,,1.912258818745613
150,149,Real-World,cublas,FP32,85,4,128,87040,0.009062,0.018739,0.483607,1.0,True,pass,,1.912258818745613
150,149,Real-World,cublas,INT8,85,4,128,87040,,,,,False,missing,Running INT8...Error benchmarking size 85x4x128: std::exception,1.912258818745613
151,150,Real-World,cublas,FP16,144,2,80,46080,0.010035,0.013005,0.771653,1.0,True,pass,,1.9289035871624947
151,150,Real-World,cublas,FP32,144,2,80,46080,0.010445,0.017357,0.60177,1.0,True,pass,,1.9289035871624947
151,150,Real-World,cublas,INT8,144,2,80,46080,0.009626,0.009216,1.044444,1.0,True,pass,,1.9289035871624947
152,151,Real-World,cublas,FP16,16,80,112,286720,0.010138,0.012339,0.821576,1.0,True,pass,,1.7006874699145555
152,151,Real-World,cublas,FP32,16,80,112,286720,0.013414,0.01879,0.713896,1.0,True,pass,,1.7006874699145555
152,151,Real-World,cublas,INT8,16,80,112,286720,0.00809,0.023552,0.343478,1.0,True,pass,,1.7006874699145555
153,152,Real-World,cublas,FP16,64,64,64,524288,0.010189,0.012237,0.832636,1.0,True,pass,,0.7410384528338909
153,152,Real-World,cublas,FP32,64,64,64,524288,0.035379,0.015104,2.342372,1.0,True,pass,,0.7410384528338909
153,152,Real-World,cublas,INT8,64,64,64,524288,0.010496,0.008909,1.178161,1.0,True,pass,,0.7410384528338909
154,153,Real-World,cublas,FP16,16,96,96,294912,0.012288,0.013312,0.923077,1.0,True,pass,,1.8553935568779707
154,153,Real-World,cublas,FP32,16,96,96,294912,0.013363,0.018074,0.739377,1.0,True,pass,,1.8553935568779707
154,153,Real-World,cublas,INT8,16,96,96,294912,0.01065,0.009779,1.089005,1.0,True,pass,,1.8553935568779707
155,154,Real-World,cublas,FP16,10,2,1024,40960,0.014848,0.013722,1.082089,1.0,True,pass,,1.8781737796962261
155,154,Real-World,cublas,FP32,10,2,1024,40960,0.066662,0.054938,1.21342,1.0,True,pass,,1.8781737796962261
155,154,Real-World,cublas,INT8,10,2,1024,40960,,,,,False,missing,Running INT8...Error benchmarking size 10x2x1024: std::exception,1.8781737796962261
156,155,Real-World,cublas,FP16,50,100,50,500000,0.009677,0.008653,1.118343,1.0,True,pass,,0.7409851998090744
156,155,Real-World,cublas,FP32,50,100,50,500000,0.01193,0.013875,0.859779,1.0,True,pass,,0.7409851998090744
156,155,Real-World,cublas,INT8,50,100,50,500000,0.010138,0.007219,1.404255,0.0,False,incorrect,Cosine similarity threshold failed,0.7409851998090744
157,156,Real-World,cublas,FP16,32,16,256,262144,0.00983,0.014541,0.676056,1.0,True,pass,,1.7519451547414064
157,156,Real-World,cublas,FP32,32,16,256,262144,0.021504,0.028979,0.742049,1.0,True,pass,,1.7519451547414064
157,156,Real-World,cublas,INT8,32,16,256,262144,0.012698,0.013568,0.935849,1.0,True,pass,,1.7519451547414064
158,157,Real-World,cublas,FP16,16,32,256,262144,0.010854,0.013568,0.8,1.0,True,pass,,1.718520823866129
158,157,Real-World,cublas,FP32,16,32,256,262144,0.016282,0.029133,0.558875,1.0,True,pass,,1.718520823866129
158,157,Real-World,cublas,INT8,16,32,256,262144,0.010957,0.009011,1.215909,1.0,True,pass,,1.718520823866129
159,158,Real-World,cublas,FP16,16,256,32,262144,0.009421,0.012134,0.776371,1.0,True,pass,,0.7641601841896772
159,158,Real-World,cublas,FP32,16,256,32,262144,0.010854,0.010803,1.004739,1.0,True,pass,,0.7641601841896772
159,158,Real-World,cublas,INT8,16,256,32,262144,0.010547,0.00809,1.303797,1.0,True,pass,,0.7641601841896772
160,159,Real-World,cublas,FP16,32,256,16,262144,0.007475,0.00768,0.973333,1.0,True,pass,,1.9273382294923067
160,159,Real-World,cublas,FP32,32,256,16,262144,0.010803,0.009933,1.087629,1.0,True,pass,,1.9273382294923067
160,159,Real-World,cublas,INT8,32,256,16,262144,0.010445,0.00809,1.291139,1.0,True,pass,,1.9273382294923067
161,160,Real-World,cublas,FP16,112,32,64,458752,0.009472,0.012134,0.780591,1.0,True,pass,,1.6707422155886889
161,160,Real-World,cublas,FP32,112,32,64,458752,0.013824,0.01449,0.954063,1.0,True,pass,,1.6707422155886889
161,160,Real-World,cublas,INT8,112,32,64,458752,0.012288,0.009677,1.269841,1.0,True,pass,,1.6707422155886889
162,161,Real-World,cublas,FP16,256,16,32,262144,0.009677,0.013978,0.692308,1.0,True,pass,,0.7428898271173239
162,161,Real-World,cublas,FP32,256,16,32,262144,0.009318,0.010752,0.866667,1.0,True,pass,,0.7428898271173239
162,161,Real-World,cublas,INT8,256,16,32,262144,0.009011,0.007885,1.142857,1.0,True,pass,,0.7428898271173239
163,162,Real-World,cublas,FP16,32,112,64,458752,0.009933,0.012595,0.788618,1.0,True,pass,,1.7668095976114273
163,162,Real-World,cublas,FP32,32,112,64,458752,0.012032,0.013568,0.886792,1.0,True,pass,,1.7668095976114273
163,162,Real-World,cublas,INT8,32,112,64,458752,0.010445,0.00855,1.221557,1.0,True,pass,,1.7668095976114273
164,163,Real-World,cublas,FP16,41,2,300,49200,0.013005,0.012134,1.07173,1.0,True,pass,,1.7129440493881702
164,163,Real-World,cublas,FP32,41,2,300,49200,0.033178,0.039066,0.849279,1.0,True,pass,,1.7129440493881702
164,163,Real-World,cublas,INT8,41,2,300,49200,,,,,False,missing,Running INT8...Error benchmarking size 41x2x300: std::exception,1.7129440493881702
165,164,Real-World,cublas,FP16,400,16,16,204800,0.00983,0.012902,0.761905,1.0,True,pass,,0.7699063457548618
165,164,Real-World,cublas,FP32,400,16,16,204800,0.009267,0.009216,1.005555,1.0,True,pass,,0.7699063457548618
165,164,Real-World,cublas,INT8,400,16,16,204800,0.009421,0.00809,1.164557,1.0,True,pass,,0.7699063457548618
166,165,Real-World,cublas,FP16,53,128,36,488448,0.010189,0.009574,1.064171,1.0,True,pass,,1.880573347210884
166,165,Real-World,cublas,FP32,53,128,36,488448,0.01024,0.011366,0.900901,1.0,True,pass,,1.880573347210884
166,165,Real-World,cublas,INT8,53,128,36,488448,,,,,False,missing,Running INT8...Error benchmarking size 53x128x36: std::exception,1.880573347210884
167,166,Real-World,cublas,FP16,72,64,64,589824,0.009677,0.011571,0.836283,1.0,True,pass,,1.53284746222198
167,166,Real-World,cublas,FP32,72,64,64,589824,0.011827,0.013517,0.875,1.0,True,pass,,1.53284746222198
167,166,Real-World,cublas,INT8,72,64,64,589824,0.021811,0.013619,1.601504,1.0,True,pass,,1.53284746222198
168,167,Real-World,cublas,FP16,58,128,32,475136,0.00937,0.012288,0.7625,1.0,True,pass,,0.8556443471461535
168,167,Real-World,cublas,FP32,58,128,32,475136,0.014387,0.01577,0.912338,1.0,True,pass,,0.8556443471461535
168,167,Real-World,cublas,INT8,58,128,32,475136,,,,,False,missing,Running INT8...Error benchmarking size 58x128x32: std::exception,0.8556443471461535
169,168,Real-World,cublas,FP16,132,100,1,26400,0.010291,0.009984,1.030769,1.0,True,pass,,1.901201130822301
169,168,Real-World,cublas,FP32,132,100,1,26400,0.008858,0.010138,0.873737,1.0,True,pass,,1.901201130822301
169,168,Real-World,cublas,INT8,132,100,1,26400,0.009626,0.00983,0.979167,0.0,False,incorrect,Cosine similarity threshold failed,1.901201130822301
170,169,Real-World,cublas,FP16,16,10,512,163840,0.013466,0.012954,1.039526,1.0,True,pass,,1.7941562794148922
170,169,Real-World,cublas,FP32,16,10,512,163840,0.033638,0.019507,1.724409,1.0,True,pass,,1.7941562794148922
170,169,Real-World,cublas,INT8,16,10,512,163840,0.009677,0.010291,0.940298,1.0,True,pass,,1.7941562794148922
171,170,Real-World,cublas,FP16,16,128,80,327680,0.009984,0.012851,0.776892,1.0,True,pass,,0.7123842015862465
171,170,Real-World,cublas,FP32,16,128,80,327680,0.012442,0.015002,0.829352,1.0,True,pass,,0.7123842015862465
171,170,Real-World,cublas,INT8,16,128,80,327680,0.010752,0.008448,1.272727,1.0,True,pass,,0.7123842015862465
172,171,Real-World,cublas,FP16,128,16,80,327680,0.010291,0.013517,0.761364,1.0,True,pass,,1.7374193239957094
172,171,Real-World,cublas,FP32,128,16,80,327680,0.01321,0.015258,0.865772,1.0,True,pass,,1.7374193239957094
172,171,Real-World,cublas,INT8,128,16,80,327680,0.007987,0.00809,0.987342,1.0,True,pass,,1.7374193239957094
173,172,Real-World,cublas,FP16,33,1,400,26400,0.009882,0.010854,0.910377,1.0,True,pass,,1.8628271911293268
173,172,Real-World,cublas,FP32,33,1,400,26400,0.011878,0.041216,0.288199,1.0,True,pass,,1.8628271911293268
173,172,Real-World,cublas,INT8,33,1,400,26400,0.0128,0.014336,0.892857,1.0,True,pass,,1.8628271911293268
174,173,Real-World,cublas,FP16,92,10,128,235520,0.014438,0.013466,1.072243,1.0,True,pass,,1.750452607870102
174,173,Real-World,cublas,FP32,92,10,128,235520,0.011776,0.020685,0.569307,1.0,True,pass,,1.750452607870102
174,173,Real-World,cublas,INT8,92,10,128,235520,0.010138,0.009523,1.064516,1.0,True,pass,,1.750452607870102
175,174,Real-World,cublas,FP16,32,64,128,524288,0.010342,0.013056,0.792157,1.0,True,pass,,0.7548652794212103
175,174,Real-World,cublas,FP32,32,64,128,524288,0.012698,0.019098,0.664879,1.0,True,pass,,0.7548652794212103
175,174,Real-World,cublas,INT8,32,64,128,524288,0.010394,0.008141,1.276729,1.0,True,pass,,0.7548652794212103
176,175,Real-World,cublas,FP16,128,32,64,524288,0.009933,0.013363,0.743295,1.0,True,pass,,1.8096603192389011
176,175,Real-World,cublas,FP32,128,32,64,524288,0.015309,0.018176,0.842253,1.0,True,pass,,1.8096603192389011
176,175,Real-World,cublas,INT8,128,32,64,524288,0.013619,0.013158,1.03502,1.0,True,pass,,1.8096603192389011
177,176,Real-World,cublas,FP16,16,16,448,229376,0.009933,0.025702,0.386454,1.0,True,pass,,1.794717138633132
177,176,Real-World,cublas,FP32,16,16,448,229376,0.030566,0.04567,0.669283,1.0,True,pass,,1.794717138633132
177,176,Real-World,cublas,INT8,16,16,448,229376,0.014592,0.011674,1.25,1.0,True,pass,,1.794717138633132
178,177,Real-World,cublas,FP16,64,10,192,245760,0.009523,0.013619,0.699248,1.0,True,pass,,0.8279895894229412
178,177,Real-World,cublas,FP32,64,10,192,245760,0.009984,0.024218,0.412262,1.0,True,pass,,0.8279895894229412
178,177,Real-World,cublas,INT8,64,10,192,245760,0.009472,0.008038,1.178344,1.0,True,pass,,0.8279895894229412
179,178,Real-World,cublas,FP16,99,40,80,633600,0.01111,0.012698,0.875,1.0,True,pass,,1.8611006047576666
179,178,Real-World,cublas,FP32,99,40,80,633600,0.012646,0.014643,0.863636,1.0,True,pass,,1.8611006047576666
179,178,Real-World,cublas,INT8,99,40,80,633600,,,,,False,missing,Running INT8...Error benchmarking size 99x40x80: std::exception,1.8611006047576666
180,179,Real-World,cublas,FP16,16,16,464,237568,0.013875,0.013261,1.046332,1.0,True,pass,,1.8664968311786652
180,179,Real-World,cublas,FP32,16,16,464,237568,0.037325,0.050176,0.743877,1.0,True,pass,,1.8664968311786652
180,179,Real-World,cublas,INT8,16,16,464,237568,0.010035,0.010086,0.994924,1.0,True,pass,,1.8664968311786652
181,180,Real-World,cublas,FP16,32,80,112,573440,0.010189,0.0128,0.796,1.0,True,pass,,1.8177895918488503
181,180,Real-World,cublas,FP32,32,80,112,573440,0.012544,0.017971,0.698006,1.0,True,pass,,1.8177895918488503
181,180,Real-World,cublas,INT8,32,80,112,573440,0.01449,0.010394,1.394088,1.0,True,pass,,1.8177895918488503
182,181,Real-World,cublas,FP16,47,300,3,84600,0.009216,0.007526,1.22449,1.0,True,pass,,0.6831052657216787
182,181,Real-World,cublas,FP32,47,300,3,84600,0.010189,0.008806,1.156977,1.0,True,pass,,0.6831052657216787
182,181,Real-World,cublas,INT8,47,300,3,84600,0.010035,0.009267,1.082873,0.0,False,incorrect,Cosine similarity threshold failed,0.6831052657216787
183,182,Real-World,cublas,FP16,92,128,16,376832,0.010445,0.01239,0.842975,1.0,True,pass,,1.9599300287663937
183,182,Real-World,cublas,FP32,92,128,16,376832,0.011674,0.010957,1.065421,1.0,True,pass,,1.9599300287663937
183,182,Real-World,cublas,INT8,92,128,16,376832,0.01367,0.009626,1.420213,1.0,True,pass,,1.9599300287663937
184,183,Real-World,cublas,FP16,24,384,16,294912,0.009267,0.012186,0.760504,1.0,True,pass,,1.6742106769233942
184,183,Real-World,cublas,FP32,24,384,16,294912,0.012544,0.011366,1.103604,1.0,True,pass,,1.6742106769233942
184,183,Real-World,cublas,INT8,24,384,16,294912,0.012442,0.009677,1.285714,1.0,True,pass,,1.6742106769233942
185,184,Real-World,cublas,FP16,16,96,128,393216,0.00896,0.0128,0.7,1.0,True,pass,,0.8810093495994806
185,184,Real-World,cublas,FP32,16,96,128,393216,0.012339,0.01879,0.656676,1.0,True,pass,,0.8810093495994806
185,184,Real-World,cublas,INT8,16,96,128,393216,0.013261,0.013312,0.996154,1.0,True,pass,,0.8810093495994806
186,185,Real-World,cublas,FP16,135,50,50,675000,0.00937,0.00896,1.045714,1.0,True,pass,,1.863649632781744
186,185,Real-World,cublas,FP32,135,50,50,675000,0.01239,0.013005,0.952756,1.0,True,pass,,1.863649632781744
186,185,Real-World,cublas,INT8,135,50,50,675000,,,,,False,missing,Running INT8...Error benchmarking size 135x50x50: std::exception,1.863649632781744
187,186,Real-World,cublas,FP16,122,2,128,62464,0.00983,0.008909,1.103448,1.0,True,pass,,1.908165492117405
187,186,Real-World,cublas,FP32,122,2,128,62464,0.016128,0.02345,0.687773,1.0,True,pass,,1.908165492117405
187,186,Real-World,cublas,INT8,122,2,128,62464,,,,,False,missing,Running INT8...Error benchmarking size 122x2x128: std::exception,1.908165492117405
188,187,Real-World,cublas,FP16,37,96,96,681984,0.00937,0.012698,0.737903,1.0,True,pass,,1.6382534131407738
188,187,Real-World,cublas,FP32,37,96,96,681984,0.011878,0.016435,0.722741,1.0,True,pass,,1.6382534131407738
188,187,Real-World,cublas,INT8,37,96,96,681984,,,,,False,missing,Running INT8...Error benchmarking size 37x96x96: std::exception,1.6382534131407738
189,188,Real-World,cublas,FP16,128,1,128,32768,0.009114,0.013107,0.695312,1.0,True,pass,,0.8051608316600323
189,188,Real-World,cublas,FP32,128,1,128,32768,0.012442,0.019558,0.636126,1.0,True,pass,,0.8051608316600323
189,188,Real-World,cublas,INT8,128,1,128,32768,0.012134,0.013312,0.911539,1.0,True,pass,,0.8051608316600323
190,189,Real-World,cublas,FP16,1,128,128,32768,0.007885,0.012698,0.620968,1.0,True,pass,,1.8847868219017982
190,189,Real-World,cublas,FP32,1,128,128,32768,0.011776,0.018893,0.623306,1.0,True,pass,,1.8847868219017982
190,189,Real-World,cublas,INT8,1,128,128,32768,,,,,False,missing,Running INT8...Error benchmarking size 1x128x128: std::exception,1.8847868219017982
191,190,Real-World,cublas,FP16,16,16,512,262144,0.008704,0.014182,0.613718,1.0,True,pass,,1.7113791573792696
191,190,Real-World,cublas,FP32,16,16,512,262144,0.038144,0.022835,1.670404,1.0,True,pass,,1.7113791573792696
191,190,Real-World,cublas,INT8,16,16,512,262144,0.009677,0.009984,0.969231,1.0,True,pass,,1.7113791573792696
192,191,Real-World,cublas,FP16,32,1,512,32768,0.015258,0.013824,1.103704,1.0,True,pass,,0.8798465430736542
192,191,Real-World,cublas,FP32,32,1,512,32768,0.00983,0.022886,0.42953,1.0,True,pass,,0.8798465430736542
192,191,Real-World,cublas,INT8,32,1,512,32768,0.009421,0.010086,0.93401,1.0,True,pass,,0.8798465430736542
193,192,Real-World,cublas,FP16,16,48,256,393216,0.012698,0.013466,0.942966,1.0,True,pass,,1.7768903449177742
193,192,Real-World,cublas,FP32,16,48,256,393216,0.015258,0.029542,0.516465,1.0,True,pass,,1.7768903449177742
193,192,Real-World,cublas,INT8,16,48,256,393216,0.032614,0.008858,3.682082,1.0,True,pass,,1.7768903449177742
194,193,Real-World,cublas,FP16,77,6,204,188496,0.012186,0.010547,1.15534,1.0,True,pass,,1.6105040051043034
194,193,Real-World,cublas,FP32,77,6,204,188496,0.015309,0.030976,0.494215,1.0,True,pass,,1.6105040051043034
194,193,Real-World,cublas,INT8,77,6,204,188496,,,,,False,missing,Running INT8...Error benchmarking size 77x6x204: std::exception,1.6105040051043034
195,194,Real-World,cublas,FP16,32,32,256,524288,0.008346,0.010138,0.823232,1.0,True,pass,,0.9708448927849531
195,194,Real-World,cublas,FP32,32,32,256,524288,0.019405,0.034509,0.562314,1.0,True,pass,,0.9708448927849531
195,194,Real-World,cublas,INT8,32,32,256,524288,0.013056,0.013722,0.951493,1.0,True,pass,,0.9708448927849531
196,195,Real-World,cublas,FP16,32,256,32,524288,0.008294,0.012851,0.645418,1.0,True,pass,,1.795276427641511
196,195,Real-World,cublas,FP32,32,256,32,524288,0.011162,0.010803,1.033176,1.0,True,pass,,1.795276427641511
196,195,Real-World,cublas,INT8,32,256,32,524288,0.013312,0.013107,1.015625,1.0,True,pass,,1.795276427641511
197,196,Real-World,cublas,FP16,16,1,1024,32768,0.013312,0.015155,0.878378,1.0,True,pass,,1.8474846258759499
197,196,Real-World,cublas,FP32,16,1,1024,32768,0.014899,0.058522,0.254593,1.0,True,pass,,1.8474846258759499
197,196,Real-World,cublas,INT8,16,1,1024,32768,0.013619,0.016435,0.82866,1.0,True,pass,,1.8474846258759499
198,197,Real-World,cublas,FP16,64,16,208,425984,0.012902,0.014848,0.868966,1.0,True,pass,,1.6735189910978079
198,197,Real-World,cublas,FP32,64,16,208,425984,0.012083,0.026624,0.453846,1.0,True,pass,,1.6735189910978079
198,197,Real-World,cublas,INT8,64,16,208,425984,0.009421,0.011827,0.796537,1.0,True,pass,,1.6735189910978079
199,198,Real-World,cublas,FP16,112,48,80,860160,0.008909,0.013107,0.679688,1.0,True,pass,,0.8907163292169571
199,198,Real-World,cublas,FP32,112,48,80,860160,0.016486,0.019917,0.827764,1.0,True,pass,,0.8907163292169571
199,198,Real-World,cublas,INT8,112,48,80,860160,0.01408,0.013414,1.049618,1.0,True,pass,,0.8907163292169571
200,199,Real-World,cublas,FP16,21,9,600,226800,0.02089,0.013773,1.516729,1.0,True,pass,,2.0689815152436495
200,199,Real-World,cublas,FP32,21,9,600,226800,0.050893,0.052787,0.964113,1.0,True,pass,,2.0689815152436495
200,199,Real-World,cublas,INT8,21,9,600,226800,,,,,False,missing,Running INT8...Error benchmarking size 21x9x600: std::exception,2.0689815152436495
201,200,Real-World,cublas,FP16,110,50,80,880000,0.011059,0.01321,0.837209,1.0,True,pass,,1.9474829360842705
201,200,Real-World,cublas,FP32,110,50,80,880000,0.011366,0.015053,0.755102,1.0,True,pass,,1.9474829360842705
201,200,Real-World,cublas,INT8,110,50,80,880000,,,,,False,missing,Running INT8...Error benchmarking size 110x50x80: std::exception,1.9474829360842705
202,201,Real-World,cublas,FP16,170,32,64,696320,0.007373,0.008294,0.888889,1.0,True,pass,,2.068606771528721
202,201,Real-World,cublas,FP32,170,32,64,696320,0.010803,0.013773,0.784387,1.0,True,pass,,2.068606771528721
202,201,Real-World,cublas,INT8,170,32,64,696320,,,,,False,missing,Running INT8...Error benchmarking size 170x32x64: std::exception,2.068606771528721
203,202,Real-World,cublas,FP16,159,50,50,795000,0.010394,0.009114,1.14045,1.0,True,pass,,1.9900360964238644
203,202,Real-World,cublas,FP32,159,50,50,795000,0.010445,0.012902,0.809524,1.0,True,pass,,1.9900360964238644
203,202,Real-World,cublas,INT8,159,50,50,795000,,,,,False,missing,Running INT8...Error benchmarking size 159x50x50: std::exception,1.9900360964238644
204,203,Real-World,cublas,FP16,112,64,64,917504,0.009779,0.012339,0.792531,1.0,True,pass,,1.529152289032936
204,203,Real-World,cublas,FP32,112,64,64,917504,0.016742,0.016282,1.028302,1.0,True,pass,,1.529152289032936
204,203,Real-World,cublas,INT8,112,64,64,917504,0.015258,0.010547,1.446602,1.0,True,pass,,1.529152289032936
205,204,Real-World,cublas,FP16,48,96,96,884736,0.012595,0.012851,0.98008,1.0,True,pass,,0.7457627542316914
205,204,Real-World,cublas,FP32,48,96,96,884736,0.013261,0.017152,0.773134,1.0,True,pass,,0.7457627542316914
205,204,Real-World,cublas,INT8,48,96,96,884736,0.010854,0.008755,1.239766,1.0,True,pass,,0.7457627542316914
206,205,Real-World,cublas,FP16,16,1024,2,65536,0.010445,0.009421,1.108696,1.0,True,pass,,1.807165339589119
206,205,Real-World,cublas,FP32,16,1024,2,65536,0.013414,0.013517,0.992424,1.0,True,pass,,1.807165339589119
206,205,Real-World,cublas,INT8,16,1024,2,65536,0.010035,0.013517,0.742424,0.0,False,incorrect,Cosine similarity threshold failed,1.807165339589119
207,206,Real-World,cublas,FP16,1,192,96,36864,0.011059,0.012749,0.86747,1.0,True,pass,,1.9763240907341242
207,206,Real-World,cublas,FP32,1,192,96,36864,0.015514,0.020787,0.746305,1.0,True,pass,,1.9763240907341242
207,206,Real-World,cublas,INT8,1,192,96,36864,,,,,False,missing,Running INT8...Error benchmarking size 1x192x96: std::exception,1.9763240907341242
208,207,Real-World,cublas,FP16,1,96,192,36864,0.012493,0.013005,0.96063,1.0,True,pass,,1.8223810102790594
208,207,Real-World,cublas,FP32,1,96,192,36864,0.011827,0.023859,0.495708,1.0,True,pass,,1.8223810102790594
208,207,Real-World,cublas,INT8,1,96,192,36864,,,,,False,missing,Running INT8...Error benchmarking size 1x96x192: std::exception,1.8223810102790594
209,208,Real-World,cublas,FP16,48,1,384,36864,0.010035,0.01449,0.69258,1.0,True,pass,,0.8810976576060057
209,208,Real-World,cublas,FP32,48,1,384,36864,0.011827,0.089446,0.132227,1.0,True,pass,,0.8810976576060057
209,208,Real-World,cublas,INT8,48,1,384,36864,0.012954,0.014336,0.903572,1.0,True,pass,,0.8810976576060057
210,209,Real-World,cublas,FP16,1,384,48,36864,0.008704,0.012544,0.693878,1.0,True,pass,,2.0424342211335897
210,209,Real-World,cublas,FP32,1,384,48,36864,0.008653,0.01239,0.698347,1.0,True,pass,,2.0424342211335897
210,209,Real-World,cublas,INT8,1,384,48,36864,,,,,False,missing,Running INT8...Error benchmarking size 1x384x48: std::exception,2.0424342211335897
211,210,Real-World,cublas,FP16,1,48,384,36864,0.011776,0.015565,0.756579,1.0,True,pass,,1.826270006597042
211,210,Real-World,cublas,FP32,1,48,384,36864,0.011981,0.088934,0.134715,1.0,True,pass,,1.826270006597042
211,210,Real-World,cublas,INT8,1,48,384,36864,,,,,False,missing,Running INT8...Error benchmarking size 1x48x384: std::exception,1.826270006597042
212,211,Real-World,cublas,FP16,192,10,84,322560,0.010598,0.010086,1.050761,1.0,True,pass,,1.8283780626952648
212,211,Real-World,cublas,FP32,192,10,84,322560,0.009882,0.016896,0.584849,1.0,True,pass,,1.8283780626952648
212,211,Real-World,cublas,INT8,192,10,84,322560,0.010342,0.008243,1.254658,1.0,True,pass,,1.8283780626952648
213,212,Real-World,cublas,FP16,250,10,64,320000,0.008294,0.007936,1.045161,1.0,True,pass,,1.0435127038508654
213,212,Real-World,cublas,FP32,250,10,64,320000,0.009779,0.01367,0.715356,1.0,True,pass,,1.0435127038508654
213,212,Real-World,cublas,INT8,250,10,64,320000,,,,,False,missing,Running INT8...Error benchmarking size 250x10x64: std::exception,1.0435127038508654
214,213,Real-World,cublas,FP16,79,64,100,1011200,0.011469,0.011008,1.041861,1.0,True,pass,,1.9636450037360191
214,213,Real-World,cublas,FP32,79,64,100,1011200,0.015565,0.01961,0.793734,1.0,True,pass,,1.9636450037360191
214,213,Real-World,cublas,INT8,79,64,100,1011200,,,,,False,missing,Running INT8...Error benchmarking size 79x64x100: std::exception,1.9636450037360191
215,214,Real-World,cublas,FP16,191,1,100,38200,0.008653,0.009882,0.875648,1.0,True,pass,,1.7915830109268427
215,214,Real-World,cublas,FP32,191,1,100,38200,0.012186,0.017408,0.7,1.0,True,pass,,1.7915830109268427
215,214,Real-World,cublas,INT8,191,1,100,38200,0.008499,0.007936,1.070968,1.0,True,pass,,1.7915830109268427
216,215,Real-World,cublas,FP16,32,40,256,655360,0.013312,0.014387,0.925267,1.0,True,pass,,1.9702929817140102
216,215,Real-World,cublas,FP32,32,40,256,655360,0.018278,0.034406,0.53125,1.0,True,pass,,1.9702929817140102
216,215,Real-World,cublas,INT8,32,40,256,655360,0.0128,0.011213,1.141553,1.0,True,pass,,1.9702929817140102
217,216,Real-World,cublas,FP16,400,16,32,409600,0.011264,0.009011,1.25,1.0,True,pass,,0.9355532340705395
217,216,Real-World,cublas,FP32,400,16,32,409600,0.010394,0.011878,0.875,1.0,True,pass,,0.9355532340705395
217,216,Real-World,cublas,INT8,400,16,32,409600,0.01024,0.009882,1.036269,1.0,True,pass,,0.9355532340705395
218,217,Real-World,cublas,FP16,186,32,64,761856,0.010086,0.012544,0.804082,1.0,True,pass,,1.9052179977297783
218,217,Real-World,cublas,FP32,186,32,64,761856,0.012442,0.014848,0.837931,1.0,True,pass,,1.9052179977297783
218,217,Real-World,cublas,INT8,186,32,64,761856,,,,,False,missing,Running INT8...Error benchmarking size 186x32x64: std::exception,1.9052179977297783
219,218,Real-World,cublas,FP16,48,128,80,983040,0.009574,0.012954,0.73913,1.0,True,pass,,1.85969409160316
219,218,Real-World,cublas,FP32,48,128,80,983040,0.012186,0.015053,0.809524,1.0,True,pass,,1.85969409160316
219,218,Real-World,cublas,INT8,48,128,80,983040,0.013363,0.013363,1.0,1.0,True,pass,,1.85969409160316
220,219,Real-World,cublas,FP16,16,128,128,524288,0.008397,0.008602,0.976191,1.0,True,pass,,1.8244913388043642
220,219,Real-World,cublas,FP32,16,128,128,524288,0.01623,0.023859,0.680258,1.0,True,pass,,1.8244913388043642
220,219,Real-World,cublas,INT8,16,128,128,524288,0.008499,0.008448,1.006061,1.0,True,pass,,1.8244913388043642
221,220,Real-World,cublas,FP16,128,16,128,524288,0.010086,0.012698,0.794355,1.0,True,pass,,0.845610361546278
221,220,Real-World,cublas,FP32,128,16,128,524288,0.010291,0.019405,0.530343,1.0,True,pass,,0.845610361546278
221,220,Real-World,cublas,INT8,128,16,128,524288,0.009574,0.008653,1.106509,1.0,True,pass,,0.845610361546278
222,221,Real-World,cublas,FP16,10,1024,10,204800,0.007834,0.010035,0.780612,1.0,True,pass,,1.7727093361318111
222,221,Real-World,cublas,FP32,10,1024,10,204800,0.011162,0.009779,1.141361,1.0,True,pass,,1.7727093361318111
222,221,Real-World,cublas,INT8,10,1024,10,204800,0.011008,0.007475,1.472603,0.0,False,incorrect,Cosine similarity threshold failed,1.7727093361318111
223,222,Real-World,cublas,FP16,127,17,128,552704,0.009421,0.01239,0.760331,1.0,True,pass,,1.7118281982839108
223,222,Real-World,cublas,FP32,127,17,128,552704,0.012288,0.019712,0.623377,1.0,True,pass,,1.7118281982839108
223,222,Real-World,cublas,INT8,127,17,128,552704,,,,,False,missing,Running INT8...Error benchmarking size 127x17x128: std::exception,1.7118281982839108
224,223,Real-World,cublas,FP16,64,312,2,79872,0.009626,0.011878,0.810345,1.0,True,pass,,0.929256996139884
224,223,Real-World,cublas,FP32,64,312,2,79872,0.011213,0.010086,1.111675,1.0,True,pass,,0.929256996139884
224,223,Real-World,cublas,INT8,64,312,2,79872,0.010496,0.013056,0.803922,0.0,False,incorrect,Cosine similarity threshold failed,0.929256996139884
225,224,Real-World,cublas,FP16,39,2,512,79872,0.01449,0.012954,1.118577,1.0,True,pass,,1.9176695104688406
225,224,Real-World,cublas,FP32,39,2,512,79872,0.034765,0.019866,1.75,1.0,True,pass,,1.9176695104688406
225,224,Real-World,cublas,INT8,39,2,512,79872,,,,,False,missing,Running INT8...Error benchmarking size 39x2x512: std::exception,1.9176695104688406
226,225,Real-World,cublas,FP16,199,64,32,815104,0.010342,0.0128,0.808,1.0,True,pass,,1.804317019879818
226,225,Real-World,cublas,FP32,199,64,32,815104,0.01449,0.015923,0.909968,1.0,True,pass,,1.804317019879818
226,225,Real-World,cublas,INT8,199,64,32,815104,,,,,False,missing,Running INT8...Error benchmarking size 199x64x32: std::exception,1.804317019879818
227,226,Real-World,cublas,FP16,16,80,208,532480,0.013466,0.014797,0.910035,1.0,True,pass,,1.746455267071724
227,226,Real-World,cublas,FP32,16,80,208,532480,0.013824,0.025805,0.535714,1.0,True,pass,,1.746455267071724
227,226,Real-World,cublas,INT8,16,80,208,532480,0.011827,0.009677,1.222222,1.0,True,pass,,1.746455267071724
228,227,Real-World,cublas,FP16,80,16,208,532480,0.01111,0.014182,0.783393,1.0,True,pass,,0.8777933958917856
228,227,Real-World,cublas,FP32,80,16,208,532480,0.01239,0.026982,0.459203,1.0,True,pass,,0.8777933958917856
228,227,Real-World,cublas,INT8,80,16,208,532480,0.009165,0.009011,1.017045,1.0,True,pass,,0.8777933958917856
229,228,Real-World,cublas,FP16,256,16,64,524288,0.010138,0.012339,0.821577,1.0,True,pass,,1.8273414000868797
229,228,Real-World,cublas,FP32,256,16,64,524288,0.009984,0.013875,0.719557,1.0,True,pass,,1.8273414000868797
229,228,Real-World,cublas,INT8,256,16,64,524288,0.009421,0.008141,1.157233,1.0,True,pass,,1.8273414000868797
230,229,Real-World,cublas,FP16,16,64,256,524288,0.020173,0.018688,1.079452,1.0,True,pass,,1.7202257998287678
230,229,Real-World,cublas,FP32,16,64,256,524288,0.015923,0.030106,0.528912,1.0,True,pass,,1.7202257998287678
230,229,Real-World,cublas,INT8,16,64,256,524288,0.013414,0.010394,1.29064,1.0,True,pass,,1.7202257998287678
231,230,Real-World,cublas,FP16,16,256,64,524288,0.008243,0.009882,0.834197,1.0,True,pass,,0.9541487321257591
231,230,Real-World,cublas,FP32,16,256,64,524288,0.01152,0.013824,0.833333,1.0,True,pass,,0.9541487321257591
231,230,Real-World,cublas,INT8,16,256,64,524288,0.010701,0.008294,1.290123,1.0,True,pass,,0.9541487321257591
232,231,Real-World,cublas,FP16,32,23,384,565248,0.014746,0.015104,0.976271,1.0,True,pass,,1.9444020427763462
232,231,Real-World,cublas,FP32,32,23,384,565248,0.014234,0.095488,0.149062,1.0,True,pass,,1.9444020427763462
232,231,Real-World,cublas,INT8,32,23,384,565248,0.01024,0.009574,1.069519,1.0,True,pass,,1.9444020427763462
233,232,Real-World,cublas,FP16,148,96,32,909312,0.009523,0.013568,0.701887,1.0,True,pass,,1.755769893527031
233,232,Real-World,cublas,FP32,148,96,32,909312,0.014694,0.015718,0.934853,1.0,True,pass,,1.755769893527031
233,232,Real-World,cublas,INT8,148,96,32,909312,0.011622,0.008858,1.312139,1.0,True,pass,,1.755769893527031
234,233,Real-World,cublas,FP16,208,32,64,851968,0.009574,0.012595,0.760163,1.0,True,pass,,1.725857863202691
234,233,Real-World,cublas,FP32,208,32,64,851968,0.011162,0.01321,0.844961,1.0,True,pass,,1.725857863202691
234,233,Real-World,cublas,INT8,208,32,64,851968,0.010598,0.007936,1.335484,1.0,True,pass,,1.725857863202691
235,234,Real-World,cublas,FP16,188,16,96,577536,0.008243,0.009165,0.899441,1.0,True,pass,,0.9133014176040888
235,234,Real-World,cublas,FP32,188,16,96,577536,0.014234,0.021555,0.660333,1.0,True,pass,,0.9133014176040888
235,234,Real-World,cublas,INT8,188,16,96,577536,0.012646,0.013926,0.908088,1.0,True,pass,,0.9133014176040888
236,235,Real-World,cublas,FP16,116,128,32,950272,0.009677,0.012851,0.752988,1.0,True,pass,,1.7561249919235706
236,235,Real-World,cublas,FP32,116,128,32,950272,0.011008,0.011162,0.986239,1.0,True,pass,,1.7561249919235706
236,235,Real-World,cublas,INT8,116,128,32,950272,0.012544,0.008192,1.53125,1.0,True,pass,,1.7561249919235706
237,236,Real-World,cublas,FP16,22,64,257,723712,0.012954,0.00937,1.382514,1.0,True,pass,,1.6339504979550838
237,236,Real-World,cublas,FP32,22,64,257,723712,0.01623,0.030413,0.53367,1.0,True,pass,,1.6339504979550838
237,236,Real-World,cublas,INT8,22,64,257,723712,0.020122,0.023296,0.863736,0.0,False,incorrect,Cosine similarity threshold failed,1.6339504979550838
238,237,Real-World,cublas,FP16,128,64,80,1310720,0.010035,0.012339,0.813278,1.0,True,pass,,0.8000219669193029
238,237,Real-World,cublas,FP32,128,64,80,1310720,0.013312,0.014848,0.896552,1.0,True,pass,,0.8000219669193029
238,237,Real-World,cublas,INT8,128,64,80,1310720,0.011059,0.008346,1.325153,1.0,True,pass,,0.8000219669193029
239,238,Real-World,cublas,FP16,164,32,96,1007616,0.010291,0.012442,0.82716,1.0,True,pass,,1.9121831376105547
239,238,Real-World,cublas,FP32,164,32,96,1007616,0.011571,0.016589,0.697531,1.0,True,pass,,1.9121831376105547
239,238,Real-World,cublas,INT8,164,32,96,1007616,0.015309,0.008653,1.769231,1.0,True,pass,,1.9121831376105547
240,239,Real-World,cublas,FP16,67,12,300,482400,0.014029,0.012646,1.109312,1.0,True,pass,,1.7530391067266464
240,239,Real-World,cublas,FP32,67,12,300,482400,0.014234,0.037171,0.38292,1.0,True,pass,,1.7530391067266464
240,239,Real-World,cublas,INT8,67,12,300,482400,,,,,False,missing,Running INT8...Error benchmarking size 67x12x300: std::exception,1.7530391067266464
241,240,Real-World,cublas,FP16,32,128,128,1048576,0.012698,0.013107,0.96875,1.0,True,pass,,0.7270890269428492
241,240,Real-World,cublas,FP32,32,128,128,1048576,0.013414,0.0192,0.698667,1.0,True,pass,,0.7270890269428492
241,240,Real-World,cublas,INT8,32,128,128,1048576,0.010752,0.008602,1.25,1.0,True,pass,,0.7270890269428492
242,241,Real-World,cublas,FP16,16,16,768,393216,0.014182,0.013926,1.018382,1.0,True,pass,,1.715995779260993
242,241,Real-World,cublas,FP32,16,16,768,393216,0.050688,0.025907,1.956522,1.0,True,pass,,1.715995779260993
242,241,Real-World,cublas,INT8,16,16,768,393216,0.013978,0.015258,0.916107,1.0,True,pass,,1.715995779260993
243,242,Real-World,cublas,FP16,123,200,1,49200,0.008294,0.007629,1.087248,1.0,True,pass,,1.7565039116889238
243,242,Real-World,cublas,FP32,123,200,1,49200,0.011008,0.011059,0.99537,1.0,True,pass,,1.7565039116889238
243,242,Real-World,cublas,INT8,123,200,1,49200,0.003072,0.009677,0.31746,0.0,False,incorrect,Cosine similarity threshold failed,1.7565039116889238
244,243,Real-World,cublas,FP16,193,1,128,49408,0.008653,0.013978,0.619048,1.0,True,pass,,1.9420924205332994
244,243,Real-World,cublas,FP32,193,1,128,49408,0.01024,0.019558,0.52356,1.0,True,pass,,1.9420924205332994
244,243,Real-World,cublas,INT8,193,1,128,49408,0.00855,0.008909,0.95977,1.0,True,pass,,1.9420924205332994
245,244,Real-World,cublas,FP16,16,32,512,524288,0.014541,0.017664,0.823188,1.0,True,pass,,0.7409014198929071
245,244,Real-World,cublas,FP32,16,32,512,524288,0.016691,0.019763,0.84456,1.0,True,pass,,0.7409014198929071
245,244,Real-World,cublas,INT8,16,32,512,524288,0.010957,0.009933,1.103093,1.0,True,pass,,0.7409014198929071
246,245,Real-World,cublas,FP16,512,16,32,524288,0.007987,0.008294,0.962963,1.0,True,pass,,1.8864959236234426
246,245,Real-World,cublas,FP32,512,16,32,524288,0.009984,0.011008,0.906977,1.0,True,pass,,1.8864959236234426
246,245,Real-World,cublas,INT8,512,16,32,524288,0.009728,0.00809,1.202532,1.0,True,pass,,1.8864959236234426
247,246,Real-World,cublas,FP16,32,59,256,966656,0.014131,0.013824,1.022222,1.0,True,pass,,1.7761821690946817
247,246,Real-World,cublas,FP32,32,59,256,966656,0.016794,0.030874,0.543947,1.0,True,pass,,1.7761821690946817
247,246,Real-World,cublas,INT8,32,59,256,966656,0.009677,0.009062,1.067797,1.0,True,pass,,1.7761821690946817
248,247,Real-World,cublas,FP16,16,144,144,663552,0.012749,0.013414,0.950382,1.0,True,pass,,0.7651394288986921
248,247,Real-World,cublas,FP32,16,144,144,663552,0.013773,0.020429,0.674185,1.0,True,pass,,0.7651394288986921
248,247,Real-World,cublas,INT8,16,144,144,663552,0.010957,0.009779,1.120419,1.0,True,pass,,0.7651394288986921
249,248,Real-World,cublas,FP16,1,128,197,50432,0.008806,0.008346,1.055215,1.0,True,pass,,1.7615126892924309
249,248,Real-World,cublas,FP32,1,128,197,50432,0.012595,0.025344,0.49697,1.0,True,pass,,1.7615126892924309
249,248,Real-World,cublas,INT8,1,128,197,50432,0.009779,0.017152,0.570149,0.0,False,incorrect,Cosine similarity threshold failed,1.7615126892924309
250,249,Real-World,cublas,FP16,168,64,64,1376256,0.008704,0.013517,0.643939,1.0,True,pass,,1.7650683037936687
250,249,Real-World,cublas,FP32,168,64,64,1376256,0.012032,0.013568,0.886792,1.0,True,pass,,1.7650683037936687
250,249,Real-World,cublas,INT8,168,64,64,1376256,0.016742,0.01024,1.635,1.0,True,pass,,1.7650683037936687
251,250,Real-World,cublas,FP16,16,16,800,409600,0.011264,0.014541,0.774648,1.0,True,pass,,0.8431633487343788
251,250,Real-World,cublas,FP32,16,16,800,409600,0.05033,0.06272,0.802449,1.0,True,pass,,0.8431633487343788
251,250,Real-World,cublas,INT8,16,16,800,409600,0.014234,0.015974,0.891026,1.0,True,pass,,0.8431633487343788
252,251,Real-World,cublas,FP16,800,16,16,409600,0.009728,0.012544,0.77551,1.0,True,pass,,1.9827013667672873
252,251,Real-World,cublas,FP32,800,16,16,409600,0.010035,0.009523,1.053764,1.0,True,pass,,1.9827013667672873
252,251,Real-World,cublas,INT8,800,16,16,409600,0.009882,0.008192,1.20625,1.0,True,pass,,1.9827013667672873
253,252,Real-World,cublas,FP16,110,50,128,1408000,0.008397,0.010035,0.836735,1.0,True,pass,,1.9614323824644089
253,252,Real-World,cublas,FP32,110,50,128,1408000,0.013568,0.019558,0.693717,1.0,True,pass,,1.9614323824644089
253,252,Real-World,cublas,INT8,110,50,128,1408000,,,,,False,missing,Running INT8...Error benchmarking size 110x50x128: std::exception,1.9614323824644089
254,253,Real-World,cublas,FP16,32,768,2,98304,0.009114,0.009011,1.011363,1.0,True,pass,,1.8302680104970932
254,253,Real-World,cublas,FP32,32,768,2,98304,0.01065,0.008806,1.209302,1.0,True,pass,,1.8302680104970932
254,253,Real-World,cublas,INT8,32,768,2,98304,0.01024,0.007117,1.438849,0.0,False,incorrect,Cosine similarity threshold failed,1.8302680104970932
255,254,Real-World,cublas,FP16,400,16,48,614400,0.010803,0.012646,0.854251,1.0,True,pass,,0.9199525322765112
255,254,Real-World,cublas,FP32,400,16,48,614400,0.01193,0.014694,0.811847,1.0,True,pass,,0.9199525322765112
255,254,Real-World,cublas,INT8,400,16,48,614400,0.010701,0.009421,1.135869,1.0,True,pass,,0.9199525322765112
256,255,Real-World,cublas,FP16,164,7,148,339808,0.01239,0.010598,1.169082,1.0,True,pass,,1.70396582596004
256,255,Real-World,cublas,FP32,164,7,148,339808,0.010701,0.020941,0.511002,1.0,True,pass,,1.70396582596004
256,255,Real-World,cublas,INT8,164,7,148,339808,0.009165,0.008243,1.111801,1.0,True,pass,,1.70396582596004
257,256,Real-World,cublas,FP16,256,32,64,1048576,0.009472,0.012442,0.761317,1.0,True,pass,,1.7150359880179167
257,256,Real-World,cublas,FP32,256,32,64,1048576,0.01193,0.013619,0.87594,1.0,True,pass,,1.7150359880179167
257,256,Real-World,cublas,INT8,256,32,64,1048576,0.026829,0.011674,2.298245,1.0,True,pass,,1.7150359880179167
258,257,Real-World,cublas,FP16,5,64,384,245760,0.012032,0.012595,0.955285,1.0,True,pass,,2.070333931595087
258,257,Real-World,cublas,FP32,5,64,384,245760,0.018944,0.089856,0.210826,1.0,True,pass,,2.070333931595087
258,257,Real-World,cublas,INT8,5,64,384,245760,,,,,False,missing,Running INT8...Error benchmarking size 5x64x384: std::exception,2.070333931595087
259,258,Real-World,cublas,FP16,80,128,80,1638400,0.008141,0.010394,0.783251,1.0,True,pass,,0.8697094600647688
259,258,Real-World,cublas,FP32,80,128,80,1638400,0.012902,0.015053,0.857143,1.0,True,pass,,0.8697094600647688
259,258,Real-World,cublas,INT8,80,128,80,1638400,0.011059,0.008602,1.285714,1.0,True,pass,,0.8697094600647688
260,259,Real-World,cublas,FP16,16,208,112,745472,0.01239,0.013107,0.945313,1.0,True,pass,,1.781890468671918
260,259,Real-World,cublas,FP32,16,208,112,745472,0.013261,0.017818,0.744253,1.0,True,pass,,1.781890468671918
260,259,Real-World,cublas,INT8,16,208,112,745472,0.010906,0.008704,1.252941,1.0,True,pass,,1.781890468671918
261,260,Real-World,cublas,FP16,184,16,128,753664,0.010086,0.012851,0.784861,1.0,True,pass,,1.7356633823364973
261,260,Real-World,cublas,FP32,184,16,128,753664,0.009984,0.019507,0.511811,1.0,True,pass,,1.7356633823364973
261,260,Real-World,cublas,INT8,184,16,128,753664,0.009216,0.00855,1.077844,1.0,True,pass,,1.7356633823364973
262,261,Real-World,cublas,FP16,32,5,768,245760,0.014694,0.015155,0.969595,1.0,True,pass,,0.9261686280369759
262,261,Real-World,cublas,FP32,32,5,768,245760,0.057293,0.032666,1.753919,1.0,True,pass,,0.9261686280369759
262,261,Real-World,cublas,INT8,32,5,768,245760,0.011008,0.011981,0.918803,1.0,True,pass,,0.9261686280369759
263,262,Real-World,cublas,FP16,183,69,64,1616256,0.011213,0.012954,0.865613,1.0,True,pass,,2.001185929402709
263,262,Real-World,cublas,FP32,183,69,64,1616256,0.014541,0.018995,0.765499,1.0,True,pass,,2.001185929402709
263,262,Real-World,cublas,INT8,183,69,64,1616256,,,,,False,missing,Running INT8...Error benchmarking size 183x69x64: std::exception,2.001185929402709
264,263,Real-World,cublas,FP16,16,128,192,786432,0.014336,0.013824,1.037037,1.0,True,pass,,1.7233072500675917
264,263,Real-World,cublas,FP32,16,128,192,786432,0.013875,0.024832,0.558763,1.0,True,pass,,1.7233072500675917
264,263,Real-World,cublas,INT8,16,128,192,786432,0.010701,0.008294,1.290123,1.0,True,pass,,1.7233072500675917
265,264,Real-World,cublas,FP16,128,112,64,1835008,0.011264,0.012339,0.912863,1.0,True,pass,,0.7539072763174772
265,264,Real-World,cublas,FP32,128,112,64,1835008,0.013158,0.016691,0.788343,1.0,True,pass,,0.7539072763174772
265,264,Real-World,cublas,INT8,128,112,64,1835008,0.011366,0.010189,1.115578,1.0,True,pass,,0.7539072763174772
266,265,Real-World,cublas,FP16,100,100,100,2000000,0.010547,0.009933,1.061856,1.0,True,pass,,1.7692608200013638
266,265,Real-World,cublas,FP32,100,100,100,2000000,0.016435,0.022118,0.743056,1.0,True,pass,,1.7692608200013638
266,265,Real-World,cublas,INT8,100,100,100,2000000,0.016384,0.008858,1.849711,1.0,True,pass,,1.7692608200013638
267,266,Real-World,cublas,FP16,123,64,120,1889280,0.009267,0.007885,1.175325,1.0,True,pass,,2.0717230904847383
267,266,Real-World,cublas,FP32,123,64,120,1889280,0.012954,0.018278,0.708683,1.0,True,pass,,2.0717230904847383
267,266,Real-World,cublas,INT8,123,64,120,1889280,,,,,False,missing,Running INT8...Error benchmarking size 123x64x120: std::exception,2.0717230904847383
268,267,Real-World,cublas,FP16,208,64,64,1703936,0.009216,0.012851,0.717131,1.0,True,pass,,1.5910429246723652
268,267,Real-World,cublas,FP32,208,64,64,1703936,0.011725,0.014131,0.82971,1.0,True,pass,,1.5910429246723652
268,267,Real-World,cublas,INT8,208,64,64,1703936,0.013414,0.01321,1.015504,1.0,True,pass,,1.5910429246723652
269,268,Real-World,cublas,FP16,140,24,168,1128960,0.009318,0.009472,0.983784,1.0,True,pass,,1.8162748701870441
269,268,Real-World,cublas,FP32,140,24,168,1128960,0.01623,0.040448,0.401266,1.0,True,pass,,1.8162748701870441
269,268,Real-World,cublas,INT8,140,24,168,1128960,0.014541,0.014387,1.010676,1.0,True,pass,,1.8162748701870441
270,269,Real-World,cublas,FP16,960,16,16,491520,0.008704,0.012288,0.708333,1.0,True,pass,,0.8244051244109869
270,269,Real-World,cublas,FP32,960,16,16,491520,0.009677,0.009574,1.010695,1.0,True,pass,,0.8244051244109869
270,269,Real-World,cublas,INT8,960,16,16,491520,0.01065,0.008294,1.28395,1.0,True,pass,,0.8244051244109869
271,270,Real-World,cublas,FP16,24,768,16,589824,0.011213,0.012646,0.88664,1.0,True,pass,,1.8234508149325848
271,270,Real-World,cublas,FP32,24,768,16,589824,0.024678,0.008858,2.786127,1.0,True,pass,,1.8234508149325848
271,270,Real-World,cublas,INT8,24,768,16,589824,0.011571,0.008346,1.386503,1.0,True,pass,,1.8234508149325848
272,271,Real-World,cublas,FP16,80,256,32,1310720,0.00768,0.013824,0.555556,1.0,True,pass,,1.817582843825221
272,271,Real-World,cublas,FP32,80,256,32,1310720,0.014029,0.01577,0.88961,1.0,True,pass,,1.817582843825221
272,271,Real-World,cublas,INT8,80,256,32,1310720,0.015309,0.01152,1.328889,1.0,True,pass,,1.817582843825221
273,272,Real-World,cublas,FP16,175,101,50,1767500,0.012544,0.01152,1.088889,1.0,True,pass,,2.1769096571952105
273,272,Real-World,cublas,FP32,175,101,50,1767500,0.013773,0.014899,0.924399,1.0,True,pass,,2.1769096571952105
273,272,Real-World,cublas,INT8,175,101,50,1767500,,,,,False,missing,Running INT8...Error benchmarking size 175x101x50: std::exception,2.1769096571952105
274,273,Real-World,cublas,FP16,167,35,128,1496320,0.011674,0.008806,1.325581,1.0,True,pass,,1.0745441149920225
274,273,Real-World,cublas,FP32,167,35,128,1496320,0.013517,0.019712,0.685714,1.0,True,pass,,1.0745441149920225
274,273,Real-World,cublas,INT8,167,35,128,1496320,,,,,False,missing,Running INT8...Error benchmarking size 167x35x128: std::exception,1.0745441149920225
275,274,Real-World,cublas,FP16,112,9,256,516096,0.013722,0.014387,0.953736,1.0,True,pass,,1.6534989904612303
275,274,Real-World,cublas,FP32,112,9,256,516096,0.010035,0.030566,0.328308,1.0,True,pass,,1.6534989904612303
275,274,Real-World,cublas,INT8,112,9,256,516096,0.009421,0.009114,1.033708,1.0,True,pass,,1.6534989904612303
276,275,Real-World,cublas,FP16,16,16,1008,516096,0.014182,0.014182,1.0,1.0,True,pass,,1.5880047101527452
276,275,Real-World,cublas,FP32,16,16,1008,516096,0.071475,0.068608,1.041791,1.0,True,pass,,1.5880047101527452
276,275,Real-World,cublas,INT8,16,16,1008,516096,0.011622,0.012186,0.953781,1.0,True,pass,,1.5880047101527452
277,276,Real-World,cublas,FP16,179,32,128,1466368,0.011418,0.013107,0.871094,1.0,True,pass,,0.9818410389125347
277,276,Real-World,cublas,FP32,179,32,128,1466368,0.013056,0.019814,0.658915,1.0,True,pass,,0.9818410389125347
277,276,Real-World,cublas,INT8,179,32,128,1466368,,,,,False,missing,Running INT8...Error benchmarking size 179x32x128: std::exception,0.9818410389125347
278,277,Real-World,cublas,FP16,128,128,64,2097152,0.009984,0.012339,0.809129,1.0,True,pass,,1.7215916961431503
278,277,Real-World,cublas,FP32,128,128,64,2097152,0.012646,0.014541,0.869718,1.0,True,pass,,1.7215916961431503
278,277,Real-World,cublas,INT8,128,128,64,2097152,0.010496,0.008243,1.273292,1.0,True,pass,,1.7215916961431503
279,278,Real-World,cublas,FP16,64,128,128,2097152,0.010547,0.012032,0.876596,1.0,True,pass,,1.7723676655441523
279,278,Real-World,cublas,FP32,64,128,128,2097152,0.013773,0.019302,0.713528,1.0,True,pass,,1.7723676655441523
279,278,Real-World,cublas,INT8,64,128,128,2097152,0.014131,0.013619,1.037594,1.0,True,pass,,1.7723676655441523
280,279,Real-World,cublas,FP16,16,16,1024,524288,0.013773,0.01321,1.042636,1.0,True,pass,,0.9087699558585882
280,279,Real-World,cublas,FP32,16,16,1024,524288,0.059341,0.056218,1.055556,1.0,True,pass,,0.9087699558585882
280,279,Real-World,cublas,INT8,16,16,1024,524288,0.011878,0.01367,0.868914,1.0,True,pass,,0.9087699558585882
281,280,Real-World,cublas,FP16,128,1,256,65536,0.008909,0.014899,0.597938,1.0,True,pass,,1.8764749635010958
281,280,Real-World,cublas,FP32,128,1,256,65536,0.007322,0.031027,0.235974,1.0,True,pass,,1.8764749635010958
281,280,Real-World,cublas,INT8,128,1,256,65536,0.009165,0.009472,0.967567,1.0,True,pass,,1.8764749635010958
282,281,Real-World,cublas,FP16,128,80,112,2293760,0.011981,0.015821,0.757281,1.0,True,pass,,1.8174456916749477
282,281,Real-World,cublas,FP32,128,80,112,2293760,0.015514,0.019456,0.797368,1.0,True,pass,,1.8174456916749477
282,281,Real-World,cublas,INT8,128,80,112,2293760,0.011366,0.00855,1.329341,1.0,True,pass,,1.8174456916749477
283,282,Real-World,cublas,FP16,42,10,640,537600,0.014746,0.013517,1.090909,1.0,True,pass,,1.8527558501809835
283,282,Real-World,cublas,FP32,42,10,640,537600,0.040038,0.020429,1.9599,1.0,True,pass,,1.8527558501809835
283,282,Real-World,cublas,INT8,42,10,640,537600,,,,,False,missing,Running INT8...Error benchmarking size 42x10x640: std::exception,1.8527558501809835
284,283,Real-World,cublas,FP16,32,32,512,1048576,0.009011,0.010496,0.858537,1.0,True,pass,,0.905250821262598
284,283,Real-World,cublas,FP32,32,32,512,1048576,0.017101,0.020173,0.847716,1.0,True,pass,,0.905250821262598
284,283,Real-World,cublas,INT8,32,32,512,1048576,0.014387,0.014643,0.982517,1.0,True,pass,,0.905250821262598
285,284,Real-World,cublas,FP16,41,80,256,1679360,0.012237,0.014131,0.865942,1.0,True,pass,,1.9440344534814358
285,284,Real-World,cublas,FP32,41,80,256,1679360,0.015514,0.029901,0.518836,1.0,True,pass,,1.9440344534814358
285,284,Real-World,cublas,INT8,41,80,256,1679360,,,,,False,missing,Running INT8...Error benchmarking size 41x80x256: std::exception,1.9440344534814358
286,285,Real-World,cublas,FP16,195,29,128,1447680,0.010906,0.013005,0.838583,1.0,True,pass,,1.5442792642861605
286,285,Real-World,cublas,FP32,195,29,128,1447680,0.013363,0.019661,0.679688,1.0,True,pass,,1.5442792642861605
286,285,Real-World,cublas,INT8,195,29,128,1447680,,,,,False,missing,Running INT8...Error benchmarking size 195x29x128: std::exception,1.5442792642861605
287,286,Real-World,cublas,FP16,83,40,256,1699840,0.012032,0.014131,0.851449,1.0,True,pass,,0.9058263711631298
287,286,Real-World,cublas,FP32,83,40,256,1699840,0.016333,0.030874,0.529022,1.0,True,pass,,0.9058263711631298
287,286,Real-World,cublas,INT8,83,40,256,1699840,,,,,False,missing,Running INT8...Error benchmarking size 83x40x256: std::exception,0.9058263711631298
288,287,Real-World,cublas,FP16,32,1024,2,131072,0.008858,0.00855,1.035928,1.0,True,pass,,1.8373063057661057
288,287,Real-World,cublas,FP32,32,1024,2,131072,0.02857,0.014182,2.01444,1.0,True,pass,,1.8373063057661057
288,287,Real-World,cublas,INT8,32,1024,2,131072,0.009882,0.013619,0.725564,0.0,False,incorrect,Cosine similarity threshold failed,1.8373063057661057
289,288,Real-World,cublas,FP16,50,100,200,2000000,0.009779,0.010752,0.909524,1.0,True,pass,,1.8005616571754217
289,288,Real-World,cublas,FP32,50,100,200,2000000,0.016896,0.02473,0.68323,1.0,True,pass,,1.8005616571754217
289,288,Real-World,cublas,INT8,50,100,200,2000000,,,,,False,missing,Running INT8...Error benchmarking size 50x100x200: std::exception,1.8005616571754217
290,289,Real-World,cublas,FP16,85,64,200,2176000,0.01239,0.014336,0.864286,1.0,True,pass,,0.8515359498560429
290,289,Real-World,cublas,FP32,85,64,200,2176000,0.016026,0.025088,0.638776,1.0,True,pass,,0.8515359498560429
290,289,Real-World,cublas,INT8,85,64,200,2176000,,,,,False,missing,Running INT8...Error benchmarking size 85x64x200: std::exception,0.8515359498560429
291,290,Real-World,cublas,FP16,125,10,256,640000,0.011674,0.013926,0.838235,1.0,True,pass,,1.9695715140551329
291,290,Real-World,cublas,FP32,125,10,256,640000,0.01367,0.035226,0.388081,1.0,True,pass,,1.9695715140551329
291,290,Real-World,cublas,INT8,125,10,256,640000,,,,,False,missing,Running INT8...Error benchmarking size 125x10x256: std::exception,1.9695715140551329
292,291,Real-World,cublas,FP16,128,10,256,655360,0.01065,0.012851,0.828685,1.0,True,pass,,1.7818214930593967
292,291,Real-World,cublas,FP32,128,10,256,655360,0.014029,0.035533,0.394813,1.0,True,pass,,1.7818214930593967
292,291,Real-World,cublas,INT8,128,10,256,655360,0.012749,0.014131,0.902174,1.0,True,pass,,1.7818214930593967
293,292,Real-World,cublas,FP16,112,80,144,2580480,0.012032,0.012749,0.943775,1.0,True,pass,,1.7166257128119469
293,292,Real-World,cublas,FP32,112,80,144,2580480,0.015616,0.021914,0.712617,1.0,True,pass,,1.7166257128119469
293,292,Real-World,cublas,INT8,112,80,144,2580480,0.012083,0.01065,1.134615,1.0,True,pass,,1.7166257128119469
294,293,Real-World,cublas,FP16,128,81,128,2654208,0.011315,0.0128,0.884,1.0,True,pass,,0.80263333581388
294,293,Real-World,cublas,FP32,128,81,128,2654208,0.015718,0.021862,0.718969,1.0,True,pass,,0.80263333581388
294,293,Real-World,cublas,INT8,128,81,128,2654208,0.011981,0.010342,1.158416,1.0,True,pass,,0.80263333581388
295,294,Real-World,cublas,FP16,32,768,16,786432,0.007731,0.009574,0.807487,1.0,True,pass,,1.8398856837302446
295,294,Real-World,cublas,FP32,32,768,16,786432,0.010598,0.009216,1.15,1.0,True,pass,,1.8398856837302446
295,294,Real-World,cublas,INT8,32,768,16,786432,0.013158,0.013312,0.988461,1.0,True,pass,,1.8398856837302446
296,295,Real-World,cublas,FP16,71,2,512,145408,0.015667,0.009165,1.709497,1.0,True,pass,,1.7356856390833855
296,295,Real-World,cublas,FP32,71,2,512,145408,0.012134,0.020531,0.591022,1.0,True,pass,,1.7356856390833855
296,295,Real-World,cublas,INT8,71,2,512,145408,,,,,False,missing,Running INT8...Error benchmarking size 71x2x512: std::exception,1.7356856390833855
297,296,Real-World,cublas,FP16,144,32,188,1732608,0.010906,0.010445,1.044117,1.0,True,pass,,0.8353328928351402
297,296,Real-World,cublas,FP32,144,32,188,1732608,0.014234,0.02601,0.547244,1.0,True,pass,,0.8353328928351402
297,296,Real-World,cublas,INT8,144,32,188,1732608,0.011622,0.008141,1.427673,1.0,True,pass,,0.8353328928351402
298,297,Real-World,cublas,FP16,119,312,2,148512,0.009728,0.008704,1.117647,1.0,True,pass,,1.7917150799185038
298,297,Real-World,cublas,FP32,119,312,2,148512,0.01065,0.00896,1.188572,1.0,True,pass,,1.7917150799185038
298,297,Real-World,cublas,INT8,119,312,2,148512,,,,,False,missing,Running INT8...Error benchmarking size 119x312x2: std::exception,1.7917150799185038
299,298,Real-World,cublas,FP16,24,1,1536,73728,0.011827,0.01577,0.75,1.0,True,pass,,1.6311746891587973
299,298,Real-World,cublas,FP32,24,1,1536,73728,0.011981,0.13609,0.088036,1.0,True,pass,,1.6311746891587973
299,298,Real-World,cublas,INT8,24,1,1536,73728,0.012186,0.014592,0.835088,1.0,True,pass,,1.6311746891587973
300,299,Real-World,cublas,FP16,54,256,80,2211840,0.00896,0.012339,0.726141,1.0,True,pass,,0.943040119484067
300,299,Real-World,cublas,FP32,54,256,80,2211840,0.012544,0.014797,0.847751,1.0,True,pass,,0.943040119484067
300,299,Real-World,cublas,INT8,54,256,80,2211840,,,,,False,missing,Running INT8...Error benchmarking size 54x256x80: std::exception,0.943040119484067
301,300,Real-World,cublas,FP16,16,128,256,1048576,0.008806,0.012595,0.699187,1.0,True,pass,,1.8166202250868082
301,300,Real-World,cublas,FP32,16,128,256,1048576,0.01536,0.029952,0.512821,1.0,True,pass,,1.8166202250868082
301,300,Real-World,cublas,INT8,16,128,256,1048576,0.015974,0.012698,1.258065,1.0,True,pass,,1.8166202250868082
302,301,Real-World,cublas,FP16,16,32,800,819200,0.00983,0.009728,1.010526,1.0,True,pass,,1.8061775974929333
302,301,Real-World,cublas,FP32,16,32,800,819200,0.01664,0.063744,0.261044,1.0,True,pass,,1.8061775974929333
302,301,Real-World,cublas,INT8,16,32,800,819200,0.014797,0.016077,0.920382,1.0,True,pass,,1.8061775974929333
303,302,Real-World,cublas,FP16,256,16,128,1048576,0.010035,0.013005,0.771654,1.0,True,pass,,1.702414434403181
303,302,Real-World,cublas,FP32,256,16,128,1048576,0.010138,0.019558,0.518325,1.0,True,pass,,1.702414434403181
303,302,Real-World,cublas,INT8,256,16,128,1048576,0.009011,0.008653,1.04142,1.0,True,pass,,1.702414434403181
304,303,Real-World,cublas,FP16,128,16,256,1048576,0.011059,0.014131,0.782609,1.0,True,pass,,0.7533727809786797
304,303,Real-World,cublas,FP32,128,16,256,1048576,0.011315,0.030771,0.36772,1.0,True,pass,,0.7533727809786797
304,303,Real-World,cublas,INT8,128,16,256,1048576,0.009267,0.009165,1.011173,1.0,True,pass,,0.7533727809786797
305,304,Real-World,cublas,FP16,800,16,32,819200,0.007936,0.026931,0.294677,1.0,True,pass,,1.870548065751791
305,304,Real-World,cublas,FP32,800,16,32,819200,0.010189,0.010701,0.952153,1.0,True,pass,,1.870548065751791
305,304,Real-World,cublas,INT8,800,16,32,819200,0.01024,0.008294,1.234568,1.0,True,pass,,1.870548065751791
306,305,Real-World,cublas,FP16,160,16,208,1064960,0.011162,0.015258,0.731544,1.0,True,pass,,1.7960971929132938
306,305,Real-World,cublas,FP32,160,16,208,1064960,0.012902,0.026931,0.479087,1.0,True,pass,,1.7960971929132938
306,305,Real-World,cublas,INT8,160,16,208,1064960,0.008806,0.009574,0.919786,1.0,True,pass,,1.7960971929132938
307,306,Real-World,cublas,FP16,49,64,321,2013312,0.013722,0.010189,1.346734,1.0,True,pass,,0.721612298861146
307,306,Real-World,cublas,FP32,49,64,321,2013312,0.018278,0.07895,0.231518,1.0,True,pass,,0.721612298861146
307,306,Real-World,cublas,INT8,49,64,321,2013312,0.010496,0.024115,0.435244,0.0,False,incorrect,Cosine similarity threshold failed,0.721612298861146
308,307,Real-World,cublas,FP16,88,1,448,78848,0.013722,0.013517,1.015152,1.0,True,pass,,1.785226535052061
308,307,Real-World,cublas,FP32,88,1,448,78848,0.009216,0.060416,0.152542,1.0,True,pass,,1.785226535052061
308,307,Real-World,cublas,INT8,88,1,448,78848,0.009421,0.010086,0.93401,1.0,True,pass,,1.785226535052061
309,308,Real-World,cublas,FP16,144,128,80,2949120,0.01024,0.013158,0.77821,1.0,True,pass,,1.773569580167532
309,308,Real-World,cublas,FP32,144,128,80,2949120,0.013619,0.017357,0.784661,1.0,True,pass,,1.773569580167532
309,308,Real-World,cublas,INT8,144,128,80,2949120,0.011674,0.010701,1.090909,1.0,True,pass,,1.773569580167532
310,309,Real-World,cublas,FP16,199,1,200,79600,0.009984,0.014746,0.677083,1.0,True,pass,,0.8842966090887785
310,309,Real-World,cublas,FP32,199,1,200,79600,0.016128,0.02944,0.547826,1.0,True,pass,,0.8842966090887785
310,309,Real-World,cublas,INT8,199,1,200,79600,0.010701,0.013978,0.765568,1.0,True,pass,,0.8842966090887785
311,310,Real-World,cublas,FP16,26,13,1024,692224,0.016742,0.01495,1.119863,1.0,True,pass,,1.976385885849595
311,310,Real-World,cublas,FP32,26,13,1024,692224,0.058982,0.071219,0.828181,1.0,True,pass,,1.976385885849595
311,310,Real-World,cublas,INT8,26,13,1024,692224,,,,,False,missing,Running INT8...Error benchmarking size 26x13x1024: std::exception,1.976385885849595
312,311,Real-World,cublas,FP16,400,32,64,1638400,0.009626,0.012749,0.75502,1.0,True,pass,,1.6083401385694742
312,311,Real-World,cublas,FP32,400,32,64,1638400,0.011776,0.014029,0.839416,1.0,True,pass,,1.6083401385694742
312,311,Real-World,cublas,INT8,400,32,64,1638400,0.010957,0.008602,1.273809,1.0,True,pass,,1.6083401385694742
313,312,Real-World,cublas,FP16,96,128,128,3145728,0.008602,0.012544,0.685714,1.0,True,pass,,0.8256532158702612
313,312,Real-World,cublas,FP32,96,128,128,3145728,0.013722,0.019712,0.696104,1.0,True,pass,,0.8256532158702612
313,312,Real-World,cublas,INT8,96,128,128,3145728,0.01111,0.00896,1.24,1.0,True,pass,,0.8256532158702612
314,313,Real-World,cublas,FP16,152,84,120,3064320,0.009165,0.013414,0.683206,1.0,True,pass,,1.8507544957101345
314,313,Real-World,cublas,FP32,152,84,120,3064320,0.013261,0.036557,0.362745,1.0,True,pass,,1.8507544957101345
314,313,Real-World,cublas,INT8,152,84,120,3064320,0.021504,0.013722,1.567164,1.0,True,pass,,1.8507544957101345
315,314,Real-World,cublas,FP16,99,45,256,2280960,0.011213,0.01065,1.052884,1.0,True,pass,,1.7311152797192335
315,314,Real-World,cublas,FP32,99,45,256,2280960,0.014592,0.031539,0.462662,1.0,True,pass,,1.7311152797192335
315,314,Real-World,cublas,INT8,99,45,256,2280960,,,,,False,missing,Running INT8...Error benchmarking size 99x45x256: std::exception,1.7311152797192335
316,315,Real-World,cublas,FP16,136,80,144,3133440,0.010445,0.012902,0.809524,1.0,True,pass,,0.7687817923724651
316,315,Real-World,cublas,FP32,136,80,144,3133440,0.013875,0.02048,0.6775,1.0,True,pass,,0.7687817923724651
316,315,Real-World,cublas,INT8,136,80,144,3133440,0.012646,0.009011,1.403409,1.0,True,pass,,0.7687817923724651
317,316,Real-World,cublas,FP16,24,128,256,1572864,0.013005,0.014234,0.913669,1.0,True,pass,,1.708964778110385
317,316,Real-World,cublas,FP32,24,128,256,1572864,0.015411,0.030362,0.507589,1.0,True,pass,,1.708964778110385
317,316,Real-World,cublas,INT8,24,128,256,1572864,0.013158,0.009728,1.352631,1.0,True,pass,,1.708964778110385
318,317,Real-World,cublas,FP16,16,64,512,1048576,0.010394,0.012083,0.86017,1.0,True,pass,,1.6591067984700203
318,317,Real-World,cublas,FP32,16,64,512,1048576,0.024115,0.025037,0.96319,1.0,True,pass,,1.6591067984700203
318,317,Real-World,cublas,INT8,16,64,512,1048576,0.014797,0.015411,0.960133,1.0,True,pass,,1.6591067984700203
319,318,Real-World,cublas,FP16,16,512,64,1048576,0.010496,0.012032,0.87234,1.0,True,pass,,0.7998974714428186
319,318,Real-World,cublas,FP32,16,512,64,1048576,0.01239,0.015309,0.809364,1.0,True,pass,,0.7998974714428186
319,318,Real-World,cublas,INT8,16,512,64,1048576,0.01321,0.013056,1.011765,1.0,True,pass,,0.7998974714428186
320,319,Real-World,cublas,FP16,256,64,80,2621440,0.011162,0.012493,0.893443,1.0,True,pass,,1.8339552991092205
320,319,Real-World,cublas,FP32,256,64,80,2621440,0.01664,0.019046,0.873656,1.0,True,pass,,1.8339552991092205
320,319,Real-World,cublas,INT8,256,64,80,2621440,0.012134,0.009882,1.227979,1.0,True,pass,,1.8339552991092205
321,320,Real-World,cublas,FP16,32,48,512,1572864,0.011213,0.013056,0.858823,1.0,True,pass,,1.7010933887213469
321,320,Real-World,cublas,FP32,32,48,512,1572864,0.016128,0.02007,0.803571,1.0,True,pass,,1.7010933887213469
321,320,Real-World,cublas,INT8,32,48,512,1572864,0.013568,0.011622,1.167401,1.0,True,pass,,1.7010933887213469
322,321,Real-World,cublas,FP16,1,21316,1,42632,0.007987,0.009882,0.80829,1.0,True,pass,,0.8057210091501474
322,321,Real-World,cublas,FP32,1,21316,1,42632,0.010086,0.015053,0.670068,1.0,True,pass,,0.8057210091501474
322,321,Real-World,cublas,INT8,1,21316,1,42632,0.010035,0.014746,0.680556,0.0,False,incorrect,Cosine similarity threshold failed,0.8057210091501474
323,322,Real-World,cublas,FP16,16,208,176,1171456,0.012646,0.013568,0.932076,1.0,True,pass,,1.9378237258642912
323,322,Real-World,cublas,FP32,16,208,176,1171456,0.013722,0.024115,0.569002,1.0,True,pass,,1.9378237258642912
323,322,Real-World,cublas,INT8,16,208,176,1171456,0.01065,0.008602,1.238095,1.0,True,pass,,1.9378237258642912
324,323,Real-World,cublas,FP16,159,128,80,3256320,0.011418,0.012544,0.910204,1.0,True,pass,,1.834999330341816
324,323,Real-World,cublas,FP32,159,128,80,3256320,0.0128,0.015309,0.83612,1.0,True,pass,,1.834999330341816
324,323,Real-World,cublas,INT8,159,128,80,3256320,,,,,False,missing,Running INT8...Error benchmarking size 159x128x80: std::exception,1.834999330341816
325,324,Real-World,cublas,FP16,64,112,208,2981888,0.011571,0.012595,0.918699,1.0,True,pass,,1.6193878687918186
325,324,Real-World,cublas,FP32,64,112,208,2981888,0.01961,0.030822,0.636213,1.0,True,pass,,1.6193878687918186
325,324,Real-World,cublas,INT8,64,112,208,2981888,0.009421,0.00983,0.958334,1.0,True,pass,,1.6193878687918186
326,325,Real-World,cublas,FP16,208,112,64,2981888,0.007782,0.007834,0.993464,1.0,True,pass,,0.9045318998396397
326,325,Real-World,cublas,FP32,208,112,64,2981888,0.012083,0.014234,0.848921,1.0,True,pass,,0.9045318998396397
326,325,Real-World,cublas,INT8,208,112,64,2981888,0.013261,0.013261,1.0,1.0,True,pass,,0.9045318998396397
327,326,Real-World,cublas,FP16,72,1,600,86400,0.013619,0.01408,0.967273,1.0,True,pass,,1.690274203196168
327,326,Real-World,cublas,FP32,72,1,600,86400,0.013722,0.053094,0.258438,1.0,True,pass,,1.690274203196168
327,326,Real-World,cublas,INT8,72,1,600,86400,0.011622,0.012902,0.900794,1.0,True,pass,,1.690274203196168
328,327,Real-World,cublas,FP16,165,4,256,337920,0.016179,0.021299,0.759615,1.0,True,pass,,1.941950686275959
328,327,Real-World,cublas,FP32,165,4,256,337920,0.011213,0.032717,0.342723,1.0,True,pass,,1.941950686275959
328,327,Real-World,cublas,INT8,165,4,256,337920,,,,,False,missing,Running INT8...Error benchmarking size 165x4x256: std::exception,1.941950686275959
329,328,Real-World,cublas,FP16,103,20,342,1409040,0.01321,0.011571,1.141593,1.0,True,pass,,1.4797756653279066
329,328,Real-World,cublas,FP32,103,20,342,1409040,0.017562,0.083558,0.210172,1.0,True,pass,,1.4797756653279066
329,328,Real-World,cublas,INT8,103,20,342,1409040,,,,,False,missing,Running INT8...Error benchmarking size 103x20x342: std::exception,1.4797756653279066
330,329,Real-World,cublas,FP16,172,100,100,3440000,0.011622,0.010189,1.140703,1.0,True,pass,,0.7793119866400957
330,329,Real-World,cublas,FP32,172,100,100,3440000,0.015411,0.019149,0.804813,1.0,True,pass,,0.7793119866400957
330,329,Real-World,cublas,INT8,172,100,100,3440000,0.018893,0.010291,1.835821,1.0,True,pass,,0.7793119866400957
331,330,Real-World,cublas,FP16,190,64,128,3112960,0.011725,0.013056,0.898039,1.0,True,pass,,1.7593931276351213
331,330,Real-World,cublas,FP32,190,64,128,3112960,0.015002,0.021811,0.687794,1.0,True,pass,,1.7593931276351213
331,330,Real-World,cublas,INT8,190,64,128,3112960,,,,,False,missing,Running INT8...Error benchmarking size 190x64x128: std::exception,1.7593931276351213
332,331,Real-World,cublas,FP16,32,128,256,2097152,0.008704,0.014285,0.609319,1.0,True,pass,,1.84660236351192
332,331,Real-World,cublas,FP32,32,128,256,2097152,0.015923,0.029952,0.531624,1.0,True,pass,,1.84660236351192
332,331,Real-World,cublas,INT8,32,128,256,2097152,0.011418,0.009626,1.18617,1.0,True,pass,,1.84660236351192
333,332,Real-World,cublas,FP16,32,256,128,2097152,0.012749,0.012698,1.004032,1.0,True,pass,,0.7774107754230499
333,332,Real-World,cublas,FP32,32,256,128,2097152,0.015002,0.020685,0.725247,1.0,True,pass,,0.7774107754230499
333,332,Real-World,cublas,INT8,32,256,128,2097152,0.012186,0.01024,1.19,1.0,True,pass,,0.7774107754230499
334,333,Real-World,cublas,FP16,170,128,80,3481600,0.01065,0.012646,0.842105,1.0,True,pass,,1.723474994301796
334,333,Real-World,cublas,FP32,170,128,80,3481600,0.012851,0.015872,0.809677,1.0,True,pass,,1.723474994301796
334,333,Real-World,cublas,INT8,170,128,80,3481600,,,,,False,missing,Running INT8...Error benchmarking size 170x128x80: std::exception,1.723474994301796
335,334,Real-World,cublas,FP16,57,29,512,1692672,0.014643,0.016282,0.899371,1.0,True,pass,,2.0731632355600595
335,334,Real-World,cublas,FP32,57,29,512,1692672,0.016947,0.025293,0.670041,1.0,True,pass,,2.0731632355600595
335,334,Real-World,cublas,INT8,57,29,512,1692672,,,,,False,missing,Running INT8...Error benchmarking size 57x29x512: std::exception,2.0731632355600595
336,335,Real-World,cublas,FP16,192,96,96,3538944,0.009984,0.012288,0.8125,1.0,True,pass,,1.7250166460871696
336,335,Real-World,cublas,FP32,192,96,96,3538944,0.012749,0.016947,0.752266,1.0,True,pass,,1.7250166460871696
336,335,Real-World,cublas,INT8,192,96,96,3538944,0.010547,0.00855,1.233533,1.0,True,pass,,1.7250166460871696
337,336,Real-World,cublas,FP16,59,28,512,1691648,0.01449,0.013312,1.088462,1.0,True,pass,,1.8145238254219294
337,336,Real-World,cublas,FP32,59,28,512,1691648,0.017613,0.020736,0.849383,1.0,True,pass,,1.8145238254219294
337,336,Real-World,cublas,INT8,59,28,512,1691648,,,,,False,missing,Running INT8...Error benchmarking size 59x28x512: std::exception,1.8145238254219294
338,337,Real-World,cublas,FP16,91,144,144,3773952,0.013568,0.013517,1.003788,1.0,True,pass,,0.8819901552051306
338,337,Real-World,cublas,FP32,91,144,144,3773952,0.015155,0.023296,0.650549,1.0,True,pass,,0.8819901552051306
338,337,Real-World,cublas,INT8,91,144,144,3773952,,,,,False,missing,Running INT8...Error benchmarking size 91x144x144: std::exception,0.8819901552051306
339,338,Real-World,cublas,FP16,128,320,16,1310720,0.008448,0.028109,0.300547,1.0,True,pass,,1.9704619366675615
339,338,Real-World,cublas,FP32,128,320,16,1310720,0.011008,0.009779,1.125654,1.0,True,pass,,1.9704619366675615
339,338,Real-World,cublas,INT8,128,320,16,1310720,0.010854,0.008243,1.31677,1.0,True,pass,,1.9704619366675615
340,339,Real-World,cublas,FP16,49,96,300,2822400,0.013056,0.011366,1.148649,1.0,True,pass,,1.723732242360711
340,339,Real-World,cublas,FP32,49,96,300,2822400,0.017357,0.033741,0.514416,1.0,True,pass,,1.723732242360711
340,339,Real-World,cublas,INT8,49,96,300,2822400,,,,,False,missing,Running INT8...Error benchmarking size 49x96x300: std::exception,1.723732242360711
341,340,Real-World,cublas,FP16,48,96,304,2801664,0.035789,0.015053,2.377551,1.0,True,pass,,0.7341744527220726
341,340,Real-World,cublas,FP32,48,96,304,2801664,0.034918,0.037274,0.936813,1.0,True,pass,,0.7341744527220726
341,340,Real-World,cublas,INT8,48,96,304,2801664,0.011264,0.009882,1.139896,1.0,True,pass,,0.7341744527220726
342,341,Real-World,cublas,FP16,186,2,256,190464,0.009677,0.01367,0.707865,1.0,True,pass,,1.9756327643990517
342,341,Real-World,cublas,FP32,186,2,256,190464,0.011162,0.033024,0.337984,1.0,True,pass,,1.9756327643990517
342,341,Real-World,cublas,INT8,186,2,256,190464,,,,,False,missing,Running INT8...Error benchmarking size 186x2x256: std::exception,1.9756327643990517
343,342,Real-World,cublas,FP16,128,128,128,4194304,0.011418,0.012237,0.933054,1.0,True,pass,,1.5981049686670303
343,342,Real-World,cublas,FP32,128,128,128,4194304,0.013312,0.019968,0.666667,1.0,True,pass,,1.5981049686670303
343,342,Real-World,cublas,INT8,128,128,128,4194304,0.010752,0.008755,1.22807,1.0,True,pass,,1.5981049686670303
344,343,Real-World,cublas,FP16,1,1,24576,49152,0.011571,0.038144,0.303356,1.0,True,pass,,0.975575715303421
344,343,Real-World,cublas,FP32,1,1,24576,49152,0.010189,4.38185,0.002325,1.0,True,pass,,0.975575715303421
344,343,Real-World,cublas,INT8,1,1,24576,49152,0.05504,0.158003,0.348347,1.0,True,pass,,0.975575715303421
345,344,Real-World,cublas,FP16,32,1024,16,1048576,0.009728,0.012544,0.77551,1.0,True,pass,,1.6377809457480907
345,344,Real-World,cublas,FP32,32,1024,16,1048576,0.010752,0.009318,1.153846,1.0,True,pass,,1.6377809457480907
345,344,Real-World,cublas,INT8,32,1024,16,1048576,0.010906,0.00809,1.348101,1.0,True,pass,,1.6377809457480907
346,345,Real-World,cublas,FP16,208,16,208,1384448,0.010496,0.013824,0.759259,1.0,True,pass,,1.5991484951227903
346,345,Real-World,cublas,FP32,208,16,208,1384448,0.011008,0.026419,0.416667,1.0,True,pass,,1.5991484951227903
346,345,Real-World,cublas,INT8,208,16,208,1384448,0.017613,0.016333,1.07837,1.0,True,pass,,1.5991484951227903
347,346,Real-World,cublas,FP16,100,100,200,4000000,0.01024,0.012442,0.823045,1.0,True,pass,,0.8309721853584051
347,346,Real-World,cublas,FP32,100,100,200,4000000,0.019405,0.030157,0.643464,1.0,True,pass,,0.8309721853584051
347,346,Real-World,cublas,INT8,100,100,200,4000000,0.014899,0.015104,0.986441,1.0,True,pass,,0.8309721853584051
348,347,Real-World,cublas,FP16,200,100,100,4000000,0.010445,0.009523,1.096774,1.0,True,pass,,1.897279042750597
348,347,Real-World,cublas,FP32,200,100,100,4000000,0.012083,0.01751,0.690058,1.0,True,pass,,1.897279042750597
348,347,Real-World,cublas,INT8,200,100,100,4000000,0.017613,0.007936,2.219355,1.0,True,pass,,1.897279042750597
349,348,Real-World,cublas,FP16,152,120,120,4377600,0.010189,0.012488,0.815887,1.0,True,pass,,1.603756932541728
349,348,Real-World,cublas,FP32,152,120,120,4377600,0.013773,0.018176,0.757746,1.0,True,pass,,1.603756932541728
349,348,Real-World,cublas,INT8,152,120,120,4377600,0.020326,0.011008,1.846512,1.0,True,pass,,1.603756932541728
350,349,Real-World,cublas,FP16,1,256,197,100864,0.009165,0.008704,1.052941,1.0,True,pass,,0.8171079829335213
350,349,Real-World,cublas,FP32,1,256,197,100864,0.012339,0.029798,0.41409,1.0,True,pass,,0.8171079829335213
350,349,Real-World,cublas,INT8,1,256,197,100864,0.003226,0.023808,0.135484,0.0,False,incorrect,Cosine similarity threshold failed,0.8171079829335213
351,350,Real-World,cublas,FP16,16,112,384,1376256,0.010086,0.015974,0.63141,1.0,True,pass,,1.892391523346305
351,350,Real-World,cublas,FP32,16,112,384,1376256,0.017766,0.09472,0.187568,1.0,True,pass,,1.892391523346305
351,350,Real-World,cublas,INT8,16,112,384,1376256,0.013926,0.014899,0.934708,1.0,True,pass,,1.892391523346305
352,351,Real-World,cublas,FP16,198,1,256,101376,0.012237,0.015565,0.786184,1.0,True,pass,,1.7003769036382437
352,351,Real-World,cublas,FP32,198,1,256,101376,0.011622,0.033792,0.343939,1.0,True,pass,,1.7003769036382437
352,351,Real-World,cublas,INT8,198,1,256,101376,0.008755,0.010496,0.834146,1.0,True,pass,,1.7003769036382437
353,352,Real-World,cublas,FP16,32,64,512,2097152,0.012339,0.013568,0.909434,1.0,True,pass,,1.896156944334507
353,352,Real-World,cublas,FP32,32,64,512,2097152,0.028877,0.02857,1.010753,1.0,True,pass,,1.896156944334507
353,352,Real-World,cublas,INT8,32,64,512,2097152,0.012595,0.012032,1.046808,1.0,True,pass,,1.896156944334507
354,353,Real-World,cublas,FP16,32,512,64,2097152,0.009677,0.012749,0.759036,1.0,True,pass,,2.1201848071068525
354,353,Real-World,cublas,FP32,32,512,64,2097152,0.010752,0.013568,0.792453,1.0,True,pass,,2.1201848071068525
354,353,Real-World,cublas,INT8,32,512,64,2097152,0.010496,0.008294,1.265432,1.0,True,pass,,2.1201848071068525
355,354,Real-World,cublas,FP16,512,32,64,2097152,0.009779,0.012134,0.805907,1.0,True,pass,,1.767016977071762
355,354,Real-World,cublas,FP32,512,32,64,2097152,0.010752,0.013773,0.780669,1.0,True,pass,,1.767016977071762
355,354,Real-World,cublas,INT8,512,32,64,2097152,0.014234,0.01024,1.39,1.0,True,pass,,1.767016977071762
356,355,Real-World,cublas,FP16,800,16,48,1228800,0.012646,0.013056,0.968628,1.0,True,pass,,0.7518205270171165
356,355,Real-World,cublas,FP32,800,16,48,1228800,0.010547,0.012032,0.876596,1.0,True,pass,,0.7518205270171165
356,355,Real-World,cublas,INT8,800,16,48,1228800,0.009882,0.00896,1.102857,1.0,True,pass,,0.7518205270171165
357,356,Real-World,cublas,FP16,32,32,800,1638400,0.010086,0.011315,0.891403,1.0,True,pass,,1.8468284830451012
357,356,Real-World,cublas,FP32,32,32,800,1638400,0.01792,0.06103,0.293624,1.0,True,pass,,1.8468284830451012
357,356,Real-World,cublas,INT8,32,32,800,1638400,0.014694,0.016282,0.902516,1.0,True,pass,,1.8468284830451012
358,357,Real-World,cublas,FP16,256,112,64,3670016,0.007936,0.007782,1.019737,1.0,True,pass,,1.6407099328935146
358,357,Real-World,cublas,FP32,256,112,64,3670016,0.010701,0.01408,0.76,1.0,True,pass,,1.6407099328935146
358,357,Real-World,cublas,INT8,256,112,64,3670016,0.008192,0.008243,0.993789,1.0,True,pass,,1.6407099328935146
359,358,Real-World,cublas,FP16,116,16,384,1425408,0.015104,0.015155,0.996622,1.0,True,pass,,0.7411353085190058
359,358,Real-World,cublas,FP32,116,16,384,1425408,0.012902,0.089498,0.144165,1.0,True,pass,,0.7411353085190058
359,358,Real-World,cublas,INT8,116,16,384,1425408,0.009933,0.009779,1.015707,1.0,True,pass,,0.7411353085190058
360,359,Real-World,cublas,FP16,16,112,400,1433600,0.010957,0.012902,0.849206,1.0,True,pass,,1.7463435120880604
360,359,Real-World,cublas,FP32,16,112,400,1433600,0.021248,0.04736,0.448649,1.0,True,pass,,1.7463435120880604
360,359,Real-World,cublas,INT8,16,112,400,1433600,0.014285,0.015155,0.942568,1.0,True,pass,,1.7463435120880604
361,360,Real-World,cublas,FP16,16,400,112,1433600,0.012646,0.012851,0.984064,1.0,True,pass,,1.6833446118980646
361,360,Real-World,cublas,FP32,16,400,112,1433600,0.012698,0.017152,0.740298,1.0,True,pass,,1.6833446118980646
361,360,Real-World,cublas,INT8,16,400,112,1433600,0.014234,0.013414,1.061069,1.0,True,pass,,1.6833446118980646
362,361,Real-World,cublas,FP16,105,10,456,957600,0.01321,0.014592,0.905263,1.0,True,pass,,0.988979984074831
362,361,Real-World,cublas,FP32,105,10,456,957600,0.012186,0.046592,0.261539,1.0,True,pass,,0.988979984074831
362,361,Real-World,cublas,INT8,105,10,456,957600,,,,,False,missing,Running INT8...Error benchmarking size 105x10x456: std::exception,0.988979984074831
363,362,Real-World,cublas,FP16,16,16,1664,851968,0.014797,0.015923,0.92926,1.0,True,pass,,1.6758082751184702
363,362,Real-World,cublas,FP32,16,16,1664,851968,0.08919,0.074496,1.197251,1.0,True,pass,,1.6758082751184702
363,362,Real-World,cublas,INT8,16,16,1664,851968,0.012134,0.014131,0.858696,1.0,True,pass,,1.6758082751184702
364,363,Real-World,cublas,FP16,60,200,162,3888000,0.013568,0.013824,0.981481,1.0,True,pass,,1.580672487616539
364,363,Real-World,cublas,FP32,60,200,162,3888000,0.015565,0.022938,0.678572,1.0,True,pass,,1.580672487616539
364,363,Real-World,cublas,INT8,60,200,162,3888000,0.018381,0.015206,1.208755,0.0,False,incorrect,Cosine similarity threshold failed,1.580672487616539
365,364,Real-World,cublas,FP16,196,10,256,1003520,0.01239,0.014029,0.883212,1.0,True,pass,,0.8812365084886551
365,364,Real-World,cublas,FP32,196,10,256,1003520,0.011213,0.032256,0.347619,1.0,True,pass,,0.8812365084886551
365,364,Real-World,cublas,INT8,196,10,256,1003520,0.009216,0.009933,0.927835,1.0,True,pass,,0.8812365084886551
366,365,Real-World,cublas,FP16,33,101,384,2559744,0.015104,0.017152,0.880597,1.0,True,pass,,2.0361096244305372
366,365,Real-World,cublas,FP32,33,101,384,2559744,0.019763,0.09687,0.204017,1.0,True,pass,,2.0361096244305372
366,365,Real-World,cublas,INT8,33,101,384,2559744,,,,,False,missing,Running INT8...Error benchmarking size 33x101x384: std::exception,2.0361096244305372
367,366,Real-World,cublas,FP16,400,48,80,3072000,0.010086,0.01321,0.763566,1.0,True,pass,,1.6816708594560623
367,366,Real-World,cublas,FP32,400,48,80,3072000,0.012442,0.015258,0.815436,1.0,True,pass,,1.6816708594560623
367,366,Real-World,cublas,INT8,400,48,80,3072000,0.011059,0.008704,1.270588,1.0,True,pass,,1.6816708594560623
368,367,Real-World,cublas,FP16,192,16,256,1572864,0.011059,0.013875,0.797048,1.0,True,pass,,1.6350675746798515
368,367,Real-World,cublas,FP32,192,16,256,1572864,0.011264,0.031693,0.355412,1.0,True,pass,,1.6350675746798515
368,367,Real-World,cublas,INT8,192,16,256,1572864,0.009318,0.009933,0.938144,1.0,True,pass,,1.6350675746798515
369,368,Real-World,cublas,FP16,55,64,449,3160960,0.014694,0.012544,1.171429,1.0,True,pass,,1.8998953700065613
369,368,Real-World,cublas,FP32,55,64,449,3160960,0.02519,0.052838,0.476744,1.0,True,pass,,1.8998953700065613
369,368,Real-World,cublas,INT8,55,64,449,3160960,0.050739,0.032819,1.546022,0.0,False,incorrect,Cosine similarity threshold failed,1.8998953700065613
370,369,Real-World,cublas,FP16,32,5,1536,491520,0.013107,0.015616,0.839344,1.0,True,pass,,0.7962444256991148
370,369,Real-World,cublas,FP32,32,5,1536,491520,0.081869,0.137062,0.597311,1.0,True,pass,,0.7962444256991148
370,369,Real-World,cublas,INT8,32,5,1536,491520,0.011725,0.013722,0.854478,1.0,True,pass,,0.7962444256991148
371,370,Real-World,cublas,FP16,384,16,128,1572864,0.010035,0.013005,0.771654,1.0,True,pass,,1.7870090696960688
371,370,Real-World,cublas,FP32,384,16,128,1572864,0.010957,0.019814,0.552972,1.0,True,pass,,1.7870090696960688
371,370,Real-World,cublas,INT8,384,16,128,1572864,0.009882,0.008909,1.109195,1.0,True,pass,,1.7870090696960688
372,371,Real-World,cublas,FP16,129,256,64,4227072,0.011418,0.012749,0.895582,1.0,True,pass,,1.5098378080874681
372,371,Real-World,cublas,FP32,129,256,64,4227072,0.015616,0.018944,0.824324,1.0,True,pass,,1.5098378080874681
372,371,Real-World,cublas,INT8,129,256,64,4227072,,,,,False,missing,Running INT8...Error benchmarking size 129x256x64: std::exception,1.5098378080874681
373,372,Real-World,cublas,FP16,44,512,64,2883584,0.011366,0.012237,0.92887,1.0,True,pass,,0.7454522363841534
373,372,Real-World,cublas,FP32,44,512,64,2883584,0.011725,0.013824,0.848148,1.0,True,pass,,0.7454522363841534
373,372,Real-World,cublas,INT8,44,512,64,2883584,0.014438,0.008192,1.7625,1.0,True,pass,,0.7454522363841534
374,373,Real-World,cublas,FP16,256,80,112,4587520,0.007987,0.009165,0.871508,1.0,True,pass,,1.841490289196372
374,373,Real-World,cublas,FP32,256,80,112,4587520,0.013414,0.017818,0.752874,1.0,True,pass,,1.841490289196372
374,373,Real-World,cublas,INT8,256,80,112,4587520,0.014182,0.013517,1.049242,1.0,True,pass,,1.841490289196372
375,374,Real-World,cublas,FP16,16,320,160,1638400,0.008346,0.0128,0.652,1.0,True,pass,,1.6253957524895668
375,374,Real-World,cublas,FP32,16,320,160,1638400,0.013414,0.021862,0.613583,1.0,True,pass,,1.6253957524895668
375,374,Real-World,cublas,INT8,16,320,160,1638400,0.012083,0.00937,1.289617,1.0,True,pass,,1.6253957524895668
376,375,Real-World,cublas,FP16,74,100,300,4440000,0.011622,0.01111,1.046083,1.0,True,pass,,0.8268522005528212
376,375,Real-World,cublas,FP32,74,100,300,4440000,0.015974,0.04777,0.334405,1.0,True,pass,,0.8268522005528212
376,375,Real-World,cublas,INT8,74,100,300,4440000,,,,,False,missing,Running INT8...Error benchmarking size 74x100x300: std::exception,0.8268522005528212
377,376,Real-World,cublas,FP16,50,200,200,4000000,0.01111,0.013107,0.847656,1.0,True,pass,,1.8861328791826963
377,376,Real-World,cublas,FP32,50,200,200,4000000,0.016742,0.025293,0.661943,1.0,True,pass,,1.8861328791826963
377,376,Real-World,cublas,INT8,50,200,200,4000000,,,,,False,missing,Running INT8...Error benchmarking size 50x200x200: std::exception,1.8861328791826963
378,377,Real-World,cublas,FP16,256,16,208,1703936,0.014746,0.013926,1.058824,1.0,True,pass,,1.9826121125370264
378,377,Real-World,cublas,FP32,256,16,208,1703936,0.016896,0.027597,0.612245,1.0,True,pass,,1.9826121125370264
378,377,Real-World,cublas,INT8,256,16,208,1703936,0.008806,0.011725,0.751092,1.0,True,pass,,1.9826121125370264
379,378,Real-World,cublas,FP16,79,122,256,4934656,0.012493,0.012595,0.99187,1.0,True,pass,,1.9193547274917364
379,378,Real-World,cublas,FP32,79,122,256,4934656,0.017254,0.035942,0.480057,1.0,True,pass,,1.9193547274917364
379,378,Real-World,cublas,INT8,79,122,256,4934656,,,,,False,missing,Running INT8...Error benchmarking size 79x122x256: std::exception,1.9193547274917364
380,379,Real-World,cublas,FP16,32,400,112,2867200,0.013261,0.0128,1.036,1.0,True,pass,,0.7720813322812319
380,379,Real-World,cublas,FP32,32,400,112,2867200,0.01495,0.019354,0.772487,1.0,True,pass,,0.7720813322812319
380,379,Real-World,cublas,INT8,32,400,112,2867200,0.011418,0.00937,1.218579,1.0,True,pass,,0.7720813322812319
381,380,Real-World,cublas,FP16,24,1536,16,1179648,0.01111,0.012186,0.911765,1.0,True,pass,,1.9681670404970646
381,380,Real-World,cublas,FP32,24,1536,16,1179648,0.012493,0.010803,1.156398,1.0,True,pass,,1.9681670404970646
381,380,Real-World,cublas,INT8,24,1536,16,1179648,0.012646,0.009677,1.306878,1.0,True,pass,,1.9681670404970646
382,381,Real-World,cublas,FP16,22,64,705,1985280,0.016589,0.012749,1.301205,1.0,True,pass,,1.6663995683193207
382,381,Real-World,cublas,FP32,22,64,705,1985280,0.024934,0.023654,1.054113,1.0,True,pass,,1.6663995683193207
382,381,Real-World,cublas,INT8,22,64,705,1985280,0.003328,0.072397,0.045969,0.0,False,incorrect,Cosine similarity threshold failed,1.6663995683193207
383,382,Real-World,cublas,FP16,1,80,768,122880,0.012595,0.013466,0.935361,1.0,True,pass,,0.859488170593977
383,382,Real-World,cublas,FP32,1,80,768,122880,0.012544,0.023501,0.533769,1.0,True,pass,,0.859488170593977
383,382,Real-World,cublas,INT8,1,80,768,122880,,,,,False,missing,Running INT8...Error benchmarking size 1x80x768: std::exception,0.859488170593977
384,383,Real-World,cublas,FP16,190,32,256,3112960,0.010906,0.014285,0.763441,1.0,True,pass,,1.8421914000064135
384,383,Real-World,cublas,FP32,190,32,256,3112960,0.016026,0.031232,0.513115,1.0,True,pass,,1.8421914000064135
384,383,Real-World,cublas,INT8,190,32,256,3112960,,,,,False,missing,Running INT8...Error benchmarking size 190x32x256: std::exception,1.8421914000064135
385,384,Real-World,cublas,FP16,99,108,256,5474304,0.011264,0.012646,0.890688,1.0,True,pass,,1.876007730141282
385,384,Real-World,cublas,FP32,99,108,256,5474304,0.015667,0.032,0.4896,1.0,True,pass,,1.876007730141282
385,384,Real-World,cublas,INT8,99,108,256,5474304,,,,,False,missing,Running INT8...Error benchmarking size 99x108x256: std::exception,1.876007730141282
386,385,Real-World,cublas,FP16,16,128,432,1769472,0.009267,0.010854,0.853773,1.0,True,pass,,1.760918339714408
386,385,Real-World,cublas,FP32,16,128,432,1769472,0.022374,0.049101,0.455683,1.0,True,pass,,1.760918339714408
386,385,Real-World,cublas,INT8,16,128,432,1769472,0.013466,0.01408,0.956363,1.0,True,pass,,1.760918339714408
387,386,Real-World,cublas,FP16,174,80,200,5568000,0.011366,0.01239,0.917355,1.0,True,pass,,0.8218941800296307
387,386,Real-World,cublas,FP32,174,80,200,5568000,0.016333,0.025446,0.641851,1.0,True,pass,,0.8218941800296307
387,386,Real-World,cublas,INT8,174,80,200,5568000,,,,,False,missing,Running INT8...Error benchmarking size 174x80x200: std::exception,0.8218941800296307
388,387,Real-World,cublas,FP16,640,1,100,128000,0.013466,0.011366,1.184685,1.0,True,pass,,1.8759541045874357
388,387,Real-World,cublas,FP32,640,1,100,128000,0.010701,0.01879,0.569482,1.0,True,pass,,1.8759541045874357
388,387,Real-World,cublas,INT8,640,1,100,128000,0.009574,0.009523,1.005376,1.0,True,pass,,1.8759541045874357
389,388,Real-World,cublas,FP16,84,128,256,5505024,0.011264,0.012237,0.920502,1.0,True,pass,,1.6789420079439878
389,388,Real-World,cublas,FP32,84,128,256,5505024,0.013722,0.032461,0.422713,1.0,True,pass,,1.6789420079439878
389,388,Real-World,cublas,INT8,84,128,256,5505024,0.010598,0.009779,1.08377,1.0,True,pass,,1.6789420079439878
390,389,Real-World,cublas,FP16,16,240,240,1843200,0.014182,0.014746,0.961806,1.0,True,pass,,0.9767757095396519
390,389,Real-World,cublas,FP32,16,240,240,1843200,0.014336,0.030464,0.470588,1.0,True,pass,,0.9767757095396519
390,389,Real-World,cublas,INT8,16,240,240,1843200,0.011264,0.009933,1.13402,1.0,True,pass,,0.9767757095396519
391,390,Real-World,cublas,FP16,48,32,800,2457600,0.014336,0.013875,1.033211,1.0,True,pass,,1.6970186829566956
391,390,Real-World,cublas,FP32,48,32,800,2457600,0.017254,0.060774,0.283909,1.0,True,pass,,1.6970186829566956
391,390,Real-World,cublas,INT8,48,32,800,2457600,0.012237,0.011418,1.071749,1.0,True,pass,,1.6970186829566956
392,391,Real-World,cublas,FP16,1,1,32768,65536,0.011674,0.041677,0.280098,1.0,True,pass,,1.573361363261938
392,391,Real-World,cublas,FP32,1,1,32768,65536,0.012851,2.807347,0.004578,1.0,True,pass,,1.573361363261938
392,391,Real-World,cublas,INT8,1,1,32768,65536,,,,,False,missing,Running INT8...Error benchmarking size 1x1x32768: std::exception,1.573361363261938
393,392,Real-World,cublas,FP16,16,16,2048,1048576,0.013517,0.028467,0.47482,1.0,True,pass,,0.7499407716095448
393,392,Real-World,cublas,FP32,16,16,2048,1048576,0.106086,0.097587,1.087093,1.0,True,pass,,0.7499407716095448
393,392,Real-World,cublas,INT8,16,16,2048,1048576,0.01321,0.015974,0.826923,1.0,True,pass,,0.7499407716095448
394,393,Real-World,cublas,FP16,52,400,100,4160000,0.009011,0.008346,1.079754,1.0,True,pass,,1.994874207302928
394,393,Real-World,cublas,FP32,52,400,100,4160000,0.013414,0.017152,0.782089,1.0,True,pass,,1.994874207302928
394,393,Real-World,cublas,INT8,52,400,100,4160000,0.017715,0.008141,2.176101,1.0,True,pass,,1.994874207302928
395,394,Real-World,cublas,FP16,64,1,1034,132352,0.042854,0.020326,2.108313,1.0,True,pass,,1.6081933286041021
395,394,Real-World,cublas,FP32,64,1,1034,132352,0.012493,0.070912,0.176173,1.0,True,pass,,1.6081933286041021
395,394,Real-World,cublas,INT8,64,1,1034,132352,0.017766,0.026419,0.672481,0.0,False,incorrect,Cosine similarity threshold failed,1.6081933286041021
396,395,Real-World,cublas,FP16,16,112,512,1835008,0.0128,0.013568,0.943396,1.0,True,pass,,0.8182883448898792
396,395,Real-World,cublas,FP32,16,112,512,1835008,0.021402,0.02217,0.965358,1.0,True,pass,,0.8182883448898792
396,395,Real-World,cublas,INT8,16,112,512,1835008,0.028058,0.015309,1.832776,1.0,True,pass,,0.8182883448898792
397,396,Real-World,cublas,FP16,48,400,112,4300800,0.012851,0.013158,0.976654,1.0,True,pass,,1.7869944386184216
397,396,Real-World,cublas,FP32,48,400,112,4300800,0.01239,0.017613,0.703488,1.0,True,pass,,1.7869944386184216
397,396,Real-World,cublas,INT8,48,400,112,4300800,0.011059,0.008397,1.317073,1.0,True,pass,,1.7869944386184216
398,397,Real-World,cublas,FP16,64,208,208,5537792,0.010701,0.012749,0.839357,1.0,True,pass,,1.702401626855135
398,397,Real-World,cublas,FP32,64,208,208,5537792,0.016589,0.026112,0.635294,1.0,True,pass,,1.702401626855135
398,397,Real-World,cublas,INT8,64,208,208,5537792,0.011162,0.009677,1.153439,1.0,True,pass,,1.702401626855135
399,398,Real-World,cublas,FP16,171,200,100,6840000,0.009062,0.008397,1.079268,1.0,True,pass,,1.0106306411325932
399,398,Real-World,cublas,FP32,171,200,100,6840000,0.014746,0.024678,0.59751,1.0,True,pass,,1.0106306411325932
399,398,Real-World,cublas,INT8,171,200,100,6840000,,,,,False,missing,Running INT8...Error benchmarking size 171x200x100: std::exception,1.0106306411325932
400,399,Real-World,cublas,FP16,100,100,309,6180000,0.013568,0.010138,1.338384,1.0,True,pass,,1.7567724511027336
400,399,Real-World,cublas,FP32,100,100,309,6180000,0.016333,0.049101,0.332638,1.0,True,pass,,1.7567724511027336
400,399,Real-World,cublas,INT8,100,100,309,6180000,0.00983,0.023603,0.416486,0.0,False,incorrect,Cosine similarity threshold failed,1.7567724511027336
401,400,Real-World,cublas,FP16,93,24,600,2678400,0.015923,0.013568,1.173585,1.0,True,pass,,1.8387638088315725
401,400,Real-World,cublas,FP32,93,24,600,2678400,0.015718,0.052582,0.298929,1.0,True,pass,,1.8387638088315725
401,400,Real-World,cublas,INT8,93,24,600,2678400,,,,,False,missing,Running INT8...Error benchmarking size 93x24x600: std::exception,1.8387638088315725
402,401,Real-World,cublas,FP16,69,64,513,4530816,0.015667,0.011418,1.372198,1.0,True,pass,,1.770553508773446
402,401,Real-World,cublas,FP32,69,64,513,4530816,0.015514,0.057446,0.270053,1.0,True,pass,,1.770553508773446
402,401,Real-World,cublas,INT8,69,64,513,4530816,0.003174,0.046592,0.068132,0.0,False,incorrect,Cosine similarity threshold failed,1.770553508773446
403,402,Real-World,cublas,FP16,108,64,385,5322240,0.011776,0.010445,1.127451,1.0,True,pass,,0.8459072932600975
403,402,Real-World,cublas,FP32,108,64,385,5322240,0.016435,0.04137,0.397277,1.0,True,pass,,0.8459072932600975
403,402,Real-World,cublas,INT8,108,64,385,5322240,0.010035,0.028365,0.353791,0.0,False,incorrect,Cosine similarity threshold failed,0.8459072932600975
404,403,Real-World,cublas,FP16,47,128,384,4620288,0.014899,0.016128,0.923809,1.0,True,pass,,1.8677786700427532
404,403,Real-World,cublas,FP32,47,128,384,4620288,0.016384,0.089498,0.183066,1.0,True,pass,,1.8677786700427532
404,403,Real-World,cublas,INT8,47,128,384,4620288,,,,,False,missing,Running INT8...Error benchmarking size 47x128x384: std::exception,1.8677786700427532
405,404,Real-World,cublas,FP16,16,256,256,2097152,0.013414,0.01495,0.89726,1.0,True,pass,,1.5928257405757904
405,404,Real-World,cublas,FP32,16,256,256,2097152,0.014848,0.029901,0.496575,1.0,True,pass,,1.5928257405757904
405,404,Real-World,cublas,INT8,16,256,256,2097152,0.014541,0.014234,1.021583,1.0,True,pass,,1.5928257405757904
406,405,Real-World,cublas,FP16,1,384,192,147456,0.008704,0.013363,0.651341,1.0,True,pass,,0.9752935040742159
406,405,Real-World,cublas,FP32,1,384,192,147456,0.00855,0.024883,0.343621,1.0,True,pass,,0.9752935040742159
406,405,Real-World,cublas,INT8,1,384,192,147456,,,,,False,missing,Running INT8...Error benchmarking size 1x384x192: std::exception,0.9752935040742159
407,406,Real-World,cublas,FP16,1,192,384,147456,0.013414,0.015821,0.847897,1.0,True,pass,,1.9172517880797386
407,406,Real-World,cublas,FP32,1,192,384,147456,0.008397,0.091648,0.09162,1.0,True,pass,,1.9172517880797386
407,406,Real-World,cublas,INT8,1,192,384,147456,,,,,False,missing,Running INT8...Error benchmarking size 1x192x384: std::exception,1.9172517880797386
408,407,Real-World,cublas,FP16,320,16,208,2129920,0.01536,0.020787,0.738916,1.0,True,pass,,1.7458104006946087
408,407,Real-World,cublas,FP32,320,16,208,2129920,0.013978,0.03072,0.455,1.0,True,pass,,1.7458104006946087
408,407,Real-World,cublas,INT8,320,16,208,2129920,0.013517,0.012954,1.043478,1.0,True,pass,,1.7458104006946087
409,408,Real-World,cublas,FP16,32,2304,1,147456,0.008602,0.00855,1.005988,1.0,True,pass,,1.706934329122305
409,408,Real-World,cublas,FP32,32,2304,1,147456,0.008294,0.008499,0.975904,1.0,True,pass,,1.706934329122305
409,408,Real-World,cublas,INT8,32,2304,1,147456,0.021299,0.010957,1.943925,0.0,False,incorrect,Cosine similarity threshold failed,1.706934329122305
410,409,Real-World,cublas,FP16,150,2,500,300000,0.012339,0.012902,0.956349,1.0,True,pass,,0.9589934349060059
410,409,Real-World,cublas,FP32,150,2,500,300000,0.01449,0.028109,0.515483,1.0,True,pass,,0.9589934349060059
410,409,Real-World,cublas,INT8,150,2,500,300000,,,,,False,missing,Running INT8...Error benchmarking size 150x2x500: std::exception,0.9589934349060059
411,410,Real-World,cublas,FP16,64,400,112,5734400,0.01024,0.012646,0.809717,1.0,True,pass,,1.7122671194374561
411,410,Real-World,cublas,FP32,64,400,112,5734400,0.013158,0.018022,0.730113,1.0,True,pass,,1.7122671194374561
411,410,Real-World,cublas,INT8,64,400,112,5734400,0.010803,0.008602,1.255952,1.0,True,pass,,1.7122671194374561
412,411,Real-World,cublas,FP16,58,200,256,5939200,0.010035,0.012544,0.8,1.0,True,pass,,1.5013301093131304
412,411,Real-World,cublas,FP32,58,200,256,5939200,0.015258,0.030669,0.497496,1.0,True,pass,,1.5013301093131304
412,411,Real-World,cublas,INT8,58,200,256,5939200,,,,,False,missing,Running INT8...Error benchmarking size 58x200x256: std::exception,1.5013301093131304
413,412,Real-World,cublas,FP16,192,64,256,6291456,0.012749,0.012442,1.024691,1.0,True,pass,,0.7451912891119719
413,412,Real-World,cublas,FP32,192,64,256,6291456,0.015667,0.031744,0.493548,1.0,True,pass,,0.7451912891119719
413,412,Real-World,cublas,INT8,192,64,256,6291456,0.01111,0.00983,1.130208,1.0,True,pass,,0.7451912891119719
414,413,Real-World,cublas,FP16,800,32,64,3276800,0.010189,0.012186,0.836134,1.0,True,pass,,1.90015703253448
414,413,Real-World,cublas,FP32,800,32,64,3276800,0.010752,0.013875,0.774908,1.0,True,pass,,1.90015703253448
414,413,Real-World,cublas,INT8,800,32,64,3276800,0.010189,0.008038,1.267516,1.0,True,pass,,1.90015703253448
415,414,Real-World,cublas,FP16,512,64,80,5242880,0.012954,0.01239,1.045454,1.0,True,pass,,1.7184207811951637
415,414,Real-World,cublas,FP32,512,64,80,5242880,0.015974,0.02007,0.795918,1.0,True,pass,,1.7184207811951637
415,414,Real-World,cublas,INT8,512,64,80,5242880,0.014592,0.013568,1.075472,1.0,True,pass,,1.7184207811951637
416,415,Real-World,cublas,FP16,26,257,257,3434548,0.013517,0.009472,1.427027,1.0,True,pass,,0.6958974320441484
416,415,Real-World,cublas,FP32,26,257,257,3434548,0.016128,0.043725,0.368853,1.0,True,pass,,0.6958974320441484
416,415,Real-World,cublas,INT8,26,257,257,3434548,0.022016,0.021965,1.002331,0.0,False,incorrect,Cosine similarity threshold failed,0.6958974320441484
417,416,Real-World,cublas,FP16,368,96,96,6782976,0.012493,0.012851,0.972112,1.0,True,pass,,1.8683614041656256
417,416,Real-World,cublas,FP32,368,96,96,6782976,0.011571,0.016742,0.691131,1.0,True,pass,,1.8683614041656256
417,416,Real-World,cublas,INT8,368,96,96,6782976,0.009882,0.008038,1.229299,1.0,True,pass,,1.8683614041656256
418,417,Real-World,cublas,FP16,32,256,256,4194304,0.013926,0.01577,0.883117,1.0,True,pass,,1.704316221177578
418,417,Real-World,cublas,FP32,32,256,256,4194304,0.013568,0.031488,0.430894,1.0,True,pass,,1.704316221177578
418,417,Real-World,cublas,INT8,32,256,256,4194304,0.009165,0.009984,0.917949,1.0,True,pass,,1.704316221177578
419,418,Real-World,cublas,FP16,16,208,352,2342912,0.008755,0.012544,0.697959,1.0,True,pass,,0.8883197121322155
419,418,Real-World,cublas,FP32,16,208,352,2342912,0.017101,0.082893,0.2063,1.0,True,pass,,0.8883197121322155
419,418,Real-World,cublas,INT8,16,208,352,2342912,0.011366,0.010342,1.09901,1.0,True,pass,,0.8883197121322155
420,419,Real-World,cublas,FP16,32,256,259,4243456,0.016282,0.014541,1.119718,1.0,True,pass,,1.7344047483056784
420,419,Real-World,cublas,FP32,32,256,259,4243456,0.016282,0.043059,0.378121,1.0,True,pass,,1.7344047483056784
420,419,Real-World,cublas,INT8,32,256,259,4243456,0.01024,0.024474,0.41841,0.0,False,incorrect,Cosine similarity threshold failed,1.7344047483056784
421,420,Real-World,cublas,FP16,1,864,96,165888,0.009216,0.012749,0.722892,1.0,True,pass,,1.5349593795835972
421,420,Real-World,cublas,FP32,1,864,96,165888,0.012595,0.019046,0.66129,1.0,True,pass,,1.5349593795835972
421,420,Real-World,cublas,INT8,1,864,96,165888,,,,,False,missing,Running INT8...Error benchmarking size 1x864x96: std::exception,1.5349593795835972
422,421,Real-World,cublas,FP16,1,96,864,165888,0.010752,0.010138,1.060606,1.0,True,pass,,1.04077672585845
422,421,Real-World,cublas,FP32,1,96,864,165888,0.013875,0.064973,0.213554,1.0,True,pass,,1.04077672585845
422,421,Real-World,cublas,INT8,1,96,864,165888,,,,,False,missing,Running INT8...Error benchmarking size 1x96x864: std::exception,1.04077672585845
423,422,Real-World,cublas,FP16,64,16,1040,2129920,0.015514,0.014592,1.063158,1.0,True,pass,,1.8702018726617098
423,422,Real-World,cublas,FP32,64,16,1040,2129920,0.023091,0.074957,0.30806,1.0,True,pass,,1.8702018726617098
423,422,Real-World,cublas,INT8,64,16,1040,2129920,0.012493,0.013005,0.96063,1.0,True,pass,,1.8702018726617098
424,423,Real-World,cublas,FP16,190,256,80,7782400,0.010547,0.012749,0.827309,1.0,True,pass,,1.721194539219141
424,423,Real-World,cublas,FP32,190,256,80,7782400,0.012646,0.015258,0.828859,1.0,True,pass,,1.721194539219141
424,423,Real-World,cublas,INT8,190,256,80,7782400,,,,,False,missing,Running INT8...Error benchmarking size 190x256x80: std::exception,1.721194539219141
425,424,Real-World,cublas,FP16,80,400,112,7168000,0.012851,0.012493,1.028688,1.0,True,pass,,1.8667211886495352
425,424,Real-World,cublas,FP32,80,400,112,7168000,0.137011,0.021862,6.266981,1.0,True,pass,,1.8667211886495352
425,424,Real-World,cublas,INT8,80,400,112,7168000,0.027034,0.010701,2.526316,1.0,True,pass,,1.8667211886495352
426,425,Real-World,cublas,FP16,59,98,512,5920768,0.016077,0.013773,1.167286,1.0,True,pass,,0.9439092706888914
426,425,Real-World,cublas,FP32,59,98,512,5920768,0.017971,0.022374,0.803204,1.0,True,pass,,0.9439092706888914
426,425,Real-World,cublas,INT8,59,98,512,5920768,,,,,False,missing,Running INT8...Error benchmarking size 59x98x512: std::exception,0.9439092706888914
427,426,Real-World,cublas,FP16,112,48,512,5505024,0.011418,0.013107,0.871094,1.0,True,pass,,1.7486765999346972
427,426,Real-World,cublas,FP32,112,48,512,5505024,0.01536,0.020838,0.737101,1.0,True,pass,,1.7486765999346972
427,426,Real-World,cublas,INT8,112,48,512,5505024,0.012032,0.01024,1.175,1.0,True,pass,,1.7486765999346972
428,427,Real-World,cublas,FP16,32,100,640,4096000,0.015258,0.013056,1.168627,1.0,True,pass,,1.5099674332886934
428,427,Real-World,cublas,FP32,32,100,640,4096000,0.024474,0.020736,1.180247,1.0,True,pass,,1.5099674332886934
428,427,Real-World,cublas,INT8,32,100,640,4096000,0.012186,0.01111,1.096774,1.0,True,pass,,1.5099674332886934
429,428,Real-World,cublas,FP16,78,192,274,8206848,0.013107,0.012442,1.053498,1.0,True,pass,,0.736618934199214
429,428,Real-World,cublas,FP32,78,192,274,8206848,0.016589,0.044954,0.369021,1.0,True,pass,,0.736618934199214
429,428,Real-World,cublas,INT8,78,192,274,8206848,0.009574,0.01239,0.772727,0.0,False,incorrect,Cosine similarity threshold failed,0.736618934199214
430,429,Real-World,cublas,FP16,928,64,30,3563520,0.007731,0.008448,0.915151,1.0,True,pass,,1.8417160883545876
430,429,Real-World,cublas,FP32,928,64,30,3563520,0.011315,0.011213,1.009132,1.0,True,pass,,1.8417160883545876
430,429,Real-World,cublas,INT8,928,64,30,3563520,0.010445,0.007322,1.426573,0.0,False,incorrect,Cosine similarity threshold failed,1.8417160883545876
431,430,Real-World,cublas,FP16,128,10,640,1638400,0.015258,0.018125,0.841808,1.0,True,pass,,1.747546510770917
431,430,Real-World,cublas,FP32,128,10,640,1638400,0.016435,0.027699,0.593346,1.0,True,pass,,1.747546510770917
431,430,Real-World,cublas,INT8,128,10,640,1638400,0.018278,0.016333,1.119122,1.0,True,pass,,1.747546510770917
432,431,Real-World,cublas,FP16,16,288,288,2654208,0.013107,0.014694,0.891986,1.0,True,pass,,0.7357951514422894
432,431,Real-World,cublas,FP32,16,288,288,2654208,0.016026,0.032819,0.488299,1.0,True,pass,,0.7357951514422894
432,431,Real-World,cublas,INT8,16,288,288,2654208,0.011059,0.00937,1.180328,1.0,True,pass,,0.7357951514422894
433,432,Real-World,cublas,FP16,23040,1,3,138240,0.00937,0.008499,1.102409,1.0,True,pass,,1.7882985919713974
433,432,Real-World,cublas,FP32,23040,1,3,138240,0.009165,0.010701,0.856459,1.0,True,pass,,1.7882985919713974
433,432,Real-World,cublas,INT8,23040,1,3,138240,0.009472,0.016947,0.558912,0.0,False,incorrect,Cosine similarity threshold failed,1.7882985919713974
434,433,Real-World,cublas,FP16,73,240,240,8409600,0.011264,0.010086,1.116751,1.0,True,pass,,1.8916327226907015
434,433,Real-World,cublas,FP32,73,240,240,8409600,0.019712,0.033741,0.584219,1.0,True,pass,,1.8916327226907015
434,433,Real-World,cublas,INT8,73,240,240,8409600,,,,,False,missing,Running INT8...Error benchmarking size 73x240x240: std::exception,1.8916327226907015
435,434,Real-World,cublas,FP16,400,16,208,2662400,0.010957,0.014387,0.761566,1.0,True,pass,,0.7971842754632235
435,434,Real-World,cublas,FP32,400,16,208,2662400,0.011418,0.026573,0.429672,1.0,True,pass,,0.7971842754632235
435,434,Real-World,cublas,INT8,400,16,208,2662400,0.010138,0.009933,1.020619,1.0,True,pass,,0.7971842754632235
436,435,Real-World,cublas,FP16,5,300,300,900000,0.013414,0.011827,1.134199,1.0,True,pass,,1.8383464980870485
436,435,Real-World,cublas,FP32,5,300,300,900000,0.016691,0.033331,0.500768,1.0,True,pass,,1.8383464980870485
436,435,Real-World,cublas,INT8,5,300,300,900000,,,,,False,missing,Running INT8...Error benchmarking size 5x300x300: std::exception,1.8383464980870485
437,436,Real-World,cublas,FP16,44,128,512,5767168,0.013824,0.013568,1.018868,1.0,True,pass,,1.6271090880036354
437,436,Real-World,cublas,FP32,44,128,512,5767168,0.018381,0.022784,0.806742,1.0,True,pass,,1.6271090880036354
437,436,Real-World,cublas,INT8,44,128,512,5767168,0.011622,0.009933,1.170103,1.0,True,pass,,1.6271090880036354
438,437,Real-World,cublas,FP16,161,256,128,10551296,0.02688,0.007424,3.62069,1.0,True,pass,,0.9055093619972467
438,437,Real-World,cublas,FP32,161,256,128,10551296,0.014541,0.027802,0.52302,1.0,True,pass,,0.9055093619972467
438,437,Real-World,cublas,INT8,161,256,128,10551296,,,,,False,missing,Running INT8...Error benchmarking size 161x256x128: std::exception,0.9055093619972467
439,438,Real-World,cublas,FP16,32,112,640,4587520,0.01367,0.013363,1.022989,1.0,True,pass,,1.7539129480719566
439,438,Real-World,cublas,FP32,32,112,640,4587520,0.014131,0.028006,0.50457,1.0,True,pass,,1.7539129480719566
439,438,Real-World,cublas,INT8,32,112,640,4587520,0.012032,0.011213,1.07306,1.0,True,pass,,1.7539129480719566
440,439,Real-World,cublas,FP16,1488,16,48,2285568,0.00983,0.012954,0.758893,1.0,True,pass,,1.77424281463027
440,439,Real-World,cublas,FP32,1488,16,48,2285568,0.011878,0.012339,0.962655,1.0,True,pass,,1.77424281463027
440,439,Real-World,cublas,INT8,1488,16,48,2285568,0.011366,0.008294,1.37037,1.0,True,pass,,1.77424281463027
441,440,Real-World,cublas,FP16,60,256,256,7864320,0.01367,0.01577,0.866883,1.0,True,pass,,1.6954068057239056
441,440,Real-World,cublas,FP32,60,256,256,7864320,0.015667,0.031078,0.504119,1.0,True,pass,,1.6954068057239056
441,440,Real-World,cublas,INT8,60,256,256,7864320,0.013056,0.009574,1.363636,1.0,True,pass,,1.6954068057239056
442,441,Real-World,cublas,FP16,512,112,64,7340032,0.012698,0.017664,0.718841,1.0,True,pass,,0.861087191849947
442,441,Real-World,cublas,FP32,512,112,64,7340032,0.010445,0.014029,0.744526,1.0,True,pass,,0.861087191849947
442,441,Real-World,cublas,INT8,512,112,64,7340032,0.010445,0.00809,1.291139,1.0,True,pass,,0.861087191849947
443,442,Real-World,cublas,FP16,128,320,128,10485760,0.008294,0.008294,1.0,1.0,True,pass,,2.0237874146550894
443,442,Real-World,cublas,FP32,128,320,128,10485760,0.013619,0.027392,0.497196,1.0,True,pass,,2.0237874146550894
443,442,Real-World,cublas,INT8,128,320,128,10485760,0.008704,0.009011,0.965909,1.0,True,pass,,2.0237874146550894
444,443,Real-World,cublas,FP16,63,1,1536,193536,0.012288,0.015514,0.792079,1.0,True,pass,,1.607655931264162
444,443,Real-World,cublas,FP32,63,1,1536,193536,0.013875,0.137165,0.101157,1.0,True,pass,,1.607655931264162
444,443,Real-World,cublas,INT8,63,1,1536,193536,0.011469,0.013824,0.82963,1.0,True,pass,,1.607655931264162
445,444,Real-World,cublas,FP16,39,256,300,5990400,0.01408,0.013158,1.070039,1.0,True,pass,,1.835967157036066
445,444,Real-World,cublas,FP32,39,256,300,5990400,0.017459,0.04951,0.352637,1.0,True,pass,,1.835967157036066
445,444,Real-World,cublas,INT8,39,256,300,5990400,,,,,False,missing,Running INT8...Error benchmarking size 39x256x300: std::exception,1.835967157036066
446,445,Real-World,cublas,FP16,99,80,512,8110080,0.011725,0.01152,1.017778,1.0,True,pass,,0.9891900308430195
446,445,Real-World,cublas,FP32,99,80,512,8110080,0.016998,0.02089,0.813725,1.0,True,pass,,0.9891900308430195
446,445,Real-World,cublas,INT8,99,80,512,8110080,,,,,False,missing,Running INT8...Error benchmarking size 99x80x512: std::exception,0.9891900308430195
447,446,Real-World,cublas,FP16,174,128,256,11403264,0.009626,0.011571,0.831858,1.0,True,pass,,2.0323445480316877
447,446,Real-World,cublas,FP32,174,128,256,11403264,0.01664,0.031846,0.522508,1.0,True,pass,,2.0323445480316877
447,446,Real-World,cublas,INT8,174,128,256,11403264,,,,,False,missing,Running INT8...Error benchmarking size 174x128x256: std::exception,2.0323445480316877
448,447,Real-World,cublas,FP16,384,2,256,393216,0.010854,0.01408,0.770909,1.0,True,pass,,1.767295602709055
448,447,Real-World,cublas,FP32,384,2,256,393216,0.009523,0.030976,0.307438,1.0,True,pass,,1.767295602709055
448,447,Real-World,cublas,INT8,384,2,256,393216,0.00855,0.009677,0.883598,1.0,True,pass,,1.767295602709055
449,448,Real-World,cublas,FP16,183,10,512,1873920,0.01751,0.013619,1.285714,1.0,True,pass,,1.809334745630622
449,448,Real-World,cublas,FP32,183,10,512,1873920,0.012134,0.020378,0.595477,1.0,True,pass,,1.809334745630622
449,448,Real-World,cublas,INT8,183,10,512,1873920,,,,,False,missing,Running INT8...Error benchmarking size 183x10x512: std::exception,1.809334745630622
450,449,Real-World,cublas,FP16,384,4,256,786432,0.010342,0.013056,0.792157,1.0,True,pass,,0.8724867235869169
450,449,Real-World,cublas,FP32,384,4,256,786432,0.009472,0.030771,0.30782,1.0,True,pass,,0.8724867235869169
450,449,Real-World,cublas,INT8,384,4,256,786432,0.01321,0.014336,0.921429,1.0,True,pass,,0.8724867235869169
451,450,Real-World,cublas,FP16,100,1,1000,200000,0.010957,0.010445,1.049019,1.0,True,pass,,1.8836938962340355
451,450,Real-World,cublas,FP32,100,1,1000,200000,0.013261,0.068557,0.193428,1.0,True,pass,,1.8836938962340355
451,450,Real-World,cublas,INT8,100,1,1000,200000,0.011162,0.016026,0.696485,1.0,True,pass,,1.8836938962340355
452,451,Real-World,cublas,FP16,400,80,144,9216000,0.012442,0.012646,0.983806,1.0,True,pass,,1.488431140780449
452,451,Real-World,cublas,FP32,400,80,144,9216000,0.013926,0.020685,0.673267,1.0,True,pass,,1.488431140780449
452,451,Real-World,cublas,INT8,400,80,144,9216000,0.011366,0.009165,1.240223,1.0,True,pass,,1.488431140780449
453,452,Real-World,cublas,FP16,8,312,312,1557504,0.013517,0.014746,0.916667,1.0,True,pass,,0.7408466413617134
453,452,Real-World,cublas,FP32,8,312,312,1557504,0.01792,0.036659,0.488827,1.0,True,pass,,0.7408466413617134
453,452,Real-World,cublas,INT8,8,312,312,1557504,0.01367,0.011827,1.155844,1.0,True,pass,,0.7408466413617134
454,453,Real-World,cublas,FP16,64,64,769,6299648,0.016282,0.014029,1.160584,1.0,True,pass,,1.901933228597045
454,453,Real-World,cublas,FP32,64,64,769,6299648,0.015667,0.080128,0.195527,1.0,True,pass,,1.901933228597045
454,453,Real-World,cublas,INT8,64,64,769,6299648,0.01152,0.048435,0.237844,0.0,False,incorrect,Cosine similarity threshold failed,1.901933228597045
455,454,Real-World,cublas,FP16,32,208,400,5324800,0.011725,0.012954,0.905138,1.0,True,pass,,1.5899876467883587
455,454,Real-World,cublas,FP32,32,208,400,5324800,0.017152,0.042496,0.403614,1.0,True,pass,,1.5899876467883587
455,454,Real-World,cublas,INT8,32,208,400,5324800,0.016077,0.013005,1.23622,1.0,True,pass,,1.5899876467883587
456,455,Real-World,cublas,FP16,1600,16,48,2457600,0.007936,0.010445,0.759804,1.0,True,pass,,0.8821447808295488
456,455,Real-World,cublas,FP32,1600,16,48,2457600,0.010598,0.011981,0.884615,1.0,True,pass,,0.8821447808295488
456,455,Real-World,cublas,INT8,1600,16,48,2457600,0.011264,0.009062,1.242938,1.0,True,pass,,0.8821447808295488
457,456,Real-World,cublas,FP16,16,256,368,3014656,0.013261,0.01536,0.863333,1.0,True,pass,,1.6059436202049255
457,456,Real-World,cublas,FP32,16,256,368,3014656,0.017766,0.085402,0.208034,1.0,True,pass,,1.6059436202049255
457,456,Real-World,cublas,INT8,16,256,368,3014656,0.011571,0.010342,1.118812,1.0,True,pass,,1.6059436202049255
458,457,Real-World,cublas,FP16,384,10,256,1966080,0.010394,0.013722,0.757463,1.0,True,pass,,1.993215523660183
458,457,Real-World,cublas,FP32,384,10,256,1966080,0.010291,0.030822,0.333887,1.0,True,pass,,1.993215523660183
458,457,Real-World,cublas,INT8,384,10,256,1966080,0.00937,0.009626,0.973404,1.0,True,pass,,1.993215523660183
459,458,Real-World,cublas,FP16,25,300,300,4500000,0.013261,0.011418,1.161435,1.0,True,pass,,1.7995016351342201
459,458,Real-World,cublas,FP32,25,300,300,4500000,0.014234,0.055091,0.258364,1.0,True,pass,,1.7995016351342201
459,458,Real-World,cublas,INT8,25,300,300,4500000,,,,,False,missing,Running INT8...Error benchmarking size 25x300x300: std::exception,1.7995016351342201
460,459,Real-World,cublas,FP16,192,96,304,11206656,0.012851,0.0128,1.004,1.0,True,pass,,0.7618278060108423
460,459,Real-World,cublas,FP32,192,96,304,11206656,0.016691,0.048026,0.347548,1.0,True,pass,,0.7618278060108423
460,459,Real-World,cublas,INT8,192,96,304,11206656,0.014694,0.015258,0.963087,1.0,True,pass,,0.7618278060108423
461,460,Real-World,cublas,FP16,800,48,80,6144000,0.014643,0.015104,0.969492,1.0,True,pass,,1.8606369830667973
461,460,Real-World,cublas,FP32,800,48,80,6144000,0.011571,0.01577,0.733766,1.0,True,pass,,1.8606369830667973
461,460,Real-World,cublas,INT8,800,48,80,6144000,0.010752,0.008806,1.22093,1.0,True,pass,,1.8606369830667973
462,461,Real-World,cublas,FP16,800,64,64,6553600,0.016691,0.0128,1.304,1.0,True,pass,,1.716734817251563
462,461,Real-World,cublas,FP32,800,64,64,6553600,0.011571,0.014234,0.81295,1.0,True,pass,,1.716734817251563
462,461,Real-World,cublas,INT8,800,64,64,6553600,0.029542,0.014234,2.075539,1.0,True,pass,,1.716734817251563
463,462,Real-World,cublas,FP16,102,1024,2,417792,0.008038,0.008704,0.92353,1.0,True,pass,,0.8497486561536789
463,462,Real-World,cublas,FP32,102,1024,2,417792,0.011059,0.009114,1.213483,1.0,True,pass,,0.8497486561536789
463,462,Real-World,cublas,INT8,102,1024,2,417792,0.01024,0.01367,0.749064,0.0,False,incorrect,Cosine similarity threshold failed,0.8497486561536789
464,463,Real-World,cublas,FP16,512,80,112,9175040,0.050176,0.013005,3.858268,1.0,True,pass,,1.8366013821214437
464,463,Real-World,cublas,FP32,512,80,112,9175040,0.013363,0.025037,0.533742,1.0,True,pass,,1.8366013821214437
464,463,Real-World,cublas,INT8,512,80,112,9175040,0.011264,0.008858,1.271676,1.0,True,pass,,1.8366013821214437
465,464,Real-World,cublas,FP16,102,75,564,8629200,0.01536,0.013312,1.153846,1.0,True,pass,,1.8504752609878778
465,464,Real-World,cublas,FP32,102,75,564,8629200,0.016384,0.019251,0.851064,1.0,True,pass,,1.8504752609878778
465,464,Real-World,cublas,INT8,102,75,564,8629200,,,,,False,missing,Running INT8...Error benchmarking size 102x75x564: std::exception,1.8504752609878778
466,465,Real-World,cublas,FP16,138,53,532,7782096,0.01536,0.012595,1.219512,1.0,True,pass,,2.0061204731464386
466,465,Real-World,cublas,FP32,138,53,532,7782096,0.019558,0.025958,0.753452,1.0,True,pass,,2.0061204731464386
466,465,Real-World,cublas,INT8,138,53,532,7782096,,,,,False,missing,Running INT8...Error benchmarking size 138x53x532: std::exception,2.0061204731464386
467,466,Real-World,cublas,FP16,200,10,512,2048000,0.01664,0.01408,1.181818,1.0,True,pass,,0.8476502001285553
467,466,Real-World,cublas,FP32,200,10,512,2048000,0.019456,0.022989,0.846325,1.0,True,pass,,0.8476502001285553
467,466,Real-World,cublas,INT8,200,10,512,2048000,0.0128,0.012134,1.054852,1.0,True,pass,,0.8476502001285553
468,467,Real-World,cublas,FP16,75,200,350,10500000,0.016179,0.017818,0.908046,1.0,True,pass,,2.008546333760023
468,467,Real-World,cublas,FP32,75,200,350,10500000,0.022067,0.091392,0.241457,1.0,True,pass,,2.008546333760023
468,467,Real-World,cublas,INT8,75,200,350,10500000,,,,,False,missing,Running INT8...Error benchmarking size 75x200x350: std::exception,2.008546333760023
469,468,Real-World,cublas,FP16,37,64,1089,5157504,0.015616,0.015565,1.003289,1.0,True,pass,,1.5334997735917568
469,468,Real-World,cublas,FP32,37,64,1089,5157504,0.019507,0.105574,0.184772,1.0,True,pass,,1.5334997735917568
469,468,Real-World,cublas,INT8,37,64,1089,5157504,0.018637,0.063386,0.294023,0.0,False,incorrect,Cosine similarity threshold failed,1.5334997735917568
470,469,Real-World,cublas,FP16,104,128,428,11395072,0.012646,0.012442,1.016461,1.0,True,pass,,0.7813385426998138
470,469,Real-World,cublas,FP32,104,128,428,11395072,0.016486,0.044237,0.372685,1.0,True,pass,,0.7813385426998138
470,469,Real-World,cublas,INT8,104,128,428,11395072,0.013875,0.0128,1.084,1.0,True,pass,,0.7813385426998138
471,470,Real-World,cublas,FP16,16,320,320,3276800,0.013261,0.014797,0.896194,1.0,True,pass,,1.77085180580616
471,470,Real-World,cublas,FP32,16,320,320,3276800,0.016538,0.039526,0.418394,1.0,True,pass,,1.77085180580616
471,470,Real-World,cublas,INT8,16,320,320,3276800,0.013875,0.014438,0.960993,1.0,True,pass,,1.77085180580616
472,471,Real-World,cublas,FP16,128,16,768,3145728,0.01623,0.014234,1.140288,1.0,True,pass,,1.7601330392062664
472,471,Real-World,cublas,FP32,128,16,768,3145728,0.016589,0.023398,0.708972,1.0,True,pass,,1.7601330392062664
472,471,Real-World,cublas,INT8,128,16,768,3145728,0.01065,0.011213,0.949772,1.0,True,pass,,1.7601330392062664
473,472,Real-World,cublas,FP16,128,768,16,3145728,0.010035,0.012595,0.796748,1.0,True,pass,,0.7785372268408537
473,472,Real-World,cublas,FP32,128,768,16,3145728,0.010547,0.010445,1.009804,1.0,True,pass,,0.7785372268408537
473,472,Real-World,cublas,INT8,128,768,16,3145728,0.010803,0.008397,1.286585,1.0,True,pass,,0.7785372268408537
474,473,Real-World,cublas,FP16,384,128,128,12582912,0.012442,0.012442,1.0,1.0,True,pass,,1.7205340433865786
474,473,Real-World,cublas,FP32,384,128,128,12582912,0.013414,0.027187,0.493409,1.0,True,pass,,1.7205340433865786
474,473,Real-World,cublas,INT8,384,128,128,12582912,0.010957,0.008704,1.258823,1.0,True,pass,,1.7205340433865786
475,474,Real-World,cublas,FP16,16,128,784,3211264,0.014029,0.013568,1.033962,1.0,True,pass,,0.6944233141839504
475,474,Real-World,cublas,FP32,16,128,784,3211264,0.025498,0.058061,0.439153,1.0,True,pass,,0.6944233141839504
475,474,Real-World,cublas,INT8,16,128,784,3211264,0.012749,0.012186,1.046219,1.0,True,pass,,0.6944233141839504
476,475,Real-World,cublas,FP16,138,10,768,2119680,0.013568,0.013568,1.0,1.0,True,pass,,1.6753717791289091
476,475,Real-World,cublas,FP32,138,10,768,2119680,0.014182,0.023142,0.612832,1.0,True,pass,,1.6753717791289091
476,475,Real-World,cublas,INT8,138,10,768,2119680,,,,,False,missing,Running INT8...Error benchmarking size 138x10x768: std::exception,1.6753717791289091
477,476,Real-World,cublas,FP16,122,64,577,9010432,0.01577,0.011776,1.33913,1.0,True,pass,,1.5059314370155334
477,476,Real-World,cublas,FP32,122,64,577,9010432,0.016589,0.051149,0.324324,1.0,True,pass,,1.5059314370155334
477,476,Real-World,cublas,INT8,122,64,577,9010432,0.009779,0.037683,0.259511,0.0,False,incorrect,Cosine similarity threshold failed,1.5059314370155334
478,477,Real-World,cublas,FP16,151,101,400,12200800,0.014541,0.013005,1.11811,1.0,True,pass,,0.792451037093997
478,477,Real-World,cublas,FP32,151,101,400,12200800,0.017306,0.047923,0.361111,1.0,True,pass,,0.792451037093997
478,477,Real-World,cublas,INT8,151,101,400,12200800,,,,,False,missing,Running INT8...Error benchmarking size 151x101x400: std::exception,0.792451037093997
479,478,Real-World,cublas,FP16,62,64,897,7118592,0.015206,0.014336,1.060714,1.0,True,pass,,1.7787068858742714
479,478,Real-World,cublas,FP32,62,64,897,7118592,0.016845,0.072755,0.231527,1.0,True,pass,,1.7787068858742714
479,478,Real-World,cublas,INT8,62,64,897,7118592,0.010445,0.053914,0.193732,0.0,False,incorrect,Cosine similarity threshold failed,1.7787068858742714
480,479,Real-World,cublas,FP16,137,10,800,2192000,0.012032,0.010342,1.163366,1.0,True,pass,,1.7257200218737125
480,479,Real-World,cublas,FP32,137,10,800,2192000,0.018688,0.066458,0.281202,1.0,True,pass,,1.7257200218737125
480,479,Real-World,cublas,INT8,137,10,800,2192000,,,,,False,missing,Running INT8...Error benchmarking size 137x10x800: std::exception,1.7257200218737125
481,480,Real-World,cublas,FP16,154,768,2,473088,0.008602,0.011315,0.760181,1.0,True,pass,,0.8651392031461
481,480,Real-World,cublas,FP32,154,768,2,473088,0.010957,0.009011,1.215909,1.0,True,pass,,0.8651392031461
481,480,Real-World,cublas,INT8,154,768,2,473088,0.010291,0.00727,1.415493,0.0,False,incorrect,Cosine similarity threshold failed,0.8651392031461
482,481,Real-World,cublas,FP16,64,208,400,10649600,0.010598,0.02816,0.376364,1.0,True,pass,,1.9704670924693346
482,481,Real-World,cublas,FP32,64,208,400,10649600,0.02007,0.04695,0.427481,1.0,True,pass,,1.9704670924693346
482,481,Real-World,cublas,INT8,64,208,400,10649600,0.009779,0.010445,0.936274,1.0,True,pass,,1.9704670924693346
483,482,Real-World,cublas,FP16,928,64,64,7602176,0.013312,0.013722,0.970149,1.0,True,pass,,1.5397192798554897
483,482,Real-World,cublas,FP32,928,64,64,7602176,0.013722,0.017152,0.8,1.0,True,pass,,1.5397192798554897
483,482,Real-World,cublas,INT8,928,64,64,7602176,0.015258,0.011981,1.273504,1.0,True,pass,,1.5397192798554897
484,483,Real-World,cublas,FP16,157,64,512,10289152,0.016794,0.013158,1.276264,1.0,True,pass,,0.9942959155887365
484,483,Real-World,cublas,FP32,157,64,512,10289152,0.018278,0.023757,0.769397,1.0,True,pass,,0.9942959155887365
484,483,Real-World,cublas,INT8,157,64,512,10289152,,,,,False,missing,Running INT8...Error benchmarking size 157x64x512: std::exception,0.9942959155887365
485,484,Real-World,cublas,FP16,116,4,1024,950272,0.016128,0.010547,1.529126,1.0,True,pass,,1.925256259739399
485,484,Real-World,cublas,FP32,116,4,1024,950272,0.013158,0.071066,0.185158,1.0,True,pass,,1.925256259739399
485,484,Real-World,cublas,INT8,116,4,1024,950272,0.014182,0.016589,0.854938,1.0,True,pass,,1.925256259739399
486,485,Real-World,cublas,FP16,190,312,128,15175680,0.010701,0.013107,0.816406,1.0,True,pass,,1.9704442825168371
486,485,Real-World,cublas,FP32,190,312,128,15175680,0.016589,0.031795,0.521739,1.0,True,pass,,1.9704442825168371
486,485,Real-World,cublas,INT8,190,312,128,15175680,,,,,False,missing,Running INT8...Error benchmarking size 190x312x128: std::exception,1.9704442825168371
487,486,Real-World,cublas,FP16,30,30,2048,3686400,0.020173,0.028314,0.712477,1.0,True,pass,,1.5782898794859648
487,486,Real-World,cublas,FP32,30,30,2048,3686400,0.017254,0.102912,0.167662,1.0,True,pass,,1.5782898794859648
487,486,Real-World,cublas,INT8,30,30,2048,3686400,,,,,False,missing,Running INT8...Error benchmarking size 30x30x2048: std::exception,1.5782898794859648
488,487,Real-World,cublas,FP16,16,16,4032,2064384,0.014848,0.029594,0.50173,1.0,True,pass,,0.8686797711998224
488,487,Real-World,cublas,FP32,16,16,4032,2064384,0.01577,0.230656,0.068368,1.0,True,pass,,0.8686797711998224
488,487,Real-World,cublas,INT8,16,16,4032,2064384,0.018688,0.033843,0.552193,1.0,True,pass,,0.8686797711998224
489,488,Real-World,cublas,FP16,1025,43,80,7052000,0.026573,0.012902,2.059524,1.0,True,pass,,1.909753231331706
489,488,Real-World,cublas,FP32,1025,43,80,7052000,0.012646,0.014797,0.854671,1.0,True,pass,,1.909753231331706
489,488,Real-World,cublas,INT8,1025,43,80,7052000,,,,,False,missing,Running INT8...Error benchmarking size 1025x43x80: std::exception,1.909753231331706
490,489,Real-World,cublas,FP16,112,16,1008,3612672,0.012493,0.012954,0.964427,1.0,True,pass,,1.731500530615449
490,489,Real-World,cublas,FP32,112,16,1008,3612672,0.02048,0.069683,0.293901,1.0,True,pass,,1.731500530615449
490,489,Real-World,cublas,INT8,112,16,1008,3612672,0.014797,0.018074,0.818697,1.0,True,pass,,1.731500530615449
491,490,Real-World,cublas,FP16,155,13,768,3095040,0.0128,0.009984,1.282051,1.0,True,pass,,1.9168405216187239
491,490,Real-World,cublas,FP32,155,13,768,3095040,0.023859,0.038144,0.625503,1.0,True,pass,,1.9168405216187239
491,490,Real-World,cublas,INT8,155,13,768,3095040,,,,,False,missing,Running INT8...Error benchmarking size 155x13x768: std::exception,1.9168405216187239
492,491,Real-World,cublas,FP16,16,16,4096,2097152,0.01193,0.035021,0.340643,1.0,True,pass,,0.9491569846868515
492,491,Real-World,cublas,FP32,16,16,4096,2097152,0.017101,0.187853,0.091033,1.0,True,pass,,0.9491569846868515
492,491,Real-World,cublas,INT8,16,16,4096,2097152,0.018586,0.034304,0.541791,1.0,True,pass,,0.9491569846868515
493,492,Real-World,cublas,FP16,80,208,400,13312000,0.013619,0.013517,1.007576,1.0,True,pass,,1.6912958100438118
493,492,Real-World,cublas,FP32,80,208,400,13312000,0.016384,0.047974,0.341515,1.0,True,pass,,1.6912958100438118
493,492,Real-World,cublas,INT8,80,208,400,13312000,0.012339,0.010854,1.136793,1.0,True,pass,,1.6912958100438118
494,493,Real-World,cublas,FP16,61,64,1025,8003200,0.016538,0.022938,0.720982,1.0,True,pass,,1.8318685237318277
494,493,Real-World,cublas,FP32,61,64,1025,8003200,0.017766,0.07337,0.242149,1.0,True,pass,,1.8318685237318277
494,493,Real-World,cublas,INT8,61,64,1025,8003200,0.012134,0.062976,0.192683,0.0,False,incorrect,Cosine similarity threshold failed,1.8318685237318277
495,494,Real-World,cublas,FP16,128,4,1024,1048576,0.013722,0.014643,0.937063,1.0,True,pass,,1.7617614530026913
495,494,Real-World,cublas,FP32,128,4,1024,1048576,0.016845,0.075008,0.224573,1.0,True,pass,,1.7617614530026913
495,494,Real-World,cublas,INT8,128,4,1024,1048576,0.011827,0.012544,0.942857,1.0,True,pass,,1.7617614530026913
496,495,Real-World,cublas,FP16,164,5,800,1312000,0.014541,0.01065,1.365384,1.0,True,pass,,0.9617109410464764
496,495,Real-World,cublas,FP32,164,5,800,1312000,0.017459,0.061696,0.282988,1.0,True,pass,,0.9617109410464764
496,495,Real-World,cublas,INT8,164,5,800,1312000,0.010598,0.01152,0.92,1.0,True,pass,,0.9617109410464764
497,496,Real-World,cublas,FP16,64,312,312,12460032,0.011981,0.018893,0.634146,1.0,True,pass,,1.899934083223343
497,496,Real-World,cublas,FP32,64,312,312,12460032,0.019354,0.05335,0.362764,1.0,True,pass,,1.899934083223343
497,496,Real-World,cublas,INT8,64,312,312,12460032,0.011622,0.012134,0.957806,1.0,True,pass,,1.899934083223343
498,497,Real-World,cublas,FP16,608,16,208,4046848,0.010291,0.012749,0.807229,1.0,True,pass,,1.8623361960053444
498,497,Real-World,cublas,FP32,608,16,208,4046848,0.011622,0.025958,0.447732,1.0,True,pass,,1.8623361960053444
498,497,Real-World,cublas,INT8,608,16,208,4046848,0.014029,0.014592,0.961403,1.0,True,pass,,1.8623361960053444
499,498,Real-World,cublas,FP16,208,48,512,10223616,0.010445,0.008858,1.179191,1.0,True,pass,,1.7549795117229223
499,498,Real-World,cublas,FP32,208,48,512,10223616,0.017101,0.020634,0.828784,1.0,True,pass,,1.7549795117229223
499,498,Real-World,cublas,INT8,208,48,512,10223616,0.011008,0.010854,1.014151,1.0,True,pass,,1.7549795117229223
500,499,Real-World,cublas,FP16,16,512,256,4194304,0.008653,0.008755,0.988304,1.0,True,pass,,0.9405986107885838
500,499,Real-World,cublas,FP32,16,512,256,4194304,0.018688,0.034714,0.538348,1.0,True,pass,,0.9405986107885838
500,499,Real-World,cublas,INT8,16,512,256,4194304,0.013773,0.01449,0.95053,1.0,True,pass,,0.9405986107885838
501,500,Real-World,cublas,FP16,256,16,512,4194304,0.009472,0.010598,0.89372,1.0,True,pass,,1.880489457398653
501,500,Real-World,cublas,FP32,256,16,512,4194304,0.016179,0.020378,0.79397,1.0,True,pass,,1.880489457398653
501,500,Real-World,cublas,INT8,256,16,512,4194304,0.013824,0.015462,0.89404,1.0,True,pass,,1.880489457398653
502,501,Real-World,cublas,FP16,16,256,512,4194304,0.01449,0.013363,1.084291,1.0,True,pass,,1.8476536273956299
502,501,Real-World,cublas,FP32,16,256,512,4194304,0.019405,0.024883,0.779835,1.0,True,pass,,1.8476536273956299
502,501,Real-World,cublas,INT8,16,256,512,4194304,0.014387,0.015155,0.949324,1.0,True,pass,,1.8476536273956299
503,502,Real-World,cublas,FP16,800,112,64,11468800,0.010854,0.014029,0.773723,1.0,True,pass,,1.7678948044776917
503,502,Real-World,cublas,FP32,800,112,64,11468800,0.011162,0.014336,0.778571,1.0,True,pass,,1.7678948044776917
503,502,Real-World,cublas,INT8,800,112,64,11468800,0.010598,0.008141,1.301887,1.0,True,pass,,1.7678948044776917
504,503,Real-World,cublas,FP16,64,512,202,13238272,0.019302,0.015002,1.286689,1.0,True,pass,,0.8641954232007265
504,503,Real-World,cublas,FP32,64,512,202,13238272,0.014899,0.027238,0.546993,1.0,True,pass,,0.8641954232007265
504,503,Real-World,cublas,INT8,64,512,202,13238272,0.009984,0.01111,0.898617,0.0,False,incorrect,Cosine similarity threshold failed,0.8641954232007265
505,504,Real-World,cublas,FP16,179,200,300,21480000,0.013978,0.014438,0.968085,1.0,True,pass,,2.0611110739409924
505,504,Real-World,cublas,FP32,179,200,300,21480000,0.021094,0.052634,0.400778,1.0,True,pass,,2.0611110739409924
505,504,Real-World,cublas,INT8,179,200,300,21480000,,,,,False,missing,Running INT8...Error benchmarking size 179x200x300: std::exception,2.0611110739409924
506,505,Real-World,cublas,FP16,128,1024,16,4194304,0.00809,0.012186,0.663866,1.0,True,pass,,1.8312772996723652
506,505,Real-World,cublas,FP32,128,1024,16,4194304,0.013466,0.010394,1.295566,1.0,True,pass,,1.8312772996723652
506,505,Real-World,cublas,INT8,128,1024,16,4194304,0.012083,0.008858,1.364162,1.0,True,pass,,1.8312772996723652
507,506,Real-World,cublas,FP16,128,16,1024,4194304,0.015155,0.01449,1.045936,1.0,True,pass,,1.766590440645814
507,506,Real-World,cublas,FP32,128,16,1024,4194304,0.014029,0.086784,0.161652,1.0,True,pass,,1.766590440645814
507,506,Real-World,cublas,INT8,128,16,1024,4194304,0.011571,0.012544,0.922449,1.0,True,pass,,1.766590440645814
508,507,Real-World,cublas,FP16,736,96,96,13565952,0.011878,0.01321,0.899225,1.0,True,pass,,0.783072967082262
508,507,Real-World,cublas,FP32,736,96,96,13565952,0.019558,0.022886,0.854586,1.0,True,pass,,0.783072967082262
508,507,Real-World,cublas,INT8,736,96,96,13565952,0.013619,0.013517,1.007576,1.0,True,pass,,0.783072967082262
509,508,Real-World,cublas,FP16,208,400,112,18636800,0.0128,0.01367,0.93633,1.0,True,pass,,1.8686779588460922
509,508,Real-World,cublas,FP32,208,400,112,18636800,0.012493,0.018176,0.687324,1.0,True,pass,,1.8686779588460922
509,508,Real-World,cublas,INT8,208,400,112,18636800,0.010906,0.008653,1.260355,1.0,True,pass,,1.8686779588460922
510,509,Real-World,cublas,FP16,87,312,312,16937856,0.015974,0.013875,1.151292,1.0,True,pass,,1.787066062912345
510,509,Real-World,cublas,FP32,87,312,312,16937856,0.01664,0.056115,0.296533,1.0,True,pass,,1.787066062912345
510,509,Real-World,cublas,INT8,87,312,312,16937856,,,,,False,missing,Running INT8...Error benchmarking size 87x312x312: std::exception,1.787066062912345
511,510,Real-World,cublas,FP16,148,1,1024,303104,0.012749,0.014438,0.882979,1.0,True,pass,,0.8561587706208229
511,510,Real-World,cublas,FP32,148,1,1024,303104,0.012544,0.06999,0.179225,1.0,True,pass,,0.8561587706208229
511,510,Real-World,cublas,INT8,148,1,1024,303104,0.009882,0.011878,0.831896,1.0,True,pass,,0.8561587706208229
512,511,Real-World,cublas,FP16,1000,50,100,10000000,0.009267,0.010547,0.878641,1.0,True,pass,,1.8411082308739424
512,511,Real-World,cublas,FP32,1000,50,100,10000000,0.013926,0.017766,0.783862,1.0,True,pass,,1.8411082308739424
512,511,Real-World,cublas,INT8,1000,50,100,10000000,0.021555,0.013824,1.55926,1.0,True,pass,,1.8411082308739424
513,512,Real-World,cublas,FP16,32,256,512,8388608,0.011366,0.013158,0.863813,1.0,True,pass,,1.682001231238246
513,512,Real-World,cublas,FP32,32,256,512,8388608,0.020173,0.025446,0.792757,1.0,True,pass,,1.682001231238246
513,512,Real-World,cublas,INT8,32,256,512,8388608,0.01152,0.010547,1.092233,1.0,True,pass,,1.682001231238246
514,513,Real-World,cublas,FP16,5,512,300,1536000,0.012646,0.012032,1.051064,1.0,True,pass,,0.9152925722301006
514,513,Real-World,cublas,FP32,5,512,300,1536000,0.01664,0.033843,0.491679,1.0,True,pass,,0.9152925722301006
514,513,Real-World,cublas,INT8,5,512,300,1536000,,,,,False,missing,Running INT8...Error benchmarking size 5x512x300: std::exception,0.9152925722301006
515,514,Real-World,cublas,FP16,5,300,512,1536000,0.01367,0.01321,1.034884,1.0,True,pass,,1.9423541650176048
515,514,Real-World,cublas,FP32,5,300,512,1536000,0.021043,0.020941,1.00489,1.0,True,pass,,1.9423541650176048
515,514,Real-World,cublas,INT8,5,300,512,1536000,,,,,False,missing,Running INT8...Error benchmarking size 5x300x512: std::exception,1.9423541650176048
516,515,Real-World,cublas,FP16,86,384,274,18097152,0.010445,0.01111,0.940092,1.0,True,pass,,1.9252804890275002
516,515,Real-World,cublas,FP32,86,384,274,18097152,0.017254,0.044954,0.383827,1.0,True,pass,,1.9252804890275002
516,515,Real-World,cublas,INT8,86,384,274,18097152,0.010291,0.016947,0.607251,0.0,False,incorrect,Cosine similarity threshold failed,1.9252804890275002
517,516,Real-World,cublas,FP16,91,63,1024,11741184,0.016947,0.014131,1.199276,1.0,True,pass,,1.7131716795265675
517,516,Real-World,cublas,FP32,91,63,1024,11741184,0.014643,0.093235,0.157057,1.0,True,pass,,1.7131716795265675
517,516,Real-World,cublas,INT8,91,63,1024,11741184,,,,,False,missing,Running INT8...Error benchmarking size 91x63x1024: std::exception,1.7131716795265675
518,517,Real-World,cublas,FP16,140,288,288,23224320,0.01193,0.013056,0.913726,1.0,True,pass,,0.8498549591749907
518,517,Real-World,cublas,FP32,140,288,288,23224320,0.015821,0.048282,0.327678,1.0,True,pass,,0.8498549591749907
518,517,Real-World,cublas,INT8,140,288,288,23224320,0.013414,0.010445,1.284314,1.0,True,pass,,0.8498549591749907
519,518,Real-World,cublas,FP16,16,208,720,4792320,0.014592,0.014182,1.028881,1.0,True,pass,,1.7562033608555794
519,518,Real-World,cublas,FP32,16,208,720,4792320,0.02048,0.024064,0.851064,1.0,True,pass,,1.7562033608555794
519,518,Real-World,cublas,INT8,16,208,720,4792320,0.01705,0.013261,1.285715,1.0,True,pass,,1.7562033608555794
520,519,Real-World,cublas,FP16,160,1,1024,327680,0.010906,0.018893,0.577236,1.0,True,pass,,1.6297056637704372
520,519,Real-World,cublas,FP32,160,1,1024,327680,0.01111,0.083661,0.132803,1.0,True,pass,,1.6297056637704372
520,519,Real-World,cublas,INT8,160,1,1024,327680,0.010906,0.013005,0.838583,1.0,True,pass,,1.6297056637704372
521,520,Real-World,cublas,FP16,101,64,961,12423808,0.013261,0.019661,0.674479,1.0,True,pass,,0.9039714001119137
521,520,Real-World,cublas,FP32,101,64,961,12423808,0.017306,0.089498,0.193364,1.0,True,pass,,0.9039714001119137
521,520,Real-World,cublas,INT8,101,64,961,12423808,0.010189,0.056525,0.180254,0.0,False,incorrect,Cosine similarity threshold failed,0.9039714001119137
522,521,Real-World,cublas,FP16,30,128,1024,7864320,0.014336,0.013926,1.029412,1.0,True,pass,,1.9504470601677895
522,521,Real-World,cublas,FP32,30,128,1024,7864320,0.014387,0.084531,0.1702,1.0,True,pass,,1.9504470601677895
522,521,Real-World,cublas,INT8,30,128,1024,7864320,,,,,False,missing,Running INT8...Error benchmarking size 30x128x1024: std::exception,1.9504470601677895
523,522,Real-World,cublas,FP16,126,1024,32,8257536,0.011622,0.013414,0.866412,1.0,True,pass,,3.5972517877817154
523,522,Real-World,cublas,FP32,126,1024,32,8257536,0.01024,0.010854,0.943396,1.0,True,pass,,3.5972517877817154
523,522,Real-World,cublas,INT8,126,1024,32,8257536,,,,,False,missing,Running INT8...Error benchmarking size 126x1024x32: std::exception,3.5972517877817154
524,523,Real-World,cublas,FP16,151,10,1024,3092480,0.016333,0.015309,1.066889,1.0,True,pass,,1.7577642239630222
524,523,Real-World,cublas,FP32,151,10,1024,3092480,0.017664,0.07209,0.245028,1.0,True,pass,,1.7577642239630222
524,523,Real-World,cublas,INT8,151,10,1024,3092480,,,,,False,missing,Running INT8...Error benchmarking size 151x10x1024: std::exception,1.7577642239630222
525,524,Real-World,cublas,FP16,1,864,192,331776,0.013414,0.014285,0.939068,1.0,True,pass,,0.9333560597151518
525,524,Real-World,cublas,FP32,1,864,192,331776,0.00937,0.024422,0.383648,1.0,True,pass,,0.9333560597151518
525,524,Real-World,cublas,INT8,1,864,192,331776,,,,,False,missing,Running INT8...Error benchmarking size 1x864x192: std::exception,0.9333560597151518
526,525,Real-World,cublas,FP16,1,192,864,331776,0.009882,0.01408,0.701818,1.0,True,pass,,1.88711098395288
526,525,Real-World,cublas,FP32,1,192,864,331776,0.013414,0.068762,0.195086,1.0,True,pass,,1.88711098395288
526,525,Real-World,cublas,INT8,1,192,864,331776,,,,,False,missing,Running INT8...Error benchmarking size 1x192x864: std::exception,1.88711098395288
527,526,Real-World,cublas,FP16,32,128,1024,8388608,0.014387,0.014387,1.0,1.0,True,pass,,1.8048456571996212
527,526,Real-World,cublas,FP32,32,128,1024,8388608,0.014029,0.092262,0.152053,1.0,True,pass,,1.8048456571996212
527,526,Real-World,cublas,INT8,32,128,1024,8388608,0.01239,0.012493,0.991803,1.0,True,pass,,1.8048456571996212
528,527,Real-World,cublas,FP16,32,1024,128,8388608,0.0128,0.012339,1.037344,1.0,True,pass,,1.510228792205453
528,527,Real-World,cublas,FP32,32,1024,128,8388608,0.013158,0.02007,0.655612,1.0,True,pass,,1.510228792205453
528,527,Real-World,cublas,INT8,32,1024,128,8388608,0.01321,0.009779,1.350785,1.0,True,pass,,1.510228792205453
529,528,Real-World,cublas,FP16,78,768,128,15335424,0.018074,0.013824,1.307408,1.0,True,pass,,0.8395906537771225
529,528,Real-World,cublas,FP32,78,768,128,15335424,0.01449,0.027597,0.525046,1.0,True,pass,,0.8395906537771225
529,528,Real-World,cublas,INT8,78,768,128,15335424,,,,,False,missing,Running INT8...Error benchmarking size 78x768x128: std::exception,0.8395906537771225
530,529,Real-World,cublas,FP16,49,256,512,12845056,0.015206,0.013363,1.137931,1.0,True,pass,,1.9759951084852219
530,529,Real-World,cublas,FP32,49,256,512,12845056,0.017254,0.020531,0.840399,1.0,True,pass,,1.9759951084852219
530,529,Real-World,cublas,INT8,49,256,512,12845056,,,,,False,missing,Running INT8...Error benchmarking size 49x256x512: std::exception,1.9759951084852219
531,530,Real-World,cublas,FP16,32,10,4032,2580480,0.011776,1.101107,0.010695,1.0,True,pass,,1.983778040856123
531,530,Real-World,cublas,FP32,32,10,4032,2580480,0.017152,0.183859,0.093289,1.0,True,pass,,1.983778040856123
531,530,Real-World,cublas,INT8,32,10,4032,2580480,0.02217,0.03799,0.583558,1.0,True,pass,,1.983778040856123
532,531,Real-World,cublas,FP16,128,256,361,23658496,0.013158,0.012288,1.070833,1.0,True,pass,,1.5880369395017624
532,531,Real-World,cublas,FP32,128,256,361,23658496,0.016845,0.086784,0.1941,1.0,True,pass,,1.5880369395017624
532,531,Real-World,cublas,INT8,128,256,361,23658496,0.010342,0.033229,0.311248,0.0,False,incorrect,Cosine similarity threshold failed,1.5880369395017624
533,532,Real-World,cublas,FP16,256,208,256,27262976,0.008704,0.01111,0.78341,1.0,True,pass,,0.8754847086966038
533,532,Real-World,cublas,FP32,256,208,256,27262976,0.021146,0.049715,0.425335,1.0,True,pass,,0.8754847086966038
533,532,Real-World,cublas,INT8,256,208,256,27262976,0.013926,0.014694,0.947735,1.0,True,pass,,0.8754847086966038
534,533,Real-World,cublas,FP16,167,512,128,21889024,0.012595,0.01321,0.953489,1.0,True,pass,,1.9193383902311325
534,533,Real-World,cublas,FP32,167,512,128,21889024,0.01449,0.02007,0.721939,1.0,True,pass,,1.9193383902311325
534,533,Real-World,cublas,INT8,167,512,128,21889024,,,,,False,missing,Running INT8...Error benchmarking size 167x512x128: std::exception,1.9193383902311325
535,534,Real-World,cublas,FP16,25,512,300,7680000,0.01239,0.010394,1.192118,1.0,True,pass,,1.8626887071877718
535,534,Real-World,cublas,FP32,25,512,300,7680000,0.016538,0.052122,0.317289,1.0,True,pass,,1.8626887071877718
535,534,Real-World,cublas,INT8,25,512,300,7680000,,,,,False,missing,Running INT8...Error benchmarking size 25x512x300: std::exception,1.8626887071877718
536,535,Real-World,cublas,FP16,25,300,512,7680000,0.016896,0.011213,1.506849,1.0,True,pass,,1.7789109162986279
536,535,Real-World,cublas,FP32,25,300,512,7680000,0.015718,0.021965,0.715618,1.0,True,pass,,1.7789109162986279
536,535,Real-World,cublas,INT8,25,300,512,7680000,,,,,False,missing,Running INT8...Error benchmarking size 25x300x512: std::exception,1.7789109162986279
537,536,Real-World,cublas,FP16,64,1024,100,13107200,0.012442,0.011059,1.125,1.0,True,pass,,1.0670400597155094
537,536,Real-World,cublas,FP32,64,1024,100,13107200,0.016845,0.024218,0.69556,1.0,True,pass,,1.0670400597155094
537,536,Real-World,cublas,INT8,64,1024,100,13107200,0.016333,0.00809,2.018987,1.0,True,pass,,1.0670400597155094
538,537,Real-World,cublas,FP16,96,96,864,15925248,0.014592,0.013978,1.043956,1.0,True,pass,,1.9020747933536768
538,537,Real-World,cublas,FP32,96,96,864,15925248,0.017562,0.075827,0.2316,1.0,True,pass,,1.9020747933536768
538,537,Real-World,cublas,INT8,96,96,864,15925248,0.014899,0.014234,1.046762,1.0,True,pass,,1.9020747933536768
539,538,Real-World,cublas,FP16,136,256,361,25137152,0.013363,0.012493,1.069672,1.0,True,pass,,1.9544431902468204
539,538,Real-World,cublas,FP32,136,256,361,25137152,0.021299,0.091904,0.231755,1.0,True,pass,,1.9544431902468204
539,538,Real-World,cublas,INT8,136,256,361,25137152,0.010035,0.037018,0.271093,0.0,False,incorrect,Cosine similarity threshold failed,1.9544431902468204
540,539,Real-World,cublas,FP16,368,96,304,21479424,0.012851,0.012749,1.008032,1.0,True,pass,,1.646341348066926
540,539,Real-World,cublas,FP32,368,96,304,21479424,0.017613,0.047616,0.369892,1.0,True,pass,,1.646341348066926
540,539,Real-World,cublas,INT8,368,96,304,21479424,0.015258,0.013005,1.173228,1.0,True,pass,,1.646341348066926
541,540,Real-World,cublas,FP16,512,320,16,5242880,0.01239,0.012851,0.964144,1.0,True,pass,,0.749142175540328
541,540,Real-World,cublas,FP32,512,320,16,5242880,0.011008,0.009011,1.221591,1.0,True,pass,,0.749142175540328
541,540,Real-World,cublas,INT8,512,320,16,5242880,0.011008,0.008294,1.32716,1.0,True,pass,,0.749142175540328
542,541,Real-World,cublas,FP16,28,257,600,8635200,0.014643,0.01367,1.071161,1.0,True,pass,,1.7901495061814785
542,541,Real-World,cublas,FP32,28,257,600,8635200,0.016282,0.053555,0.304015,1.0,True,pass,,1.7901495061814785
542,541,Real-World,cublas,INT8,28,257,600,8635200,0.015872,0.012954,1.225296,1.0,True,pass,,1.7901495061814785
543,542,Real-World,cublas,FP16,94,120,784,17687040,0.012134,0.009933,1.221649,1.0,True,pass,,1.7702619601041079
543,542,Real-World,cublas,FP32,94,120,784,17687040,0.017613,0.058522,0.300962,1.0,True,pass,,1.7702619601041079
543,542,Real-World,cublas,INT8,94,120,784,17687040,,,,,False,missing,Running INT8...Error benchmarking size 94x120x784: std::exception,1.7702619601041079
544,543,Real-World,cublas,FP16,160,208,400,26624000,0.013466,0.013312,1.011538,1.0,True,pass,,1.718167344108224
544,543,Real-World,cublas,FP32,160,208,400,26624000,0.021658,0.052787,0.410281,1.0,True,pass,,1.718167344108224
544,543,Real-World,cublas,INT8,160,208,400,26624000,0.009779,0.011059,0.884259,1.0,True,pass,,1.718167344108224
545,544,Real-World,cublas,FP16,199,64,641,16327552,0.015667,0.013414,1.167939,1.0,True,pass,,0.7782764993607998
545,544,Real-World,cublas,FP32,199,64,641,16327552,0.017766,0.022528,0.788637,1.0,True,pass,,0.7782764993607998
545,544,Real-World,cublas,INT8,199,64,641,16327552,0.010138,0.044288,0.228902,0.0,False,incorrect,Cosine similarity threshold failed,0.7782764993607998
546,545,Real-World,cublas,FP16,175,2,1024,716800,0.015462,0.016845,0.917933,1.0,True,pass,,1.650103621184826
546,545,Real-World,cublas,FP32,175,2,1024,716800,0.015206,0.072704,0.209155,1.0,True,pass,,1.650103621184826
546,545,Real-World,cublas,INT8,175,2,1024,716800,,,,,False,missing,Running INT8...Error benchmarking size 175x2x1024: std::exception,1.650103621184826
547,546,Real-World,cublas,FP16,800,16,208,5324800,0.010752,0.01321,0.813953,1.0,True,pass,,1.522405730560422
547,546,Real-World,cublas,FP32,800,16,208,5324800,0.016435,0.026368,0.623301,1.0,True,pass,,1.522405730560422
547,546,Real-World,cublas,INT8,800,16,208,5324800,0.010701,0.010291,1.039801,1.0,True,pass,,1.522405730560422
548,547,Real-World,cublas,FP16,128,320,320,26214400,0.008397,0.009318,0.901099,1.0,True,pass,,0.9725084267556667
548,547,Real-World,cublas,FP32,128,320,320,26214400,0.018125,0.050125,0.361593,1.0,True,pass,,0.9725084267556667
548,547,Real-World,cublas,INT8,128,320,320,26214400,0.01152,0.010394,1.108374,1.0,True,pass,,0.9725084267556667
549,548,Real-World,cublas,FP16,64,1024,110,14417920,0.010854,0.00983,1.104167,1.0,True,pass,,1.7288833521306515
549,548,Real-World,cublas,FP32,64,1024,110,14417920,0.012646,0.025446,0.496982,1.0,True,pass,,1.7288833521306515
549,548,Real-World,cublas,INT8,64,1024,110,14417920,0.011469,0.009267,1.237569,0.0,False,incorrect,Cosine similarity threshold failed,1.7288833521306515
550,549,Real-World,cublas,FP16,16,128,1280,5242880,0.013568,0.014746,0.920139,1.0,True,pass,,1.6912905778735876
550,549,Real-World,cublas,FP32,16,128,1280,5242880,0.015616,0.101786,0.15342,1.0,True,pass,,1.6912905778735876
550,549,Real-World,cublas,INT8,16,128,1280,5242880,0.013363,0.013824,0.966667,1.0,True,pass,,1.6912905778735876
551,550,Real-World,cublas,FP16,64,1024,112,14680064,0.01111,0.013363,0.831418,1.0,True,pass,,1.576105423271656
551,550,Real-World,cublas,FP32,64,1024,112,14680064,0.012698,0.024576,0.516667,1.0,True,pass,,1.576105423271656
551,550,Real-World,cublas,INT8,64,1024,112,14680064,0.013978,0.009933,1.407216,1.0,True,pass,,1.576105423271656
552,551,Real-World,cublas,FP16,131,100,764,20016800,0.028109,0.020634,1.362283,1.0,True,pass,,0.8582779634743929
552,551,Real-World,cublas,FP32,131,100,764,20016800,0.018278,0.024678,0.740664,1.0,True,pass,,0.8582779634743929
552,551,Real-World,cublas,INT8,131,100,764,20016800,,,,,False,missing,Running INT8...Error benchmarking size 131x100x764: std::exception,0.8582779634743929
553,552,Real-World,cublas,FP16,152,64,833,16206848,0.016333,0.014029,1.164234,1.0,True,pass,,1.513448804616928
553,552,Real-World,cublas,FP32,152,64,833,16206848,0.017203,0.066458,0.25886,1.0,True,pass,,1.513448804616928
553,552,Real-World,cublas,INT8,152,64,833,16206848,0.010189,0.050739,0.200807,0.0,False,incorrect,Cosine similarity threshold failed,1.513448804616928
554,553,Real-World,cublas,FP16,800,80,144,18432000,0.01111,0.013568,0.818868,1.0,True,pass,,1.5177035368978977
554,553,Real-World,cublas,FP32,800,80,144,18432000,0.013824,0.02048,0.675,1.0,True,pass,,1.5177035368978977
554,553,Real-World,cublas,INT8,800,80,144,18432000,0.011571,0.009267,1.248619,1.0,True,pass,,1.5177035368978977
555,554,Real-World,cublas,FP16,80,512,256,20971520,0.013926,0.013619,1.022557,1.0,True,pass,,0.7627494968473911
555,554,Real-World,cublas,FP32,80,512,256,20971520,0.018688,0.046643,0.400659,1.0,True,pass,,0.7627494968473911
555,554,Real-World,cublas,INT8,80,512,256,20971520,0.0128,0.010291,1.243781,1.0,True,pass,,0.7627494968473911
556,555,Real-World,cublas,FP16,32,256,640,10485760,0.014234,0.01408,1.010909,1.0,True,pass,,1.5829968862235546
556,555,Real-World,cublas,FP32,32,256,640,10485760,0.015821,0.020992,0.753659,1.0,True,pass,,1.5829968862235546
556,555,Real-World,cublas,INT8,32,256,640,10485760,0.012083,0.011264,1.072727,1.0,True,pass,,1.5829968862235546
557,556,Real-World,cublas,FP16,208,256,304,32374784,0.014029,0.014899,0.941581,1.0,True,pass,,1.4516554549336433
557,556,Real-World,cublas,FP32,208,256,304,32374784,0.018944,0.04992,0.379487,1.0,True,pass,,1.4516554549336433
557,556,Real-World,cublas,INT8,208,256,304,32374784,0.012646,0.012954,0.976285,1.0,True,pass,,1.4516554549336433
558,557,Real-World,cublas,FP16,35,256,640,11468800,0.016794,0.013824,1.214815,1.0,True,pass,,0.8536097500473261
558,557,Real-World,cublas,FP32,35,256,640,11468800,0.018739,0.022733,0.824324,1.0,True,pass,,0.8536097500473261
558,557,Real-World,cublas,INT8,35,256,640,11468800,,,,,False,missing,Running INT8...Error benchmarking size 35x256x640: std::exception,0.8536097500473261
559,558,Real-World,cublas,FP16,192,200,400,30720000,0.013568,0.014234,0.953238,1.0,True,pass,,1.6130984276533127
559,558,Real-World,cublas,FP32,192,200,400,30720000,0.032,0.047872,0.668449,1.0,True,pass,,1.6130984276533127
559,558,Real-World,cublas,INT8,192,200,400,30720000,0.012493,0.011622,1.07489,1.0,True,pass,,1.6130984276533127
560,559,Real-World,cublas,FP16,16,112,1536,5505024,0.016128,0.015872,1.016129,1.0,True,pass,,1.4627284947782755
560,559,Real-World,cublas,FP32,16,112,1536,5505024,0.016845,0.137728,0.122305,1.0,True,pass,,1.4627284947782755
560,559,Real-World,cublas,INT8,16,112,1536,5505024,0.01449,0.014746,0.982639,1.0,True,pass,,1.4627284947782755
561,560,Real-World,cublas,FP16,256,768,2,786432,0.010342,0.008755,1.181287,1.0,True,pass,,0.6987850312143564
561,560,Real-World,cublas,FP32,256,768,2,786432,0.010957,0.00896,1.222857,1.0,True,pass,,0.6987850312143564
561,560,Real-World,cublas,INT8,256,768,2,786432,0.01065,0.00727,1.464789,0.0,False,incorrect,Cosine similarity threshold failed,0.6987850312143564
562,561,Real-World,cublas,FP16,179,128,576,26394624,0.016794,0.013773,1.219331,1.0,True,pass,,1.673966709524393
562,561,Real-World,cublas,FP32,179,128,576,26394624,0.01879,0.021402,0.87799,1.0,True,pass,,1.673966709524393
562,561,Real-World,cublas,INT8,179,128,576,26394624,,,,,False,missing,Running INT8...Error benchmarking size 179x128x576: std::exception,1.673966709524393
563,562,Real-World,cublas,FP16,200,400,200,32000000,0.013517,0.013824,0.977778,1.0,True,pass,,1.483505742624402
563,562,Real-World,cublas,FP32,200,400,200,32000000,0.016333,0.025446,0.641851,1.0,True,pass,,1.483505742624402
563,562,Real-World,cublas,INT8,200,400,200,32000000,0.016538,0.01193,1.386266,1.0,True,pass,,1.483505742624402
564,563,Real-World,cublas,FP16,3025,3,64,1161600,0.010803,0.013773,0.784387,1.0,True,pass,,0.8921546433120966
564,563,Real-World,cublas,FP32,3025,3,64,1161600,0.011213,0.013824,0.811111,1.0,True,pass,,0.8921546433120966
564,563,Real-World,cublas,INT8,3025,3,64,1161600,,,,,False,missing,Running INT8...Error benchmarking size 3025x3x64: std::exception,0.8921546433120966
565,564,Real-World,cublas,FP16,196,300,300,35280000,0.012339,0.011622,1.061674,1.0,True,pass,,1.4823486860841513
565,564,Real-World,cublas,FP32,196,300,300,35280000,0.01792,0.047718,0.375537,1.0,True,pass,,1.4823486860841513
565,564,Real-World,cublas,INT8,196,300,300,35280000,0.013107,0.010957,1.196262,1.0,True,pass,,1.4823486860841513
566,565,Real-World,cublas,FP16,1600,48,80,12288000,0.012749,0.013978,0.912088,1.0,True,pass,,1.6148101799190044
566,565,Real-World,cublas,FP32,1600,48,80,12288000,0.012544,0.015053,0.833334,1.0,True,pass,,1.6148101799190044
566,565,Real-World,cublas,INT8,1600,48,80,12288000,0.014234,0.011571,1.230089,1.0,True,pass,,1.6148101799190044
567,566,Real-World,cublas,FP16,1600,64,64,13107200,0.010189,0.014182,0.718412,1.0,True,pass,,0.7814332209527493
567,566,Real-World,cublas,FP32,1600,64,64,13107200,0.012339,0.014131,0.873189,1.0,True,pass,,0.7814332209527493
567,566,Real-World,cublas,INT8,1600,64,64,13107200,0.010906,0.008397,1.29878,1.0,True,pass,,0.7814332209527493
568,567,Real-World,cublas,FP16,208,208,400,34611200,0.013517,0.013261,1.019305,1.0,True,pass,,1.6763027720153332
568,567,Real-World,cublas,FP32,208,208,400,34611200,0.019098,0.047923,0.398504,1.0,True,pass,,1.6763027720153332
568,567,Real-World,cublas,INT8,208,208,400,34611200,0.026368,0.011213,2.351599,1.0,True,pass,,1.6763027720153332
569,568,Real-World,cublas,FP16,1000,100,100,20000000,0.011622,0.011418,1.017937,1.0,True,pass,,1.6496083680540323
569,568,Real-World,cublas,FP32,1000,100,100,20000000,0.01449,0.01751,0.827485,1.0,True,pass,,1.6496083680540323
569,568,Real-World,cublas,INT8,1000,100,100,20000000,0.017818,0.008243,2.16149,1.0,True,pass,,1.6496083680540323
570,569,Real-World,cublas,FP16,16,512,384,6291456,0.012902,0.012442,1.037037,1.0,True,pass,,0.7697099559009075
570,569,Real-World,cublas,FP32,16,512,384,6291456,0.016538,0.088986,0.185846,1.0,True,pass,,0.7697099559009075
570,569,Real-World,cublas,INT8,16,512,384,6291456,0.011264,0.01024,1.1,1.0,True,pass,,0.7697099559009075
571,570,Real-World,cublas,FP16,128,768,128,25165824,0.010701,0.01321,0.810078,1.0,True,pass,,1.5990004912018776
571,570,Real-World,cublas,FP32,128,768,128,25165824,0.014746,0.019917,0.74036,1.0,True,pass,,1.5990004912018776
571,570,Real-World,cublas,INT8,128,768,128,25165824,0.010957,0.008858,1.236994,1.0,True,pass,,1.5990004912018776
572,571,Real-World,cublas,FP16,256,768,16,6291456,0.010701,0.012032,0.889362,1.0,True,pass,,0.6916059348732233
572,571,Real-World,cublas,FP32,256,768,16,6291456,0.01152,0.009472,1.216216,1.0,True,pass,,0.6916059348732233
572,571,Real-World,cublas,INT8,256,768,16,6291456,0.010701,0.007782,1.375,1.0,True,pass,,0.6916059348732233
573,572,Real-World,cublas,FP16,174,400,256,35635200,0.011981,0.013414,0.89313,1.0,True,pass,,1.7780489530414343
573,572,Real-World,cublas,FP32,174,400,256,35635200,0.018893,0.031744,0.595161,1.0,True,pass,,1.7780489530414343
573,572,Real-World,cublas,INT8,174,400,256,35635200,,,,,False,missing,Running INT8...Error benchmarking size 174x400x256: std::exception,1.7780489530414343
574,573,Real-World,cublas,FP16,16,256,784,6422528,0.014336,0.013978,1.025641,1.0,True,pass,,1.605233671143651
574,573,Real-World,cublas,FP32,16,256,784,6422528,0.017152,0.058266,0.294376,1.0,True,pass,,1.605233671143651
574,573,Real-World,cublas,INT8,16,256,784,6422528,0.012646,0.012237,1.033473,1.0,True,pass,,1.605233671143651
575,574,Real-World,cublas,FP16,408,312,128,32587776,0.011776,0.015718,0.749186,1.0,True,pass,,0.6850935090333223
575,574,Real-World,cublas,FP32,408,312,128,32587776,0.015667,0.026982,0.580645,1.0,True,pass,,0.6850935090333223
575,574,Real-World,cublas,INT8,408,312,128,32587776,0.012544,0.008858,1.416185,1.0,True,pass,,0.6850935090333223
576,575,Real-World,cublas,FP16,1,864,256,442368,0.009421,0.014234,0.66187,1.0,True,pass,,1.7656044997274876
576,575,Real-World,cublas,FP32,1,864,256,442368,0.010138,0.030106,0.336735,1.0,True,pass,,1.7656044997274876
576,575,Real-World,cublas,INT8,1,864,256,442368,,,,,False,missing,Running INT8...Error benchmarking size 1x864x256: std::exception,1.7656044997274876
577,576,Real-World,cublas,FP16,51,4,4096,1671168,0.016333,0.033638,0.48554,1.0,True,pass,,1.7376378308981657
577,576,Real-World,cublas,FP32,51,4,4096,1671168,0.027494,0.188518,0.145845,1.0,True,pass,,1.7376378308981657
577,576,Real-World,cublas,INT8,51,4,4096,1671168,,,,,False,missing,Running INT8...Error benchmarking size 51x4x4096: std::exception,1.7376378308981657
578,577,Real-World,cublas,FP16,127,64,1153,18743168,0.017869,0.016384,1.090625,1.0,True,pass,,1.6314997412264347
578,577,Real-World,cublas,FP32,127,64,1153,18743168,0.017306,0.093491,0.185104,1.0,True,pass,,1.6314997412264347
578,577,Real-World,cublas,INT8,127,64,1153,18743168,0.010496,0.068403,0.153443,0.0,False,incorrect,Cosine similarity threshold failed,1.6314997412264347
579,578,Real-World,cublas,FP16,78,512,320,25559040,0.016026,0.012954,1.237154,1.0,True,pass,,0.8351923488080502
579,578,Real-World,cublas,FP32,78,512,320,25559040,0.018227,0.05033,0.362157,1.0,True,pass,,0.8351923488080502
579,578,Real-World,cublas,INT8,78,512,320,25559040,,,,,False,missing,Running INT8...Error benchmarking size 78x512x320: std::exception,0.8351923488080502
580,579,Real-World,cublas,FP16,1008,16,208,6709248,0.011162,0.012595,0.886179,1.0,True,pass,,1.8287382256239653
580,579,Real-World,cublas,FP32,1008,16,208,6709248,0.017613,0.02647,0.665377,1.0,True,pass,,1.8287382256239653
580,579,Real-World,cublas,INT8,1008,16,208,6709248,0.010803,0.010547,1.024272,1.0,True,pass,,1.8287382256239653
581,580,Real-World,cublas,FP16,128,256,512,33554432,0.012493,0.013517,0.924243,1.0,True,pass,,1.5822372250258923
581,580,Real-World,cublas,FP32,128,256,512,33554432,0.018893,0.020531,0.920199,1.0,True,pass,,1.5822372250258923
581,580,Real-World,cublas,INT8,128,256,512,33554432,0.015667,0.013568,1.154717,1.0,True,pass,,1.5822372250258923
582,581,Real-World,cublas,FP16,31,80,2048,10158080,0.016998,0.030208,0.562712,1.0,True,pass,,0.8549472484737635
582,581,Real-World,cublas,FP32,31,80,2048,10158080,0.018534,0.182426,0.1016,1.0,True,pass,,0.8549472484737635
582,581,Real-World,cublas,INT8,31,80,2048,10158080,,,,,False,missing,Running INT8...Error benchmarking size 31x80x2048: std::exception,0.8549472484737635
583,582,Real-World,cublas,FP16,208,1024,16,6815744,0.011366,0.014182,0.801444,1.0,True,pass,,1.6085741203278303
583,582,Real-World,cublas,FP32,208,1024,16,6815744,0.012134,0.011469,1.058036,1.0,True,pass,,1.6085741203278303
583,582,Real-World,cublas,INT8,208,1024,16,6815744,0.011674,0.010598,1.101449,1.0,True,pass,,1.6085741203278303
584,583,Real-World,cublas,FP16,110,5,2048,2252800,0.016845,0.028518,0.590664,1.0,True,pass,,1.3799635488539934
584,583,Real-World,cublas,FP32,110,5,2048,2252800,0.029901,0.182272,0.164045,1.0,True,pass,,1.3799635488539934
584,583,Real-World,cublas,INT8,110,5,2048,2252800,,,,,False,missing,Running INT8...Error benchmarking size 110x5x2048: std::exception,1.3799635488539934
585,584,Real-World,cublas,FP16,101,200,720,29088000,0.017152,0.013978,1.227107,1.0,True,pass,,0.9106770008802414
585,584,Real-World,cublas,FP32,101,200,720,29088000,0.019661,0.022784,0.862921,1.0,True,pass,,0.9106770008802414
585,584,Real-World,cublas,INT8,101,200,720,29088000,,,,,False,missing,Running INT8...Error benchmarking size 101x200x720: std::exception,0.9106770008802414
586,585,Real-World,cublas,FP16,256,208,400,42598400,0.013875,0.013312,1.042308,1.0,True,pass,,1.593430681154132
586,585,Real-World,cublas,FP32,256,208,400,42598400,0.019814,0.04823,0.410828,1.0,True,pass,,1.593430681154132
586,585,Real-World,cublas,INT8,256,208,400,42598400,0.012186,0.011469,1.0625,1.0,True,pass,,1.593430681154132
587,586,Real-World,cublas,FP16,2544,64,30,9768960,0.009984,0.009267,1.077348,1.0,True,pass,,1.4242097549140453
587,586,Real-World,cublas,FP32,2544,64,30,9768960,0.012954,0.011162,1.160551,1.0,True,pass,,1.4242097549140453
587,586,Real-World,cublas,INT8,2544,64,30,9768960,0.010445,0.00768,1.36,0.0,False,incorrect,Cosine similarity threshold failed,1.4242097549140453
588,587,Real-World,cublas,FP16,114,4,2048,1867776,0.018022,0.02857,0.630824,1.0,True,pass,,0.9115245454013348
588,587,Real-World,cublas,FP32,114,4,2048,1867776,0.01879,0.181094,0.10376,1.0,True,pass,,0.9115245454013348
588,587,Real-World,cublas,INT8,114,4,2048,1867776,,,,,False,missing,Running INT8...Error benchmarking size 114x4x2048: std::exception,0.9115245454013348
589,588,Real-World,cublas,FP16,3040,16,64,6225920,0.011674,0.01367,0.853933,1.0,True,pass,,1.4866450186818838
589,588,Real-World,cublas,FP32,3040,16,64,6225920,0.0128,0.014131,0.905797,1.0,True,pass,,1.4866450186818838
589,588,Real-World,cublas,INT8,3040,16,64,6225920,0.013773,0.008346,1.650306,1.0,True,pass,,1.4866450186818838
590,589,Real-World,cublas,FP16,400,48,512,19660800,0.014131,0.017715,0.797688,1.0,True,pass,,1.4978295415639877
590,589,Real-World,cublas,FP32,400,48,512,19660800,0.01705,0.02048,0.8325,1.0,True,pass,,1.4978295415639877
590,589,Real-World,cublas,INT8,400,48,512,19660800,0.015309,0.013312,1.15,1.0,True,pass,,1.4978295415639877
591,590,Real-World,cublas,FP16,400,400,112,35840000,0.011571,0.015002,0.771331,1.0,True,pass,,0.7276358399540186
591,590,Real-World,cublas,FP32,400,400,112,35840000,0.014899,0.018432,0.808333,1.0,True,pass,,0.7276358399540186
591,590,Real-World,cublas,INT8,400,400,112,35840000,0.011315,0.009011,1.255682,1.0,True,pass,,0.7276358399540186
592,591,Real-World,cublas,FP16,103,1024,128,27000832,0.012595,0.015821,0.796116,1.0,True,pass,,1.6800791453570127
592,591,Real-World,cublas,FP32,103,1024,128,27000832,0.014899,0.019968,0.746154,1.0,True,pass,,1.6800791453570127
592,591,Real-World,cublas,INT8,103,1024,128,27000832,,,,,False,missing,Running INT8...Error benchmarking size 103x1024x128: std::exception,1.6800791453570127
593,592,Real-World,cublas,FP16,159,256,512,41680896,0.017408,0.013773,1.263941,1.0,True,pass,,1.6540274694561958
593,592,Real-World,cublas,FP32,159,256,512,41680896,0.02048,0.020582,0.995025,1.0,True,pass,,1.6540274694561958
593,592,Real-World,cublas,INT8,159,256,512,41680896,,,,,False,missing,Running INT8...Error benchmarking size 159x256x512: std::exception,1.6540274694561958
594,593,Real-World,cublas,FP16,256,128,576,37748736,0.013926,0.013568,1.026415,1.0,True,pass,,0.7085165586322546
594,593,Real-World,cublas,FP32,256,128,576,37748736,0.018432,0.021504,0.857143,1.0,True,pass,,0.7085165586322546
594,593,Real-World,cublas,INT8,256,128,576,37748736,0.012544,0.011674,1.074562,1.0,True,pass,,0.7085165586322546
595,594,Real-World,cublas,FP16,960,128,128,31457280,0.011366,0.015974,0.711538,1.0,True,pass,,1.6073345579206944
595,594,Real-World,cublas,FP32,960,128,128,31457280,0.015667,0.019917,0.786632,1.0,True,pass,,1.6073345579206944
595,594,Real-World,cublas,INT8,960,128,128,31457280,0.015411,0.011162,1.380734,1.0,True,pass,,1.6073345579206944
596,595,Real-World,cublas,FP16,147,10,1664,4892160,0.018842,0.016333,1.153605,1.0,True,pass,,1.990138154476881
596,595,Real-World,cublas,FP32,147,10,1664,4892160,0.018125,0.07511,0.241309,1.0,True,pass,,1.990138154476881
596,595,Real-World,cublas,INT8,147,10,1664,4892160,,,,,False,missing,Running INT8...Error benchmarking size 147x10x1664: std::exception,1.990138154476881
597,596,Real-World,cublas,FP16,320,768,16,7864320,0.013568,0.014541,0.933099,1.0,True,pass,,1.6521886717528105
597,596,Real-World,cublas,FP32,320,768,16,7864320,0.011981,0.009984,1.2,1.0,True,pass,,1.6521886717528105
597,596,Real-World,cublas,INT8,320,768,16,7864320,0.011418,0.009267,1.232044,1.0,True,pass,,1.6521886717528105
598,597,Real-World,cublas,FP16,149,32,1433,13665088,0.015872,0.018534,0.856354,1.0,True,pass,,0.8039643224328756
598,597,Real-World,cublas,FP32,149,32,1433,13665088,0.016896,0.13312,0.126923,1.0,True,pass,,0.8039643224328756
598,597,Real-World,cublas,INT8,149,32,1433,13665088,0.010189,0.105882,0.096228,0.0,False,incorrect,Cosine similarity threshold failed,0.8039643224328756
599,598,Real-World,cublas,FP16,35,128,1600,14336000,0.019456,0.016282,1.194968,1.0,True,pass,,1.826304405927658
599,598,Real-World,cublas,FP32,35,128,1600,14336000,0.019302,0.074086,0.260539,1.0,True,pass,,1.826304405927658
599,598,Real-World,cublas,INT8,35,128,1600,14336000,,,,,False,missing,Running INT8...Error benchmarking size 35x128x1600: std::exception,1.826304405927658
600,599,Real-World,cublas,FP16,512,320,128,41943040,0.013875,0.016486,0.841615,1.0,True,pass,,1.7259490620344877
600,599,Real-World,cublas,FP32,512,320,128,41943040,0.016794,0.02217,0.757506,1.0,True,pass,,1.7259490620344877
600,599,Real-World,cublas,INT8,512,320,128,41943040,0.013568,0.013773,0.98513,1.0,True,pass,,1.7259490620344877
601,600,Real-World,cublas,FP16,1200,16,208,7987200,0.014234,0.013005,1.094488,1.0,True,pass,,1.6679203528910875
601,600,Real-World,cublas,FP32,1200,16,208,7987200,0.013926,0.028211,0.493648,1.0,True,pass,,1.6679203528910875
601,600,Real-World,cublas,INT8,1200,16,208,7987200,0.014592,0.014746,0.989584,1.0,True,pass,,1.6679203528910875
602,601,Real-World,cublas,FP16,197,14,1280,7060480,0.015821,0.015155,1.043919,1.0,True,pass,,0.8369595147669315
602,601,Real-World,cublas,FP32,197,14,1280,7060480,0.02007,0.106496,0.188462,1.0,True,pass,,0.8369595147669315
602,601,Real-World,cublas,INT8,197,14,1280,7060480,,,,,False,missing,Running INT8...Error benchmarking size 197x14x1280: std::exception,0.8369595147669315
603,602,Real-World,cublas,FP16,320,208,400,53248000,0.012544,0.014336,0.875,1.0,True,pass,,1.796272275969386
603,602,Real-World,cublas,FP32,320,208,400,53248000,0.022323,0.052531,0.424951,1.0,True,pass,,1.796272275969386
603,602,Real-World,cublas,INT8,320,208,400,53248000,0.012595,0.011622,1.083701,1.0,True,pass,,1.796272275969386
604,603,Real-World,cublas,FP16,16,512,512,8388608,0.013312,0.013056,1.019608,1.0,True,pass,,1.6113130878657103
604,603,Real-World,cublas,FP32,16,512,512,8388608,0.01705,0.020019,0.851662,1.0,True,pass,,1.6113130878657103
604,603,Real-World,cublas,INT8,16,512,512,8388608,0.017766,0.013158,1.350194,1.0,True,pass,,1.6113130878657103
605,604,Real-World,cublas,FP16,256,16,1024,8388608,0.017254,0.015104,1.142373,1.0,True,pass,,0.7637445125728846
605,604,Real-World,cublas,FP32,256,16,1024,8388608,0.016947,0.071014,0.238645,1.0,True,pass,,0.7637445125728846
605,604,Real-World,cublas,INT8,256,16,1024,8388608,0.011315,0.013107,0.863281,1.0,True,pass,,0.7637445125728846
606,605,Real-World,cublas,FP16,16,368,736,8667136,0.014643,0.014029,1.043796,1.0,True,pass,,1.7106009647250175
606,605,Real-World,cublas,FP32,16,368,736,8667136,0.01751,0.022682,0.772009,1.0,True,pass,,1.7106009647250175
606,605,Real-World,cublas,INT8,16,368,736,8667136,0.012544,0.012083,1.038136,1.0,True,pass,,1.7106009647250175
607,606,Real-World,cublas,FP16,1600,112,64,22937600,0.011008,0.013773,0.799256,1.0,True,pass,,1.6360624339431524
607,606,Real-World,cublas,FP32,1600,112,64,22937600,0.01321,0.014387,0.918149,1.0,True,pass,,1.6360624339431524
607,606,Real-World,cublas,INT8,1600,112,64,22937600,0.011008,0.009114,1.207865,1.0,True,pass,,1.6360624339431524
608,607,Real-World,cublas,FP16,16,2000,128,8192000,0.014182,0.013312,1.065385,1.0,True,pass,,0.7508665192872286
608,607,Real-World,cublas,FP32,16,2000,128,8192000,0.012851,0.019354,0.664021,1.0,True,pass,,0.7508665192872286
608,607,Real-World,cublas,INT8,16,2000,128,8192000,0.010701,0.008806,1.215116,1.0,True,pass,,0.7508665192872286
609,608,Real-World,cublas,FP16,87,256,784,34922496,0.018381,0.014336,1.282143,1.0,True,pass,,1.7871422804892063
609,608,Real-World,cublas,FP32,87,256,784,34922496,0.019712,0.058931,0.334492,1.0,True,pass,,1.7871422804892063
609,608,Real-World,cublas,INT8,87,256,784,34922496,,,,,False,missing,Running INT8...Error benchmarking size 87x256x784: std::exception,1.7871422804892063
610,609,Real-World,cublas,FP16,169,52,1280,22497280,0.018586,0.015309,1.214047,1.0,True,pass,,1.6704406440258026
610,609,Real-World,cublas,FP32,169,52,1280,22497280,0.018381,0.105011,0.175037,1.0,True,pass,,1.6704406440258026
610,609,Real-World,cublas,INT8,169,52,1280,22497280,,,,,False,missing,Running INT8...Error benchmarking size 169x52x1280: std::exception,1.6704406440258026
611,610,Real-World,cublas,FP16,168,101,1024,34750464,0.016077,0.015821,1.016181,1.0,True,pass,,0.8463555369526148
611,610,Real-World,cublas,FP32,168,101,1024,34750464,0.02007,0.074906,0.267943,1.0,True,pass,,0.8463555369526148
611,610,Real-World,cublas,INT8,168,101,1024,34750464,0.020224,0.015155,1.334459,1.0,True,pass,,0.8463555369526148
612,611,Real-World,cublas,FP16,24,256,1024,12582912,0.016486,0.015514,1.062707,1.0,True,pass,,1.82964370213449
612,611,Real-World,cublas,FP32,24,256,1024,12582912,0.017818,0.073523,0.24234,1.0,True,pass,,1.82964370213449
612,611,Real-World,cublas,INT8,24,256,1024,12582912,0.018944,0.01408,1.345455,1.0,True,pass,,1.82964370213449
613,612,Real-World,cublas,FP16,191,81,1024,31684608,0.019046,0.015053,1.265306,1.0,True,pass,,1.7455266173928976
613,612,Real-World,cublas,FP32,191,81,1024,31684608,0.019661,0.074701,0.263194,1.0,True,pass,,1.7455266173928976
613,612,Real-World,cublas,INT8,191,81,1024,31684608,,,,,False,missing,Running INT8...Error benchmarking size 191x81x1024: std::exception,1.7455266173928976
614,613,Real-World,cublas,FP16,93,128,1280,30474240,0.019814,0.015565,1.273026,1.0,True,pass,,1.5920617207884789
614,613,Real-World,cublas,FP32,93,128,1280,30474240,0.019354,0.102502,0.188811,1.0,True,pass,,1.5920617207884789
614,613,Real-World,cublas,INT8,93,128,1280,30474240,,,,,False,missing,Running INT8...Error benchmarking size 93x128x1280: std::exception,1.5920617207884789
615,614,Real-World,cublas,FP16,32,512,512,16777216,0.014387,0.013926,1.033088,1.0,True,pass,,0.7543719559907913
615,614,Real-World,cublas,FP32,32,512,512,16777216,0.017664,0.020736,0.851852,1.0,True,pass,,0.7543719559907913
615,614,Real-World,cublas,INT8,32,512,512,16777216,0.014592,0.015514,0.940594,1.0,True,pass,,0.7543719559907913
616,615,Real-World,cublas,FP16,32,512,515,16875520,0.015872,0.012595,1.260162,1.0,True,pass,,1.5906932279467583
616,615,Real-World,cublas,FP32,32,512,515,16875520,0.01751,0.021197,0.826087,1.0,True,pass,,1.5906932279467583
616,615,Real-World,cublas,INT8,32,512,515,16875520,0.01065,0.041318,0.257745,0.0,False,incorrect,Cosine similarity threshold failed,1.5906932279467583
617,616,Real-World,cublas,FP16,145,128,1024,38010880,0.021402,0.015104,1.416949,1.0,True,pass,,1.319703847169876
617,616,Real-World,cublas,FP32,145,128,1024,38010880,0.019354,0.071424,0.270968,1.0,True,pass,,1.319703847169876
617,616,Real-World,cublas,INT8,145,128,1024,38010880,,,,,False,missing,Running INT8...Error benchmarking size 145x128x1024: std::exception,1.319703847169876
618,617,Real-World,cublas,FP16,1,620,500,620000,0.01024,0.013312,0.769231,1.0,True,pass,,0.8274825997650623
618,617,Real-World,cublas,FP32,1,620,500,620000,0.014643,0.025088,0.583673,1.0,True,pass,,0.8274825997650623
618,617,Real-World,cublas,INT8,1,620,500,620000,,,,,False,missing,Running INT8...Error benchmarking size 1x620x500: std::exception,0.8274825997650623
619,618,Real-World,cublas,FP16,128,512,384,50331648,0.013773,0.014029,0.981752,1.0,True,pass,,1.5546292923390865
619,618,Real-World,cublas,FP32,128,512,384,50331648,0.019763,0.090112,0.219318,1.0,True,pass,,1.5546292923390865
619,618,Real-World,cublas,INT8,128,512,384,50331648,0.011776,0.011213,1.050228,1.0,True,pass,,1.5546292923390865
620,619,Real-World,cublas,FP16,384,128,512,50331648,0.012032,0.013773,0.873606,1.0,True,pass,,0.7226959504187107
620,619,Real-World,cublas,FP32,384,128,512,50331648,0.022989,0.025702,0.894422,1.0,True,pass,,0.7226959504187107
620,619,Real-World,cublas,INT8,384,128,512,50331648,0.012237,0.01152,1.062222,1.0,True,pass,,0.7226959504187107
621,620,Real-World,cublas,FP16,384,512,128,50331648,0.009626,0.011008,0.874419,1.0,True,pass,,1.551430294290185
621,620,Real-World,cublas,FP32,384,512,128,50331648,0.014848,0.019968,0.74359,1.0,True,pass,,1.551430294290185
621,620,Real-World,cublas,INT8,384,512,128,50331648,0.011162,0.008909,1.252874,1.0,True,pass,,1.551430294290185
622,621,Real-World,cublas,FP16,384,768,16,9437184,0.011674,0.013773,0.847584,1.0,True,pass,,1.5674128141254187
622,621,Real-World,cublas,FP32,384,768,16,9437184,0.010752,0.010086,1.06599,1.0,True,pass,,1.5674128141254187
622,621,Real-World,cublas,INT8,384,768,16,9437184,0.011008,0.008448,1.30303,1.0,True,pass,,1.5674128141254187
623,622,Real-World,cublas,FP16,149,600,300,53640000,0.017971,0.015104,1.18983,1.0,True,pass,,1.8261821325868368
623,622,Real-World,cublas,FP32,149,600,300,53640000,0.022426,0.051814,0.432806,1.0,True,pass,,1.8261821325868368
623,622,Real-World,cublas,INT8,149,600,300,53640000,,,,,False,missing,Running INT8...Error benchmarking size 149x600x300: std::exception,1.8261821325868368
624,623,Real-World,cublas,FP16,98,101,1536,30406656,0.017357,0.016282,1.066038,1.0,True,pass,,0.9026447664946318
624,623,Real-World,cublas,FP32,98,101,1536,30406656,0.020173,0.123136,0.163825,1.0,True,pass,,0.9026447664946318
624,623,Real-World,cublas,INT8,98,101,1536,30406656,,,,,False,missing,Running INT8...Error benchmarking size 98x101x1536: std::exception,0.9026447664946318
625,624,Real-World,cublas,FP16,16,256,1152,9437184,0.015872,0.019507,0.813648,1.0,True,pass,,1.7292843386530876
625,624,Real-World,cublas,FP32,16,256,1152,9437184,0.019149,0.105882,0.180851,1.0,True,pass,,1.7292843386530876
625,624,Real-World,cublas,INT8,16,256,1152,9437184,0.013875,0.013824,1.003704,1.0,True,pass,,1.7292843386530876
626,625,Real-World,cublas,FP16,57,512,512,29884416,0.017971,0.012442,1.444444,1.0,True,pass,,1.626138998195529
626,625,Real-World,cublas,FP32,57,512,512,29884416,0.019558,0.020736,0.94321,1.0,True,pass,,1.626138998195529
626,625,Real-World,cublas,INT8,57,512,512,29884416,,,,,False,missing,Running INT8...Error benchmarking size 57x512x512: std::exception,1.626138998195529
627,626,Real-World,cublas,FP16,736,96,304,42958848,0.01536,0.014694,1.045296,1.0,True,pass,,0.7398881707340479
627,626,Real-World,cublas,FP32,736,96,304,42958848,0.020122,0.047872,0.420321,1.0,True,pass,,0.7398881707340479
627,626,Real-World,cublas,INT8,736,96,304,42958848,0.012032,0.011059,1.087963,1.0,True,pass,,0.7398881707340479
628,627,Real-World,cublas,FP16,400,208,400,66560000,0.014541,0.015206,0.956229,1.0,True,pass,,1.70480334199965
628,627,Real-World,cublas,FP32,400,208,400,66560000,0.023398,0.048026,0.487207,1.0,True,pass,,1.70480334199965
628,627,Real-World,cublas,INT8,400,208,400,66560000,0.01495,0.016845,0.887538,1.0,True,pass,,1.70480334199965
629,628,Real-World,cublas,FP16,64,512,512,33554432,0.013056,0.013517,0.965909,1.0,True,pass,,1.681379010900855
629,628,Real-World,cublas,FP32,64,512,512,33554432,0.019354,0.020685,0.935644,1.0,True,pass,,1.681379010900855
629,628,Real-World,cublas,INT8,64,512,512,33554432,0.015411,0.015309,1.006689,1.0,True,pass,,1.681379010900855
630,629,Real-World,cublas,FP16,2544,64,64,20840448,0.011418,0.013824,0.825926,1.0,True,pass,,0.7261025682091713
630,629,Real-World,cublas,FP32,2544,64,64,20840448,0.012646,0.01367,0.925094,1.0,True,pass,,0.7261025682091713
630,629,Real-World,cublas,INT8,2544,64,64,20840448,0.010547,0.008294,1.271605,1.0,True,pass,,0.7261025682091713
631,630,Real-World,cublas,FP16,1,1728,192,663552,0.009574,0.012442,0.769547,1.0,True,pass,,1.812806399539113
631,630,Real-World,cublas,FP32,1,1728,192,663552,0.012954,0.029082,0.445423,1.0,True,pass,,1.812806399539113
631,630,Real-World,cublas,INT8,1,1728,192,663552,,,,,False,missing,Running INT8...Error benchmarking size 1x1728x192: std::exception,1.812806399539113
632,631,Real-World,cublas,FP16,1,192,1728,663552,0.01024,0.015462,0.662252,1.0,True,pass,,1.5606154575943947
632,631,Real-World,cublas,FP32,1,192,1728,663552,0.010547,0.07721,0.136605,1.0,True,pass,,1.5606154575943947
632,631,Real-World,cublas,INT8,1,192,1728,663552,,,,,False,missing,Running INT8...Error benchmarking size 1x192x1728: std::exception,1.5606154575943947
633,632,Real-World,cublas,FP16,16,624,512,10223616,0.011622,0.013466,0.863118,1.0,True,pass,,0.7645978610962629
633,632,Real-World,cublas,FP32,16,624,512,10223616,0.017408,0.020326,0.856423,1.0,True,pass,,0.7645978610962629
633,632,Real-World,cublas,INT8,16,624,512,10223616,0.014387,0.015155,0.949324,1.0,True,pass,,0.7645978610962629
634,633,Real-World,cublas,FP16,176,32,1600,18022400,0.01751,0.016333,1.0721,1.0,True,pass,,1.7080527488142252
634,633,Real-World,cublas,FP32,176,32,1600,18022400,0.017203,0.072448,0.237456,1.0,True,pass,,1.7080527488142252
634,633,Real-World,cublas,INT8,176,32,1600,18022400,0.014541,0.015309,0.949833,1.0,True,pass,,1.7080527488142252
635,634,Real-World,cublas,FP16,1504,16,208,10010624,0.01065,0.012749,0.835341,1.0,True,pass,,1.6497780922800303
635,634,Real-World,cublas,FP32,1504,16,208,10010624,0.013005,0.026522,0.490347,1.0,True,pass,,1.6497780922800303
635,634,Real-World,cublas,INT8,1504,16,208,10010624,0.011776,0.009933,1.185567,1.0,True,pass,,1.6497780922800303
636,635,Real-World,cublas,FP16,149,16,2048,9764864,0.016794,0.029645,0.566494,1.0,True,pass,,0.842277031391859
636,635,Real-World,cublas,FP32,149,16,2048,9764864,0.015923,0.188416,0.084511,1.0,True,pass,,0.842277031391859
636,635,Real-World,cublas,INT8,149,16,2048,9764864,,,,,False,missing,Running INT8...Error benchmarking size 149x16x2048: std::exception,0.842277031391859
637,636,Real-World,cublas,FP16,20,800,400,12800000,0.012646,0.015718,0.80456,1.0,True,pass,,1.7342291120439768
637,636,Real-World,cublas,FP32,20,800,400,12800000,0.017203,0.047821,0.359743,1.0,True,pass,,1.7342291120439768
637,636,Real-World,cublas,INT8,20,800,400,12800000,0.014234,0.010598,1.342995,1.0,True,pass,,1.7342291120439768
638,637,Real-World,cublas,FP16,384,128,576,56623104,0.015053,0.01408,1.069091,1.0,True,pass,,1.6784070283174515
638,637,Real-World,cublas,FP32,384,128,576,56623104,0.018534,0.021299,0.870192,1.0,True,pass,,1.6784070283174515
638,637,Real-World,cublas,INT8,384,128,576,56623104,0.011725,0.011622,1.008811,1.0,True,pass,,1.6784070283174515
639,638,Real-World,cublas,FP16,82,512,512,42991616,0.016896,0.014387,1.174377,1.0,True,pass,,0.966056926175952
639,638,Real-World,cublas,FP32,82,512,512,42991616,0.020378,0.02089,0.97549,1.0,True,pass,,0.966056926175952
639,638,Real-World,cublas,INT8,82,512,512,42991616,,,,,False,missing,Running INT8...Error benchmarking size 82x512x512: std::exception,0.966056926175952
640,639,Real-World,cublas,FP16,1024,320,16,10485760,0.013312,0.014336,0.928571,1.0,True,pass,,1.4781382102519274
640,639,Real-World,cublas,FP32,1024,320,16,10485760,0.01065,0.009472,1.124324,1.0,True,pass,,1.4781382102519274
640,639,Real-World,cublas,INT8,1024,320,16,10485760,0.013722,0.013414,1.022901,1.0,True,pass,,1.4781382102519274
641,640,Real-World,cublas,FP16,16,576,576,10616832,0.01367,0.013363,1.022988,1.0,True,pass,,1.4045090358704329
641,640,Real-World,cublas,FP32,16,576,576,10616832,0.018227,0.019149,0.951872,1.0,True,pass,,1.4045090358704329
641,640,Real-World,cublas,INT8,16,576,576,10616832,0.011878,0.011162,1.06422,1.0,True,pass,,1.4045090358704329
642,641,Real-World,cublas,FP16,34,512,610,21237760,0.014848,0.015309,0.9699,1.0,True,pass,,0.7521808054298162
642,641,Real-World,cublas,FP32,34,512,610,21237760,0.019814,0.021299,0.930288,1.0,True,pass,,0.7521808054298162
642,641,Real-World,cublas,INT8,34,512,610,21237760,0.009728,0.015667,0.620915,0.0,False,incorrect,Cosine similarity threshold failed,0.7521808054298162
643,642,Real-World,cublas,FP16,408,312,312,79432704,0.013414,0.015565,0.861842,1.0,True,pass,,1.5579582545906305
643,642,Real-World,cublas,FP32,408,312,312,79432704,0.020531,0.048589,0.42255,1.0,True,pass,,1.5579582545906305
643,642,Real-World,cublas,INT8,408,312,312,79432704,0.013158,0.011418,1.152466,1.0,True,pass,,1.5579582545906305
644,643,Real-World,cublas,FP16,32,800,400,20480000,0.014029,0.01536,0.913333,1.0,True,pass,,1.5894853100180626
644,643,Real-World,cublas,FP32,32,800,400,20480000,0.020531,0.053043,0.387066,1.0,True,pass,,1.5894853100180626
644,643,Real-World,cublas,INT8,32,800,400,20480000,0.013466,0.011418,1.179372,1.0,True,pass,,1.5894853100180626
645,644,Real-World,cublas,FP16,165,10,2048,6758400,0.017152,0.029338,0.584642,1.0,True,pass,,0.8871436528861523
645,644,Real-World,cublas,FP32,165,10,2048,6758400,0.02048,0.195277,0.104877,1.0,True,pass,,0.8871436528861523
645,644,Real-World,cublas,INT8,165,10,2048,6758400,,,,,False,missing,Running INT8...Error benchmarking size 165x10x2048: std::exception,0.8871436528861523
646,645,Real-World,cublas,FP16,1600,16,208,10649600,0.01065,0.012749,0.835341,1.0,True,pass,,1.5561474300920963
646,645,Real-World,cublas,FP32,1600,16,208,10649600,0.012749,0.026522,0.480695,1.0,True,pass,,1.5561474300920963
646,645,Real-World,cublas,INT8,1600,16,208,10649600,0.01152,0.009882,1.165803,1.0,True,pass,,1.5561474300920963
647,646,Real-World,cublas,FP16,32,512,640,20971520,0.014797,0.014131,1.047102,1.0,True,pass,,1.6001906301826239
647,646,Real-World,cublas,FP32,32,512,640,20971520,0.01664,0.021709,0.76651,1.0,True,pass,,1.6001906301826239
647,646,Real-World,cublas,INT8,32,512,640,20971520,0.012339,0.011213,1.100457,1.0,True,pass,,1.6001906301826239
648,647,Real-World,cublas,FP16,192,192,864,63700992,0.01664,0.015667,1.062091,1.0,True,pass,,1.6307928077876568
648,647,Real-World,cublas,FP32,192,192,864,63700992,0.025498,0.070298,0.362709,1.0,True,pass,,1.6307928077876568
648,647,Real-World,cublas,INT8,192,192,864,63700992,0.014899,0.015411,0.966777,1.0,True,pass,,1.6307928077876568
649,648,Real-World,cublas,FP16,1600,80,144,36864000,0.01495,0.013978,1.069597,1.0,True,pass,,0.7788176294416189
649,648,Real-World,cublas,FP32,1600,80,144,36864000,0.016691,0.020992,0.795122,1.0,True,pass,,0.7788176294416189
649,648,Real-World,cublas,INT8,1600,80,144,36864000,0.011264,0.009165,1.22905,1.0,True,pass,,0.7788176294416189
650,649,Real-World,cublas,FP16,1,160,2304,737280,0.014387,0.034458,0.417533,1.0,True,pass,,1.7556544225662947
650,649,Real-World,cublas,FP32,1,160,2304,737280,0.01065,0.110387,0.096475,1.0,True,pass,,1.7556544225662947
650,649,Real-World,cublas,INT8,1,160,2304,737280,,,,,False,missing,Running INT8...Error benchmarking size 1x160x2304: std::exception,1.7556544225662947
651,650,Real-World,cublas,FP16,166,80,1536,40796160,0.019251,0.016384,1.175,1.0,True,pass,,1.3835401330143213
651,650,Real-World,cublas,FP32,166,80,1536,40796160,0.020429,0.121395,0.168283,1.0,True,pass,,1.3835401330143213
651,650,Real-World,cublas,INT8,166,80,1536,40796160,,,,,False,missing,Running INT8...Error benchmarking size 166x80x1536: std::exception,1.3835401330143213
652,651,Real-World,cublas,FP16,128,512,512,67108864,0.012339,0.01449,0.85159,1.0,True,pass,,0.77173737809062
652,651,Real-World,cublas,FP32,128,512,512,67108864,0.021914,0.068813,0.318452,1.0,True,pass,,0.77173737809062
652,651,Real-World,cublas,INT8,128,512,512,67108864,0.012186,0.012134,1.00422,1.0,True,pass,,0.77173737809062
653,652,Real-World,cublas,FP16,128,362,722,66909184,0.015718,0.014592,1.077193,1.0,True,pass,,1.6416780911386013
653,652,Real-World,cublas,FP32,128,362,722,66909184,0.02089,0.08023,0.26037,1.0,True,pass,,1.6416780911386013
653,652,Real-World,cublas,INT8,128,362,722,66909184,0.010086,0.024832,0.406186,0.0,False,incorrect,Cosine similarity threshold failed,1.6416780911386013
654,653,Real-World,cublas,FP16,108,1025,256,56678400,0.013517,0.017254,0.783383,1.0,True,pass,,1.5336580649018288
654,653,Real-World,cublas,FP32,108,1025,256,56678400,0.0192,0.031898,0.601926,1.0,True,pass,,1.5336580649018288
654,653,Real-World,cublas,INT8,108,1025,256,56678400,0.014131,0.009984,1.415384,1.0,True,pass,,1.5336580649018288
655,654,Real-World,cublas,FP16,128,1502,128,49217536,0.011469,0.015974,0.717949,1.0,True,pass,,0.7596240043640137
655,654,Real-World,cublas,FP32,128,1502,128,49217536,0.015104,0.020275,0.744949,1.0,True,pass,,0.7596240043640137
655,654,Real-World,cublas,INT8,128,1502,128,49217536,0.01408,0.013517,1.041667,1.0,True,pass,,0.7596240043640137
656,655,Real-World,cublas,FP16,256,112,1024,58720256,0.013414,0.015155,0.885135,1.0,True,pass,,1.5637372750788927
656,655,Real-World,cublas,FP32,256,112,1024,58720256,0.020173,0.073114,0.27591,1.0,True,pass,,1.5637372750788927
656,655,Real-World,cublas,INT8,256,112,1024,58720256,0.013466,0.013568,0.992453,1.0,True,pass,,1.5637372750788927
657,656,Real-World,cublas,FP16,103,91,2048,38391808,0.019098,0.01833,1.041899,1.0,True,pass,,1.7249420434236526
657,656,Real-World,cublas,FP32,103,91,2048,38391808,0.019968,0.09129,0.218733,1.0,True,pass,,1.7249420434236526
657,656,Real-World,cublas,INT8,103,91,2048,38391808,,,,,False,missing,Running INT8...Error benchmarking size 103x91x2048: std::exception,1.7249420434236526
658,657,Real-World,cublas,FP16,66,576,576,43794432,0.014182,0.01449,0.978799,1.0,True,pass,,0.9554630741477013
658,657,Real-World,cublas,FP32,66,576,576,43794432,0.021504,0.0256,0.84,1.0,True,pass,,0.9554630741477013
658,657,Real-World,cublas,INT8,66,576,576,43794432,,,,,False,missing,Running INT8...Error benchmarking size 66x576x576: std::exception,0.9554630741477013
659,658,Real-World,cublas,FP16,12800,16,16,6553600,0.013875,0.01321,1.050388,1.0,True,pass,,1.5899213682860136
659,658,Real-World,cublas,FP32,12800,16,16,6553600,0.011213,0.010854,1.033019,1.0,True,pass,,1.5899213682860136
659,658,Real-World,cublas,INT8,12800,16,16,6553600,0.033843,0.014438,2.343972,1.0,True,pass,,1.5899213682860136
660,659,Real-World,cublas,FP16,112,96,1920,41287680,0.016691,0.017664,0.944927,1.0,True,pass,,1.6122820768505335
660,659,Real-World,cublas,FP32,112,96,1920,41287680,0.019251,0.085146,0.226097,1.0,True,pass,,1.6122820768505335
660,659,Real-World,cublas,INT8,112,96,1920,41287680,0.017971,0.022118,0.8125,1.0,True,pass,,1.6122820768505335
661,660,Real-World,cublas,FP16,512,768,16,12582912,0.011264,0.013875,0.811808,1.0,True,pass,,0.7548050414770842
661,660,Real-World,cublas,FP32,512,768,16,12582912,0.011878,0.010035,1.183673,1.0,True,pass,,0.7548050414770842
661,660,Real-World,cublas,INT8,512,768,16,12582912,0.011213,0.008602,1.303571,1.0,True,pass,,0.7548050414770842
662,661,Real-World,cublas,FP16,3200,64,64,26214400,0.012288,0.014387,0.854092,1.0,True,pass,,1.7911421786993742
662,661,Real-World,cublas,FP32,3200,64,64,26214400,0.016333,0.018995,0.859838,1.0,True,pass,,1.7911421786993742
662,661,Real-World,cublas,INT8,3200,64,64,26214400,0.011008,0.00983,1.119792,1.0,True,pass,,1.7911421786993742
663,662,Real-World,cublas,FP16,256,1000,128,65536000,0.012493,0.015974,0.782051,1.0,True,pass,,1.8553198482841253
663,662,Real-World,cublas,FP32,256,1000,128,65536000,0.016589,0.018944,0.875676,1.0,True,pass,,1.8553198482841253
663,662,Real-World,cublas,INT8,256,1000,128,65536000,0.014285,0.013978,1.021978,1.0,True,pass,,1.8553198482841253
664,663,Real-World,cublas,FP16,1,16,24576,786432,0.014234,0.042957,0.331347,1.0,True,pass,,1.6513595506548882
664,663,Real-World,cublas,FP32,1,16,24576,786432,0.014438,2.06167,0.007003,1.0,True,pass,,1.6513595506548882
664,663,Real-World,cublas,INT8,1,16,24576,786432,,,,,False,missing,Running INT8...Error benchmarking size 1x16x24576: std::exception,1.6513595506548882
665,664,Real-World,cublas,FP16,1,24576,16,786432,0.011315,0.01495,0.756849,1.0,True,pass,,1.0247647259384394
665,664,Real-World,cublas,FP32,1,24576,16,786432,0.011827,0.018278,0.647059,1.0,True,pass,,1.0247647259384394
665,664,Real-World,cublas,INT8,1,24576,16,786432,,,,,False,missing,Running INT8...Error benchmarking size 1x24576x16: std::exception,1.0247647259384394
666,665,Real-World,cublas,FP16,50,600,600,36000000,0.015667,0.015258,1.026846,1.0,True,pass,,1.860955324023962
666,665,Real-World,cublas,FP32,50,600,600,36000000,0.020736,0.053555,0.387189,1.0,True,pass,,1.860955324023962
666,665,Real-World,cublas,INT8,50,600,600,36000000,,,,,False,missing,Running INT8...Error benchmarking size 50x600x600: std::exception,1.860955324023962
667,666,Real-World,cublas,FP16,69,324,1024,45785088,0.020992,0.015206,1.380471,1.0,True,pass,,1.8834453020244837
667,666,Real-World,cublas,FP32,69,324,1024,45785088,0.021606,0.07209,0.299716,1.0,True,pass,,1.8834453020244837
667,666,Real-World,cublas,INT8,69,324,1024,45785088,,,,,False,missing,Running INT8...Error benchmarking size 69x324x1024: std::exception,1.8834453020244837
668,667,Real-World,cublas,FP16,76,257,1217,47540888,0.022682,0.025907,0.875494,1.0,True,pass,,1.6495177187025547
668,667,Real-World,cublas,FP32,76,257,1217,47540888,0.021504,0.098765,0.217729,1.0,True,pass,,1.6495177187025547
668,667,Real-World,cublas,INT8,76,257,1217,47540888,0.026317,0.073984,0.355709,0.0,False,incorrect,Cosine similarity threshold failed,1.6495177187025547
669,668,Real-World,cublas,FP16,512,320,320,104857600,0.014336,0.015309,0.936455,1.0,True,pass,,0.7726012598723173
669,668,Real-World,cublas,FP32,512,320,320,104857600,0.018637,0.051098,0.364729,1.0,True,pass,,0.7726012598723173
669,668,Real-World,cublas,INT8,512,320,320,104857600,0.013466,0.011008,1.223256,1.0,True,pass,,0.7726012598723173
670,669,Real-World,cublas,FP16,181,2048,29,21499904,0.012083,0.010035,1.204082,1.0,True,pass,,1.7427996974438429
670,669,Real-World,cublas,FP32,181,2048,29,21499904,0.01239,0.011622,1.06608,1.0,True,pass,,1.7427996974438429
670,669,Real-World,cublas,INT8,181,2048,29,21499904,0.010291,0.010291,1.0,0.0,False,incorrect,Cosine similarity threshold failed,1.7427996974438429
671,670,Real-World,cublas,FP16,112,96,2048,44040192,0.015821,0.018586,0.85124,1.0,True,pass,,1.7214879542589188
671,670,Real-World,cublas,FP32,112,96,2048,44040192,0.019866,0.09047,0.219581,1.0,True,pass,,1.7214879542589188
671,670,Real-World,cublas,INT8,112,96,2048,44040192,0.018432,0.022016,0.83721,1.0,True,pass,,1.7214879542589188
672,671,Real-World,cublas,FP16,384,768,128,75497472,0.013926,0.016589,0.839506,1.0,True,pass,,0.7471526879817247
672,671,Real-World,cublas,FP32,384,768,128,75497472,0.018074,0.027699,0.652495,1.0,True,pass,,0.7471526879817247
672,671,Real-World,cublas,INT8,384,768,128,75497472,0.01111,0.009216,1.205556,1.0,True,pass,,0.7471526879817247
673,672,Real-World,cublas,FP16,2000,16,208,13312000,0.01193,0.013107,0.910156,1.0,True,pass,,1.9481173027306795
673,672,Real-World,cublas,FP32,2000,16,208,13312000,0.017306,0.030515,0.567114,1.0,True,pass,,1.9481173027306795
673,672,Real-World,cublas,INT8,2000,16,208,13312000,0.013773,0.011776,1.169565,1.0,True,pass,,1.9481173027306795
674,673,Real-World,cublas,FP16,608,208,400,101171200,0.017152,0.015821,1.084142,1.0,True,pass,,1.7859868630766869
674,673,Real-World,cublas,FP32,608,208,400,101171200,0.025344,0.050534,0.50152,1.0,True,pass,,1.7859868630766869
674,673,Real-World,cublas,INT8,608,208,400,101171200,0.013261,0.013517,0.98106,1.0,True,pass,,1.7859868630766869
675,674,Real-World,cublas,FP16,800,400,112,71680000,0.011776,0.015155,0.777027,1.0,True,pass,,0.7587687093764544
675,674,Real-World,cublas,FP32,800,400,112,71680000,0.016794,0.02519,0.666667,1.0,True,pass,,0.7587687093764544
675,674,Real-World,cublas,INT8,800,400,112,71680000,0.011827,0.009574,1.235294,1.0,True,pass,,0.7587687093764544
676,675,Real-World,cublas,FP16,192,362,722,100363776,0.015872,0.014848,1.068966,1.0,True,pass,,1.7340160962194204
676,675,Real-World,cublas,FP32,192,362,722,100363776,0.025651,0.062157,0.412685,1.0,True,pass,,1.7340160962194204
676,675,Real-World,cublas,INT8,192,362,722,100363776,0.010445,0.025242,0.413793,0.0,False,incorrect,Cosine similarity threshold failed,1.7340160962194204
677,676,Real-World,cublas,FP16,800,48,512,39321600,0.016742,0.014438,1.159575,1.0,True,pass,,1.589486399665475
677,676,Real-World,cublas,FP32,800,48,512,39321600,0.019507,0.021094,0.924757,1.0,True,pass,,1.589486399665475
677,676,Real-World,cublas,INT8,800,48,512,39321600,0.01152,0.01193,0.965665,1.0,True,pass,,1.589486399665475
678,677,Real-World,cublas,FP16,128,256,1152,75497472,0.01536,0.015514,0.990099,1.0,True,pass,,0.7885664999485016
678,677,Real-World,cublas,FP32,128,256,1152,75497472,0.025037,0.079923,0.313261,1.0,True,pass,,0.7885664999485016
678,677,Real-World,cublas,INT8,128,256,1152,75497472,0.013926,0.014182,0.98195,1.0,True,pass,,0.7885664999485016
679,678,Real-World,cublas,FP16,141,512,640,92405760,0.020378,0.018381,1.108635,1.0,True,pass,,1.6827194727957249
679,678,Real-World,cublas,FP32,141,512,640,92405760,0.024218,0.030362,0.797639,1.0,True,pass,,1.6827194727957249
679,678,Real-World,cublas,INT8,141,512,640,92405760,,,,,False,missing,Running INT8...Error benchmarking size 141x512x640: std::exception,1.6827194727957249
680,679,Real-World,cublas,FP16,16,32,10240,10485760,0.01664,0.035738,0.465616,1.0,True,pass,,1.605954373255372
680,679,Real-World,cublas,FP32,16,32,10240,10485760,0.020122,0.454349,0.044287,1.0,True,pass,,1.605954373255372
680,679,Real-World,cublas,INT8,16,32,10240,10485760,0.037786,0.075315,0.5017,1.0,True,pass,,1.605954373255372
681,680,Real-World,cublas,FP16,1024,320,128,83886080,0.01193,0.015923,0.749196,1.0,True,pass,,1.515225736424327
681,680,Real-World,cublas,FP32,1024,320,128,83886080,0.018074,0.027648,0.653704,1.0,True,pass,,1.515225736424327
681,680,Real-World,cublas,INT8,1024,320,128,83886080,0.011264,0.009062,1.242938,1.0,True,pass,,1.515225736424327
682,681,Real-World,cublas,FP16,78,512,784,62619648,0.019917,0.016435,1.211838,1.0,True,pass,,0.9543896168470383
682,681,Real-World,cublas,FP32,78,512,784,62619648,0.02007,0.058982,0.340278,1.0,True,pass,,0.9543896168470383
682,681,Real-World,cublas,INT8,78,512,784,62619648,,,,,False,missing,Running INT8...Error benchmarking size 78x512x784: std::exception,0.9543896168470383
683,682,Real-World,cublas,FP16,78,1248,312,60742656,0.018586,0.019763,0.940414,1.0,True,pass,,1.6543842665851116
683,682,Real-World,cublas,FP32,78,1248,312,60742656,0.020992,0.049254,0.426195,1.0,True,pass,,1.6543842665851116
683,682,Real-World,cublas,INT8,78,1248,312,60742656,,,,,False,missing,Running INT8...Error benchmarking size 78x1248x312: std::exception,1.6543842665851116
684,683,Real-World,cublas,FP16,640,768,16,15728640,0.012954,0.014387,0.900356,1.0,True,pass,,1.5879205893725157
684,683,Real-World,cublas,FP32,640,768,16,15728640,0.013722,0.01321,1.03876,1.0,True,pass,,1.5879205893725157
684,683,Real-World,cublas,INT8,640,768,16,15728640,0.012954,0.01152,1.124444,1.0,True,pass,,1.5879205893725157
685,684,Real-World,cublas,FP16,3200,128,32,26214400,0.012237,0.014182,0.862816,1.0,True,pass,,1.625276057049632
685,684,Real-World,cublas,FP32,3200,128,32,26214400,0.015667,0.016486,0.95031,1.0,True,pass,,1.625276057049632
685,684,Real-World,cublas,INT8,3200,128,32,26214400,0.012544,0.010342,1.212871,1.0,True,pass,,1.625276057049632
686,685,Real-World,cublas,FP16,86,312,1248,66972672,0.018381,0.016026,1.146965,1.0,True,pass,,0.8715203516185284
686,685,Real-World,cublas,FP32,86,312,1248,66972672,0.02345,0.100352,0.233673,1.0,True,pass,,0.8715203516185284
686,685,Real-World,cublas,INT8,86,312,1248,66972672,,,,,False,missing,Running INT8...Error benchmarking size 86x312x1248: std::exception,0.8715203516185284
687,686,Real-World,cublas,FP16,256,512,512,134217728,0.012442,0.015923,0.781351,1.0,True,pass,,1.5667248647660017
687,686,Real-World,cublas,FP32,256,512,512,134217728,0.029389,0.070451,0.417151,1.0,True,pass,,1.5667248647660017
687,686,Real-World,cublas,INT8,256,512,512,134217728,0.012288,0.011008,1.116279,1.0,True,pass,,1.5667248647660017
688,687,Real-World,cublas,FP16,1,1024,512,1048576,0.010394,0.013363,0.777778,1.0,True,pass,,1.7490171622484922
688,687,Real-World,cublas,FP32,1,1024,512,1048576,0.010342,0.019917,0.51928,1.0,True,pass,,1.7490171622484922
688,687,Real-World,cublas,INT8,1,1024,512,1048576,,,,,False,missing,Running INT8...Error benchmarking size 1x1024x512: std::exception,1.7490171622484922
689,688,Real-World,cublas,FP16,800,256,304,124518400,0.011981,0.014541,0.823944,1.0,True,pass,,0.7527351956814528
689,688,Real-World,cublas,FP32,800,256,304,124518400,0.020787,0.047872,0.434225,1.0,True,pass,,0.7527351956814528
689,688,Real-World,cublas,INT8,800,256,304,124518400,0.01193,0.010701,1.114833,1.0,True,pass,,0.7527351956814528
690,689,Real-World,cublas,FP16,32,512,960,31457280,0.015309,0.014336,1.067857,1.0,True,pass,,1.547939332202077
690,689,Real-World,cublas,FP32,32,512,960,31457280,0.021606,0.081818,0.26408,1.0,True,pass,,1.547939332202077
690,689,Real-World,cublas,INT8,32,512,960,31457280,0.013107,0.012339,1.062241,1.0,True,pass,,1.547939332202077
691,690,Real-World,cublas,FP16,16,1008,512,16515072,0.011571,0.013158,0.879377,1.0,True,pass,,1.4777029734104872
691,690,Real-World,cublas,FP32,16,1008,512,16515072,0.022221,0.025088,0.885714,1.0,True,pass,,1.4777029734104872
691,690,Real-World,cublas,INT8,16,1008,512,16515072,0.01065,0.010547,1.009709,1.0,True,pass,,1.4777029734104872
692,691,Real-World,cublas,FP16,384,512,384,150994944,0.015155,0.015155,1.0,1.0,True,pass,,0.738507479429245
692,691,Real-World,cublas,FP32,384,512,384,150994944,0.022784,0.09088,0.250704,1.0,True,pass,,0.738507479429245
692,691,Real-World,cublas,INT8,384,512,384,150994944,0.01449,0.015616,0.927869,1.0,True,pass,,0.738507479429245
693,692,Real-World,cublas,FP16,2400,16,208,15974400,0.011469,0.012954,0.885375,1.0,True,pass,,1.6176503989845514
693,692,Real-World,cublas,FP32,2400,16,208,15974400,0.018022,0.031078,0.579901,1.0,True,pass,,1.6176503989845514
693,692,Real-World,cublas,INT8,2400,16,208,15974400,0.01367,0.00983,1.390625,1.0,True,pass,,1.6176503989845514
694,693,Real-World,cublas,FP16,32,100,4096,26214400,0.018278,0.161587,0.113118,1.0,True,pass,,1.5463560614734888
694,693,Real-World,cublas,FP32,32,100,4096,26214400,0.0192,0.15273,0.125712,1.0,True,pass,,1.5463560614734888
694,693,Real-World,cublas,INT8,32,100,4096,26214400,0.021197,0.034918,0.607038,1.0,True,pass,,1.5463560614734888
695,694,Real-World,cublas,FP16,512,1024,16,16777216,0.01193,0.014131,0.844203,1.0,True,pass,,0.7168821413069963
695,694,Real-World,cublas,FP32,512,1024,16,16777216,0.012698,0.010957,1.158879,1.0,True,pass,,0.7168821413069963
695,694,Real-World,cublas,INT8,512,1024,16,16777216,0.011418,0.010138,1.126262,1.0,True,pass,,0.7168821413069963
696,695,Real-World,cublas,FP16,512,16,1024,16777216,0.015155,0.014387,1.053381,1.0,True,pass,,1.8602706175297499
696,695,Real-World,cublas,FP32,512,16,1024,16777216,0.018534,0.072653,0.255109,1.0,True,pass,,1.8602706175297499
696,695,Real-World,cublas,INT8,512,16,1024,16777216,0.012339,0.013158,0.937743,1.0,True,pass,,1.8602706175297499
697,696,Real-World,cublas,FP16,16,512,1024,16777216,0.015514,0.014438,1.074468,1.0,True,pass,,1.6175245083868504
697,696,Real-World,cublas,FP32,16,512,1024,16777216,0.018586,0.055706,0.33364,1.0,True,pass,,1.6175245083868504
697,696,Real-World,cublas,INT8,16,512,1024,16777216,0.013414,0.012493,1.07377,1.0,True,pass,,1.6175245083868504
698,697,Real-World,cublas,FP16,512,768,128,100663296,0.011827,0.015821,0.747573,1.0,True,pass,,0.722249211743474
698,697,Real-World,cublas,FP32,512,768,128,100663296,0.018074,0.02688,0.672381,1.0,True,pass,,0.722249211743474
698,697,Real-World,cublas,INT8,512,768,128,100663296,0.011674,0.008704,1.341176,1.0,True,pass,,0.722249211743474
699,698,Real-World,cublas,FP16,142,1999,128,72667648,0.013875,0.016742,0.828746,1.0,True,pass,,1.800401957705617
699,698,Real-World,cublas,FP32,142,1999,128,72667648,0.017869,0.02048,0.8725,1.0,True,pass,,1.800401957705617
699,698,Real-World,cublas,INT8,142,1999,128,72667648,,,,,False,missing,Running INT8...Error benchmarking size 142x1999x128: std::exception,1.800401957705617
700,699,Real-World,cublas,FP16,192,256,1152,113246208,0.016333,0.016589,0.984568,1.0,True,pass,,1.6981973145157099
700,699,Real-World,cublas,FP32,192,256,1152,113246208,0.022989,0.081818,0.280976,1.0,True,pass,,1.6981973145157099
700,699,Real-World,cublas,INT8,192,256,1152,113246208,0.013722,0.014131,0.971015,1.0,True,pass,,1.6981973145157099
701,700,Real-World,cublas,FP16,2512,16,208,16719872,0.01111,0.013005,0.854331,1.0,True,pass,,0.735826525837183
701,700,Real-World,cublas,FP32,2512,16,208,16719872,0.014336,0.02647,0.541586,1.0,True,pass,,0.735826525837183
701,700,Real-World,cublas,INT8,2512,16,208,16719872,0.013926,0.009984,1.394872,1.0,True,pass,,0.735826525837183
702,701,Real-World,cublas,FP16,928,64,512,60817408,0.01239,0.014438,0.858156,1.0,True,pass,,1.6145294085144997
702,701,Real-World,cublas,FP32,928,64,512,60817408,0.02345,0.020787,1.128079,1.0,True,pass,,1.6145294085144997
702,701,Real-World,cublas,INT8,928,64,512,60817408,0.012032,0.011315,1.063349,1.0,True,pass,,1.6145294085144997
703,702,Real-World,cublas,FP16,928,512,64,60817408,0.014694,0.015002,0.979522,1.0,True,pass,,1.6250772941857576
703,702,Real-World,cublas,FP32,928,512,64,60817408,0.018125,0.018381,0.986072,1.0,True,pass,,1.6250772941857576
703,702,Real-World,cublas,INT8,928,512,64,60817408,0.01193,0.009984,1.194872,1.0,True,pass,,1.6250772941857576
704,703,Real-World,cublas,FP16,195,256,1152,115015680,0.023142,0.017203,1.345238,1.0,True,pass,,1.8834272623062134
704,703,Real-World,cublas,FP32,195,256,1152,115015680,0.026419,0.080896,0.326582,1.0,True,pass,,1.8834272623062134
704,703,Real-World,cublas,INT8,195,256,1152,115015680,,,,,False,missing,Running INT8...Error benchmarking size 195x256x1152: std::exception,1.8834272623062134
705,704,Real-World,cublas,FP16,800,208,400,133120000,0.01577,0.015258,1.033557,1.0,True,pass,,0.7600606344640255
705,704,Real-World,cublas,FP32,800,208,400,133120000,0.028211,0.053146,0.530829,1.0,True,pass,,0.7600606344640255
705,704,Real-World,cublas,INT8,800,208,400,133120000,0.012493,0.01152,1.084445,1.0,True,pass,,0.7600606344640255
706,705,Real-World,cublas,FP16,3200,112,64,45875200,0.014029,0.01495,0.938356,1.0,True,pass,,1.6683596335351467
706,705,Real-World,cublas,FP32,3200,112,64,45875200,0.014592,0.015309,0.953177,1.0,True,pass,,1.6683596335351467
706,705,Real-World,cublas,INT8,3200,112,64,45875200,0.013517,0.013875,0.97417,1.0,True,pass,,1.6683596335351467
707,706,Real-World,cublas,FP16,32,512,1024,33554432,0.017306,0.014797,1.169551,1.0,True,pass,,1.757864622399211
707,706,Real-World,cublas,FP32,32,512,1024,33554432,0.02263,0.076749,0.294863,1.0,True,pass,,1.757864622399211
707,706,Real-World,cublas,INT8,32,512,1024,33554432,0.016998,0.015923,1.067524,1.0,True,pass,,1.757864622399211
708,707,Real-World,cublas,FP16,41,512,1024,42991616,0.017766,0.014387,1.234875,1.0,True,pass,,0.9043056797236204
708,707,Real-World,cublas,FP32,41,512,1024,42991616,0.02473,0.076851,0.321786,1.0,True,pass,,0.9043056797236204
708,707,Real-World,cublas,INT8,41,512,1024,42991616,,,,,False,missing,Running INT8...Error benchmarking size 41x512x1024: std::exception,0.9043056797236204
709,708,Real-World,cublas,FP16,1,768,768,1179648,0.010189,0.013517,0.753788,1.0,True,pass,,1.7867029123008251
709,708,Real-World,cublas,FP32,1,768,768,1179648,0.013926,0.029133,0.478032,1.0,True,pass,,1.7867029123008251
709,708,Real-World,cublas,INT8,1,768,768,1179648,,,,,False,missing,Running INT8...Error benchmarking size 1x768x768: std::exception,1.7867029123008251
710,709,Real-World,cublas,FP16,32,256,2048,33554432,0.017101,0.018381,0.930362,1.0,True,pass,,1.7085356414318085
710,709,Real-World,cublas,FP32,32,256,2048,33554432,0.020275,0.092467,0.219269,1.0,True,pass,,1.7085356414318085
710,709,Real-World,cublas,INT8,32,256,2048,33554432,0.016947,0.018739,0.904372,1.0,True,pass,,1.7085356414318085
711,710,Real-World,cublas,FP16,32,2048,256,33554432,0.0128,0.013773,0.929368,1.0,True,pass,,1.6195497959852219
711,710,Real-World,cublas,FP32,32,2048,256,33554432,0.01664,0.044902,0.370582,1.0,True,pass,,1.6195497959852219
711,710,Real-World,cublas,INT8,32,2048,256,33554432,0.011366,0.009626,1.180851,1.0,True,pass,,1.6195497959852219
712,711,Real-World,cublas,FP16,128,320,1248,102236160,0.016026,0.016691,0.960123,1.0,True,pass,,0.7663310468196869
712,711,Real-World,cublas,FP32,128,320,1248,102236160,0.024934,0.100403,0.248343,1.0,True,pass,,0.7663310468196869
712,711,Real-World,cublas,INT8,128,320,1248,102236160,0.029286,0.015002,1.952218,1.0,True,pass,,0.7663310468196869
713,712,Real-World,cublas,FP16,128,1248,320,102236160,0.012083,0.014182,0.851986,1.0,True,pass,,1.53001662902534
713,712,Real-World,cublas,FP32,128,1248,320,102236160,0.020941,0.050278,0.416497,1.0,True,pass,,1.53001662902534
713,712,Real-World,cublas,INT8,128,1248,320,102236160,0.011878,0.010138,1.171717,1.0,True,pass,,1.53001662902534
714,713,Real-World,cublas,FP16,2000,1,300,1200000,0.009779,0.012493,0.782787,1.0,True,pass,,1.4228971507400274
714,713,Real-World,cublas,FP32,2000,1,300,1200000,0.021504,0.03456,0.622222,1.0,True,pass,,1.4228971507400274
714,713,Real-World,cublas,INT8,2000,1,300,1200000,0.009114,0.010547,0.864078,1.0,True,pass,,1.4228971507400274
715,714,Real-World,cublas,FP16,158,800,500,126400000,0.017869,0.01449,1.233216,1.0,True,pass,,0.9030477553606033
715,714,Real-World,cublas,FP32,158,800,500,126400000,0.026112,0.068659,0.380313,1.0,True,pass,,0.9030477553606033
715,714,Real-World,cublas,INT8,158,800,500,126400000,,,,,False,missing,Running INT8...Error benchmarking size 158x800x500: std::exception,0.9030477553606033
716,715,Real-World,cublas,FP16,16,768,768,18874368,0.014285,0.01449,0.985866,1.0,True,pass,,1.5563143119215965
716,715,Real-World,cublas,FP32,16,768,768,18874368,0.01879,0.024627,0.762994,1.0,True,pass,,1.5563143119215965
716,715,Real-World,cublas,INT8,16,768,768,18874368,0.012851,0.011981,1.07265,1.0,True,pass,,1.5563143119215965
717,716,Real-World,cublas,FP16,62,1024,512,65011712,0.013773,0.015053,0.914966,1.0,True,pass,,1.649754274636507
717,716,Real-World,cublas,FP32,62,1024,512,65011712,0.021862,0.068608,0.318657,1.0,True,pass,,1.649754274636507
717,716,Real-World,cublas,INT8,62,1024,512,65011712,,,,,False,missing,Running INT8...Error benchmarking size 62x1024x512: std::exception,1.649754274636507
718,717,Real-World,cublas,FP16,1,1000,620,1240000,0.010701,0.012134,0.881856,1.0,True,pass,,1.6818439718335867
718,717,Real-World,cublas,FP32,1,1000,620,1240000,0.014848,0.030874,0.480929,1.0,True,pass,,1.6818439718335867
718,717,Real-World,cublas,INT8,1,1000,620,1240000,,,,,False,missing,Running INT8...Error benchmarking size 1x1000x620: std::exception,1.6818439718335867
719,718,Real-World,cublas,FP16,32,768,768,37748736,0.015002,0.014899,1.006873,1.0,True,pass,,0.778758754953742
719,718,Real-World,cublas,FP32,32,768,768,37748736,0.018432,0.024678,0.746888,1.0,True,pass,,0.778758754953742
719,718,Real-World,cublas,INT8,32,768,768,37748736,0.01495,0.016384,0.9125,1.0,True,pass,,0.778758754953742
720,719,Real-World,cublas,FP16,2000,16,304,19456000,0.012442,0.01408,0.883636,1.0,True,pass,,1.6315797176212072
720,719,Real-World,cublas,FP32,2000,16,304,19456000,0.014746,0.035277,0.417997,1.0,True,pass,,1.6315797176212072
720,719,Real-World,cublas,INT8,2000,16,304,19456000,0.0128,0.010189,1.256281,1.0,True,pass,,1.6315797176212072
721,720,Real-World,cublas,FP16,16,800,784,20070400,0.030003,0.011878,2.525862,1.0,True,pass,,1.6003511231392622
721,720,Real-World,cublas,FP32,16,800,784,20070400,0.01833,0.057958,0.316254,1.0,True,pass,,1.6003511231392622
721,720,Real-World,cublas,INT8,16,800,784,20070400,0.016742,0.015206,1.10101,1.0,True,pass,,1.6003511231392622
722,721,Real-World,cublas,FP16,16,1008,624,20127744,0.014234,0.013722,1.037314,1.0,True,pass,,0.7638780940324068
722,721,Real-World,cublas,FP32,16,1008,624,20127744,0.019866,0.02647,0.750484,1.0,True,pass,,0.7638780940324068
722,721,Real-World,cublas,INT8,16,1008,624,20127744,0.012544,0.011827,1.060606,1.0,True,pass,,0.7638780940324068
723,722,Real-World,cublas,FP16,32,32,10240,20971520,0.016589,0.036608,0.453147,1.0,True,pass,,1.6691841147840023
723,722,Real-World,cublas,FP32,32,32,10240,20971520,0.021402,0.458394,0.046688,1.0,True,pass,,1.6691841147840023
723,722,Real-World,cublas,INT8,32,32,10240,20971520,0.036966,0.072755,0.508093,1.0,True,pass,,1.6691841147840023
724,723,Real-World,cublas,FP16,22,800,784,27596800,0.01623,0.01664,0.975385,1.0,True,pass,,1.7039904724806547
724,723,Real-World,cublas,FP32,22,800,784,27596800,0.022477,0.063027,0.356621,1.0,True,pass,,1.7039904724806547
724,723,Real-World,cublas,INT8,22,800,784,27596800,,,,,False,missing,Running INT8...Error benchmarking size 22x800x784: std::exception,1.7039904724806547
725,724,Real-World,cublas,FP16,16,800,800,20480000,0.009318,0.024115,0.386412,1.0,True,pass,,1.6250596400350332
725,724,Real-World,cublas,FP32,16,800,800,20480000,0.021248,0.059341,0.358067,1.0,True,pass,,1.6250596400350332
725,724,Real-World,cublas,INT8,16,800,800,20480000,0.013978,0.011213,1.246575,1.0,True,pass,,1.6250596400350332
726,725,Real-World,cublas,FP16,1,1728,384,1327104,0.014694,0.013466,1.091255,1.0,True,pass,,1.0316399931907654
726,725,Real-World,cublas,FP32,1,1728,384,1327104,0.026829,0.089293,0.300459,1.0,True,pass,,1.0316399931907654
726,725,Real-World,cublas,INT8,1,1728,384,1327104,,,,,False,missing,Running INT8...Error benchmarking size 1x1728x384: std::exception,1.0316399931907654
727,726,Real-World,cublas,FP16,1,384,1728,1327104,0.011008,0.016384,0.671875,1.0,True,pass,,1.7080174926668406
727,726,Real-World,cublas,FP32,1,384,1728,1327104,0.01111,0.078234,0.142016,1.0,True,pass,,1.7080174926668406
727,726,Real-World,cublas,INT8,1,384,1728,1327104,,,,,False,missing,Running INT8...Error benchmarking size 1x384x1728: std::exception,1.7080174926668406
728,727,Real-World,cublas,FP16,78,700,800,87360000,0.016486,0.016486,1.0,1.0,True,pass,,1.7895803041756153
728,727,Real-World,cublas,FP32,78,700,800,87360000,0.038502,0.066458,0.579353,1.0,True,pass,,1.7895803041756153
728,727,Real-World,cublas,INT8,78,700,800,87360000,,,,,False,missing,Running INT8...Error benchmarking size 78x700x800: std::exception,1.7895803041756153
729,728,Real-World,cublas,FP16,1000,400,200,160000000,0.013926,0.014643,0.951049,1.0,True,pass,,1.6269444767385721
729,728,Real-World,cublas,FP32,1000,400,200,160000000,0.026522,0.037325,0.710563,1.0,True,pass,,1.6269444767385721
729,728,Real-World,cublas,INT8,1000,400,200,160000000,0.015053,0.010291,1.462686,1.0,True,pass,,1.6269444767385721
730,729,Real-World,cublas,FP16,64,768,768,75497472,0.014746,0.015206,0.969697,1.0,True,pass,,0.8216131683439016
730,729,Real-World,cublas,FP32,64,768,768,75497472,0.025549,0.02985,0.855918,1.0,True,pass,,0.8216131683439016
730,729,Real-World,cublas,INT8,64,768,768,75497472,0.012902,0.011776,1.095652,1.0,True,pass,,0.8216131683439016
731,730,Real-World,cublas,FP16,2048,320,16,20971520,0.011622,0.014285,0.81362,1.0,True,pass,,1.6554571576416492
731,730,Real-World,cublas,FP32,2048,320,16,20971520,0.013005,0.01152,1.128889,1.0,True,pass,,1.6554571576416492
731,730,Real-World,cublas,INT8,2048,320,16,20971520,0.012288,0.009933,1.237114,1.0,True,pass,,1.6554571576416492
732,731,Real-World,cublas,FP16,1008,208,400,167731200,0.012083,0.015411,0.784053,1.0,True,pass,,1.6361444927752018
732,731,Real-World,cublas,FP32,1008,208,400,167731200,0.031232,0.047872,0.652406,1.0,True,pass,,1.6361444927752018
732,731,Real-World,cublas,INT8,1008,208,400,167731200,0.012186,0.011674,1.04386,1.0,True,pass,,1.6361444927752018
733,732,Real-World,cublas,FP16,192,192,1728,127401984,0.018842,0.018739,1.005464,1.0,True,pass,,0.8493311777710915
733,732,Real-World,cublas,FP32,192,192,1728,127401984,0.02944,0.078848,0.373377,1.0,True,pass,,0.8493311777710915
733,732,Real-World,cublas,INT8,192,192,1728,127401984,0.018381,0.02135,0.860912,1.0,True,pass,,0.8493311777710915
734,733,Real-World,cublas,FP16,3200,16,208,21299200,0.012442,0.013722,0.906716,1.0,True,pass,,1.7591619864106178
734,733,Real-World,cublas,FP32,3200,16,208,21299200,0.017971,0.028928,0.621239,1.0,True,pass,,1.7591619864106178
734,733,Real-World,cublas,INT8,3200,16,208,21299200,0.018637,0.014336,1.3,1.0,True,pass,,1.7591619864106178
735,734,Real-World,cublas,FP16,94,256,2048,98566144,0.019405,0.018637,1.041209,1.0,True,pass,,1.8616144116967916
735,734,Real-World,cublas,FP32,94,256,2048,98566144,0.028365,0.096102,0.295152,1.0,True,pass,,1.8616144116967916
735,734,Real-World,cublas,INT8,94,256,2048,98566144,,,,,False,missing,Running INT8...Error benchmarking size 94x256x2048: std::exception,1.8616144116967916
736,735,Real-World,cublas,FP16,32,672,1024,44040192,0.015667,0.016589,0.944444,1.0,True,pass,,1.747208509594202
736,735,Real-World,cublas,FP32,32,672,1024,44040192,0.020224,0.072909,0.277388,1.0,True,pass,,1.747208509594202
736,735,Real-World,cublas,INT8,32,672,1024,44040192,0.015667,0.017254,0.908012,1.0,True,pass,,1.747208509594202
737,736,Real-World,cublas,FP16,1024,320,320,209715200,0.015718,0.018483,0.850415,1.0,True,pass,,1.8476536143571138
737,736,Real-World,cublas,FP32,1024,320,320,209715200,0.032205,0.054426,0.591721,1.0,True,pass,,1.8476536143571138
737,736,Real-World,cublas,INT8,1024,320,320,209715200,0.013158,0.012083,1.088983,1.0,True,pass,,1.8476536143571138
738,737,Real-World,cublas,FP16,164,1000,512,167936000,0.018893,0.015309,1.234114,1.0,True,pass,,0.8913526311516762
738,737,Real-World,cublas,FP32,164,1000,512,167936000,0.033638,0.077158,0.435966,1.0,True,pass,,0.8913526311516762
738,737,Real-World,cublas,INT8,164,1000,512,167936000,0.013978,0.011725,1.19214,1.0,True,pass,,0.8913526311516762
739,738,Real-World,cublas,FP16,74,300,2000,88800000,0.021453,0.017971,1.193732,1.0,True,pass,,1.9022748172283173
739,738,Real-World,cublas,FP32,74,300,2000,88800000,0.027802,0.089651,0.310109,1.0,True,pass,,1.9022748172283173
739,738,Real-World,cublas,INT8,74,300,2000,88800000,,,,,False,missing,Running INT8...Error benchmarking size 74x300x2000: std::exception,1.9022748172283173
740,739,Real-World,cublas,FP16,6050,1,128,1548800,0.009216,0.0128,0.72,1.0,True,pass,,1.7181078772991896
740,739,Real-World,cublas,FP32,6050,1,128,1548800,0.009677,0.019712,0.490909,1.0,True,pass,,1.7181078772991896
740,739,Real-World,cublas,INT8,6050,1,128,1548800,0.014797,0.01367,1.082397,1.0,True,pass,,1.7181078772991896
741,740,Real-World,cublas,FP16,256,112,2048,117440512,0.016589,0.019405,0.854881,1.0,True,pass,,1.7457674089819193
741,740,Real-World,cublas,FP32,256,112,2048,117440512,0.026675,0.159437,0.167309,1.0,True,pass,,1.7457674089819193
741,740,Real-World,cublas,INT8,256,112,2048,117440512,0.016077,0.018432,0.872222,1.0,True,pass,,1.7457674089819193
742,741,Real-World,cublas,FP16,170,512,1024,178257920,0.021299,0.020787,1.02463,1.0,True,pass,,0.9847611878067255
742,741,Real-World,cublas,FP32,170,512,1024,178257920,0.033792,0.073984,0.456747,1.0,True,pass,,0.9847611878067255
742,741,Real-World,cublas,INT8,170,512,1024,178257920,,,,,False,missing,Running INT8...Error benchmarking size 170x512x1024: std::exception,0.9847611878067255
743,742,Real-World,cublas,FP16,128,768,768,150994944,0.029133,0.016282,1.789308,1.0,True,pass,,1.8666449040174484
743,742,Real-World,cublas,FP32,128,768,768,150994944,0.028723,0.036045,0.796875,1.0,True,pass,,1.8666449040174484
743,742,Real-World,cublas,INT8,128,768,768,150994944,0.012544,0.012186,1.029412,1.0,True,pass,,1.8666449040174484
744,743,Real-World,cublas,FP16,512,512,512,268435456,0.016026,0.01705,0.93994,1.0,True,pass,,1.7685893531888723
744,743,Real-World,cublas,FP32,512,512,512,268435456,0.037478,0.071834,0.521739,1.0,True,pass,,1.7685893531888723
744,743,Real-World,cublas,INT8,512,512,512,268435456,0.012851,0.011878,1.081897,1.0,True,pass,,1.7685893531888723
745,744,Real-World,cublas,FP16,118,2048,256,123731968,0.019866,0.015155,1.310811,1.0,True,pass,,1.75289342738688
745,744,Real-World,cublas,FP32,118,2048,256,123731968,0.027443,0.036915,0.743412,1.0,True,pass,,1.75289342738688
745,744,Real-World,cublas,INT8,118,2048,256,123731968,,,,,False,missing,Running INT8...Error benchmarking size 118x2048x256: std::exception,1.75289342738688
746,745,Real-World,cublas,FP16,16,512,1504,24641536,0.016742,0.016384,1.021875,1.0,True,pass,,1.572870997712016
746,745,Real-World,cublas,FP32,16,512,1504,24641536,0.021146,0.121242,0.174409,1.0,True,pass,,1.572870997712016
746,745,Real-World,cublas,INT8,16,512,1504,24641536,0.015718,0.016435,0.956386,1.0,True,pass,,1.572870997712016
747,746,Real-World,cublas,FP16,16,16,25088,12845056,0.020326,0.045978,0.442094,1.0,True,pass,,0.9187899213284254
747,746,Real-World,cublas,FP32,16,16,25088,12845056,0.029798,2.111539,0.014112,1.0,True,pass,,0.9187899213284254
747,746,Real-World,cublas,INT8,16,16,25088,12845056,0.074291,0.062157,1.195222,1.0,True,pass,,0.9187899213284254
748,747,Real-World,cublas,FP16,139,768,768,163971072,0.02263,0.015411,1.468439,1.0,True,pass,,1.8731139153242111
748,747,Real-World,cublas,FP32,139,768,768,163971072,0.032,0.037837,0.845738,1.0,True,pass,,1.8731139153242111
748,747,Real-World,cublas,INT8,139,768,768,163971072,,,,,False,missing,Running INT8...Error benchmarking size 139x768x768: std::exception,1.8731139153242111
749,748,Real-World,cublas,FP16,1200,208,400,199680000,0.014387,0.017101,0.841317,1.0,True,pass,,1.7057447917759418
749,748,Real-World,cublas,FP32,1200,208,400,199680000,0.033946,0.048845,0.694968,1.0,True,pass,,1.7057447917759418
749,748,Real-World,cublas,INT8,1200,208,400,199680000,0.014592,0.01239,1.177686,1.0,True,pass,,1.7057447917759418
750,749,Real-World,cublas,FP16,16,1024,768,25165824,0.014592,0.013926,1.047794,1.0,True,pass,,1.6829762198030949
750,749,Real-World,cublas,FP32,16,1024,768,25165824,0.018074,0.024678,0.732365,1.0,True,pass,,1.6829762198030949
750,749,Real-World,cublas,INT8,16,1024,768,25165824,0.015411,0.014387,1.071174,1.0,True,pass,,1.6829762198030949
751,750,Real-World,cublas,FP16,1024,16,768,25165824,0.012954,0.013568,0.954717,1.0,True,pass,,0.8395141158252954
751,750,Real-World,cublas,FP32,1024,16,768,25165824,0.020019,0.024371,0.821428,1.0,True,pass,,0.8395141158252954
751,750,Real-World,cublas,INT8,1024,16,768,25165824,0.016128,0.016435,0.981308,1.0,True,pass,,0.8395141158252954
752,751,Real-World,cublas,FP16,1024,768,16,25165824,0.019712,0.014746,1.336806,1.0,True,pass,,1.6057113502174616
752,751,Real-World,cublas,FP32,1024,768,16,25165824,0.013466,0.012851,1.047809,1.0,True,pass,,1.6057113502174616
752,751,Real-World,cublas,INT8,1024,768,16,25165824,0.012749,0.011366,1.121621,1.0,True,pass,,1.6057113502174616
753,752,Real-World,cublas,FP16,78,512,1324,105750528,0.021197,0.018528,1.144041,1.0,True,pass,,1.663847079500556
753,752,Real-World,cublas,FP32,78,512,1324,105750528,0.031488,0.11049,0.284986,1.0,True,pass,,1.663847079500556
753,752,Real-World,cublas,INT8,78,512,1324,105750528,,,,,False,missing,Running INT8...Error benchmarking size 78x512x1324: std::exception,1.663847079500556
754,753,Real-World,cublas,FP16,384,256,1152,226492416,0.017408,0.02263,0.769231,1.0,True,pass,,0.8227053135633469
754,753,Real-World,cublas,FP32,384,256,1152,226492416,0.191795,0.085658,2.239092,1.0,True,pass,,0.8227053135633469
754,753,Real-World,cublas,INT8,384,256,1152,226492416,0.014694,0.014694,1.0,1.0,True,pass,,0.8227053135633469
755,754,Real-World,cublas,FP16,31,256,3006,47711232,0.018381,0.031846,0.57717,1.0,True,pass,,1.6872141268104315
755,754,Real-World,cublas,FP32,31,256,3006,47711232,0.020634,0.113818,0.181287,1.0,True,pass,,1.6872141268104315
755,754,Real-World,cublas,INT8,31,256,3006,47711232,,,,,False,missing,Running INT8...Error benchmarking size 31x256x3006: std::exception,1.6872141268104315
756,755,Real-World,cublas,FP16,48,1024,768,75497472,0.014182,0.014848,0.955173,1.0,True,pass,,1.7303088381886482
756,755,Real-World,cublas,FP32,48,1024,768,75497472,0.023296,0.031232,0.745902,1.0,True,pass,,1.7303088381886482
756,755,Real-World,cublas,INT8,48,1024,768,75497472,0.0128,0.012186,1.05042,1.0,True,pass,,1.7303088381886482
757,756,Real-World,cublas,FP16,81,64,6000,62208000,0.021862,0.033229,0.657935,1.0,True,pass,,1.7852693889290094
757,756,Real-World,cublas,FP32,81,64,6000,62208000,0.023552,0.269568,0.087369,1.0,True,pass,,1.7852693889290094
757,756,Real-World,cublas,INT8,81,64,6000,62208000,,,,,False,missing,Running INT8...Error benchmarking size 81x64x6000: std::exception,1.7852693889290094
758,757,Real-World,cublas,FP16,6064,16,128,24838144,0.011213,0.012954,0.865613,1.0,True,pass,,0.8426064401865005
758,757,Real-World,cublas,FP32,6064,16,128,24838144,0.017613,0.020019,0.879796,1.0,True,pass,,0.8426064401865005
758,757,Real-World,cublas,INT8,6064,16,128,24838144,0.022528,0.01367,1.64794,1.0,True,pass,,0.8426064401865005
759,758,Real-World,cublas,FP16,832,1024,16,27262976,0.012237,0.015462,0.791391,1.0,True,pass,,1.6654428094625473
759,758,Real-World,cublas,FP32,832,1024,16,27262976,0.010496,0.011776,0.891305,1.0,True,pass,,1.6654428094625473
759,758,Real-World,cublas,INT8,832,1024,16,27262976,0.01321,0.010906,1.211268,1.0,True,pass,,1.6654428094625473
760,759,Real-World,cublas,FP16,4000,16,208,26624000,0.012237,0.013722,0.891791,1.0,True,pass,,1.6933847237378359
760,759,Real-World,cublas,FP32,4000,16,208,26624000,0.018227,0.026726,0.681992,1.0,True,pass,,1.6933847237378359
760,759,Real-World,cublas,INT8,4000,16,208,26624000,0.016691,0.010394,1.605912,1.0,True,pass,,1.6933847237378359
761,760,Real-World,cublas,FP16,256,1008,512,264241152,0.014131,0.016384,0.8625,1.0,True,pass,,1.600358972325921
761,760,Real-World,cublas,FP32,256,1008,512,264241152,0.036506,0.070042,0.521199,1.0,True,pass,,1.600358972325921
761,760,Real-World,cublas,INT8,256,1008,512,264241152,0.012032,0.010957,1.098131,1.0,True,pass,,1.600358972325921
762,761,Real-World,cublas,FP16,208,768,768,245366784,0.01367,0.01751,0.780702,1.0,True,pass,,0.822024580091238
762,761,Real-World,cublas,FP32,208,768,768,245366784,0.091341,0.047821,1.910064,1.0,True,pass,,0.822024580091238
762,761,Real-World,cublas,INT8,208,768,768,245366784,0.013158,0.01239,1.061983,1.0,True,pass,,0.822024580091238
763,762,Real-World,cublas,FP16,169,800,800,216320000,0.025344,0.01879,1.348774,1.0,True,pass,,2.033114764839411
763,762,Real-World,cublas,FP32,169,800,800,216320000,0.037222,0.061952,0.600826,1.0,True,pass,,2.033114764839411
763,762,Real-World,cublas,INT8,169,800,800,216320000,,,,,False,missing,Running INT8...Error benchmarking size 169x800x800: std::exception,2.033114764839411
764,763,Real-World,cublas,FP16,256,512,1024,268435456,0.015002,0.016794,0.893292,1.0,True,pass,,1.7666355445981026
764,763,Real-World,cublas,FP32,256,512,1024,268435456,0.038451,0.078285,0.491171,1.0,True,pass,,1.7666355445981026
764,763,Real-World,cublas,INT8,256,512,1024,268435456,0.013466,0.013158,1.023346,1.0,True,pass,,1.7666355445981026
765,764,Real-World,cublas,FP16,256,1024,512,268435456,0.014438,0.015872,0.909677,1.0,True,pass,,1.7698243595659733
765,764,Real-World,cublas,FP32,256,1024,512,268435456,0.036915,0.070093,0.526662,1.0,True,pass,,1.7698243595659733
765,764,Real-World,cublas,INT8,256,1024,512,268435456,0.012493,0.011469,1.089286,1.0,True,pass,,1.7698243595659733
766,765,Real-World,cublas,FP16,185,1024,610,231116800,0.029184,0.031539,0.925325,1.0,True,pass,,1.8356394227594137
766,765,Real-World,cublas,FP32,185,1024,610,231116800,0.033229,0.069939,0.47511,1.0,True,pass,,1.8356394227594137
766,765,Real-World,cublas,INT8,185,1024,610,231116800,,,,,False,missing,Running INT8...Error benchmarking size 185x1024x610: std::exception,1.8356394227594137
767,766,Real-World,cublas,FP16,16,512,1792,29360128,0.018739,0.022067,0.849188,1.0,True,pass,,0.881276085972786
767,766,Real-World,cublas,FP32,16,512,1792,29360128,0.02263,0.083507,0.270999,1.0,True,pass,,0.881276085972786
767,766,Real-World,cublas,INT8,16,512,1792,29360128,0.016282,0.017408,0.935294,1.0,True,pass,,0.881276085972786
768,767,Real-World,cublas,FP16,2048,320,128,167772160,0.015053,0.01705,0.882883,1.0,True,pass,,1.8686908800154924
768,767,Real-World,cublas,FP32,2048,320,128,167772160,0.025958,0.030106,0.862245,1.0,True,pass,,1.8686908800154924
768,767,Real-World,cublas,INT8,2048,320,128,167772160,0.013466,0.01152,1.168889,1.0,True,pass,,1.8686908800154924
769,768,Real-World,cublas,FP16,112,368,1920,158269440,0.018432,0.018483,0.99723,1.0,True,pass,,2.0038332641124725
769,768,Real-World,cublas,FP32,112,368,1920,158269440,0.031539,0.088986,0.35443,1.0,True,pass,,2.0038332641124725
769,768,Real-World,cublas,INT8,112,368,1920,158269440,0.016742,0.019149,0.874331,1.0,True,pass,,2.0038332641124725
770,769,Real-World,cublas,FP16,1600,256,304,249036800,0.016538,0.031949,0.517628,1.0,True,pass,,1.822500566020608
770,769,Real-World,cublas,FP32,1600,256,304,249036800,0.032717,0.053043,0.616795,1.0,True,pass,,1.822500566020608
770,769,Real-World,cublas,INT8,1600,256,304,249036800,0.018176,0.01495,1.215753,1.0,True,pass,,1.822500566020608
771,770,Real-World,cublas,FP16,46,256,3200,75366400,0.021453,0.019251,1.114362,1.0,True,pass,,1.904696874320507
771,770,Real-World,cublas,FP32,46,256,3200,75366400,0.024166,0.126464,0.191093,1.0,True,pass,,1.904696874320507
771,770,Real-World,cublas,INT8,46,256,3200,75366400,,,,,False,missing,Running INT8...Error benchmarking size 46x256x3200: std::exception,1.904696874320507
772,771,Real-World,cublas,FP16,256,768,768,301989888,0.013056,0.022272,0.586207,1.0,True,pass,,0.8874618858098984
772,771,Real-World,cublas,FP32,256,768,768,301989888,0.103885,0.053094,1.956606,1.0,True,pass,,0.8874618858098984
772,771,Real-World,cublas,INT8,256,768,768,301989888,0.0128,0.012186,1.05042,1.0,True,pass,,0.8874618858098984
773,772,Real-World,cublas,FP16,24,24576,16,18874368,0.013158,0.015514,0.848185,1.0,True,pass,,1.8216943759471178
773,772,Real-World,cublas,FP32,24,24576,16,18874368,0.012749,0.017357,0.734513,1.0,True,pass,,1.8216943759471178
773,772,Real-World,cublas,INT8,24,24576,16,18874368,0.017613,0.010906,1.615024,1.0,True,pass,,1.8216943759471178
774,773,Real-World,cublas,FP16,32,512,1792,58720256,0.016384,0.015872,1.032258,1.0,True,pass,,1.7430972214788198
774,773,Real-World,cublas,FP32,32,512,1792,58720256,0.02263,0.08023,0.282068,1.0,True,pass,,1.7430972214788198
774,773,Real-World,cublas,INT8,32,512,1792,58720256,0.015053,0.015462,0.97351,1.0,True,pass,,1.7430972214788198
775,774,Real-World,cublas,FP16,1504,208,400,250265600,0.017101,0.016435,1.040499,1.0,True,pass,,0.782603619620204
775,774,Real-World,cublas,FP32,1504,208,400,250265600,0.034253,0.048384,0.707936,1.0,True,pass,,0.782603619620204
775,774,Real-World,cublas,INT8,1504,208,400,250265600,0.01367,0.01152,1.186667,1.0,True,pass,,0.782603619620204
776,775,Real-World,cublas,FP16,1,1000,1000,2000000,0.01705,0.01495,1.140411,1.0,True,pass,,1.8815083242952824
776,775,Real-World,cublas,FP32,1,1000,1000,2000000,0.019405,0.058573,0.331294,1.0,True,pass,,1.8815083242952824
776,775,Real-World,cublas,INT8,1,1000,1000,2000000,,,,,False,missing,Running INT8...Error benchmarking size 1x1000x1000: std::exception,1.8815083242952824
777,776,Real-World,cublas,FP16,123,1500,512,188928000,0.02304,0.015718,1.465798,1.0,True,pass,,1.8972212690860033
777,776,Real-World,cublas,FP32,123,1500,512,188928000,0.026061,0.070195,0.371262,1.0,True,pass,,1.8972212690860033
777,776,Real-World,cublas,INT8,123,1500,512,188928000,,,,,False,missing,Running INT8...Error benchmarking size 123x1500x512: std::exception,1.8972212690860033
778,777,Real-World,cublas,FP16,1024,768,128,201326592,0.01193,0.015821,0.754045,1.0,True,pass,,1.7463509645313025
778,777,Real-World,cublas,FP32,1024,768,128,201326592,0.02816,0.032256,0.873016,1.0,True,pass,,1.7463509645313025
778,777,Real-World,cublas,INT8,1024,768,128,201326592,0.013722,0.011725,1.170306,1.0,True,pass,,1.7463509645313025
779,778,Real-World,cublas,FP16,1280,768,16,31457280,0.016077,0.015155,1.060811,1.0,True,pass,,0.8055445365607738
779,778,Real-World,cublas,FP32,1280,768,16,31457280,0.014285,0.01321,1.081395,1.0,True,pass,,0.8055445365607738
779,778,Real-World,cublas,INT8,1280,768,16,31457280,0.012851,0.011366,1.130631,1.0,True,pass,,0.8055445365607738
780,779,Real-World,cublas,FP16,127,512,1500,195072000,0.030208,0.021248,1.421686,1.0,True,pass,,1.9118752256035805
780,779,Real-World,cublas,FP32,127,512,1500,195072000,0.031693,0.119091,0.266122,1.0,True,pass,,1.9118752256035805
780,779,Real-World,cublas,INT8,127,512,1500,195072000,,,,,False,missing,Running INT8...Error benchmarking size 127x512x1500: std::exception,1.9118752256035805
781,780,Real-World,cublas,FP16,112,368,2048,168820736,0.016384,0.019866,0.824742,1.0,True,pass,,1.8705595135688782
781,780,Real-World,cublas,FP32,112,368,2048,168820736,0.031488,0.159693,0.197179,1.0,True,pass,,1.8705595135688782
781,780,Real-World,cublas,INT8,112,368,2048,168820736,0.018893,0.022733,0.831081,1.0,True,pass,,1.8705595135688782
782,781,Real-World,cublas,FP16,1,4000,256,2048000,0.01111,0.015565,0.713816,1.0,True,pass,,1.9590190518647432
782,781,Real-World,cublas,FP32,1,4000,256,2048000,0.01111,0.030771,0.361065,1.0,True,pass,,1.9590190518647432
782,781,Real-World,cublas,INT8,1,4000,256,2048000,,,,,False,missing,Running INT8...Error benchmarking size 1x4000x256: std::exception,1.9590190518647432
783,782,Real-World,cublas,FP16,16,1008,1008,32514048,0.015462,0.015462,1.0,1.0,True,pass,,1.8868919163942337
783,782,Real-World,cublas,FP32,16,1008,1008,32514048,0.018432,0.058573,0.314685,1.0,True,pass,,1.8868919163942337
783,782,Real-World,cublas,INT8,16,1008,1008,32514048,0.017715,0.01705,1.039039,1.0,True,pass,,1.8868919163942337
784,784,Real-World,cublas,FP16,400,96,2048,157286400,0.01705,0.019968,0.853846,1.0,True,pass,,0.920451233163476
784,784,Real-World,cublas,FP32,400,96,2048,157286400,0.028058,0.160051,0.175304,1.0,True,pass,,0.920451233163476
784,784,Real-World,cublas,INT8,400,96,2048,157286400,0.016691,0.019302,0.864722,1.0,True,pass,,0.920451233163476
785,785,Real-World,cublas,FP16,1600,208,400,266240000,0.013568,0.018176,0.746479,1.0,True,pass,,1.697411984205246
785,785,Real-World,cublas,FP32,1600,208,400,266240000,0.035123,0.048179,0.729012,1.0,True,pass,,1.697411984205246
785,785,Real-World,cublas,INT8,1600,208,400,266240000,0.01495,0.01239,1.206611,1.0,True,pass,,1.697411984205246
786,786,Real-World,cublas,FP16,16,1008,1024,33030144,0.017459,0.018074,0.966006,1.0,True,pass,,1.8034578785300255
786,786,Real-World,cublas,FP32,16,1008,1024,33030144,0.024013,0.059085,0.406412,1.0,True,pass,,1.8034578785300255
786,786,Real-World,cublas,INT8,16,1008,1024,33030144,0.011674,0.014797,0.788927,1.0,True,pass,,1.8034578785300255
787,787,Real-World,cublas,FP16,8,1024,1024,16777216,0.01367,0.014592,0.936842,1.0,True,pass,,1.7477154303342104
787,787,Real-World,cublas,FP32,8,1024,1024,16777216,0.042086,0.056422,0.745917,1.0,True,pass,,1.7477154303342104
787,787,Real-World,cublas,INT8,8,1024,1024,16777216,0.017408,0.0128,1.36,1.0,True,pass,,1.7477154303342104
788,788,Real-World,cublas,FP16,16,1024,1024,33554432,0.014285,0.014592,0.978948,1.0,True,pass,,0.8247480504214764
788,788,Real-World,cublas,FP32,16,1024,1024,33554432,0.020275,0.055706,0.363971,1.0,True,pass,,0.8247480504214764
788,788,Real-World,cublas,INT8,16,1024,1024,33554432,0.0128,0.012749,1.004016,1.0,True,pass,,0.8247480504214764
789,789,Real-World,cublas,FP16,320,768,768,377487360,0.01408,0.018688,0.753425,1.0,True,pass,,1.8580044601112604
789,789,Real-World,cublas,FP32,320,768,768,377487360,0.107827,0.058624,1.839301,1.0,True,pass,,1.8580044601112604
789,789,Real-World,cublas,INT8,320,768,768,377487360,0.013261,0.013056,1.015686,1.0,True,pass,,1.8580044601112604
790,790,Real-World,cublas,FP16,1024,1024,16,33554432,0.015616,0.015718,0.993485,1.0,True,pass,,1.6540108174085617
790,790,Real-World,cublas,FP32,1024,1024,16,33554432,0.013824,0.013107,1.054688,1.0,True,pass,,1.6540108174085617
790,790,Real-World,cublas,INT8,1024,1024,16,33554432,0.012749,0.011162,1.142202,1.0,True,pass,,1.6540108174085617
791,791,Real-World,cublas,FP16,1024,16,1024,33554432,0.013619,0.014234,0.956835,1.0,True,pass,,0.8100077956914902
791,791,Real-World,cublas,FP32,1024,16,1024,33554432,0.021606,0.07296,0.29614,1.0,True,pass,,0.8100077956914902
791,791,Real-World,cublas,INT8,1024,16,1024,33554432,0.012851,0.013107,0.980469,1.0,True,pass,,0.8100077956914902
792,792,Real-World,cublas,FP16,16,512,2048,33554432,0.01705,0.018534,0.91989,1.0,True,pass,,1.7483232077211142
792,792,Real-World,cublas,FP32,16,512,2048,33554432,0.022477,0.092314,0.243483,1.0,True,pass,,1.7483232077211142
792,792,Real-World,cublas,INT8,16,512,2048,33554432,0.016691,0.018074,0.923513,1.0,True,pass,,1.7483232077211142
793,793,Real-World,cublas,FP16,16,2048,512,33554432,0.01239,0.014131,0.876812,1.0,True,pass,,1.776254029944539
793,793,Real-World,cublas,FP32,16,2048,512,33554432,0.023245,0.022323,1.041284,1.0,True,pass,,1.776254029944539
793,793,Real-World,cublas,INT8,16,2048,512,33554432,0.0128,0.012083,1.059322,1.0,True,pass,,1.776254029944539
794,794,Real-World,cublas,FP16,122,2000,400,195200000,0.020685,0.01577,1.311689,1.0,True,pass,,1.8223528005182743
794,794,Real-World,cublas,FP32,122,2000,400,195200000,0.034202,0.050432,0.678173,1.0,True,pass,,1.8223528005182743
794,794,Real-World,cublas,INT8,122,2000,400,195200000,,,,,False,missing,Running INT8...Error benchmarking size 122x2000x400: std::exception,1.8223528005182743
795,795,Real-World,cublas,FP16,2072,20,512,42434560,0.013824,0.015462,0.89404,1.0,True,pass,,1.6731406468898058
795,795,Real-World,cublas,FP32,2072,20,512,42434560,0.023654,0.022938,1.03125,1.0,True,pass,,1.6731406468898058
795,795,Real-World,cublas,INT8,2072,20,512,42434560,0.015155,0.012902,1.174603,1.0,True,pass,,1.6731406468898058
796,796,Real-World,cublas,FP16,32,1024,1024,67108864,0.013722,0.014746,0.930556,1.0,True,pass,,0.8795937467366457
796,796,Real-World,cublas,FP32,32,1024,1024,67108864,0.019968,0.073062,0.273301,1.0,True,pass,,0.8795937467366457
796,796,Real-World,cublas,INT8,32,1024,1024,67108864,0.013107,0.012698,1.032258,1.0,True,pass,,0.8795937467366457
797,797,Real-World,cublas,FP16,490,63,1960,121010400,0.019661,0.018637,1.054945,1.0,True,pass,,1.8998362105339766
797,797,Real-World,cublas,FP32,490,63,1960,121010400,0.026522,0.15232,0.174118,1.0,True,pass,,1.8998362105339766
797,797,Real-World,cublas,INT8,490,63,1960,121010400,,,,,False,missing,Running INT8...Error benchmarking size 490x63x1960: std::exception,1.8998362105339766
798,798,Real-World,cublas,FP16,33,1024,1024,69206016,0.019354,0.019507,0.992126,1.0,True,pass,,1.9970998354256153
798,798,Real-World,cublas,FP32,33,1024,1024,69206016,0.031334,0.077158,0.406105,1.0,True,pass,,1.9970998354256153
798,798,Real-World,cublas,INT8,33,1024,1024,69206016,,,,,False,missing,Running INT8...Error benchmarking size 33x1024x1024: std::exception,1.9970998354256153
799,799,Real-World,cublas,FP16,16,4096,256,33554432,0.014336,0.013875,1.033211,1.0,True,pass,,1.7733425963670015
799,799,Real-World,cublas,FP32,16,4096,256,33554432,0.021146,0.046899,0.450873,1.0,True,pass,,1.7733425963670015
799,799,Real-World,cublas,INT8,16,4096,256,33554432,0.011469,0.010445,1.098039,1.0,True,pass,,1.7733425963670015
800,800,Real-World,cublas,FP16,16,256,4096,33554432,0.015974,0.030669,0.520868,1.0,True,pass,,1.759521134197712
800,800,Real-World,cublas,FP32,16,256,4096,33554432,0.023552,0.15401,0.152926,1.0,True,pass,,1.759521134197712
800,800,Real-World,cublas,INT8,16,256,4096,33554432,0.02432,0.03799,0.640162,1.0,True,pass,,1.759521134197712
801,801,Real-World,cublas,FP16,162,360,2048,238878720,0.022118,0.023091,0.957871,1.0,True,pass,,0.9977469928562641
801,801,Real-World,cublas,FP32,162,360,2048,238878720,0.041165,0.16169,0.254591,1.0,True,pass,,0.9977469928562641
801,801,Real-World,cublas,INT8,162,360,2048,238878720,,,,,False,missing,Running INT8...Error benchmarking size 162x360x2048: std::exception,0.9977469928562641
802,802,Real-World,cublas,FP16,32,512,2048,67108864,0.015821,0.01833,0.863128,1.0,True,pass,,1.8404538612812757
802,802,Real-World,cublas,FP32,32,512,2048,67108864,0.022528,0.090573,0.248728,1.0,True,pass,,1.8404538612812757
802,802,Real-World,cublas,INT8,32,512,2048,67108864,0.015821,0.01664,0.950769,1.0,True,pass,,1.8404538612812757
803,803,Real-World,cublas,FP16,32,2048,512,67108864,0.012288,0.014387,0.854093,1.0,True,pass,,1.837138257920742
803,803,Real-World,cublas,FP32,32,2048,512,67108864,0.023706,0.06231,0.380444,1.0,True,pass,,1.837138257920742
803,803,Real-World,cublas,INT8,32,2048,512,67108864,0.012134,0.010394,1.167488,1.0,True,pass,,1.837138257920742
804,804,Real-World,cublas,FP16,2080,32,512,68157440,0.011776,0.014234,0.827338,1.0,True,pass,,1.674331272020936
804,804,Real-World,cublas,FP32,2080,32,512,68157440,0.022989,0.021043,1.092457,1.0,True,pass,,1.674331272020936
804,804,Real-World,cublas,INT8,2080,32,512,68157440,0.011981,0.010957,1.093458,1.0,True,pass,,1.674331272020936
805,805,Real-World,cublas,FP16,96,1000,960,184320000,0.014387,0.016077,0.894904,1.0,True,pass,,0.8110714256763458
805,805,Real-World,cublas,FP32,96,1000,960,184320000,0.028467,0.079565,0.357786,1.0,True,pass,,0.8110714256763458
805,805,Real-World,cublas,INT8,96,1000,960,184320000,0.013107,0.012902,1.015873,1.0,True,pass,,0.8110714256763458
806,806,Real-World,cublas,FP16,39,512,2048,81788928,0.020378,0.018739,1.087432,1.0,True,pass,,1.9334986712783575
806,806,Real-World,cublas,FP32,39,512,2048,81788928,0.02729,0.092723,0.294313,1.0,True,pass,,1.9334986712783575
806,806,Real-World,cublas,INT8,39,512,2048,81788928,,,,,False,missing,Running INT8...Error benchmarking size 39x512x2048: std::exception,1.9334986712783575
807,807,Real-World,cublas,FP16,96,1008,960,185794560,0.014438,0.01623,0.88959,1.0,True,pass,,1.729178624227643
807,807,Real-World,cublas,FP32,96,1008,960,185794560,0.028262,0.079821,0.354073,1.0,True,pass,,1.729178624227643
807,807,Real-World,cublas,INT8,96,1008,960,185794560,0.013466,0.013056,1.031373,1.0,True,pass,,1.729178624227643
808,808,Real-World,cublas,FP16,2072,40,512,84869120,0.012493,0.014848,0.841379,1.0,True,pass,,1.7841422595083714
808,808,Real-World,cublas,FP32,2072,40,512,84869120,0.027392,0.031386,0.872757,1.0,True,pass,,1.7841422595083714
808,808,Real-World,cublas,INT8,2072,40,512,84869120,0.017357,0.013005,1.334646,1.0,True,pass,,1.7841422595083714
809,809,Real-World,cublas,FP16,6050,128,64,99123200,0.015616,0.015821,0.987055,1.0,True,pass,,0.9626639913767576
809,809,Real-World,cublas,FP32,6050,128,64,99123200,0.019661,0.020378,0.964824,1.0,True,pass,,0.9626639913767576
809,809,Real-World,cublas,INT8,6050,128,64,99123200,,,,,False,missing,Running INT8...Error benchmarking size 6050x128x64: std::exception,0.9626639913767576
810,810,Real-World,cublas,FP16,6064,128,64,99352576,0.013261,0.015974,0.830128,1.0,True,pass,,1.7129401750862598
810,810,Real-World,cublas,FP32,6064,128,64,99352576,0.018278,0.018278,1.0,1.0,True,pass,,1.7129401750862598
810,810,Real-World,cublas,INT8,6064,128,64,99352576,0.012595,0.010342,1.217822,1.0,True,pass,,1.7129401750862598
811,811,Real-World,cublas,FP16,384,768,768,452984832,0.014131,0.01833,0.77095,1.0,True,pass,,1.6782196704298258
811,811,Real-World,cublas,FP32,384,768,768,452984832,0.048845,0.067738,0.721089,1.0,True,pass,,1.6782196704298258
811,811,Real-World,cublas,INT8,384,768,768,452984832,0.013056,0.027187,0.480226,1.0,True,pass,,1.6782196704298258
812,812,Real-World,cublas,FP16,1200,257,600,370080000,0.015616,0.019558,0.798429,1.0,True,pass,,0.8018923979252577
812,812,Real-World,cublas,FP32,1200,257,600,370080000,0.047616,0.053658,0.887405,1.0,True,pass,,0.8018923979252577
812,812,Real-World,cublas,INT8,1200,257,600,370080000,0.02048,0.014336,1.428571,1.0,True,pass,,0.8018923979252577
813,813,Real-World,cublas,FP16,32,4096,256,67108864,0.011827,0.014285,0.827957,1.0,True,pass,,1.7681072149425745
813,813,Real-World,cublas,FP32,32,4096,256,67108864,0.020582,0.044544,0.462069,1.0,True,pass,,1.7681072149425745
813,813,Real-World,cublas,INT8,32,4096,256,67108864,0.011418,0.010086,1.131979,1.0,True,pass,,1.7681072149425745
814,814,Real-World,cublas,FP16,2080,48,512,102236160,0.012902,0.014848,0.868966,1.0,True,pass,,1.7237007804214954
814,814,Real-World,cublas,FP32,2080,48,512,102236160,0.02688,0.031437,0.855049,1.0,True,pass,,1.7237007804214954
814,814,Real-World,cublas,INT8,2080,48,512,102236160,0.011776,0.010701,1.100478,1.0,True,pass,,1.7237007804214954
815,815,Real-World,cublas,FP16,512,320,1248,408944640,0.015206,0.017613,0.863372,1.0,True,pass,,0.8111812621355057
815,815,Real-World,cublas,FP32,512,320,1248,408944640,0.072806,0.100608,0.723664,1.0,True,pass,,0.8111812621355057
815,815,Real-World,cublas,INT8,512,320,1248,408944640,0.014541,0.014592,0.996491,1.0,True,pass,,0.8111812621355057
816,816,Real-World,cublas,FP16,512,1248,320,408944640,0.018125,0.024576,0.7375,1.0,True,pass,,1.7918167226016521
816,816,Real-World,cublas,FP32,512,1248,320,408944640,0.040806,0.050637,0.805865,1.0,True,pass,,1.7918167226016521
816,816,Real-World,cublas,INT8,512,1248,320,408944640,0.019456,0.014848,1.310345,1.0,True,pass,,1.7918167226016521
817,817,Real-World,cublas,FP16,1000,91,1024,186368000,0.017766,0.017459,1.017595,1.0,True,pass,,1.8076837752014399
817,817,Real-World,cublas,FP32,1000,91,1024,186368000,0.030362,0.074547,0.40728,1.0,True,pass,,1.8076837752014399
817,817,Real-World,cublas,INT8,1000,91,1024,186368000,0.019661,0.014131,1.391304,1.0,True,pass,,1.8076837752014399
818,818,Real-World,cublas,FP16,960,500,500,480000000,0.025958,0.02089,1.242647,1.0,True,pass,,1.771510986611247
818,818,Real-World,cublas,FP32,960,500,500,480000000,0.057293,0.07424,0.771724,1.0,True,pass,,1.771510986611247
818,818,Real-World,cublas,INT8,960,500,500,480000000,0.019354,0.015053,1.285714,1.0,True,pass,,1.771510986611247
819,819,Real-World,cublas,FP16,64,512,2048,134217728,0.017408,0.019712,0.883117,1.0,True,pass,,0.9692943561822176
819,819,Real-World,cublas,FP32,64,512,2048,134217728,0.030003,0.170189,0.176294,1.0,True,pass,,0.9692943561822176
819,819,Real-World,cublas,INT8,64,512,2048,134217728,0.016589,0.016998,0.975904,1.0,True,pass,,0.9692943561822176
820,820,Real-World,cublas,FP16,64,2048,512,134217728,0.028365,0.010854,2.613208,1.0,True,pass,,1.9352117087692022
820,820,Real-World,cublas,FP32,64,2048,512,134217728,0.026163,0.069683,0.375459,1.0,True,pass,,1.9352117087692022
820,820,Real-World,cublas,INT8,64,2048,512,134217728,0.014592,0.015462,0.943709,1.0,True,pass,,1.9352117087692022
821,821,Real-World,cublas,FP16,1536,768,16,37748736,0.01577,0.01495,1.054795,1.0,True,pass,,1.8007554691284895
821,821,Real-World,cublas,FP32,1536,768,16,37748736,0.013824,0.013158,1.050584,1.0,True,pass,,1.8007554691284895
821,821,Real-World,cublas,INT8,1536,768,16,37748736,0.013517,0.011315,1.19457,1.0,True,pass,,1.8007554691284895
822,822,Real-World,cublas,FP16,4000,100,200,160000000,0.012902,0.015616,0.826229,1.0,True,pass,,1.7109264452010393
822,822,Real-World,cublas,FP32,4000,100,200,160000000,0.03072,0.03671,0.83682,1.0,True,pass,,1.7109264452010393
822,822,Real-World,cublas,INT8,4000,100,200,160000000,0.016435,0.011622,1.414097,1.0,True,pass,,1.7109264452010393
823,823,Real-World,cublas,FP16,1008,96,1024,198180864,0.015258,0.017152,0.889552,1.0,True,pass,,1.9076315928250551
823,823,Real-World,cublas,FP32,1008,96,1024,198180864,0.029235,0.085043,0.343769,1.0,True,pass,,1.9076315928250551
823,823,Real-World,cublas,INT8,1008,96,1024,198180864,0.01408,0.014438,0.975177,1.0,True,pass,,1.9076315928250551
824,824,Real-World,cublas,FP16,960,512,512,503316480,0.014234,0.01705,0.834835,1.0,True,pass,,1.0355285480618477
824,824,Real-World,cublas,FP32,960,512,512,503316480,0.050074,0.074189,0.674948,1.0,True,pass,,1.0355285480618477
824,824,Real-World,cublas,INT8,960,512,512,503316480,0.013261,0.011366,1.166667,1.0,True,pass,,1.0355285480618477
825,825,Real-World,cublas,FP16,118,1000,1024,241664000,0.025651,0.016794,1.527439,1.0,True,pass,,1.978561284020543
825,825,Real-World,cublas,FP32,118,1000,1024,241664000,0.03671,0.082176,0.446729,1.0,True,pass,,1.978561284020543
825,825,Real-World,cublas,INT8,118,1000,1024,241664000,,,,,False,missing,Running INT8...Error benchmarking size 118x1000x1024: std::exception,1.978561284020543
826,826,Real-World,cublas,FP16,1168,32,1024,76546048,0.014541,0.015309,0.949833,1.0,True,pass,,1.9379545822739601
826,826,Real-World,cublas,FP32,1168,32,1024,76546048,0.020838,0.079667,0.261568,1.0,True,pass,,1.9379545822739601
826,826,Real-World,cublas,INT8,1168,32,1024,76546048,0.013773,0.013517,1.018939,1.0,True,pass,,1.9379545822739601
827,827,Real-World,cublas,FP16,992,512,512,520093696,0.016128,0.024525,0.65762,1.0,True,pass,,1.9975516237318516
827,827,Real-World,cublas,FP32,992,512,512,520093696,0.051405,0.071936,0.714591,1.0,True,pass,,1.9975516237318516
827,827,Real-World,cublas,INT8,992,512,512,520093696,0.015002,0.011315,1.325792,1.0,True,pass,,1.9975516237318516
828,828,Real-World,cublas,FP16,4096,312,2,5111808,0.01751,0.012032,1.455319,1.0,True,pass,,1.8147505857050419
828,828,Real-World,cublas,FP32,4096,312,2,5111808,0.011418,0.011571,0.986726,1.0,True,pass,,1.8147505857050419
828,828,Real-World,cublas,INT8,4096,312,2,5111808,0.010854,0.009728,1.115789,0.0,False,incorrect,Cosine similarity threshold failed,1.8147505857050419
829,829,Real-World,cublas,FP16,2000,300,300,360000000,0.019866,0.015258,1.302013,1.0,True,pass,,1.8304433319717646
829,829,Real-World,cublas,FP32,2000,300,300,360000000,0.042445,0.04864,0.872631,1.0,True,pass,,1.8304433319717646
829,829,Real-World,cublas,INT8,2000,300,300,360000000,0.017203,0.01623,1.059937,1.0,True,pass,,1.8304433319717646
830,830,Real-World,cublas,FP16,10000,1,128,2560000,0.026214,0.010496,2.49756,1.0,True,pass,,1.8405879437923431
830,830,Real-World,cublas,FP32,10000,1,128,2560000,0.010701,0.019763,0.541451,1.0,True,pass,,1.8405879437923431
830,830,Real-World,cublas,INT8,10000,1,128,2560000,0.012442,0.009626,1.292553,1.0,True,pass,,1.8405879437923431
831,831,Real-World,cublas,FP16,128,1008,1024,264241152,0.017715,0.017101,1.035928,1.0,True,pass,,0.9595412071794271
831,831,Real-World,cublas,FP32,128,1008,1024,264241152,0.037069,0.074752,0.49589,1.0,True,pass,,0.9595412071794271
831,831,Real-World,cublas,INT8,128,1008,1024,264241152,0.015155,0.014029,1.080292,1.0,True,pass,,0.9595412071794271
832,832,Real-World,cublas,FP16,512,1008,512,528482304,0.014899,0.017613,0.84593,1.0,True,pass,,1.9861139263957739
832,832,Real-World,cublas,FP32,512,1008,512,528482304,0.050176,0.073523,0.682451,1.0,True,pass,,1.9861139263957739
832,832,Real-World,cublas,INT8,512,1008,512,528482304,0.01495,0.01152,1.297778,1.0,True,pass,,1.9861139263957739
833,833,Real-World,cublas,FP16,2000,208,400,332800000,0.014182,0.016691,0.849693,1.0,True,pass,,2.056951956823468
833,833,Real-World,cublas,FP32,2000,208,400,332800000,0.042445,0.05417,0.783554,1.0,True,pass,,2.056951956823468
833,833,Real-World,cublas,INT8,2000,208,400,332800000,0.014797,0.010803,1.369668,1.0,True,pass,,2.056951956823468
834,834,Real-World,cublas,FP16,2000,304,304,369664000,0.01321,0.016384,0.80625,1.0,True,pass,,1.9228207357227802
834,834,Real-World,cublas,FP32,2000,304,304,369664000,0.044698,0.0512,0.873,1.0,True,pass,,1.9228207357227802
834,834,Real-World,cublas,INT8,2000,304,304,369664000,0.015667,0.011213,1.39726,1.0,True,pass,,1.9228207357227802
835,835,Real-World,cublas,FP16,127,1024,1024,266338304,0.030566,0.016845,1.814589,1.0,True,pass,,2.1861788872629404
835,835,Real-World,cublas,FP32,127,1024,1024,266338304,0.039834,0.079104,0.50356,1.0,True,pass,,2.1861788872629404
835,835,Real-World,cublas,INT8,127,1024,1024,266338304,,,,,False,missing,Running INT8...Error benchmarking size 127x1024x1024: std::exception,2.1861788872629404
836,836,Real-World,cublas,FP16,128,1024,1024,268435456,0.015002,0.016538,0.907121,1.0,True,pass,,2.019098363816738
836,836,Real-World,cublas,FP32,128,1024,1024,268435456,0.036915,0.074752,0.493836,1.0,True,pass,,2.019098363816738
836,836,Real-World,cublas,INT8,128,1024,1024,268435456,0.011674,0.013363,0.873563,1.0,True,pass,,2.019098363816738
837,837,Real-World,cublas,FP16,1024,512,512,536870912,0.014131,0.017203,0.821428,1.0,True,pass,,1.860938973724842
837,837,Real-World,cublas,FP32,1024,512,512,536870912,0.05161,0.070349,0.733624,1.0,True,pass,,1.860938973724842
837,837,Real-World,cublas,INT8,1024,512,512,536870912,0.014131,0.011059,1.277778,1.0,True,pass,,1.860938973724842
838,838,Real-World,cublas,FP16,103,2048,512,216006656,0.02135,0.012749,1.674699,1.0,True,pass,,1.124893305823207
838,838,Real-World,cublas,FP32,103,2048,512,216006656,0.036506,0.069939,0.521962,1.0,True,pass,,1.124893305823207
838,838,Real-World,cublas,INT8,103,2048,512,216006656,,,,,False,missing,Running INT8...Error benchmarking size 103x2048x512: std::exception,1.124893305823207
839,839,Real-World,cublas,FP16,31,600,2056,76483200,0.031693,0.013363,2.371648,1.0,True,pass,,2.1400644909590483
839,839,Real-World,cublas,FP32,31,600,2056,76483200,0.026675,0.095334,0.279807,1.0,True,pass,,2.1400644909590483
839,839,Real-World,cublas,INT8,31,600,2056,76483200,,,,,False,missing,Running INT8...Error benchmarking size 31x600x2056: std::exception,2.1400644909590483
840,840,Real-World,cublas,FP16,16,1008,1280,41287680,0.014797,0.015104,0.979661,1.0,True,pass,,1.9762476924806833
840,840,Real-World,cublas,FP32,16,1008,1280,41287680,0.023091,0.108851,0.212135,1.0,True,pass,,1.9762476924806833
840,840,Real-World,cublas,INT8,16,1008,1280,41287680,0.01408,0.013824,1.018518,1.0,True,pass,,1.9762476924806833
841,841,Real-World,cublas,FP16,1,3456,384,2654208,0.014541,0.01321,1.100775,1.0,True,pass,,2.4134617429226637
841,841,Real-World,cublas,FP32,1,3456,384,2654208,0.030618,0.093338,0.328031,1.0,True,pass,,2.4134617429226637
841,841,Real-World,cublas,INT8,1,3456,384,2654208,,,,,False,missing,Running INT8...Error benchmarking size 1x3456x384: std::exception,2.4134617429226637
842,842,Real-World,cublas,FP16,1,384,3456,2654208,0.029338,0.030515,0.96141,1.0,True,pass,,2.0530947018414736
842,842,Real-World,cublas,FP32,1,384,3456,2654208,0.013363,0.137216,0.097388,1.0,True,pass,,2.0530947018414736
842,842,Real-World,cublas,INT8,1,384,3456,2654208,,,,,False,missing,Running INT8...Error benchmarking size 1x384x3456: std::exception,2.0530947018414736
843,843,Real-World,cublas,FP16,6000,16,208,39936000,0.013466,0.014182,0.949458,1.0,True,pass,,2.003188008442521
843,843,Real-World,cublas,FP32,6000,16,208,39936000,0.027187,0.032307,0.841522,1.0,True,pass,,2.003188008442521
843,843,Real-World,cublas,INT8,6000,16,208,39936000,0.021606,0.011469,1.883929,1.0,True,pass,,2.003188008442521
844,844,Real-World,cublas,FP16,104,1400,800,232960000,0.018176,0.017459,1.041056,1.0,True,pass,,2.1627020183950663
844,844,Real-World,cublas,FP32,104,1400,800,232960000,0.0384,0.065741,0.584112,1.0,True,pass,,2.1627020183950663
844,844,Real-World,cublas,INT8,104,1400,800,232960000,0.015923,0.012851,1.239044,1.0,True,pass,,2.1627020183950663
845,845,Real-World,cublas,FP16,512,768,768,603979776,0.029184,0.014643,1.993007,1.0,True,pass,,2.0479923598468304
845,845,Real-World,cublas,FP32,512,768,768,603979776,0.061389,0.091443,0.671333,1.0,True,pass,,2.0479923598468304
845,845,Real-World,cublas,INT8,512,768,768,603979776,0.011213,0.01239,0.904959,1.0,True,pass,,2.0479923598468304
846,846,Real-World,cublas,FP16,128,512,2048,268435456,0.021914,0.031181,0.702791,1.0,True,pass,,2.109424425289035
846,846,Real-World,cublas,FP32,128,512,2048,268435456,0.053504,0.184525,0.289956,1.0,True,pass,,2.109424425289035
846,846,Real-World,cublas,INT8,128,512,2048,268435456,0.016589,0.018637,0.89011,1.0,True,pass,,2.109424425289035
847,847,Real-World,cublas,FP16,128,2048,512,268435456,0.018586,0.01664,1.116923,1.0,True,pass,,1.8268096167594194
847,847,Real-World,cublas,FP32,128,2048,512,268435456,0.03625,0.069786,0.519442,1.0,True,pass,,1.8268096167594194
847,847,Real-World,cublas,INT8,128,2048,512,268435456,0.014797,0.015667,0.944444,1.0,True,pass,,1.8268096167594194
848,848,Real-World,cublas,FP16,185,1000,1024,378880000,0.035277,0.017562,2.008746,1.0,True,pass,,2.07169533893466
848,848,Real-World,cublas,FP32,185,1000,1024,378880000,0.043725,0.09047,0.483305,1.0,True,pass,,2.07169533893466
848,848,Real-World,cublas,INT8,185,1000,1024,378880000,,,,,False,missing,Running INT8...Error benchmarking size 185x1000x1024: std::exception,2.07169533893466
849,849,Real-World,cublas,FP16,2560,32,512,83886080,0.015872,0.015206,1.043771,1.0,True,pass,,1.9327703639864922
849,849,Real-World,cublas,FP32,2560,32,512,83886080,0.023194,0.021862,1.06089,1.0,True,pass,,1.9327703639864922
849,849,Real-World,cublas,INT8,2560,32,512,83886080,0.01239,0.011008,1.125582,1.0,True,pass,,1.9327703639864922
850,850,Real-World,cublas,FP16,2048,320,320,419430400,0.016794,0.018944,0.886487,1.0,True,pass,,1.9941324330866337
850,850,Real-World,cublas,FP32,2048,320,320,419430400,0.050995,0.057344,0.889286,1.0,True,pass,,1.9941324330866337
850,850,Real-World,cublas,INT8,2048,320,320,419430400,0.013824,0.010957,1.261682,1.0,True,pass,,1.9941324330866337
851,851,Real-World,cublas,FP16,160,4,8704,11141120,0.016794,0.03369,0.49848,1.0,True,pass,,2.176589384675026
851,851,Real-World,cublas,FP32,160,4,8704,11141120,0.043366,0.531405,0.081607,1.0,True,pass,,2.176589384675026
851,851,Real-World,cublas,INT8,160,4,8704,11141120,0.028928,0.06313,0.458232,1.0,True,pass,,2.176589384675026
852,852,Real-World,cublas,FP16,2560,48,512,125829120,0.012083,0.015155,0.797297,1.0,True,pass,,1.0561946891248226
852,852,Real-World,cublas,FP32,2560,48,512,125829120,0.075981,0.032,2.3744,1.0,True,pass,,1.0561946891248226
852,852,Real-World,cublas,INT8,2560,48,512,125829120,0.013312,0.011469,1.160715,1.0,True,pass,,1.0561946891248226
853,853,Real-World,cublas,FP16,384,384,1728,509607936,0.015565,0.017869,0.87106,1.0,True,pass,,2.04284037835896
853,853,Real-World,cublas,FP32,384,384,1728,509607936,0.118477,0.096154,1.232162,1.0,True,pass,,2.04284037835896
853,853,Real-World,cublas,INT8,384,384,1728,509607936,0.015411,0.017152,0.898507,1.0,True,pass,,2.04284037835896
854,854,Real-World,cublas,FP16,1536,768,128,301989888,0.028621,0.012493,2.290983,1.0,True,pass,,2.089194791391492
854,854,Real-World,cublas,FP32,1536,768,128,301989888,0.034816,0.032563,1.069182,1.0,True,pass,,2.089194791391492
854,854,Real-World,cublas,INT8,1536,768,128,301989888,0.025805,0.011162,2.311927,1.0,True,pass,,2.089194791391492
855,855,Real-World,cublas,FP16,208,1024,1024,436207616,0.0192,0.018176,1.056338,1.0,True,pass,,1.9801345262676477
855,855,Real-World,cublas,FP32,208,1024,1024,436207616,0.058778,0.0896,0.656,1.0,True,pass,,1.9801345262676477
855,855,Real-World,cublas,INT8,208,1024,1024,436207616,0.014541,0.014438,1.007092,1.0,True,pass,,1.9801345262676477
856,856,Real-World,cublas,FP16,2544,64,512,166723584,0.014285,0.017869,0.799427,1.0,True,pass,,1.9661673475056887
856,856,Real-World,cublas,FP32,2544,64,512,166723584,0.034406,0.038144,0.902013,1.0,True,pass,,1.9661673475056887
856,856,Real-World,cublas,INT8,2544,64,512,166723584,0.016435,0.014541,1.130282,1.0,True,pass,,1.9661673475056887
857,857,Real-World,cublas,FP16,2544,512,64,166723584,0.01065,0.011418,0.932736,1.0,True,pass,,1.8525651656091213
857,857,Real-World,cublas,FP32,2544,512,64,166723584,0.023347,0.026266,0.888889,1.0,True,pass,,1.8525651656091213
857,857,Real-World,cublas,INT8,2544,512,64,166723584,0.015718,0.013107,1.199219,1.0,True,pass,,1.8525651656091213
858,858,Real-World,cublas,FP16,10000,50,100,100000000,0.028006,0.012186,2.298319,1.0,True,pass,,1.9706660248339176
858,858,Real-World,cublas,FP32,10000,50,100,100000000,0.022016,0.024013,0.916844,1.0,True,pass,,1.9706660248339176
858,858,Real-World,cublas,INT8,10000,50,100,100000000,0.035942,0.014285,2.516129,1.0,True,pass,,1.9706660248339176
859,859,Real-World,cublas,FP16,256,112,4096,234881024,0.017869,0.026931,0.663498,1.0,True,pass,,2.105801871046424
859,859,Real-World,cublas,FP32,256,112,4096,234881024,0.034304,0.215962,0.158843,1.0,True,pass,,2.105801871046424
859,859,Real-World,cublas,INT8,256,112,4096,234881024,0.021606,0.03927,0.550195,1.0,True,pass,,2.105801871046424
860,860,Real-World,cublas,FP16,2400,208,400,399360000,0.014234,0.016486,0.863354,1.0,True,pass,,0.9959723278880119
860,860,Real-World,cublas,FP32,2400,208,400,399360000,0.053248,0.051968,1.024631,1.0,True,pass,,0.9959723278880119
860,860,Real-World,cublas,INT8,2400,208,400,399360000,0.015155,0.011418,1.327354,1.0,True,pass,,0.9959723278880119
861,861,Real-World,cublas,FP16,59,1000,1408,166144000,0.023091,0.017818,1.295977,1.0,True,pass,,2.2289782855659723
861,861,Real-World,cublas,FP32,59,1000,1408,166144000,0.033843,0.111821,0.302656,1.0,True,pass,,2.2289782855659723
861,861,Real-World,cublas,INT8,59,1000,1408,166144000,,,,,False,missing,Running INT8...Error benchmarking size 59x1000x1408: std::exception,2.2289782855659723
862,862,Real-World,cublas,FP16,1632,128,768,320864256,0.012237,0.012851,0.952191,1.0,True,pass,,2.083218589425087
862,862,Real-World,cublas,FP32,1632,128,768,320864256,0.044083,0.049152,0.896875,1.0,True,pass,,2.083218589425087
862,862,Real-World,cublas,INT8,1632,128,768,320864256,0.013005,0.012646,1.02834,1.0,True,pass,,2.083218589425087
863,863,Real-World,cublas,FP16,16,1088,1408,49020928,0.014592,0.016128,0.904762,1.0,True,pass,,2.018205413594842
863,863,Real-World,cublas,FP32,16,1088,1408,49020928,0.024218,0.111514,0.217172,1.0,True,pass,,2.018205413594842
863,863,Real-World,cublas,INT8,16,1088,1408,49020928,0.014387,0.014438,0.996454,1.0,True,pass,,2.018205413594842
864,864,Real-World,cublas,FP16,640,768,768,754974720,0.019302,0.019098,1.010724,1.0,True,pass,,2.0101129431277514
864,864,Real-World,cublas,FP32,640,768,768,754974720,0.069683,0.097741,0.712939,1.0,True,pass,,2.0101129431277514
864,864,Real-World,cublas,INT8,640,768,768,754974720,0.015872,0.011776,1.347826,1.0,True,pass,,2.0101129431277514
865,865,Real-World,cublas,FP16,256,1024,1024,536870912,0.018893,0.01833,1.030726,1.0,True,pass,,1.884877659380436
865,865,Real-World,cublas,FP32,256,1024,1024,536870912,0.060672,0.097894,0.61977,1.0,True,pass,,1.884877659380436
865,865,Real-World,cublas,INT8,256,1024,1024,536870912,0.013978,0.01408,0.992727,1.0,True,pass,,1.884877659380436
866,866,Real-World,cublas,FP16,640,100,2048,262144000,0.019712,0.02729,0.722327,1.0,True,pass,,1.9048317596316338
866,866,Real-World,cublas,FP32,640,100,2048,262144000,0.17879,0.09385,1.905074,1.0,True,pass,,1.9048317596316338
866,866,Real-World,cublas,INT8,640,100,2048,262144000,0.016538,0.022016,0.751163,1.0,True,pass,,1.9048317596316338
867,867,Real-World,cublas,FP16,16,1008,1536,49545216,0.017203,0.015411,1.116279,1.0,True,pass,,2.0932729113847017
867,867,Real-World,cublas,FP32,16,1008,1536,49545216,0.026726,0.147661,0.180999,1.0,True,pass,,2.0932729113847017
867,867,Real-World,cublas,INT8,16,1008,1536,49545216,0.012493,0.014592,0.85614,1.0,True,pass,,2.0932729113847017
868,868,Real-World,cublas,FP16,2512,208,400,417996800,0.015053,0.017357,0.867257,1.0,True,pass,,2.051581919193268
868,868,Real-World,cublas,FP32,2512,208,400,417996800,0.05673,0.059648,0.951073,1.0,True,pass,,2.051581919193268
868,868,Real-World,cublas,INT8,2512,208,400,417996800,0.014336,0.011981,1.196581,1.0,True,pass,,2.051581919193268
869,869,Real-World,cublas,FP16,2048,16,768,50331648,0.018688,0.01833,1.019553,1.0,True,pass,,0.95703368447721
869,869,Real-World,cublas,FP32,2048,16,768,50331648,0.022528,0.024269,0.92827,1.0,True,pass,,0.95703368447721
869,869,Real-World,cublas,INT8,2048,16,768,50331648,0.016077,0.013056,1.231372,1.0,True,pass,,0.95703368447721
870,870,Real-World,cublas,FP16,2048,768,16,50331648,0.012493,0.016384,0.7625,1.0,True,pass,,1.912649679929018
870,870,Real-World,cublas,FP32,2048,768,16,50331648,0.018483,0.019405,0.952507,1.0,True,pass,,1.912649679929018
870,870,Real-World,cublas,INT8,2048,768,16,50331648,0.013158,0.01193,1.103004,1.0,True,pass,,1.912649679929018
871,871,Real-World,cublas,FP16,33,1000,1536,101376000,0.023808,0.018022,1.321023,1.0,True,pass,,2.1876623705029488
871,871,Real-World,cublas,FP32,33,1000,1536,101376000,0.030874,0.124109,0.248762,1.0,True,pass,,2.1876623705029488
871,871,Real-World,cublas,INT8,33,1000,1536,101376000,,,,,False,missing,Running INT8...Error benchmarking size 33x1000x1536: std::exception,2.1876623705029488
872,872,Real-World,cublas,FP16,32,1008,1536,99090432,0.018637,0.020838,0.894349,1.0,True,pass,,2.059716636314988
872,872,Real-World,cublas,FP32,32,1008,1536,99090432,0.026624,0.123597,0.21541,1.0,True,pass,,2.059716636314988
872,872,Real-World,cublas,INT8,32,1008,1536,99090432,0.014694,0.015002,0.979522,1.0,True,pass,,2.059716636314988
873,873,Real-World,cublas,FP16,134,4096,256,281018368,0.018534,0.016538,1.120743,1.0,True,pass,,2.0422977805137634
873,873,Real-World,cublas,FP32,134,4096,256,281018368,0.039936,0.04567,0.87444,1.0,True,pass,,2.0422977805137634
873,873,Real-World,cublas,INT8,134,4096,256,281018368,,,,,False,missing,Running INT8...Error benchmarking size 134x4096x256: std::exception,2.0422977805137634
874,874,Real-World,cublas,FP16,16,16,51200,26214400,0.0192,0.048179,0.398512,1.0,True,pass,,2.0210426785051823
874,874,Real-World,cublas,FP32,16,16,51200,26214400,0.026829,4.281293,0.006267,1.0,True,pass,,2.0210426785051823
874,874,Real-World,cublas,INT8,16,16,51200,26214400,0.141824,0.103424,1.371287,1.0,True,pass,,2.0210426785051823
875,875,Real-World,cublas,FP16,320,1024,1024,671088640,0.018944,0.019251,0.984043,1.0,True,pass,,1.9062030538916588
875,875,Real-World,cublas,FP32,320,1024,1024,671088640,0.06144,0.099277,0.618876,1.0,True,pass,,1.9062030538916588
875,875,Real-World,cublas,INT8,320,1024,1024,671088640,0.016742,0.014387,1.163701,1.0,True,pass,,1.9062030538916588
876,876,Real-World,cublas,FP16,400,368,2048,602931200,0.031488,0.017715,1.777457,1.0,True,pass,,1.9540449865162373
876,876,Real-World,cublas,FP32,400,368,2048,602931200,0.064205,0.168499,0.381039,1.0,True,pass,,1.9540449865162373
876,876,Real-World,cublas,INT8,400,368,2048,602931200,0.016845,0.0192,0.877334,1.0,True,pass,,1.9540449865162373
877,877,Real-World,cublas,FP16,2072,512,256,543162368,0.014541,0.015616,0.931147,1.0,True,pass,,1.9938656780868769
877,877,Real-World,cublas,FP32,2072,512,256,543162368,0.054323,0.050534,1.074974,1.0,True,pass,,1.9938656780868769
877,877,Real-World,cublas,INT8,2072,512,256,543162368,0.019456,0.013824,1.407408,1.0,True,pass,,1.9938656780868769
878,878,Real-World,cublas,FP16,2080,512,256,545259520,0.044595,0.013773,3.237918,1.0,True,pass,,2.003963442519307
878,878,Real-World,cublas,FP32,2080,512,256,545259520,0.050842,0.045517,1.116986,1.0,True,pass,,2.003963442519307
878,878,Real-World,cublas,INT8,2080,512,256,545259520,0.012083,0.02816,0.429091,1.0,True,pass,,2.003963442519307
879,879,Real-World,cublas,FP16,198,1000,1280,506880000,0.027955,0.019917,1.403599,1.0,True,pass,,2.1516680866479874
879,879,Real-World,cublas,FP32,198,1000,1280,506880000,0.081101,0.10496,0.772683,1.0,True,pass,,2.1516680866479874
879,879,Real-World,cublas,INT8,198,1000,1280,506880000,,,,,False,missing,Running INT8...Error benchmarking size 198x1000x1280: std::exception,2.1516680866479874
880,880,Real-World,cublas,FP16,1664,1024,16,54525952,0.012646,0.016691,0.757669,1.0,True,pass,,1.7667419835925102
880,880,Real-World,cublas,FP32,1664,1024,16,54525952,0.018125,0.016486,1.099379,1.0,True,pass,,1.7667419835925102
880,880,Real-World,cublas,INT8,1664,1024,16,54525952,0.016691,0.013363,1.249042,1.0,True,pass,,1.7667419835925102
881,881,Real-World,cublas,FP16,31,2048,812,103104512,0.020173,0.018074,1.116147,1.0,True,pass,,2.3372857198119164
881,881,Real-World,cublas,FP32,31,2048,812,103104512,0.042445,0.087501,0.485079,1.0,True,pass,,2.3372857198119164
881,881,Real-World,cublas,INT8,31,2048,812,103104512,,,,,False,missing,Running INT8...Error benchmarking size 31x2048x812: std::exception,2.3372857198119164
882,882,Real-World,cublas,FP16,88,1000,1536,270336000,0.01623,0.018278,0.887955,1.0,True,pass,,1.093567868694663
882,882,Real-World,cublas,FP32,88,1000,1536,270336000,0.051968,0.141312,0.367754,1.0,True,pass,,1.093567868694663
882,882,Real-World,cublas,INT8,88,1000,1536,270336000,0.024781,0.015462,1.602649,1.0,True,pass,,1.093567868694663
883,883,Real-World,cublas,FP16,1000,364,1024,745472000,0.015411,0.029747,0.518072,1.0,True,pass,,2.04586817137897
883,883,Real-World,cublas,FP32,1000,364,1024,745472000,0.073114,0.101632,0.719395,1.0,True,pass,,2.04586817137897
883,883,Real-World,cublas,INT8,1000,364,1024,745472000,0.063488,0.013312,4.769231,1.0,True,pass,,2.04586817137897
884,884,Real-World,cublas,FP16,1008,368,1024,759693312,0.015104,0.017664,0.855072,1.0,True,pass,,2.136521076783538
884,884,Real-World,cublas,FP32,1008,368,1024,759693312,0.068864,0.10409,0.661584,1.0,True,pass,,2.136521076783538
884,884,Real-World,cublas,INT8,1008,368,1024,759693312,0.014234,0.014131,1.007246,1.0,True,pass,,2.136521076783538
885,885,Real-World,cublas,FP16,1200,600,600,864000000,0.025242,0.022323,1.130734,1.0,True,pass,,1.9989321753382683
885,885,Real-World,cublas,FP32,1200,600,600,864000000,0.078438,0.094976,0.825876,1.0,True,pass,,1.9989321753382683
885,885,Real-World,cublas,INT8,1200,600,600,864000000,0.027341,0.019507,1.401575,1.0,True,pass,,1.9989321753382683
886,886,Real-World,cublas,FP16,108,1001,1536,332107776,0.024986,0.019354,1.291005,1.0,True,pass,,2.191405188292265
886,886,Real-World,cublas,FP32,108,1001,1536,332107776,0.045466,0.141978,0.320231,1.0,True,pass,,2.191405188292265
886,886,Real-World,cublas,INT8,108,1001,1536,332107776,0.028006,0.015923,1.758842,1.0,True,pass,,2.191405188292265
887,887,Real-World,cublas,FP16,384,1024,1024,805306368,0.018176,0.017766,1.023055,1.0,True,pass,,2.168064296245575
887,887,Real-World,cublas,FP32,384,1024,1024,805306368,0.073933,0.103987,0.71098,1.0,True,pass,,2.168064296245575
887,887,Real-World,cublas,INT8,384,1024,1024,805306368,0.017715,0.016128,1.098413,1.0,True,pass,,2.168064296245575
888,888,Real-World,cublas,FP16,4096,312,128,327155712,0.015974,0.01705,0.936937,1.0,True,pass,,2.050294503569603
888,888,Real-World,cublas,FP32,4096,312,128,327155712,0.030669,0.04649,0.659692,1.0,True,pass,,2.050294503569603
888,888,Real-World,cublas,INT8,4096,312,128,327155712,0.013824,0.01239,1.115702,1.0,True,pass,,2.050294503569603
889,889,Real-World,cublas,FP16,18,1000,1792,64512000,0.020736,0.017818,1.163793,1.0,True,pass,,2.1479196157306433
889,889,Real-World,cublas,FP32,18,1000,1792,64512000,0.024986,0.08105,0.308275,1.0,True,pass,,2.1479196157306433
889,889,Real-World,cublas,INT8,18,1000,1792,64512000,,,,,False,missing,Running INT8...Error benchmarking size 18x1000x1792: std::exception,2.1479196157306433
890,890,Real-World,cublas,FP16,16,1008,1792,57802752,0.014387,0.031334,0.45915,1.0,True,pass,,1.989309648051858
890,890,Real-World,cublas,FP32,16,1008,1792,57802752,0.024371,0.080026,0.304543,1.0,True,pass,,1.989309648051858
890,890,Real-World,cublas,INT8,16,1008,1792,57802752,0.015155,0.016026,0.945687,1.0,True,pass,,1.989309648051858
891,891,Real-World,cublas,FP16,3200,256,304,498073600,0.017306,0.019456,0.889474,1.0,True,pass,,2.001704089343548
891,891,Real-World,cublas,FP32,3200,256,304,498073600,0.045517,0.053094,0.857281,1.0,True,pass,,2.001704089343548
891,891,Real-World,cublas,INT8,3200,256,304,498073600,0.014387,0.013466,1.068441,1.0,True,pass,,2.001704089343548
892,892,Real-World,cublas,FP16,800,96,2048,314572800,0.018739,0.023347,0.802632,1.0,True,pass,,1.8569641299545765
892,892,Real-World,cublas,FP32,800,96,2048,314572800,0.191386,0.161126,1.187798,1.0,True,pass,,1.8569641299545765
892,892,Real-World,cublas,INT8,800,96,2048,314572800,0.016435,0.019046,0.862903,1.0,True,pass,,1.8569641299545765
893,893,Real-World,cublas,FP16,2048,768,128,402653184,0.018022,0.019251,0.93617,1.0,True,pass,,0.9534177333116531
893,893,Real-World,cublas,FP32,2048,768,128,402653184,0.038195,0.047002,0.812636,1.0,True,pass,,0.9534177333116531
893,893,Real-World,cublas,INT8,2048,768,128,402653184,0.016947,0.014694,1.15331,1.0,True,pass,,0.9534177333116531
894,894,Real-World,cublas,FP16,58,2304,768,205258752,0.028416,0.016077,1.767516,1.0,True,pass,,3.2281767539680004
894,894,Real-World,cublas,FP32,58,2304,768,205258752,0.043315,0.050022,0.865916,1.0,True,pass,,3.2281767539680004
894,894,Real-World,cublas,INT8,58,2304,768,205258752,,,,,False,missing,Running INT8...Error benchmarking size 58x2304x768: std::exception,3.2281767539680004
895,895,Real-World,cublas,FP16,2000,300,600,720000000,0.016026,0.018278,0.876751,1.0,True,pass,,2.30169989541173
895,895,Real-World,cublas,FP32,2000,300,600,720000000,0.063437,0.095744,0.662567,1.0,True,pass,,2.30169989541173
895,895,Real-World,cublas,INT8,2000,300,600,720000000,0.022784,0.013926,1.636029,1.0,True,pass,,2.30169989541173
896,896,Real-World,cublas,FP16,1,1000,2000,4000000,0.019507,0.017664,1.104348,1.0,True,pass,,1.108161335811019
896,896,Real-World,cublas,FP32,1,1000,2000,4000000,0.014285,0.0896,0.159429,1.0,True,pass,,1.108161335811019
896,896,Real-World,cublas,INT8,1,1000,2000,4000000,,,,,False,missing,Running INT8...Error benchmarking size 1x1000x2000: std::exception,1.108161335811019
897,897,Real-World,cublas,FP16,1024,320,1248,817889280,0.020326,0.020019,1.015345,1.0,True,pass,,1.91905190423131
897,897,Real-World,cublas,FP32,1024,320,1248,817889280,0.067174,0.105472,0.636893,1.0,True,pass,,1.91905190423131
897,897,Real-World,cublas,INT8,1024,320,1248,817889280,0.015821,0.015718,1.006515,1.0,True,pass,,1.91905190423131
898,898,Real-World,cublas,FP16,1024,1248,320,817889280,0.016589,0.018586,0.892562,1.0,True,pass,,1.9979624152183533
898,898,Real-World,cublas,FP32,1024,1248,320,817889280,0.06441,0.089754,0.717627,1.0,True,pass,,1.9979624152183533
898,898,Real-World,cublas,INT8,1024,1248,320,817889280,0.01536,0.013466,1.140684,1.0,True,pass,,1.9979624152183533
899,899,Real-World,cublas,FP16,2000,304,608,739328000,0.01367,0.014029,0.974452,1.0,True,pass,,1.9786597806960344
899,899,Real-World,cublas,FP32,2000,304,608,739328000,0.063283,0.096768,0.653968,1.0,True,pass,,1.9786597806960344
899,899,Real-World,cublas,INT8,2000,304,608,739328000,0.015872,0.012186,1.302521,1.0,True,pass,,1.9786597806960344
900,900,Real-World,cublas,FP16,2560,768,16,62914560,0.014899,0.017562,0.848396,1.0,True,pass,,1.9409881122410297
900,900,Real-World,cublas,FP32,2560,768,16,62914560,0.031539,0.029901,1.054795,1.0,True,pass,,1.9409881122410297
900,900,Real-World,cublas,INT8,2560,768,16,62914560,0.016589,0.014746,1.125,1.0,True,pass,,1.9409881122410297
901,901,Real-World,cublas,FP16,3200,208,400,532480000,0.015411,0.019456,0.792106,1.0,True,pass,,1.9626108035445213
901,901,Real-World,cublas,FP32,3200,208,400,532480000,0.050842,0.085094,0.597473,1.0,True,pass,,1.9626108035445213
901,901,Real-World,cublas,INT8,3200,208,400,532480000,0.015104,0.013312,1.134615,1.0,True,pass,,1.9626108035445213
902,902,Real-World,cublas,FP16,16,1008,2000,64512000,0.01495,0.017562,0.851312,1.0,True,pass,,1.8883800562471151
902,902,Real-World,cublas,FP32,16,1008,2000,64512000,0.041882,0.152064,0.275421,1.0,True,pass,,1.8883800562471151
902,902,Real-World,cublas,INT8,16,1008,2000,64512000,0.017152,0.017459,0.982405,1.0,True,pass,,1.8883800562471151
903,903,Real-World,cublas,FP16,512,1024,1024,1073741824,0.017715,0.021146,0.837772,1.0,True,pass,,1.9344131164252758
903,903,Real-World,cublas,FP32,512,1024,1024,1073741824,0.083814,0.11607,0.7221,1.0,True,pass,,1.9344131164252758
903,903,Real-World,cublas,INT8,512,1024,1024,1073741824,0.01705,0.013107,1.300782,1.0,True,pass,,1.9344131164252758
904,904,Real-World,cublas,FP16,2560,512,256,671088640,0.017971,0.021146,0.849879,1.0,True,pass,,0.9847758375108242
904,904,Real-World,cublas,FP32,2560,512,256,671088640,0.051558,0.083302,0.61893,1.0,True,pass,,0.9847758375108242
904,904,Real-World,cublas,INT8,2560,512,256,671088640,0.01239,0.013005,0.952756,1.0,True,pass,,0.9847758375108242
905,905,Real-World,cublas,FP16,16,16384,112,58720256,0.012186,0.01536,0.793333,1.0,True,pass,,2.0213742591440678
905,905,Real-World,cublas,FP32,16,16384,112,58720256,0.023859,0.041626,0.573186,1.0,True,pass,,2.0213742591440678
905,905,Real-World,cublas,INT8,16,16384,112,58720256,0.014541,0.011418,1.273543,1.0,True,pass,,2.0213742591440678
906,906,Real-World,cublas,FP16,16,1008,2048,66060288,0.030208,0.012186,2.478991,1.0,True,pass,,2.1774519346654415
906,906,Real-World,cublas,FP32,16,1008,2048,66060288,0.02647,0.13353,0.198236,1.0,True,pass,,2.1774519346654415
906,906,Real-World,cublas,INT8,16,1008,2048,66060288,0.0192,0.017459,1.099707,1.0,True,pass,,2.1774519346654415
907,907,Real-World,cublas,FP16,1,16384,128,4194304,0.01193,0.015155,0.787162,1.0,True,pass,,2.135422134771943
907,907,Real-World,cublas,FP32,1,16384,128,4194304,0.012493,0.046694,0.267544,1.0,True,pass,,2.135422134771943
907,907,Real-World,cublas,INT8,1,16384,128,4194304,,,,,False,missing,Running INT8...Error benchmarking size 1x16384x128: std::exception,2.135422134771943
908,908,Real-World,cublas,FP16,30,1000,2048,122880000,0.019302,0.020224,0.95443,1.0,True,pass,,3.154770540073514
908,908,Real-World,cublas,FP32,30,1000,2048,122880000,0.028518,0.161741,0.176322,1.0,True,pass,,3.154770540073514
908,908,Real-World,cublas,INT8,30,1000,2048,122880000,,,,,False,missing,Running INT8...Error benchmarking size 30x1000x2048: std::exception,3.154770540073514
909,909,Real-World,cublas,FP16,2048,1024,16,67108864,0.01705,0.01705,1.0,1.0,True,pass,,0.891505042091012
909,909,Real-World,cublas,FP32,2048,1024,16,67108864,0.016998,0.016179,1.050633,1.0,True,pass,,0.891505042091012
909,909,Real-World,cublas,INT8,2048,1024,16,67108864,0.01623,0.014643,1.108392,1.0,True,pass,,0.891505042091012
910,910,Real-World,cublas,FP16,2048,16,1024,67108864,0.01408,0.015565,0.904605,1.0,True,pass,,2.116548651829362
910,910,Real-World,cublas,FP32,2048,16,1024,67108864,0.027494,0.079923,0.34401,1.0,True,pass,,2.116548651829362
910,910,Real-World,cublas,INT8,2048,16,1024,67108864,0.016077,0.012851,1.250996,1.0,True,pass,,2.116548651829362
911,911,Real-World,cublas,FP16,32,1008,2048,132120576,0.015053,0.019405,0.775726,1.0,True,pass,,2.333297498524189
911,911,Real-World,cublas,FP32,32,1008,2048,132120576,0.028928,0.196403,0.147289,1.0,True,pass,,2.333297498524189
911,911,Real-World,cublas,INT8,32,1008,2048,132120576,0.0192,0.021504,0.892857,1.0,True,pass,,2.333297498524189
912,912,Real-World,cublas,FP16,1024,768,768,1207959552,0.018637,0.022067,0.844548,1.0,True,pass,,1.931702472269535
912,912,Real-World,cublas,FP32,1024,768,768,1207959552,0.095488,0.154931,0.616325,1.0,True,pass,,1.931702472269535
912,912,Real-World,cublas,INT8,1024,768,768,1207959552,0.016742,0.015104,1.108475,1.0,True,pass,,1.931702472269535
913,913,Real-World,cublas,FP16,30,1024,2048,125829120,0.019814,0.019968,0.992308,1.0,True,pass,,2.2527867760509253
913,913,Real-World,cublas,FP32,30,1024,2048,125829120,0.033894,0.169216,0.200303,1.0,True,pass,,2.2527867760509253
913,913,Real-World,cublas,INT8,30,1024,2048,125829120,,,,,False,missing,Running INT8...Error benchmarking size 30x1024x2048: std::exception,2.2527867760509253
914,914,Real-World,cublas,FP16,32,2048,1024,134217728,0.014131,0.01664,0.849231,1.0,True,pass,,1.9891700632870197
914,914,Real-World,cublas,FP32,32,2048,1024,134217728,0.026061,0.073626,0.353964,1.0,True,pass,,1.9891700632870197
914,914,Real-World,cublas,INT8,32,2048,1024,134217728,0.013568,0.012698,1.068548,1.0,True,pass,,1.9891700632870197
915,915,Real-World,cublas,FP16,1488,32,1440,137134080,0.01408,0.016691,0.843558,1.0,True,pass,,1.9955900870263577
915,915,Real-World,cublas,FP32,1488,32,1440,137134080,0.03031,0.11392,0.266067,1.0,True,pass,,1.9955900870263577
915,915,Real-World,cublas,INT8,1488,32,1440,137134080,0.014746,0.015616,0.944262,1.0,True,pass,,1.9955900870263577
916,916,Real-World,cublas,FP16,64,1000,2048,262144000,0.017101,0.023347,0.732456,1.0,True,pass,,1.9919246025383472
916,916,Real-World,cublas,FP32,64,1000,2048,262144000,0.03968,0.160563,0.24713,1.0,True,pass,,1.9919246025383472
916,916,Real-World,cublas,INT8,64,1000,2048,262144000,0.016128,0.017357,0.929203,1.0,True,pass,,1.9919246025383472
917,917,Real-World,cublas,FP16,10000,16,208,66560000,0.012288,0.026112,0.470588,1.0,True,pass,,2.044065525755286
917,917,Real-World,cublas,FP32,10000,16,208,66560000,0.029082,0.027034,1.075758,1.0,True,pass,,2.044065525755286
917,917,Real-World,cublas,INT8,10000,16,208,66560000,0.027238,0.024883,1.094651,1.0,True,pass,,2.044065525755286
918,918,Real-World,cublas,FP16,64,1008,2048,264241152,0.01792,0.023654,0.757576,1.0,True,pass,,2.1526666525751352
918,918,Real-World,cublas,FP32,64,1008,2048,264241152,0.039731,0.160819,0.247055,1.0,True,pass,,2.1526666525751352
918,918,Real-World,cublas,INT8,64,1008,2048,264241152,0.014438,0.016384,0.88125,1.0,True,pass,,2.1526666525751352
919,919,Real-World,cublas,FP16,1488,16,1488,70852608,0.015923,0.016333,0.974922,1.0,True,pass,,2.0016953963786364
919,919,Real-World,cublas,FP32,1488,16,1488,70852608,0.025293,0.040704,0.621383,1.0,True,pass,,2.0016953963786364
919,919,Real-World,cublas,INT8,1488,16,1488,70852608,0.019763,0.02135,0.92566,1.0,True,pass,,2.0016953963786364
920,920,Real-World,cublas,FP16,98,256,6400,321126400,0.022374,0.030362,0.736931,1.0,True,pass,,2.1228347551077604
920,920,Real-World,cublas,FP32,98,256,6400,321126400,0.05079,0.433459,0.117175,1.0,True,pass,,2.1228347551077604
920,920,Real-World,cublas,INT8,98,256,6400,321126400,,,,,False,missing,Running INT8...Error benchmarking size 98x256x6400: std::exception,2.1228347551077604
921,921,Real-World,cublas,FP16,100,1000,2000,400000000,0.032819,0.02089,1.571078,1.0,True,pass,,2.035738220438361
921,921,Real-World,cublas,FP32,100,1000,2000,400000000,0.056832,0.096358,0.589798,1.0,True,pass,,2.035738220438361
921,921,Real-World,cublas,INT8,100,1000,2000,400000000,0.043008,0.019814,2.170543,1.0,True,pass,,2.035738220438361
922,922,Real-World,cublas,FP16,45,4096,512,188743680,0.025139,0.017715,1.419075,1.0,True,pass,,2.3086845465004444
922,922,Real-World,cublas,FP32,45,4096,512,188743680,0.036864,0.070042,0.526316,1.0,True,pass,,2.3086845465004444
922,922,Real-World,cublas,INT8,45,4096,512,188743680,,,,,False,missing,Running INT8...Error benchmarking size 45x4096x512: std::exception,2.3086845465004444
923,923,Real-World,cublas,FP16,16000,16,128,65536000,0.012442,0.015565,0.799342,1.0,True,pass,,2.1749677807092667
923,923,Real-World,cublas,FP32,16000,16,128,65536000,0.024883,0.029389,0.84669,1.0,True,pass,,2.1749677807092667
923,923,Real-World,cublas,INT8,16000,16,128,65536000,0.03625,0.011878,3.051725,1.0,True,pass,,2.1749677807092667
924,924,Real-World,cublas,FP16,1488,32,1488,141705216,0.016742,0.017306,0.967456,1.0,True,pass,,2.074702698737383
924,924,Real-World,cublas,FP32,1488,32,1488,141705216,0.028877,0.140749,0.205166,1.0,True,pass,,2.074702698737383
924,924,Real-World,cublas,INT8,1488,32,1488,141705216,0.015565,0.017306,0.899408,1.0,True,pass,,2.074702698737383
925,925,Real-World,cublas,FP16,48,4096,512,201326592,0.042445,0.012237,3.468619,1.0,True,pass,,2.0197262559086084
925,925,Real-World,cublas,FP32,48,4096,512,201326592,0.037222,0.069734,0.533774,1.0,True,pass,,2.0197262559086084
925,925,Real-World,cublas,INT8,48,4096,512,201326592,0.012339,0.01111,1.110599,1.0,True,pass,,2.0197262559086084
926,926,Real-World,cublas,FP16,98,1001,2048,401809408,0.026573,0.022272,1.193104,1.0,True,pass,,2.196099866181612
926,926,Real-World,cublas,FP32,98,1001,2048,401809408,0.060877,0.165734,0.367315,1.0,True,pass,,2.196099866181612
926,926,Real-World,cublas,INT8,98,1001,2048,401809408,,,,,False,missing,Running INT8...Error benchmarking size 98x1001x2048: std::exception,2.196099866181612
927,927,Real-World,cublas,FP16,112,1008,2000,451584000,0.021402,0.020378,1.050251,1.0,True,pass,,1.9811611846089363
927,927,Real-World,cublas,FP32,112,1008,2000,451584000,0.05545,0.155136,0.357426,1.0,True,pass,,1.9811611846089363
927,927,Real-World,cublas,INT8,112,1008,2000,451584000,0.021094,0.025242,0.8357,1.0,True,pass,,1.9811611846089363
928,928,Real-World,cublas,FP16,640,1024,1024,1342177280,0.01705,0.022067,0.772622,1.0,True,pass,,2.2463294491171837
928,928,Real-World,cublas,FP32,640,1024,1024,1342177280,0.095795,0.119194,0.803694,1.0,True,pass,,2.2463294491171837
928,928,Real-World,cublas,INT8,640,1024,1024,1342177280,0.01705,0.016794,1.015244,1.0,True,pass,,2.2463294491171837
929,929,Real-World,cublas,FP16,2048,512,512,1073741824,0.024474,0.025242,0.969574,1.0,True,pass,,2.0899161398410797
929,929,Real-World,cublas,FP32,2048,512,512,1073741824,0.09001,0.11607,0.775474,1.0,True,pass,,2.0899161398410797
929,929,Real-World,cublas,INT8,2048,512,512,1073741824,0.014694,0.014592,1.007018,1.0,True,pass,,2.0899161398410797
930,930,Real-World,cublas,FP16,512,512,2048,1073741824,0.022323,0.031693,0.704362,1.0,True,pass,,2.0005377251654863
930,930,Real-World,cublas,FP32,512,512,2048,1073741824,0.138138,0.167168,0.82634,1.0,True,pass,,2.0005377251654863
930,930,Real-World,cublas,INT8,512,512,2048,1073741824,0.015104,0.018944,0.797297,1.0,True,pass,,2.0005377251654863
931,931,Real-World,cublas,FP16,512,2048,512,1073741824,0.019456,0.019558,0.994764,1.0,True,pass,,1.0074525028467178
931,931,Real-World,cublas,FP32,512,2048,512,1073741824,0.094208,0.118989,0.791738,1.0,True,pass,,1.0074525028467178
931,931,Real-World,cublas,INT8,512,2048,512,1073741824,0.017664,0.016538,1.068112,1.0,True,pass,,1.0074525028467178
932,932,Real-World,cublas,FP16,16,16384,128,67108864,0.029542,0.015514,1.904291,1.0,True,pass,,2.231162467971444
932,932,Real-World,cublas,FP32,16,16384,128,67108864,0.031437,0.051814,0.606719,1.0,True,pass,,2.231162467971444
932,932,Real-World,cublas,INT8,16,16384,128,67108864,0.010035,0.017971,0.558405,1.0,True,pass,,2.231162467971444
933,933,Real-World,cublas,FP16,1,768,3072,4718592,0.012237,0.027597,0.443414,1.0,True,pass,,3.187362376600504
933,933,Real-World,cublas,FP32,1,768,3072,4718592,0.014541,0.134093,0.108438,1.0,True,pass,,3.187362376600504
933,933,Real-World,cublas,INT8,1,768,3072,4718592,,,,,False,missing,Running INT8...Error benchmarking size 1x768x3072: std::exception,3.187362376600504
934,934,Real-World,cublas,FP16,105,1000,2048,430080000,0.065126,0.01577,4.129871,1.0,True,pass,,2.2312805242836475
934,934,Real-World,cublas,FP32,105,1000,2048,430080000,0.056832,0.183603,0.309537,1.0,True,pass,,2.2312805242836475
934,934,Real-World,cublas,INT8,105,1000,2048,430080000,,,,,False,missing,Running INT8...Error benchmarking size 105x1000x2048: std::exception,2.2312805242836475
935,935,Real-World,cublas,FP16,1,9216,256,4718592,0.01193,0.013414,0.889313,1.0,True,pass,,2.2148162368685007
935,935,Real-World,cublas,FP32,1,9216,256,4718592,0.013773,0.04777,0.288317,1.0,True,pass,,2.2148162368685007
935,935,Real-World,cublas,INT8,1,9216,256,4718592,,,,,False,missing,Running INT8...Error benchmarking size 1x9216x256: std::exception,2.2148162368685007
936,936,Real-World,cublas,FP16,16,1008,2304,74317824,0.017613,0.0192,0.917333,1.0,True,pass,,2.1029463596642017
936,936,Real-World,cublas,FP32,16,1008,2304,74317824,0.025651,0.112486,0.228038,1.0,True,pass,,2.1029463596642017
936,936,Real-World,cublas,INT8,16,1008,2304,74317824,0.01449,0.017459,0.829912,1.0,True,pass,,2.1029463596642017
937,937,Real-World,cublas,FP16,16,64,29696,60817408,0.051558,1.314048,0.039236,1.0,True,pass,,2.2864678744226694
937,937,Real-World,cublas,FP32,16,64,29696,60817408,0.033485,4.463156,0.007502,1.0,True,pass,,2.2864678744226694
937,937,Real-World,cublas,INT8,16,64,29696,60817408,0.084429,0.066611,1.267486,1.0,True,pass,,2.2864678744226694
938,938,Real-World,cublas,FP16,3072,768,16,75497472,0.017203,0.016947,1.015106,1.0,True,pass,,1.9655601270496845
938,938,Real-World,cublas,FP32,3072,768,16,75497472,0.019405,0.021453,0.904535,1.0,True,pass,,1.9655601270496845
938,938,Real-World,cublas,INT8,3072,768,16,75497472,0.01577,0.014438,1.092199,1.0,True,pass,,1.9655601270496845
939,939,Real-World,cublas,FP16,16,17200,128,70451200,0.012442,0.015258,0.815436,1.0,True,pass,,2.3192658573389053
939,939,Real-World,cublas,FP32,16,17200,128,70451200,0.025139,0.052838,0.475775,1.0,True,pass,,2.3192658573389053
939,939,Real-World,cublas,INT8,16,17200,128,70451200,0.010803,0.042138,0.256379,1.0,True,pass,,2.3192658573389053
940,940,Real-World,cublas,FP16,1232,768,768,1453326336,0.022579,0.02135,1.057554,1.0,True,pass,,1.858511671423912
940,940,Real-World,cublas,FP32,1232,768,768,1453326336,0.105114,0.180736,0.581586,1.0,True,pass,,1.858511671423912
940,940,Real-World,cublas,INT8,1232,768,768,1453326336,0.017306,0.017562,0.985423,1.0,True,pass,,1.858511671423912
941,941,Real-World,cublas,FP16,25,16384,128,104857600,0.016384,0.015002,1.09215,1.0,True,pass,,2.1114870849996805
941,941,Real-World,cublas,FP32,25,16384,128,104857600,0.024934,0.045824,0.544134,1.0,True,pass,,2.1114870849996805
941,941,Real-World,cublas,INT8,25,16384,128,104857600,,,,,False,missing,Running INT8...Error benchmarking size 25x16384x128: std::exception,2.1114870849996805
942,942,Real-World,cublas,FP16,16,256,9216,75497472,0.030822,1.769011,0.017424,1.0,True,pass,,2.2276013009250164
942,942,Real-World,cublas,FP32,16,256,9216,75497472,0.02816,0.458803,0.061377,1.0,True,pass,,2.2276013009250164
942,942,Real-World,cublas,INT8,16,256,9216,75497472,0.032461,0.065741,0.493769,1.0,True,pass,,2.2276013009250164
943,943,Real-World,cublas,FP16,4000,208,400,665600000,0.018227,0.018688,0.975343,1.0,True,pass,,2.0976072661578655
943,943,Real-World,cublas,FP32,4000,208,400,665600000,0.070246,0.085299,0.82353,1.0,True,pass,,2.0976072661578655
943,943,Real-World,cublas,INT8,4000,208,400,665600000,0.018432,0.014848,1.241379,1.0,True,pass,,2.0976072661578655
944,944,Real-World,cublas,FP16,1280,768,768,1509949440,0.025293,0.022682,1.115125,1.0,True,pass,,2.20337444730103
944,944,Real-World,cublas,FP32,1280,768,768,1509949440,0.110029,0.184474,0.596447,1.0,True,pass,,2.20337444730103
944,944,Real-World,cublas,INT8,1280,768,768,1509949440,0.017357,0.015462,1.122517,1.0,True,pass,,2.20337444730103
945,945,Real-World,cublas,FP16,32,1200,2048,157286400,0.01664,0.01961,0.848564,1.0,True,pass,,2.07817105948925
945,945,Real-World,cublas,FP32,32,1200,2048,157286400,0.033434,0.165325,0.20223,1.0,True,pass,,2.07817105948925
945,945,Real-World,cublas,INT8,32,1200,2048,157286400,0.015616,0.017408,0.897059,1.0,True,pass,,2.07817105948925
946,946,Real-World,cublas,FP16,8192,312,2,10223616,0.020429,0.020173,1.01269,1.0,True,pass,,1.0394788403064013
946,946,Real-World,cublas,FP32,8192,312,2,10223616,0.017562,0.015309,1.147157,1.0,True,pass,,1.0394788403064013
946,946,Real-World,cublas,INT8,8192,312,2,10223616,0.019251,0.013261,1.451738,0.0,False,incorrect,Cosine similarity threshold failed,1.0394788403064013
947,947,Real-World,cublas,FP16,16,1008,2560,82575360,0.018176,0.019507,0.931759,1.0,True,pass,,2.0603674687445164
947,947,Real-World,cublas,FP32,16,1008,2560,82575360,0.030003,0.137626,0.218006,1.0,True,pass,,2.0603674687445164
947,947,Real-World,cublas,INT8,16,1008,2560,82575360,0.01664,0.019507,0.853019,1.0,True,pass,,2.0603674687445164
948,948,Real-World,cublas,FP16,4096,312,312,797442048,0.017869,0.022323,0.800459,1.0,True,pass,,2.120336126536131
948,948,Real-World,cublas,FP32,4096,312,312,797442048,0.059392,0.086221,0.688836,1.0,True,pass,,2.120336126536131
948,948,Real-World,cublas,INT8,4096,312,312,797442048,0.020634,0.015616,1.321312,1.0,True,pass,,2.120336126536131
949,949,Real-World,cublas,FP16,1,3456,768,5308416,0.013414,0.014438,0.929078,1.0,True,pass,,2.257229197770357
949,949,Real-World,cublas,FP32,1,3456,768,5308416,0.011827,0.02944,0.401739,1.0,True,pass,,2.257229197770357
949,949,Real-World,cublas,INT8,1,3456,768,5308416,,,,,False,missing,Running INT8...Error benchmarking size 1x3456x768: std::exception,2.257229197770357
950,950,Real-World,cublas,FP16,1,768,3456,5308416,0.013619,1.120717,0.012152,1.0,True,pass,,3.3308513201773167
950,950,Real-World,cublas,FP32,1,768,3456,5308416,0.016794,0.188621,0.089034,1.0,True,pass,,3.3308513201773167
950,950,Real-World,cublas,INT8,1,768,3456,5308416,,,,,False,missing,Running INT8...Error benchmarking size 1x768x3456: std::exception,3.3308513201773167
951,951,Real-World,cublas,FP16,16,1024,2560,83886080,0.017869,0.02007,0.890306,1.0,True,pass,,1.1143528949469328
951,951,Real-World,cublas,FP32,16,1024,2560,83886080,0.030157,0.124672,0.241889,1.0,True,pass,,1.1143528949469328
951,951,Real-World,cublas,INT8,16,1024,2560,83886080,0.01961,0.023757,0.825431,1.0,True,pass,,1.1143528949469328
952,952,Real-World,cublas,FP16,800,368,2048,1205862400,0.023962,0.025242,0.94929,1.0,True,pass,,2.091314159333706
952,952,Real-World,cublas,FP32,800,368,2048,1205862400,0.110643,0.16471,0.671744,1.0,True,pass,,2.091314159333706
952,952,Real-World,cublas,INT8,800,368,2048,1205862400,0.019507,0.02345,0.831878,1.0,True,pass,,2.091314159333706
953,953,Real-World,cublas,FP16,12000,16,208,79872000,0.014285,0.014438,0.989362,1.0,True,pass,,2.0073512233793736
953,953,Real-World,cublas,FP32,12000,16,208,79872000,0.03584,0.043366,0.826446,1.0,True,pass,,2.0073512233793736
953,953,Real-World,cublas,INT8,12000,16,208,79872000,0.031386,0.010035,3.127551,1.0,True,pass,,2.0073512233793736
954,954,Real-World,cublas,FP16,91,3072,768,429391872,0.036864,0.018637,1.978022,1.0,True,pass,,2.336216976866126
954,954,Real-World,cublas,FP32,91,3072,768,429391872,0.048896,0.076595,0.638369,1.0,True,pass,,2.336216976866126
954,954,Real-World,cublas,INT8,91,3072,768,429391872,,,,,False,missing,Running INT8...Error benchmarking size 91x3072x768: std::exception,2.336216976866126
955,955,Real-World,cublas,FP16,832,1024,1024,1744830464,0.022477,0.028928,0.776991,1.0,True,pass,,2.0964895337820053
955,955,Real-World,cublas,FP32,832,1024,1024,1744830464,0.121037,0.14807,0.817427,1.0,True,pass,,2.0964895337820053
955,955,Real-World,cublas,INT8,832,1024,1024,1744830464,0.021043,0.018432,1.141667,1.0,True,pass,,2.0964895337820053
956,956,Real-World,cublas,FP16,139,1000,2304,640512000,0.051046,0.023142,2.205752,1.0,True,pass,,2.3639993630349636
956,956,Real-World,cublas,FP32,139,1000,2304,640512000,0.089907,0.116531,0.771529,1.0,True,pass,,2.3639993630349636
956,956,Real-World,cublas,INT8,139,1000,2304,640512000,,,,,False,missing,Running INT8...Error benchmarking size 139x1000x2304: std::exception,2.3639993630349636
957,957,Real-World,cublas,FP16,992,1504,512,1527775232,0.019917,0.033075,0.602167,1.0,True,pass,,2.07849938608706
957,957,Real-World,cublas,FP32,992,1504,512,1527775232,0.109261,0.1216,0.898526,1.0,True,pass,,2.07849938608706
957,957,Real-World,cublas,INT8,992,1504,512,1527775232,0.018022,0.014643,1.230769,1.0,True,pass,,2.07849938608706
958,958,Real-World,cublas,FP16,384,384,3456,1019215872,0.021811,0.02729,0.799249,1.0,True,pass,,2.1456843614578247
958,958,Real-World,cublas,FP32,384,384,3456,1019215872,0.127437,0.191078,0.666935,1.0,True,pass,,2.1456843614578247
958,958,Real-World,cublas,INT8,384,384,3456,1019215872,0.021146,0.036403,0.580872,1.0,True,pass,,2.1456843614578247
959,959,Real-World,cublas,FP16,128,768,3072,603979776,0.019405,0.033075,0.586687,1.0,True,pass,,2.1222816221415997
959,959,Real-World,cublas,FP32,128,768,3072,603979776,0.059494,0.134502,0.44233,1.0,True,pass,,2.1222816221415997
959,959,Real-World,cublas,INT8,128,768,3072,603979776,0.021914,0.034048,0.643609,1.0,True,pass,,2.1222816221415997
960,960,Real-World,cublas,FP16,128,3072,768,603979776,0.015309,0.02089,0.732843,1.0,True,pass,,2.1421705968677998
960,960,Real-World,cublas,FP32,128,3072,768,603979776,0.055245,0.086835,0.636203,1.0,True,pass,,2.1421705968677998
960,960,Real-World,cublas,INT8,128,3072,768,603979776,0.013978,0.012544,1.114286,1.0,True,pass,,2.1421705968677998
961,961,Real-World,cublas,FP16,3072,768,128,603979776,0.019866,0.019558,1.015707,1.0,True,pass,,1.8060871418565512
961,961,Real-World,cublas,FP32,3072,768,128,603979776,0.051712,0.04736,1.091892,1.0,True,pass,,1.8060871418565512
961,961,Real-World,cublas,INT8,3072,768,128,603979776,0.017152,0.014899,1.151203,1.0,True,pass,,1.8060871418565512
962,962,Real-World,cublas,FP16,122,1200,2048,599654400,0.027085,0.022528,1.202273,1.0,True,pass,,2.3982243444770575
962,962,Real-World,cublas,FP32,122,1200,2048,599654400,0.088525,0.161792,0.547152,1.0,True,pass,,2.3982243444770575
962,962,Real-World,cublas,INT8,122,1200,2048,599654400,,,,,False,missing,Running INT8...Error benchmarking size 122x1200x2048: std::exception,2.3982243444770575
963,963,Real-World,cublas,FP16,175,4096,512,734003200,0.051354,0.021811,2.354459,1.0,True,pass,,2.2849629428237677
963,963,Real-World,cublas,FP32,175,4096,512,734003200,0.072397,0.116429,0.621812,1.0,True,pass,,2.2849629428237677
963,963,Real-World,cublas,INT8,175,4096,512,734003200,,,,,False,missing,Running INT8...Error benchmarking size 175x4096x512: std::exception,2.2849629428237677
964,964,Real-World,cublas,FP16,83,1024,2560,435159040,0.048845,0.023808,2.051613,1.0,True,pass,,2.3437994550913572
964,964,Real-World,cublas,FP32,83,1024,2560,435159040,0.048845,0.128512,0.38008,1.0,True,pass,,2.3437994550913572
964,964,Real-World,cublas,INT8,83,1024,2560,435159040,,,,,False,missing,Running INT8...Error benchmarking size 83x1024x2560: std::exception,2.3437994550913572
965,965,Real-World,cublas,FP16,176,2048,1152,830472192,0.017459,0.030413,0.574074,1.0,True,pass,,2.1734263133257627
965,965,Real-World,cublas,FP32,176,2048,1152,830472192,0.08151,0.112538,0.724295,1.0,True,pass,,2.1734263133257627
965,965,Real-World,cublas,INT8,176,2048,1152,830472192,0.0192,0.015923,1.205788,1.0,True,pass,,2.1734263133257627
966,966,Real-World,cublas,FP16,2624,512,512,1375731712,0.025395,0.021043,1.206812,1.0,True,pass,,2.1334977317601442
966,966,Real-World,cublas,FP32,2624,512,512,1375731712,0.107674,0.121139,0.888842,1.0,True,pass,,2.1334977317601442
966,966,Real-World,cublas,INT8,2624,512,512,1375731712,0.019661,0.015002,1.31058,1.0,True,pass,,2.1334977317601442
967,967,Real-World,cublas,FP16,1536,768,768,1811939328,0.037734,0.022477,1.678816,1.0,True,pass,,2.1262247934937477
967,967,Real-World,cublas,FP32,1536,768,768,1811939328,0.119296,0.218266,0.546563,1.0,True,pass,,2.1262247934937477
967,967,Real-World,cublas,INT8,1536,768,768,1811939328,0.018842,0.016384,1.15,1.0,True,pass,,2.1262247934937477
968,968,Real-World,cublas,FP16,150,500,4500,675000000,0.032307,0.058266,0.554482,1.0,True,pass,,3.29972455650568
968,968,Real-World,cublas,FP32,150,500,4500,675000000,0.077875,0.218726,0.356039,1.0,True,pass,,3.29972455650568
968,968,Real-World,cublas,INT8,150,500,4500,675000000,,,,,False,missing,Running INT8...Error benchmarking size 150x500x4500: std::exception,3.29972455650568
969,969,Real-World,cublas,FP16,1576,768,768,1859125248,0.02263,0.023398,0.967177,1.0,True,pass,,1.128532750532031
969,969,Real-World,cublas,FP32,1576,768,768,1859125248,0.129741,0.227686,0.569822,1.0,True,pass,,1.128532750532031
969,969,Real-World,cublas,INT8,1576,768,768,1859125248,0.033382,0.016282,2.050315,1.0,True,pass,,1.128532750532031
970,970,Real-World,cublas,FP16,2752,512,512,1442840576,0.025037,0.021402,1.169857,1.0,True,pass,,1.9308271445333958
970,970,Real-World,cublas,FP32,2752,512,512,1442840576,0.108493,0.117043,0.926947,1.0,True,pass,,1.9308271445333958
970,970,Real-World,cublas,INT8,2752,512,512,1442840576,0.020326,0.014848,1.368966,1.0,True,pass,,1.9308271445333958
971,971,Real-World,cublas,FP16,1000,1024,1024,2097152000,0.02345,0.020173,1.162436,1.0,True,pass,,2.303779859095812
971,971,Real-World,cublas,FP32,1000,1024,1024,2097152000,0.1344,0.179251,0.749786,1.0,True,pass,,2.303779859095812
971,971,Real-World,cublas,INT8,1000,1024,1024,2097152000,0.039578,0.01792,2.208571,1.0,True,pass,,2.303779859095812
972,972,Real-World,cublas,FP16,1008,1024,1024,2113929216,0.026931,0.02432,1.107368,1.0,True,pass,,2.2213101517409086
972,972,Real-World,cublas,FP32,1008,1024,1024,2113929216,0.1408,0.182374,0.772038,1.0,True,pass,,2.2213101517409086
972,972,Real-World,cublas,INT8,1008,1024,1024,2113929216,0.021965,0.019866,1.10567,1.0,True,pass,,2.2213101517409086
973,973,Real-World,cublas,FP16,159,1000,2560,814080000,0.05929,0.024269,2.443038,1.0,True,pass,,3.40682677552104
973,973,Real-World,cublas,FP32,159,1000,2560,814080000,0.09431,0.128563,0.733572,1.0,True,pass,,3.40682677552104
973,973,Real-World,cublas,INT8,159,1000,2560,814080000,,,,,False,missing,Running INT8...Error benchmarking size 159x1000x2560: std::exception,3.40682677552104
974,974,Real-World,cublas,FP16,200,768,3072,943718400,0.022221,0.040704,0.545912,1.0,True,pass,,2.1958574056625366
974,974,Real-World,cublas,FP32,200,768,3072,943718400,0.123546,0.18688,0.661096,1.0,True,pass,,2.1958574056625366
974,974,Real-World,cublas,INT8,200,768,3072,943718400,0.042803,0.037376,1.145206,1.0,True,pass,,2.1958574056625366
975,975,Real-World,cublas,FP16,1024,1024,1024,2147483648,0.037939,0.019763,1.919689,1.0,True,pass,,2.1769374385476112
975,975,Real-World,cublas,FP32,1024,1024,1024,2147483648,0.134656,0.176947,0.760996,1.0,True,pass,,2.1769374385476112
975,975,Real-World,cublas,INT8,1024,1024,1024,2147483648,0.018688,0.021606,0.864929,1.0,True,pass,,2.1769374385476112
976,976,Real-World,cublas,FP16,4096,768,2,12582912,0.020992,0.019763,1.062176,1.0,True,pass,,1.0000115260481834
976,976,Real-World,cublas,FP32,4096,768,2,12582912,0.019098,0.016589,1.151234,1.0,True,pass,,1.0000115260481834
976,976,Real-World,cublas,INT8,4096,768,2,12582912,0.010291,0.014643,0.702797,0.0,False,incorrect,Cosine similarity threshold failed,1.0000115260481834
977,977,Real-World,cublas,FP16,208,768,3072,981467136,0.021862,0.036147,0.604816,1.0,True,pass,,2.05035188421607
977,977,Real-World,cublas,FP32,208,768,3072,981467136,0.122931,0.17152,0.716716,1.0,True,pass,,2.05035188421607
977,977,Real-World,cublas,INT8,208,768,3072,981467136,0.022579,0.036915,0.61165,1.0,True,pass,,2.05035188421607
978,978,Real-World,cublas,FP16,208,3072,768,981467136,0.020429,0.020634,0.990075,1.0,True,pass,,2.125472392886877
978,978,Real-World,cublas,FP32,208,3072,768,981467136,0.085248,0.135731,0.628065,1.0,True,pass,,2.125472392886877
978,978,Real-World,cublas,INT8,208,3072,768,981467136,0.018586,0.017562,1.058309,1.0,True,pass,,2.125472392886877
979,979,Real-World,cublas,FP16,4096,768,7,44040192,0.029133,0.024576,1.185417,1.0,True,pass,,2.165528129786253
979,979,Real-World,cublas,FP32,4096,768,7,44040192,0.018074,0.018227,0.991573,1.0,True,pass,,2.165528129786253
979,979,Real-World,cublas,INT8,4096,768,7,44040192,0.010291,0.017715,0.580925,0.0,False,incorrect,Cosine similarity threshold failed,2.165528129786253
980,980,Real-World,cublas,FP16,16,6048,512,99090432,0.015667,0.01792,0.874286,1.0,True,pass,,2.1501128505915403
980,980,Real-World,cublas,FP32,16,6048,512,99090432,0.029286,0.06313,0.463909,1.0,True,pass,,2.1501128505915403
980,980,Real-World,cublas,INT8,16,6048,512,99090432,0.015002,0.015462,0.970199,1.0,True,pass,,2.1501128505915403
981,981,Real-World,cublas,FP16,16,512,6048,99090432,0.020838,0.028416,0.733333,1.0,True,pass,,2.2410567943006754
981,981,Real-World,cublas,FP32,16,512,6048,99090432,0.033024,0.272947,0.12099,1.0,True,pass,,2.2410567943006754
981,981,Real-World,cublas,INT8,16,512,6048,99090432,0.024064,0.046029,0.522803,1.0,True,pass,,2.2410567943006754
982,982,Real-World,cublas,FP16,2880,512,512,1509949440,0.022323,0.022323,1.0,1.0,True,pass,,2.027389159426093
982,982,Real-World,cublas,FP32,2880,512,512,1509949440,0.11008,0.117402,0.937636,1.0,True,pass,,2.027389159426093
982,982,Real-World,cublas,INT8,2880,512,512,1509949440,0.018534,0.014285,1.297491,1.0,True,pass,,2.027389159426093
983,983,Real-World,cublas,FP16,112,16,25088,89915392,0.018893,0.043059,0.438763,1.0,True,pass,,2.1768612284213305
983,983,Real-World,cublas,FP32,112,16,25088,89915392,0.036608,2.128538,0.017199,1.0,True,pass,,2.1768612284213305
983,983,Real-World,cublas,INT8,112,16,25088,89915392,0.075059,0.056934,1.318345,1.0,True,pass,,2.1768612284213305
984,984,Real-World,cublas,FP16,4096,16,768,100663296,0.013158,0.013978,0.941392,1.0,True,pass,,2.2813143897801638
984,984,Real-World,cublas,FP32,4096,16,768,100663296,0.04649,0.043725,1.063232,1.0,True,pass,,2.2813143897801638
984,984,Real-World,cublas,INT8,4096,16,768,100663296,0.029594,0.015974,1.852564,1.0,True,pass,,2.2813143897801638
985,985,Real-World,cublas,FP16,4096,768,16,100663296,0.016128,0.017459,0.923754,1.0,True,pass,,2.041671236976981
985,985,Real-World,cublas,FP32,4096,768,16,100663296,0.017971,0.020173,0.890863,1.0,True,pass,,2.041671236976981
985,985,Real-World,cublas,INT8,4096,768,16,100663296,0.021043,0.022835,0.921525,1.0,True,pass,,2.041671236976981
986,986,Real-World,cublas,FP16,16,1024,3120,102236160,0.021811,0.021709,1.004717,1.0,True,pass,,2.175088446587324
986,986,Real-World,cublas,FP32,16,1024,3120,102236160,0.031693,0.118886,0.266581,1.0,True,pass,,2.175088446587324
986,986,Real-World,cublas,INT8,16,1024,3120,102236160,0.018893,0.025242,0.748479,1.0,True,pass,,2.175088446587324
987,987,Real-World,cublas,FP16,2944,512,512,1543503872,0.018688,0.021658,0.862884,1.0,True,pass,,2.1369753312319517
987,987,Real-World,cublas,FP32,2944,512,512,1543503872,0.109414,0.116326,0.940581,1.0,True,pass,,2.1369753312319517
987,987,Real-World,cublas,INT8,2944,512,512,1543503872,0.02048,0.014848,1.37931,1.0,True,pass,,2.1369753312319517
988,988,Real-World,cublas,FP16,256,512,4096,1073741824,0.027085,0.042701,0.634293,1.0,True,pass,,2.1314893756061792
988,988,Real-World,cublas,FP32,256,512,4096,1073741824,0.137779,0.242278,0.568681,1.0,True,pass,,2.1314893756061792
988,988,Real-World,cublas,INT8,256,512,4096,1073741824,0.019968,0.039782,0.501931,1.0,True,pass,,2.1314893756061792
989,989,Real-World,cublas,FP16,12800,1,256,6553600,0.013722,0.015462,0.887417,1.0,True,pass,,2.2404257971793413
989,989,Real-World,cublas,FP32,12800,1,256,6553600,0.016896,0.0512,0.33,1.0,True,pass,,2.2404257971793413
989,989,Real-World,cublas,INT8,12800,1,256,6553600,0.016282,0.011827,1.376623,1.0,True,pass,,2.2404257971793413
990,990,Real-World,cublas,FP16,12800,128,128,419430400,0.014899,0.017306,0.860947,1.0,True,pass,,2.067015642300248
990,990,Real-World,cublas,FP32,12800,128,128,419430400,0.041472,0.053453,0.775862,1.0,True,pass,,2.067015642300248
990,990,Real-World,cublas,INT8,12800,128,128,419430400,0.016282,0.011878,1.37069,1.0,True,pass,,2.067015642300248
991,991,Real-World,cublas,FP16,256,3072,768,1207959552,0.016845,0.021197,0.794686,1.0,True,pass,,2.097746519371867
991,991,Real-World,cublas,FP32,256,3072,768,1207959552,0.089498,0.152422,0.587168,1.0,True,pass,,2.097746519371867
991,991,Real-World,cublas,INT8,256,3072,768,1207959552,0.019046,0.018534,1.027624,1.0,True,pass,,2.097746519371867
992,992,Real-World,cublas,FP16,256,768,3072,1207959552,0.022528,0.027904,0.807339,1.0,True,pass,,2.1275355610996485
992,992,Real-World,cublas,FP32,256,768,3072,1207959552,0.128051,0.172134,0.743902,1.0,True,pass,,2.1275355610996485
992,992,Real-World,cublas,INT8,256,768,3072,1207959552,0.021453,0.033024,0.649612,1.0,True,pass,,2.1275355610996485
993,993,Real-World,cublas,FP16,32,1024,3136,205520896,0.02007,0.022682,0.884876,1.0,True,pass,,1.9664894677698612
993,993,Real-World,cublas,FP32,32,1024,3136,205520896,0.032973,0.124518,0.264803,1.0,True,pass,,1.9664894677698612
993,993,Real-World,cublas,INT8,32,1024,3136,205520896,0.019354,0.023142,0.836283,1.0,True,pass,,1.9664894677698612
994,994,Real-World,cublas,FP16,58,1024,3120,370606080,0.027085,0.152525,0.177576,1.0,True,pass,,2.169301124289632
994,994,Real-World,cublas,FP32,58,1024,3120,370606080,0.054323,0.13097,0.414777,1.0,True,pass,,2.169301124289632
994,994,Real-World,cublas,INT8,58,1024,3120,370606080,,,,,False,missing,Running INT8...Error benchmarking size 58x1024x3120: std::exception,2.169301124289632
995,995,Real-World,cublas,FP16,3328,1024,16,109051904,0.017971,0.020224,0.888608,1.0,True,pass,,1.9932286515831947
995,995,Real-World,cublas,FP32,3328,1024,16,109051904,0.019763,0.021146,0.934625,1.0,True,pass,,1.9932286515831947
995,995,Real-World,cublas,INT8,3328,1024,16,109051904,0.017664,0.033485,0.527523,1.0,True,pass,,1.9932286515831947
996,996,Real-World,cublas,FP16,12800,16,256,104857600,0.016794,0.015104,1.111865,1.0,True,pass,,2.1240773368626833
996,996,Real-World,cublas,FP32,12800,16,256,104857600,0.039526,0.047104,0.83913,1.0,True,pass,,2.1240773368626833
996,996,Real-World,cublas,INT8,12800,16,256,104857600,0.032512,0.010138,3.207071,1.0,True,pass,,2.1240773368626833
997,997,Real-World,cublas,FP16,3200,512,512,1677721600,0.017152,0.032154,0.533439,1.0,True,pass,,2.088325157761574
997,997,Real-World,cublas,FP32,3200,512,512,1677721600,0.108851,0.116429,0.934916,1.0,True,pass,,2.088325157761574
997,997,Real-World,cublas,INT8,3200,512,512,1677721600,0.023706,0.019917,1.190231,1.0,True,pass,,2.088325157761574
998,998,Real-World,cublas,FP16,84,500,6040,507360000,0.028723,0.044954,0.638952,1.0,True,pass,,2.001533854752779
998,998,Real-World,cublas,FP32,84,500,6040,507360000,0.06569,0.272333,0.241211,1.0,True,pass,,2.001533854752779
998,998,Real-World,cublas,INT8,84,500,6040,507360000,0.062566,0.060058,1.041773,1.0,True,pass,,2.001533854752779
999,999,Real-World,cublas,FP16,320,768,3072,1509949440,0.022221,0.040602,0.547289,1.0,True,pass,,2.221526501700282
999,999,Real-World,cublas,FP32,320,768,3072,1509949440,0.13143,0.307866,0.426908,1.0,True,pass,,2.221526501700282
999,999,Real-World,cublas,INT8,320,768,3072,1509949440,0.032307,0.032973,0.979814,1.0,True,pass,,2.221526501700282
1000,1000,Real-World,cublas,FP16,320,3072,768,1509949440,0.025907,0.02304,1.124444,1.0,True,pass,,2.1064309049397707
1000,1000,Real-World,cublas,FP32,320,3072,768,1509949440,0.103526,0.18048,0.573617,1.0,True,pass,,2.1064309049397707
1000,1000,Real-World,cublas,INT8,320,3072,768,1509949440,0.016486,0.01623,1.015773,1.0,True,pass,,2.1064309049397707
1001,1001,Real-World,cublas,FP16,3264,512,512,1711276032,0.022272,0.022323,0.997706,1.0,True,pass,,2.0482542980462313
1001,1001,Real-World,cublas,FP32,3264,512,512,1711276032,0.111565,0.120064,0.929211,1.0,True,pass,,2.0482542980462313
1001,1001,Real-World,cublas,INT8,3264,512,512,1711276032,0.021453,0.015667,1.369281,1.0,True,pass,,2.0482542980462313
1002,1002,Real-World,cublas,FP16,2048,320,1248,1635778560,0.018381,0.050125,0.366701,1.0,True,pass,,2.1258010864257812
1002,1002,Real-World,cublas,FP32,2048,320,1248,1635778560,0.111974,0.188109,0.595264,1.0,True,pass,,2.1258010864257812
1002,1002,Real-World,cublas,INT8,2048,320,1248,1635778560,0.021043,0.015309,1.374582,1.0,True,pass,,2.1258010864257812
1003,1003,Real-World,cublas,FP16,2048,1248,320,1635778560,0.024883,0.024781,1.004132,1.0,True,pass,,1.971525864675641
1003,1003,Real-World,cublas,FP32,2048,1248,320,1635778560,0.104141,0.128102,0.812949,1.0,True,pass,,1.971525864675641
1003,1003,Real-World,cublas,INT8,2048,1248,320,1635778560,0.034048,0.01833,1.857542,1.0,True,pass,,1.971525864675641
1004,1004,Real-World,cublas,FP16,1600,96,2048,629145600,0.019149,0.022118,0.865741,1.0,True,pass,,1.9989551454782486
1004,1004,Real-World,cublas,FP32,1600,96,2048,629145600,0.298803,0.180582,1.654664,1.0,True,pass,,1.9989551454782486
1004,1004,Real-World,cublas,INT8,1600,96,2048,629145600,0.019507,0.027443,0.710821,1.0,True,pass,,1.9989551454782486
1005,1005,Real-World,cublas,FP16,8192,312,128,654311424,0.021914,0.025293,0.866397,1.0,True,pass,,2.2222773488610983
1005,1005,Real-World,cublas,FP32,8192,312,128,654311424,0.05161,0.068506,0.753363,1.0,True,pass,,2.2222773488610983
1005,1005,Real-World,cublas,INT8,8192,312,128,654311424,0.01623,0.01577,1.029221,1.0,True,pass,,2.2222773488610983
1006,1006,Real-World,cublas,FP16,1280,1024,1024,2684354560,0.025702,0.027238,0.943609,1.0,True,pass,,1.9468150325119495
1006,1006,Real-World,cublas,FP32,1280,1024,1024,2684354560,0.181555,0.210688,0.861725,1.0,True,pass,,1.9468150325119495
1006,1006,Real-World,cublas,INT8,1280,1024,1024,2684354560,0.020582,0.018586,1.107438,1.0,True,pass,,1.9468150325119495
1007,1007,Real-World,cublas,FP16,1024,512,2048,2147483648,0.028979,0.036454,0.794944,1.0,True,pass,,2.1461449805647135
1007,1007,Real-World,cublas,FP32,1024,512,2048,2147483648,0.144998,0.176333,0.8223,1.0,True,pass,,2.1461449805647135
1007,1007,Real-World,cublas,INT8,1024,512,2048,2147483648,0.018278,0.017664,1.034782,1.0,True,pass,,2.1461449805647135
1008,1008,Real-World,cublas,FP16,1024,2048,512,2147483648,0.037171,0.040243,0.923664,1.0,True,pass,,2.094479886814952
1008,1008,Real-World,cublas,FP32,1024,2048,512,2147483648,0.139059,0.16727,0.831344,1.0,True,pass,,2.094479886814952
1008,1008,Real-World,cublas,INT8,1024,2048,512,2147483648,0.025805,0.024218,1.065539,1.0,True,pass,,2.094479886814952
1009,1009,Real-World,cublas,FP16,6000,208,400,998400000,0.017613,0.022272,0.790805,1.0,True,pass,,2.0937707498669624
1009,1009,Real-World,cublas,FP32,6000,208,400,998400000,0.086835,0.085811,1.011933,1.0,True,pass,,2.0937707498669624
1009,1009,Real-World,cublas,INT8,6000,208,400,998400000,0.02775,0.018995,1.460916,1.0,True,pass,,2.0937707498669624
1010,1010,Real-World,cublas,FP16,3392,512,512,1778384896,0.017306,0.017971,0.962963,1.0,True,pass,,2.008136298507452
1010,1010,Real-World,cublas,FP32,3392,512,512,1778384896,0.109005,0.165581,0.658318,1.0,True,pass,,2.008136298507452
1010,1010,Real-World,cublas,INT8,3392,512,512,1778384896,0.034458,0.01536,2.243334,1.0,True,pass,,2.008136298507452
1011,1011,Real-World,cublas,FP16,2048,768,768,2415919104,0.023962,0.035328,0.678261,1.0,True,pass,,2.075220685452223
1011,1011,Real-World,cublas,FP32,2048,768,768,2415919104,0.159898,0.28713,0.556883,1.0,True,pass,,2.075220685452223
1011,1011,Real-World,cublas,INT8,2048,768,768,2415919104,0.02519,0.019251,1.30851,1.0,True,pass,,2.075220685452223
1012,1012,Real-World,cublas,FP16,3456,512,512,1811939328,0.017254,0.020275,0.85101,1.0,True,pass,,2.187635477632284
1012,1012,Real-World,cublas,FP32,3456,512,512,1811939328,0.108237,0.167885,0.644709,1.0,True,pass,,2.187635477632284
1012,1012,Real-World,cublas,INT8,3456,512,512,1811939328,0.019149,0.015718,1.218241,1.0,True,pass,,2.187635477632284
1013,1013,Real-World,cublas,FP16,32,16384,200,209715200,0.015821,0.016998,0.930723,1.0,True,pass,,2.1313254106789827
1013,1013,Real-World,cublas,FP32,32,16384,200,209715200,0.036096,0.067686,0.533283,1.0,True,pass,,2.1313254106789827
1013,1013,Real-World,cublas,INT8,32,16384,200,209715200,0.018074,0.012493,1.446721,1.0,True,pass,,2.1313254106789827
1014,1014,Real-World,cublas,FP16,68,4899,700,466384800,0.029286,0.020275,1.444444,1.0,True,pass,,1.8782763127237558
1014,1014,Real-World,cublas,FP32,68,4899,700,466384800,0.066458,0.061286,1.084378,1.0,True,pass,,1.8782763127237558
1014,1014,Real-World,cublas,INT8,68,4899,700,466384800,0.023962,0.019354,1.238095,1.0,True,pass,,1.8782763127237558
1015,1015,Real-World,cublas,FP16,384,768,3072,1811939328,0.026214,0.047155,0.555917,1.0,True,pass,,2.1407518591731787
1015,1015,Real-World,cublas,FP32,384,768,3072,1811939328,0.133786,0.309504,0.432258,1.0,True,pass,,2.1407518591731787
1015,1015,Real-World,cublas,INT8,384,768,3072,1811939328,0.019917,0.033024,0.603101,1.0,True,pass,,2.1407518591731787
1016,1016,Real-World,cublas,FP16,384,3072,768,1811939328,0.019712,0.022784,0.865169,1.0,True,pass,,2.1505696270614862
1016,1016,Real-World,cublas,FP32,384,3072,768,1811939328,0.12201,0.218726,0.557818,1.0,True,pass,,2.1505696270614862
1016,1016,Real-World,cublas,INT8,384,3072,768,1811939328,0.01705,0.046438,0.367144,1.0,True,pass,,2.1505696270614862
1017,1017,Real-World,cublas,FP16,10000,32,352,225280000,0.013466,0.016486,0.81677,1.0,True,pass,,2.0992096718400717
1017,1017,Real-World,cublas,FP32,10000,32,352,225280000,0.029594,0.164454,0.17995,1.0,True,pass,,2.0992096718400717
1017,1017,Real-World,cublas,INT8,10000,32,352,225280000,0.013824,0.010906,1.267606,1.0,True,pass,,2.0992096718400717
1018,1018,Real-World,cublas,FP16,3520,512,512,1845493760,0.025395,0.02688,0.944762,1.0,True,pass,,2.1426486372947693
1018,1018,Real-World,cublas,FP32,3520,512,512,1845493760,0.144998,0.16983,0.853783,1.0,True,pass,,2.1426486372947693
1018,1018,Real-World,cublas,INT8,3520,512,512,1845493760,0.023808,0.024678,0.96473,1.0,True,pass,,2.1426486372947693
1019,1019,Real-World,cublas,FP16,10000,128,256,655360000,0.015514,0.017357,0.893805,1.0,True,pass,,2.3804692663252354
1019,1019,Real-World,cublas,FP32,10000,128,256,655360000,0.052941,0.069939,0.756954,1.0,True,pass,,2.3804692663252354
1019,1019,Real-World,cublas,INT8,10000,128,256,655360000,0.013722,0.028262,0.485507,1.0,True,pass,,2.3804692663252354
1020,1020,Real-World,cublas,FP16,2544,1472,64,479330304,0.034509,0.017459,1.97654,1.0,True,pass,,2.1247980538755655
1020,1020,Real-World,cublas,FP32,2544,1472,64,479330304,0.042189,0.050637,0.833165,1.0,True,pass,,2.1247980538755655
1020,1020,Real-World,cublas,INT8,2544,1472,64,479330304,0.020019,0.01879,1.065395,1.0,True,pass,,2.1247980538755655
1021,1021,Real-World,cublas,FP16,64,1024,3636,476577792,0.027802,0.029594,0.939446,1.0,True,pass,,3.1169930435717106
1021,1021,Real-World,cublas,FP32,64,1024,3636,476577792,0.061798,0.149043,0.414634,1.0,True,pass,,3.1169930435717106
1021,1021,Real-World,cublas,INT8,64,1024,3636,476577792,0.046643,0.06697,0.696483,1.0,True,pass,,3.1169930435717106
1022,1022,Real-World,cublas,FP16,5120,768,16,125829120,0.019251,0.019661,0.979167,1.0,True,pass,,1.0867313388735056
1022,1022,Real-World,cublas,FP32,5120,768,16,125829120,0.022886,0.021606,1.059242,1.0,True,pass,,1.0867313388735056
1022,1022,Real-World,cublas,INT8,5120,768,16,125829120,0.020787,0.019405,1.07124,1.0,True,pass,,1.0867313388735056
1023,1023,Real-World,cublas,FP16,64,1024,3648,478150656,0.022733,0.034355,0.661699,1.0,True,pass,,3.158320315182209
1023,1023,Real-World,cublas,FP32,64,1024,3648,478150656,0.056934,0.14935,0.381214,1.0,True,pass,,3.158320315182209
1023,1023,Real-World,cublas,INT8,64,1024,3648,478150656,0.019866,0.037581,0.52861,1.0,True,pass,,3.158320315182209
1024,1024,Real-World,cublas,FP16,16,1000,4096,131072000,0.018432,0.024678,0.746888,1.0,True,pass,,2.2376550622284412
1024,1024,Real-World,cublas,FP32,16,1000,4096,131072000,0.034765,0.155187,0.224019,1.0,True,pass,,2.2376550622284412
1024,1024,Real-World,cublas,INT8,16,1000,4096,131072000,0.023501,0.037222,0.631362,1.0,True,pass,,2.2376550622284412
1025,1025,Real-World,cublas,FP16,4096,1024,2,16777216,0.02519,0.023245,1.083701,1.0,True,pass,,2.119918279349804
1025,1025,Real-World,cublas,FP32,4096,1024,2,16777216,0.025446,0.023757,1.07112,1.0,True,pass,,2.119918279349804
1025,1025,Real-World,cublas,INT8,4096,1024,2,16777216,0.003789,0.018227,0.207865,0.0,False,incorrect,Cosine similarity threshold failed,2.119918279349804
1026,1026,Real-World,cublas,FP16,128,128,16384,536870912,0.019098,1.013555,0.018842,1.0,True,pass,,2.312345687299967
1026,1026,Real-World,cublas,FP32,128,128,16384,536870912,0.053402,0.786944,0.067859,1.0,True,pass,,2.312345687299967
1026,1026,Real-World,cublas,INT8,128,128,16384,536870912,0.053965,0.10839,0.497874,1.0,True,pass,,2.312345687299967
1027,1027,Real-World,cublas,FP16,16,2048,2048,134217728,0.017254,0.020378,0.846734,1.0,True,pass,,2.0857051592320204
1027,1027,Real-World,cublas,FP32,16,2048,2048,134217728,0.036506,0.164454,0.22198,1.0,True,pass,,2.0857051592320204
1027,1027,Real-World,cublas,INT8,16,2048,2048,134217728,0.015411,0.018176,0.847887,1.0,True,pass,,2.0857051592320204
1028,1028,Real-World,cublas,FP16,3952,512,512,2071986176,0.021709,0.068506,0.316891,1.0,True,pass,,2.0961545426398516
1028,1028,Real-World,cublas,FP32,3952,512,512,2071986176,0.142797,0.169779,0.841073,1.0,True,pass,,2.0961545426398516
1028,1028,Real-World,cublas,INT8,3952,512,512,2071986176,0.022067,0.020634,1.069479,1.0,True,pass,,2.0961545426398516
1029,1030,Real-World,cublas,FP16,512,768,3072,2415919104,0.025856,0.030566,0.845896,1.0,True,pass,,2.1736443769186735
1029,1030,Real-World,cublas,FP32,512,768,3072,2415919104,0.158976,0.309402,0.513818,1.0,True,pass,,2.1736443769186735
1029,1030,Real-World,cublas,INT8,512,768,3072,2415919104,0.020019,0.034099,0.587087,1.0,True,pass,,2.1736443769186735
1030,1031,Real-World,cublas,FP16,512,3072,768,2415919104,0.025139,0.023347,1.076754,1.0,True,pass,,2.31751349568367
1030,1031,Real-World,cublas,FP32,512,3072,768,2415919104,0.169114,0.289536,0.584085,1.0,True,pass,,2.31751349568367
1030,1031,Real-World,cublas,INT8,512,3072,768,2415919104,0.037632,0.025344,1.484848,1.0,True,pass,,2.31751349568367
1031,1032,Real-World,cublas,FP16,33,2048,2048,276824064,0.033741,0.021811,1.546949,1.0,True,pass,,2.419809916988015
1031,1032,Real-World,cublas,FP32,33,2048,2048,276824064,0.058522,0.102963,0.568374,1.0,True,pass,,2.419809916988015
1031,1032,Real-World,cublas,INT8,33,2048,2048,276824064,,,,,False,missing,Running INT8...Error benchmarking size 33x2048x2048: std::exception,2.419809916988015
1032,1033,Real-World,cublas,FP16,1200,600,2056,2960640000,0.042394,0.158106,0.268135,1.0,True,pass,,2.360883191227913
1032,1033,Real-World,cublas,FP32,1200,600,2056,2960640000,0.216422,0.300698,0.719734,1.0,True,pass,,2.360883191227913
1032,1033,Real-World,cublas,INT8,1200,600,2056,2960640000,0.066202,0.042598,1.554087,1.0,True,pass,,2.360883191227913
1033,1034,Real-World,cublas,FP16,1664,1024,1024,3489660928,0.034304,0.028467,1.205036,1.0,True,pass,,2.2472318205982447
1033,1034,Real-World,cublas,FP32,1664,1024,1024,3489660928,0.207565,0.266342,0.779315,1.0,True,pass,,2.2472318205982447
1033,1034,Real-World,cublas,INT8,1664,1024,1024,3489660928,0.028877,0.021453,1.346062,1.0,True,pass,,2.2472318205982447
1034,1035,Real-World,cublas,FP16,32,512,8192,268435456,0.018637,0.035226,0.52907,1.0,True,pass,,3.3500134591013193
1034,1035,Real-World,cublas,FP32,32,512,8192,268435456,0.041011,0.377242,0.108713,1.0,True,pass,,3.3500134591013193
1034,1035,Real-World,cublas,INT8,32,512,8192,268435456,0.035686,0.062157,0.574135,1.0,True,pass,,3.3500134591013193
1035,1036,Real-World,cublas,FP16,20000,16,208,133120000,0.019917,0.016998,1.171687,1.0,True,pass,,2.127088909968734
1035,1036,Real-World,cublas,FP32,20000,16,208,133120000,0.031642,0.039117,0.8089,1.0,True,pass,,2.127088909968734
1035,1036,Real-World,cublas,INT8,20000,16,208,133120000,0.046387,0.013312,3.484615,1.0,True,pass,,2.127088909968734
1036,1037,Real-World,cublas,FP16,2560,768,768,3019898880,0.047718,0.027034,1.765151,1.0,True,pass,,2.3091834262013435
1036,1037,Real-World,cublas,FP32,2560,768,768,3019898880,0.203315,0.350566,0.579962,1.0,True,pass,,2.3091834262013435
1036,1037,Real-World,cublas,INT8,2560,768,768,3019898880,0.02263,0.022835,0.991031,1.0,True,pass,,2.3091834262013435
1037,1038,Real-World,cublas,FP16,16,1088,4096,142606336,0.019763,0.023654,0.835498,1.0,True,pass,,2.360235968604684
1037,1038,Real-World,cublas,FP32,16,1088,4096,142606336,0.035277,0.154368,0.228524,1.0,True,pass,,2.360235968604684
1037,1038,Real-World,cublas,INT8,16,1088,4096,142606336,0.021146,0.035174,0.601164,1.0,True,pass,,2.360235968604684
1038,1039,Real-World,cublas,FP16,1600,368,2048,2411724800,0.023808,0.024525,0.970772,1.0,True,pass,,2.2442938964813948
1038,1039,Real-World,cublas,FP32,1600,368,2048,2411724800,0.170752,0.162714,1.049402,1.0,True,pass,,2.2442938964813948
1038,1039,Real-World,cublas,INT8,1600,368,2048,2411724800,0.034714,0.017664,1.965217,1.0,True,pass,,2.2442938964813948
1039,1040,Real-World,cublas,FP16,112,1008,4096,924844032,0.021504,0.029286,0.734266,1.0,True,pass,,2.35857143253088
1039,1040,Real-World,cublas,FP32,112,1008,4096,924844032,0.104755,0.258304,0.40555,1.0,True,pass,,2.35857143253088
1039,1040,Real-World,cublas,INT8,112,1008,4096,924844032,0.021965,0.03712,0.591724,1.0,True,pass,,2.35857143253088
1040,1041,Real-World,cublas,FP16,32,16384,256,268435456,0.017766,0.016384,1.084375,1.0,True,pass,,2.247848669067025
1040,1041,Real-World,cublas,FP32,32,16384,256,268435456,0.037325,0.081766,0.456481,1.0,True,pass,,2.247848669067025
1040,1041,Real-World,cublas,INT8,32,16384,256,268435456,0.013363,0.011776,1.134783,1.0,True,pass,,2.247848669067025
1041,1042,Real-World,cublas,FP16,16,512,8960,146800640,0.019046,0.036198,0.526167,1.0,True,pass,,3.0944690704345703
1041,1042,Real-World,cublas,FP32,16,512,8960,146800640,0.0384,0.40192,0.095541,1.0,True,pass,,3.0944690704345703
1041,1042,Real-World,cublas,INT8,16,512,8960,146800640,0.033024,0.066458,0.496918,1.0,True,pass,,3.0944690704345703
1042,1043,Real-World,cublas,FP16,640,768,3072,3019898880,0.032512,0.057754,0.562943,1.0,True,pass,,2.1877133790403605
1042,1043,Real-World,cublas,FP32,640,768,3072,3019898880,0.197069,0.456704,0.431502,1.0,True,pass,,2.1877133790403605
1042,1043,Real-World,cublas,INT8,640,768,3072,3019898880,0.027341,0.021453,1.274463,1.0,True,pass,,2.1877133790403605
1043,1044,Real-World,cublas,FP16,640,3072,768,3019898880,0.025498,0.02944,0.866087,1.0,True,pass,,2.151356803253293
1043,1044,Real-World,cublas,FP32,640,3072,768,3019898880,0.185958,0.35369,0.525767,1.0,True,pass,,2.151356803253293
1043,1044,Real-World,cublas,INT8,640,3072,768,3019898880,0.022528,0.023245,0.969163,1.0,True,pass,,2.151356803253293
1044,1045,Real-World,cublas,FP16,6144,768,16,150994944,0.022374,0.020173,1.109137,1.0,True,pass,,2.0596742536872625
1044,1045,Real-World,cublas,FP32,6144,768,16,150994944,0.024064,0.023859,1.008584,1.0,True,pass,,2.0596742536872625
1044,1045,Real-World,cublas,INT8,6144,768,16,150994944,0.021965,0.020378,1.077889,1.0,True,pass,,2.0596742536872625
1045,1046,Real-World,cublas,FP16,128,4096,1024,1073741824,0.018381,0.022374,0.82151,1.0,True,pass,,2.120172943919897
1045,1046,Real-World,cublas,FP32,128,4096,1024,1073741824,0.089754,0.116122,0.772928,1.0,True,pass,,2.120172943919897
1045,1046,Real-World,cublas,INT8,128,4096,1024,1073741824,0.015206,0.013414,1.133588,1.0,True,pass,,2.120172943919897
1046,1047,Real-World,cublas,FP16,128,1024,4096,1073741824,0.021248,0.038042,0.558546,1.0,True,pass,,2.564646564424038
1046,1047,Real-World,cublas,FP32,128,1024,4096,1073741824,0.100762,0.244224,0.412579,1.0,True,pass,,2.564646564424038
1046,1047,Real-World,cublas,INT8,128,1024,4096,1073741824,0.022426,0.03625,0.618644,1.0,True,pass,,2.564646564424038
1047,1048,Real-World,cublas,FP16,134,4096,1024,1124073472,0.049818,0.01879,2.651227,1.0,True,pass,,3.6917921379208565
1047,1048,Real-World,cublas,FP32,134,4096,1024,1124073472,0.096102,0.119808,0.802137,1.0,True,pass,,3.6917921379208565
1047,1048,Real-World,cublas,INT8,134,4096,1024,1124073472,,,,,False,missing,Running INT8...Error benchmarking size 134x4096x1024: std::exception,3.6917921379208565
1048,1049,Real-World,cublas,FP16,4672,32,1024,306184192,0.050893,0.01792,2.84,1.0,True,pass,,2.4046688321977854
1048,1049,Real-World,cublas,FP32,4672,32,1024,306184192,0.074906,0.11607,0.645346,1.0,True,pass,,2.4046688321977854
1048,1049,Real-World,cublas,INT8,4672,32,1024,306184192,0.046899,0.017101,2.742515,1.0,True,pass,,2.4046688321977854
1049,1050,Real-World,cublas,FP16,6464,768,2,19857408,0.026573,0.023654,1.123376,1.0,True,pass,,2.1246085427701473
1049,1050,Real-World,cublas,FP32,6464,768,2,19857408,0.022682,0.027699,0.818854,1.0,True,pass,,2.1246085427701473
1049,1050,Real-World,cublas,INT8,6464,768,2,19857408,0.037427,0.022067,1.696055,0.0,False,incorrect,Cosine similarity threshold failed,2.1246085427701473
1050,1051,Real-World,cublas,FP16,160,1024,4096,1342177280,0.025549,0.032256,0.792063,1.0,True,pass,,2.5455377474427223
1050,1051,Real-World,cublas,FP32,160,1024,4096,1342177280,0.118323,0.315494,0.375041,1.0,True,pass,,2.5455377474427223
1050,1051,Real-World,cublas,INT8,160,1024,4096,1342177280,0.024832,0.043725,0.567916,1.0,True,pass,,2.5455377474427223
1051,1052,Real-World,cublas,FP16,6464,11,768,109215744,0.014336,0.016179,0.886076,1.0,True,pass,,2.2952242270112038
1051,1052,Real-World,cublas,FP32,6464,11,768,109215744,0.035482,0.031744,1.117742,1.0,True,pass,,2.2952242270112038
1051,1052,Real-World,cublas,INT8,6464,11,768,109215744,0.028774,0.012442,2.312757,1.0,True,pass,,2.2952242270112038
1052,1053,Real-World,cublas,FP16,256,6416,512,1681915904,0.022221,0.023603,0.941431,1.0,True,pass,,2.357965176925063
1052,1053,Real-World,cublas,FP32,256,6416,512,1681915904,0.121293,0.118221,1.025985,1.0,True,pass,,2.357965176925063
1052,1053,Real-World,cublas,INT8,256,6416,512,1681915904,0.020736,0.015206,1.363636,1.0,True,pass,,2.357965176925063
1053,1054,Real-World,cublas,FP16,8192,312,312,1594884096,0.028621,0.030413,0.941077,1.0,True,pass,,3.4106006138026714
1053,1054,Real-World,cublas,FP32,8192,312,312,1594884096,0.109619,0.127232,0.86157,1.0,True,pass,,3.4106006138026714
1053,1054,Real-World,cublas,INT8,8192,312,312,1594884096,0.048691,0.030566,1.592965,1.0,True,pass,,3.4106006138026714
1054,1055,Real-World,cublas,FP16,2048,1024,1024,4294967296,0.04521,0.031795,1.4219,1.0,True,pass,,2.2950688991695642
1054,1055,Real-World,cublas,FP32,2048,1024,1024,4294967296,0.278374,0.329011,0.846094,1.0,True,pass,,2.2950688991695642
1054,1055,Real-World,cublas,INT8,2048,1024,1024,4294967296,0.031642,0.031283,1.011457,1.0,True,pass,,2.2950688991695642
1055,1056,Real-World,cublas,FP16,256,2048,2048,2147483648,0.038707,0.023142,1.672566,1.0,True,pass,,2.244355268776417
1055,1056,Real-World,cublas,FP32,256,2048,2048,2147483648,0.152525,0.188211,0.810392,1.0,True,pass,,2.244355268776417
1055,1056,Real-World,cublas,INT8,256,2048,2048,2147483648,0.020838,0.016486,1.263975,1.0,True,pass,,2.244355268776417
1056,1057,Real-World,cublas,FP16,208,1024,4096,1744830464,0.026829,0.404019,0.066405,1.0,True,pass,,2.4058579113334417
1056,1057,Real-World,cublas,FP32,208,1024,4096,1744830464,0.152832,0.312627,0.488863,1.0,True,pass,,2.4058579113334417
1056,1057,Real-World,cublas,INT8,208,1024,4096,1744830464,0.022016,0.041933,0.52503,1.0,True,pass,,2.4058579113334417
1057,1058,Real-World,cublas,FP16,208,4096,1024,1744830464,0.022118,0.022528,0.981818,1.0,True,pass,,2.453202662989497
1057,1058,Real-World,cublas,FP32,208,4096,1024,1744830464,0.145254,0.174899,0.830504,1.0,True,pass,,2.453202662989497
1057,1058,Real-World,cublas,INT8,208,4096,1024,1744830464,0.020685,0.017203,1.202381,1.0,True,pass,,2.453202662989497
1058,1059,Real-World,cublas,FP16,3072,768,768,3623878656,0.029542,0.03328,0.887692,1.0,True,pass,,2.381396386772394
1058,1059,Real-World,cublas,FP32,3072,768,768,3623878656,0.23209,0.41769,0.555651,1.0,True,pass,,2.381396386772394
1058,1059,Real-World,cublas,INT8,3072,768,768,3623878656,0.025856,0.024064,1.074468,1.0,True,pass,,2.381396386772394
1059,1060,Real-World,cublas,FP16,1,6912,768,10616832,0.01577,0.015462,1.019867,1.0,True,pass,,3.388495299965143
1059,1060,Real-World,cublas,FP32,1,6912,768,10616832,0.020531,0.049203,0.417274,1.0,True,pass,,3.388495299965143
1059,1060,Real-World,cublas,INT8,1,6912,768,10616832,,,,,False,missing,Running INT8...Error benchmarking size 1x6912x768: std::exception,3.388495299965143
1060,1061,Real-World,cublas,FP16,1,768,6912,10616832,0.020173,0.04137,0.487624,1.0,True,pass,,2.4378451593220234
1060,1061,Real-World,cublas,FP32,1,768,6912,10616832,0.018995,0.318054,0.059723,1.0,True,pass,,2.4378451593220234
1060,1061,Real-World,cublas,INT8,1,768,6912,10616832,,,,,False,missing,Running INT8...Error benchmarking size 1x768x6912: std::exception,2.4378451593220234
1061,1062,Real-World,cublas,FP16,24000,16,208,159744000,0.018586,0.01623,1.14511,1.0,True,pass,,2.219387199729681
1061,1062,Real-World,cublas,FP32,24000,16,208,159744000,0.032512,0.055296,0.587963,1.0,True,pass,,2.219387199729681
1061,1062,Real-World,cublas,INT8,24000,16,208,159744000,0.061133,0.014848,4.117242,1.0,True,pass,,2.219387199729681
1062,1063,Real-World,cublas,FP16,5,384,14112,54190080,0.028365,0.03753,0.755798,1.0,True,pass,,2.3997336141765118
1062,1063,Real-World,cublas,FP32,5,384,14112,54190080,0.042086,1.186816,0.035462,1.0,True,pass,,2.3997336141765118
1062,1063,Real-World,cublas,INT8,5,384,14112,54190080,,,,,False,missing,Running INT8...Error benchmarking size 5x384x14112: std::exception,2.3997336141765118
1063,1064,Real-World,cublas,FP16,1232,2304,768,4359979008,0.036762,0.036198,1.015559,1.0,True,pass,,2.2994783483445644
1063,1064,Real-World,cublas,FP32,1232,2304,768,4359979008,0.265626,0.510362,0.520465,1.0,True,pass,,2.2994783483445644
1063,1064,Real-World,cublas,INT8,1232,2304,768,4359979008,0.038144,0.027238,1.400376,1.0,True,pass,,2.2994783483445644
1064,1065,Real-World,cublas,FP16,10192,32,512,333971456,0.01495,0.01664,0.898461,1.0,True,pass,,3.2100871801376343
1064,1065,Real-World,cublas,FP32,10192,32,512,333971456,0.03625,0.043622,0.830986,1.0,True,pass,,3.2100871801376343
1064,1065,Real-World,cublas,INT8,10192,32,512,333971456,0.028262,0.013158,2.14786,1.0,True,pass,,3.2100871801376343
1065,1066,Real-World,cublas,FP16,6144,768,128,1207959552,0.019814,0.024474,0.809623,1.0,True,pass,,2.1433572731912136
1065,1066,Real-World,cublas,FP32,6144,768,128,1207959552,0.085555,0.086374,0.990516,1.0,True,pass,,2.1433572731912136
1065,1066,Real-World,cublas,INT8,6144,768,128,1207959552,0.021043,0.02089,1.007353,1.0,True,pass,,2.1433572731912136
1066,1067,Real-World,cublas,FP16,490,1920,1960,3687936000,0.065024,0.041062,1.583541,1.0,True,pass,,2.3772097155451775
1066,1067,Real-World,cublas,FP32,490,1920,1960,3687936000,0.242688,0.286515,0.847034,1.0,True,pass,,2.3772097155451775
1066,1067,Real-World,cublas,INT8,490,1920,1960,3687936000,,,,,False,missing,Running INT8...Error benchmarking size 490x1920x1960: std::exception,2.3772097155451775
1067,1068,Real-World,cublas,FP16,10192,48,512,500957184,0.025856,0.018381,1.406685,1.0,True,pass,,2.3129884395748377
1067,1068,Real-World,cublas,FP32,10192,48,512,500957184,0.063846,0.082842,0.770705,1.0,True,pass,,2.3129884395748377
1067,1068,Real-World,cublas,INT8,10192,48,512,500957184,0.014643,0.02432,0.602105,1.0,True,pass,,2.3129884395748377
1068,1069,Real-World,cublas,FP16,130,64,29696,494141440,0.032563,0.048282,0.674443,1.0,True,pass,,2.319926192983985
1068,1069,Real-World,cublas,FP32,130,64,29696,494141440,0.069581,1.857894,0.037451,1.0,True,pass,,2.319926192983985
1068,1069,Real-World,cublas,INT8,130,64,29696,494141440,,,,,False,missing,Running INT8...Error benchmarking size 130x64x29696: std::exception,2.319926192983985
1069,1070,Real-World,cublas,FP16,16,1824,3136,183042048,0.020787,0.025498,0.815261,1.0,True,pass,,3.318419447168708
1069,1070,Real-World,cublas,FP32,16,1824,3136,183042048,0.044902,0.17577,0.255462,1.0,True,pass,,3.318419447168708
1069,1070,Real-World,cublas,INT8,16,1824,3136,183042048,0.017408,0.021862,0.796253,1.0,True,pass,,3.318419447168708
1070,1071,Real-World,cublas,FP16,768,768,3456,4076863488,0.033178,0.039629,0.837209,1.0,True,pass,,2.311266688629985
1070,1071,Real-World,cublas,FP32,768,768,3456,4076863488,0.23721,0.513485,0.46196,1.0,True,pass,,2.311266688629985
1070,1071,Real-World,cublas,INT8,768,768,3456,4076863488,0.034611,0.027904,1.240367,1.0,True,pass,,2.311266688629985
1071,1072,Real-World,cublas,FP16,2424,38,2424,446558976,0.021299,0.025344,0.840404,1.0,True,pass,,2.189380982890725
1071,1072,Real-World,cublas,FP32,2424,38,2424,446558976,0.099328,0.208077,0.477362,1.0,True,pass,,2.189380982890725
1071,1072,Real-World,cublas,INT8,2424,38,2424,446558976,0.02816,0.03072,0.916667,1.0,True,pass,,2.189380982890725
1072,1073,Real-World,cublas,FP16,10000,400,200,1600000000,0.031795,0.032461,0.979495,1.0,True,pass,,2.087971104308963
1072,1073,Real-World,cublas,FP32,10000,400,200,1600000000,0.110336,0.125133,0.881751,1.0,True,pass,,2.087971104308963
1072,1073,Real-World,cublas,INT8,10000,400,200,1600000000,0.032563,0.029286,1.111888,1.0,True,pass,,2.087971104308963
1073,1074,Real-World,cublas,FP16,640,100,8192,1048576000,0.028314,0.048947,0.578452,1.0,True,pass,,2.426157809793949
1073,1074,Real-World,cublas,FP32,640,100,8192,1048576000,0.100915,0.512512,0.196903,1.0,True,pass,,2.426157809793949
1073,1074,Real-World,cublas,INT8,640,100,8192,1048576000,0.032,0.077414,0.41336,1.0,True,pass,,2.426157809793949
1074,1075,Real-World,cublas,FP16,384,4096,1024,3221225472,0.023552,0.02391,0.985011,1.0,True,pass,,3.6805727649480104
1074,1075,Real-World,cublas,FP32,384,4096,1024,3221225472,0.212429,0.263731,0.805475,1.0,True,pass,,3.6805727649480104
1074,1075,Real-World,cublas,INT8,384,4096,1024,3221225472,0.029901,0.024422,1.224318,1.0,True,pass,,3.6805727649480104
1075,1076,Real-World,cublas,FP16,384,1024,4096,3221225472,0.033382,0.046746,0.714129,1.0,True,pass,,2.3607023432850838
1075,1076,Real-World,cublas,FP32,384,1024,4096,3221225472,0.244378,0.352512,0.693246,1.0,True,pass,,2.3607023432850838
1075,1076,Real-World,cublas,INT8,384,1024,4096,3221225472,0.028109,0.041984,0.669512,1.0,True,pass,,2.3607023432850838
1076,1077,Real-World,cublas,FP16,10000,208,400,1664000000,0.026726,0.025498,1.048193,1.0,True,pass,,2.087769577279687
1076,1077,Real-World,cublas,FP32,10000,208,400,1664000000,0.126566,0.124058,1.020223,1.0,True,pass,,2.087769577279687
1076,1077,Real-World,cublas,INT8,10000,208,400,1664000000,0.030669,0.021658,1.416075,1.0,True,pass,,2.087769577279687
1077,1078,Real-World,cublas,FP16,16000,128,256,1048576000,0.022067,0.020941,1.05379,1.0,True,pass,,2.4904369115829468
1077,1078,Real-World,cublas,FP32,16000,128,256,1048576000,0.079974,0.107981,0.740635,1.0,True,pass,,2.4904369115829468
1077,1078,Real-World,cublas,INT8,16000,128,256,1048576000,0.017869,0.01833,0.97486,1.0,True,pass,,2.4904369115829468
1078,1079,Real-World,cublas,FP16,45,1470,4096,541900800,0.045978,0.036403,1.26301,1.0,True,pass,,2.4415406733751297
1078,1079,Real-World,cublas,FP32,45,1470,4096,541900800,0.079667,0.312269,0.255124,1.0,True,pass,,2.4415406733751297
1078,1079,Real-World,cublas,INT8,45,1470,4096,541900800,,,,,False,missing,Running INT8...Error benchmarking size 45x1470x4096: std::exception,2.4415406733751297
1079,1080,Real-World,cublas,FP16,1024,768,3072,4831838208,0.034099,0.039424,0.864935,1.0,True,pass,,2.3800288159400225
1079,1080,Real-World,cublas,FP32,1024,768,3072,4831838208,0.280627,0.604979,0.463863,1.0,True,pass,,2.3800288159400225
1079,1080,Real-World,cublas,INT8,1024,768,3072,4831838208,0.027597,0.022682,1.216704,1.0,True,pass,,2.3800288159400225
1080,1081,Real-World,cublas,FP16,1024,3072,768,4831838208,0.030157,0.035482,0.849928,1.0,True,pass,,3.450847899541259
1080,1081,Real-World,cublas,FP32,1024,3072,768,4831838208,0.293683,0.549427,0.534526,1.0,True,pass,,3.450847899541259
1080,1081,Real-World,cublas,INT8,1024,3072,768,4831838208,0.027443,0.024269,1.130801,1.0,True,pass,,3.450847899541259
1081,1082,Real-World,cublas,FP16,2048,512,2048,4294967296,0.040243,0.03584,1.122857,1.0,True,pass,,2.59774561598897
1081,1082,Real-World,cublas,FP32,2048,512,2048,4294967296,0.251341,0.300954,0.835148,1.0,True,pass,,2.59774561598897
1081,1082,Real-World,cublas,INT8,2048,512,2048,4294967296,0.027597,0.024934,1.106776,1.0,True,pass,,2.59774561598897
1082,1083,Real-World,cublas,FP16,2048,2048,512,4294967296,0.032973,0.037683,0.875,1.0,True,pass,,2.298460455611348
1082,1083,Real-World,cublas,FP32,2048,2048,512,4294967296,0.253747,0.267776,0.94761,1.0,True,pass,,2.298460455611348
1082,1083,Real-World,cublas,INT8,2048,2048,512,4294967296,0.028314,0.028979,0.977032,1.0,True,pass,,2.298460455611348
1083,1084,Real-World,cublas,FP16,512,2048,2048,4294967296,0.035174,0.033536,1.048855,1.0,True,pass,,3.7150560468435287
1083,1084,Real-World,cublas,FP32,512,2048,2048,4294967296,0.286157,0.301773,0.948253,1.0,True,pass,,3.7150560468435287
1083,1084,Real-World,cublas,INT8,512,2048,2048,4294967296,0.025651,0.024371,1.052521,1.0,True,pass,,3.7150560468435287
1084,1085,Real-World,cublas,FP16,48,1472,4096,578813952,0.020941,0.035686,0.5868,1.0,True,pass,,2.3816840648651123
1084,1085,Real-World,cublas,FP32,48,1472,4096,578813952,0.081152,0.378317,0.214508,1.0,True,pass,,2.3816840648651123
1084,1085,Real-World,cublas,INT8,48,1472,4096,578813952,0.023808,0.039066,0.609437,1.0,True,pass,,2.3816840648651123
1085,1086,Real-World,cublas,FP16,8192,768,16,201326592,0.021811,0.022067,0.988399,1.0,True,pass,,2.417863192036748
1085,1086,Real-World,cublas,FP32,8192,768,16,201326592,0.02985,0.030054,0.993186,1.0,True,pass,,2.417863192036748
1085,1086,Real-World,cublas,INT8,8192,768,16,201326592,0.024883,0.026163,0.951077,1.0,True,pass,,2.417863192036748
1086,1087,Real-World,cublas,FP16,4096,1248,312,3189768192,0.039885,0.039373,1.013004,1.0,True,pass,,2.192772688344121
1086,1087,Real-World,cublas,FP32,4096,1248,312,3189768192,0.189286,0.202035,0.936898,1.0,True,pass,,2.192772688344121
1086,1087,Real-World,cublas,INT8,4096,1248,312,3189768192,0.045875,0.038758,1.18362,1.0,True,pass,,2.192772688344121
1087,1088,Real-World,cublas,FP16,4096,312,1248,3189768192,0.025805,0.031232,0.826229,1.0,True,pass,,3.532387061044574
1087,1088,Real-World,cublas,FP32,4096,312,1248,3189768192,0.210688,0.276122,0.763026,1.0,True,pass,,3.532387061044574
1087,1088,Real-World,cublas,INT8,4096,312,1248,3189768192,0.041677,0.029491,1.413194,1.0,True,pass,,3.532387061044574
1088,1089,Real-World,cublas,FP16,640,2048,2048,5368709120,0.048691,0.042189,1.154126,1.0,True,pass,,2.2802367862313986
1088,1089,Real-World,cublas,FP32,640,2048,2048,5368709120,0.335923,0.442778,0.758673,1.0,True,pass,,2.2802367862313986
1088,1089,Real-World,cublas,INT8,640,2048,2048,5368709120,0.030106,0.026726,1.126437,1.0,True,pass,,2.2802367862313986
1089,1090,Real-World,cublas,FP16,512,4096,1024,4294967296,0.030054,0.032,0.9392,1.0,True,pass,,2.6588678881525993
1089,1090,Real-World,cublas,FP32,512,4096,1024,4294967296,0.257126,0.331059,0.776678,1.0,True,pass,,2.6588678881525993
1089,1090,Real-World,cublas,INT8,512,4096,1024,4294967296,0.027341,0.025907,1.055336,1.0,True,pass,,2.6588678881525993
1090,1091,Real-World,cublas,FP16,512,1024,4096,4294967296,0.03712,0.049664,0.747422,1.0,True,pass,,3.2351325377821922
1090,1091,Real-World,cublas,FP32,512,1024,4096,4294967296,0.276787,0.519936,0.532349,1.0,True,pass,,3.2351325377821922
1090,1091,Real-World,cublas,INT8,512,1024,4096,4294967296,0.027238,0.038042,0.716016,1.0,True,pass,,3.2351325377821922
1091,1092,Real-World,cublas,FP16,4096,768,768,4831838208,0.029747,0.034355,0.865872,1.0,True,pass,,2.4164897929877043
1091,1092,Real-World,cublas,FP32,4096,768,768,4831838208,0.305971,0.551373,0.554926,1.0,True,pass,,2.4164897929877043
1091,1092,Real-World,cublas,INT8,4096,768,768,4831838208,0.026982,0.032512,0.829921,1.0,True,pass,,2.4164897929877043
1092,1093,Real-World,cublas,FP16,6656,1024,16,218103808,0.02217,0.027597,0.803339,1.0,True,pass,,2.266801116988063
1092,1093,Real-World,cublas,FP32,6656,1024,16,218103808,0.030566,0.036762,0.831476,1.0,True,pass,,2.266801116988063
1092,1093,Real-World,cublas,INT8,6656,1024,16,218103808,0.028467,0.028826,0.987566,1.0,True,pass,,2.266801116988063
1093,1094,Real-World,cublas,FP16,64,6272,1034,830111744,0.026266,0.024627,1.066528,1.0,True,pass,,2.607483599334955
1093,1094,Real-World,cublas,FP32,64,6272,1034,830111744,0.07849,0.150016,0.523208,1.0,True,pass,,2.607483599334955
1093,1094,Real-World,cublas,INT8,64,6272,1034,830111744,0.003328,0.029798,0.111684,0.0,False,incorrect,Cosine similarity threshold failed,2.607483599334955
1094,1095,Real-World,cublas,FP16,64,6272,1040,834928640,0.020634,0.026522,0.777992,1.0,True,pass,,3.328703887760639
1094,1095,Real-World,cublas,FP32,64,6272,1040,834928640,0.080947,0.110336,0.733643,1.0,True,pass,,3.328703887760639
1094,1095,Real-World,cublas,INT8,64,6272,1040,834928640,0.021248,0.021709,0.978774,1.0,True,pass,,3.328703887760639
1095,1096,Real-World,cublas,FP16,3200,96,2048,1258291200,0.026163,0.026368,0.992233,1.0,True,pass,,2.3843645080924034
1095,1096,Real-World,cublas,FP32,3200,96,2048,1258291200,0.123546,0.18048,0.684539,1.0,True,pass,,2.3843645080924034
1095,1096,Real-World,cublas,INT8,3200,96,2048,1258291200,0.015462,0.018381,0.841226,1.0,True,pass,,2.3843645080924034
1096,1097,Real-World,cublas,FP16,1232,3072,768,5813305344,0.05079,0.04521,1.123443,1.0,True,pass,,2.5218867044895887
1096,1097,Real-World,cublas,FP32,1232,3072,768,5813305344,0.344627,0.67072,0.513817,1.0,True,pass,,2.5218867044895887
1096,1097,Real-World,cublas,INT8,1232,3072,768,5813305344,0.037325,0.03584,1.041428,1.0,True,pass,,2.5218867044895887
1097,1098,Real-World,cublas,FP16,1232,768,3072,5813305344,0.063539,0.040346,1.574873,1.0,True,pass,,3.583079144358635
1097,1098,Real-World,cublas,FP32,1232,768,3072,5813305344,0.35543,0.675789,0.525949,1.0,True,pass,,3.583079144358635
1097,1098,Real-World,cublas,INT8,1232,768,3072,5813305344,0.043264,0.035738,1.210601,1.0,True,pass,,3.583079144358635
1098,1099,Real-World,cublas,FP16,199,1470,4096,2396405760,0.084736,0.036762,2.305015,1.0,True,pass,,2.700528172776103
1098,1099,Real-World,cublas,FP32,199,1470,4096,2396405760,0.209818,0.410982,0.510527,1.0,True,pass,,2.700528172776103
1098,1099,Real-World,cublas,INT8,199,1470,4096,2396405760,,,,,False,missing,Running INT8...Error benchmarking size 199x1470x4096: std::exception,2.700528172776103
1099,1100,Real-World,cublas,FP16,1280,768,3072,6039797760,0.048947,0.039117,1.251309,1.0,True,pass,,2.3462632931768894
1099,1100,Real-World,cublas,FP32,1280,768,3072,6039797760,0.35584,0.675686,0.526635,1.0,True,pass,,2.3462632931768894
1099,1100,Real-World,cublas,INT8,1280,768,3072,6039797760,0.038502,0.035328,1.089855,1.0,True,pass,,2.3462632931768894
1100,1101,Real-World,cublas,FP16,1280,3072,768,6039797760,0.042803,0.041523,1.030826,1.0,True,pass,,3.5185540076345205
1100,1101,Real-World,cublas,FP32,1280,3072,768,6039797760,0.34647,0.695962,0.49783,1.0,True,pass,,3.5185540076345205
1100,1101,Real-World,cublas,INT8,1280,3072,768,6039797760,0.038707,0.036506,1.060309,1.0,True,pass,,3.5185540076345205
1101,1102,Real-World,cublas,FP16,12000,208,400,1996800000,0.031846,0.027238,1.169173,1.0,True,pass,,2.399097567424178
1101,1102,Real-World,cublas,FP32,12000,208,400,1996800000,0.152013,0.16471,0.922909,1.0,True,pass,,2.399097567424178
1101,1102,Real-World,cublas,INT8,12000,208,400,1996800000,0.025651,0.020736,1.237037,1.0,True,pass,,2.399097567424178
1102,1103,Real-World,cublas,FP16,8192,768,128,1610612736,0.03881,0.023091,1.68071,1.0,True,pass,,2.1427910812199116
1102,1103,Real-World,cublas,FP32,8192,768,128,1610612736,0.110797,0.105421,1.050996,1.0,True,pass,,2.1427910812199116
1102,1103,Real-World,cublas,INT8,8192,768,128,1610612736,0.026829,0.026317,1.019455,1.0,True,pass,,2.1427910812199116
1103,1104,Real-World,cublas,FP16,256,16384,208,1744830464,0.031744,0.031181,1.018062,1.0,True,pass,,2.2655802126973867
1103,1104,Real-World,cublas,FP32,256,16384,208,1744830464,0.112538,0.129894,0.866378,1.0,True,pass,,2.2655802126973867
1103,1104,Real-World,cublas,INT8,256,16384,208,1744830464,0.029133,0.026931,1.081749,1.0,True,pass,,2.2655802126973867
1104,1105,Real-World,cublas,FP16,12960,80,512,1061683200,0.022733,0.020582,1.104477,1.0,True,pass,,2.385103451088071
1104,1105,Real-World,cublas,FP32,12960,80,512,1061683200,0.10071,0.131123,0.768059,1.0,True,pass,,2.385103451088071
1104,1105,Real-World,cublas,INT8,12960,80,512,1061683200,0.039782,0.02176,1.828236,1.0,True,pass,,2.385103451088071
1105,1106,Real-World,cublas,FP16,10000,256,512,2621440000,0.028979,0.023142,1.252213,1.0,True,pass,,2.537840137258172
1105,1106,Real-World,cublas,FP32,10000,256,512,2621440000,0.162765,0.174336,0.933627,1.0,True,pass,,2.537840137258172
1105,1106,Real-World,cublas,INT8,10000,256,512,2621440000,0.022528,0.021094,1.067961,1.0,True,pass,,2.537840137258172
1106,1107,Real-World,cublas,FP16,3328,1024,1024,6979321856,0.038093,0.041933,0.908425,1.0,True,pass,,3.1526338197290897
1106,1107,Real-World,cublas,FP32,3328,1024,1024,6979321856,0.393933,0.508211,0.775136,1.0,True,pass,,3.1526338197290897
1106,1107,Real-World,cublas,INT8,3328,1024,1024,6979321856,0.059904,0.037069,1.616023,1.0,True,pass,,3.1526338197290897
1107,1108,Real-World,cublas,FP16,10192,512,256,2671771648,0.025549,0.029286,0.872377,1.0,True,pass,,2.1850445549935102
1107,1108,Real-World,cublas,FP32,10192,512,256,2671771648,0.157645,0.193434,0.814981,1.0,True,pass,,2.1850445549935102
1107,1108,Real-World,cublas,INT8,10192,512,256,2671771648,0.030515,0.030874,0.988391,1.0,True,pass,,2.1850445549935102
1108,1109,Real-World,cublas,FP16,10240,768,16,251658240,0.030618,0.025549,1.198397,1.0,True,pass,,2.250244891270995
1108,1109,Real-World,cublas,FP32,10240,768,16,251658240,0.035686,0.035635,1.001437,1.0,True,pass,,2.250244891270995
1108,1109,Real-World,cublas,INT8,10240,768,16,251658240,0.028928,0.02944,0.982609,1.0,True,pass,,2.250244891270995
1109,1110,Real-World,cublas,FP16,600,10000,200,2400000000,0.035328,0.040038,0.882353,1.0,True,pass,,2.3989301957190037
1109,1110,Real-World,cublas,FP32,600,10000,200,2400000000,0.157952,0.160461,0.984365,1.0,True,pass,,2.3989301957190037
1109,1110,Real-World,cublas,INT8,600,10000,200,2400000000,0.043469,0.034048,1.276692,1.0,True,pass,,2.3989301957190037
1110,1111,Real-World,cublas,FP16,1536,768,3072,7247757312,0.048947,0.061542,0.795341,1.0,True,pass,,3.406071472913027
1110,1111,Real-World,cublas,FP32,1536,768,3072,7247757312,0.407552,0.825395,0.493766,1.0,True,pass,,3.406071472913027
1110,1111,Real-World,cublas,INT8,1536,768,3072,7247757312,0.038042,0.032102,1.185008,1.0,True,pass,,3.406071472913027
1111,1112,Real-World,cublas,FP16,1536,3072,768,7247757312,0.044442,0.045568,0.975281,1.0,True,pass,,2.496165532618761
1111,1112,Real-World,cublas,FP32,1536,3072,768,7247757312,0.431411,0.820992,0.525476,1.0,True,pass,,2.496165532618761
1111,1112,Real-World,cublas,INT8,1536,3072,768,7247757312,0.040499,0.035942,1.126781,1.0,True,pass,,2.496165532618761
1112,1113,Real-World,cublas,FP16,608,10000,208,2529280000,0.032973,0.037069,0.889503,1.0,True,pass,,2.4026824068278074
1112,1113,Real-World,cublas,FP32,608,10000,208,2529280000,0.159283,0.162867,0.977994,1.0,True,pass,,2.4026824068278074
1112,1113,Real-World,cublas,INT8,608,10000,208,2529280000,0.033946,0.030106,1.127551,1.0,True,pass,,2.4026824068278074
1113,1114,Real-World,cublas,FP16,7888,512,512,4135583744,0.039219,0.037018,1.059475,1.0,True,pass,,3.3278026059269905
1113,1114,Real-World,cublas,FP32,7888,512,512,4135583744,0.260608,0.279962,0.930871,1.0,True,pass,,3.3278026059269905
1113,1114,Real-World,cublas,INT8,7888,512,512,4135583744,0.030003,0.030157,0.994907,1.0,True,pass,,3.3278026059269905
1114,1115,Real-World,cublas,FP16,1576,3072,768,7436500992,0.045261,0.046592,0.971428,1.0,True,pass,,2.4068516958504915
1114,1115,Real-World,cublas,FP32,1576,3072,768,7436500992,0.455373,0.84992,0.535783,1.0,True,pass,,2.4068516958504915
1114,1115,Real-World,cublas,INT8,1576,3072,768,7436500992,0.057958,0.03671,1.578801,1.0,True,pass,,2.4068516958504915
1115,1116,Real-World,cublas,FP16,1576,768,3072,7436500992,0.053094,0.069018,0.769288,1.0,True,pass,,2.6360288690775633
1115,1116,Real-World,cublas,FP32,1576,768,3072,7436500992,0.449638,0.890163,0.505119,1.0,True,pass,,2.6360288690775633
1115,1116,Real-World,cublas,INT8,1576,768,3072,7436500992,0.097843,0.03328,2.94,1.0,True,pass,,2.6360288690775633
1116,1117,Real-World,cublas,FP16,185,4096,1792,2715811840,0.128512,0.027955,4.59707,1.0,True,pass,,3.595505205914378
1116,1117,Real-World,cublas,FP32,185,4096,1792,2715811840,0.18816,0.267571,0.703215,1.0,True,pass,,3.595505205914378
1116,1117,Real-World,cublas,INT8,185,4096,1792,2715811840,,,,,False,missing,Running INT8...Error benchmarking size 185x4096x1792: std::exception,3.595505205914378
1117,1118,Real-World,cublas,FP16,5120,768,768,6039797760,0.035891,0.034867,1.029368,1.0,True,pass,,2.528006574138999
1117,1118,Real-World,cublas,FP32,5120,768,768,6039797760,0.357274,0.690125,0.517694,1.0,True,pass,,2.528006574138999
1117,1118,Real-World,cublas,INT8,5120,768,768,6039797760,0.038144,0.039885,0.956354,1.0,True,pass,,2.528006574138999
1118,1119,Real-World,cublas,FP16,832,4096,1024,6979321856,0.044902,0.047565,0.944026,1.0,True,pass,,2.615682687610388
1118,1119,Real-World,cublas,FP32,832,4096,1024,6979321856,0.447283,0.507802,0.880823,1.0,True,pass,,2.615682687610388
1118,1119,Real-World,cublas,INT8,832,4096,1024,6979321856,0.037478,0.028211,1.328494,1.0,True,pass,,2.615682687610388
1119,1120,Real-World,cublas,FP16,3200,368,2048,4823449600,0.036762,0.04183,0.878825,1.0,True,pass,,3.6240435615181923
1119,1120,Real-World,cublas,FP32,3200,368,2048,4823449600,0.290355,0.303974,0.955196,1.0,True,pass,,3.6240435615181923
1119,1120,Real-World,cublas,INT8,3200,368,2048,4823449600,0.026419,0.024576,1.075,1.0,True,pass,,3.6240435615181923
1120,1121,Real-World,cublas,FP16,16,2048,4096,268435456,0.021606,0.026214,0.824219,1.0,True,pass,,2.785020088776946
1120,1121,Real-World,cublas,FP32,16,2048,4096,268435456,0.065485,0.271411,0.241275,1.0,True,pass,,2.785020088776946
1120,1121,Real-World,cublas,INT8,16,2048,4096,268435456,0.020736,0.035482,0.584416,1.0,True,pass,,2.785020088776946
1121,1122,Real-World,cublas,FP16,8192,1024,16,268435456,0.024986,0.025856,0.966337,1.0,True,pass,,2.2892256639897823
1121,1122,Real-World,cublas,FP32,8192,1024,16,268435456,0.032614,0.038298,0.851604,1.0,True,pass,,2.2892256639897823
1121,1122,Real-World,cublas,INT8,8192,1024,16,268435456,0.032768,0.032307,1.014263,1.0,True,pass,,2.2892256639897823
1122,1123,Real-World,cublas,FP16,3952,1504,512,6086459392,0.043162,0.047155,0.915309,1.0,True,pass,,2.3058073204010725
1122,1123,Real-World,cublas,FP32,3952,1504,512,6086459392,0.350208,0.370995,0.943969,1.0,True,pass,,2.3058073204010725
1122,1123,Real-World,cublas,INT8,3952,1504,512,6086459392,0.037376,0.036045,1.036932,1.0,True,pass,,2.3058073204010725
1123,1126,Real-World,cublas,FP16,41,1024,8192,687865856,0.063334,0.040499,1.563843,1.0,True,pass,,3.6101320926100016
1123,1126,Real-World,cublas,FP32,41,1024,8192,687865856,0.096717,0.52224,0.185196,1.0,True,pass,,3.6101320926100016
1123,1126,Real-World,cublas,INT8,41,1024,8192,687865856,,,,,False,missing,Running INT8...Error benchmarking size 41x1024x8192: std::exception,3.6101320926100016
1124,1128,Real-World,cublas,FP16,40000,16,208,266240000,0.023757,0.02089,1.137255,1.0,True,pass,,2.5202383380383253
1124,1128,Real-World,cublas,FP32,40000,16,208,266240000,0.047206,0.070349,0.671033,1.0,True,pass,,2.5202383380383253
1124,1128,Real-World,cublas,INT8,40000,16,208,266240000,0.090266,0.029491,3.060764,1.0,True,pass,,2.5202383380383253
1125,1129,Real-World,cublas,FP16,110,2048,4096,1845493760,0.038861,0.044032,0.882558,1.0,True,pass,,3.860370794311166
1125,1129,Real-World,cublas,FP32,110,2048,4096,1845493760,0.177869,0.351642,0.505824,1.0,True,pass,,3.860370794311166
1125,1129,Real-World,cublas,INT8,110,2048,4096,1845493760,,,,,False,missing,Running INT8...Error benchmarking size 110x2048x4096: std::exception,3.860370794311166
1126,1130,Real-World,cublas,FP16,16,1024,8704,285212672,0.021504,0.033382,0.644172,1.0,True,pass,,2.454313836991787
1126,1130,Real-World,cublas,FP32,16,1024,8704,285212672,0.060877,0.620698,0.098078,1.0,True,pass,,2.454313836991787
1126,1130,Real-World,cublas,INT8,16,1024,8704,285212672,0.034099,0.063539,0.536664,1.0,True,pass,,2.454313836991787
1127,1131,Real-World,cublas,FP16,4096,1024,1024,8589934592,0.056013,0.055091,1.016729,1.0,True,pass,,3.4765923134982586
1127,1131,Real-World,cublas,FP32,4096,1024,1024,8589934592,0.495565,0.601753,0.823535,1.0,True,pass,,3.4765923134982586
1127,1131,Real-World,cublas,INT8,4096,1024,1024,8589934592,0.041267,0.040909,1.008761,1.0,True,pass,,3.4765923134982586
1128,1132,Real-World,cublas,FP16,1024,4096,1024,8589934592,0.054682,0.053709,1.018112,1.0,True,pass,,2.718739466741681
1128,1132,Real-World,cublas,FP32,1024,4096,1024,8589934592,0.496282,0.60032,0.826695,1.0,True,pass,,2.718739466741681
1128,1132,Real-World,cublas,INT8,1024,4096,1024,8589934592,0.04265,0.041011,1.03995,1.0,True,pass,,2.718739466741681
1129,1133,Real-World,cublas,FP16,1024,1024,4096,8589934592,0.052787,0.049613,1.063983,1.0,True,pass,,3.5125113297253847
1129,1133,Real-World,cublas,FP32,1024,1024,4096,8589934592,0.478208,1.002445,0.477042,1.0,True,pass,,3.5125113297253847
1129,1133,Real-World,cublas,INT8,1024,1024,4096,8589934592,0.045722,0.065587,0.697111,1.0,True,pass,,3.5125113297253847
1130,1134,Real-World,cublas,FP16,188,1,51200,19251200,0.024013,0.058778,0.408537,nan,False,incorrect,Cosine similarity threshold failed,3.662868222221732
1130,1134,Real-World,cublas,FP32,188,1,51200,19251200,0.042394,9.224398,0.004596,1.0,True,pass,,3.662868222221732
1130,1134,Real-World,cublas,INT8,188,1,51200,19251200,0.208282,0.096922,2.14897,1.0,True,pass,,3.662868222221732
1131,1135,Real-World,cublas,FP16,79,1024,8704,1408237568,0.066048,0.049254,1.340956,1.0,True,pass,,3.073279971256852
1131,1135,Real-World,cublas,FP32,79,1024,8704,1408237568,0.14761,0.557261,0.264884,1.0,True,pass,,3.073279971256852
1131,1135,Real-World,cublas,INT8,79,1024,8704,1408237568,,,,,False,missing,Running INT8...Error benchmarking size 79x1024x8704: std::exception,3.073279971256852
1132,1136,Real-World,cublas,FP16,1,16384,600,19660800,0.028416,0.022477,1.264237,1.0,True,pass,,3.7373416405171156
1132,1136,Real-World,cublas,FP32,1,16384,600,19660800,0.034816,0.081152,0.429022,1.0,True,pass,,3.7373416405171156
1132,1136,Real-World,cublas,INT8,1,16384,600,19660800,,,,,False,missing,Running INT8...Error benchmarking size 1x16384x600: std::exception,3.7373416405171156
1133,1138,Real-World,cublas,FP16,9344,32,1024,612368384,0.016794,0.019917,0.843188,1.0,True,pass,,2.498707888647914
1133,1138,Real-World,cublas,FP32,9344,32,1024,612368384,0.065997,0.13696,0.481869,1.0,True,pass,,2.498707888647914
1133,1138,Real-World,cublas,INT8,9344,32,1024,612368384,0.017203,0.013261,1.297297,1.0,True,pass,,2.498707888647914
1134,1139,Real-World,cublas,FP16,6144,768,768,7247757312,0.046387,0.048128,0.96383,1.0,True,pass,,3.6031032912433147
1134,1139,Real-World,cublas,FP32,6144,768,768,7247757312,0.432538,0.822221,0.52606,1.0,True,pass,,3.6031032912433147
1134,1139,Real-World,cublas,INT8,6144,768,768,7247757312,0.037786,0.035686,1.058824,1.0,True,pass,,3.6031032912433147
1135,1140,Real-World,cublas,FP16,2048,3027,768,9522118656,0.058624,0.059955,0.977797,1.0,True,pass,,2.387831261381507
1135,1140,Real-World,cublas,FP32,2048,3027,768,9522118656,0.570317,1.076787,0.529647,1.0,True,pass,,2.387831261381507
1135,1140,Real-World,cublas,INT8,2048,3027,768,9522118656,0.049357,0.048282,1.022269,1.0,True,pass,,2.387831261381507
1136,1141,Real-World,cublas,FP16,128,1024,8704,2281701376,0.029696,0.061235,0.48495,1.0,True,pass,,2.7092879842966795
1136,1141,Real-World,cublas,FP32,128,1024,8704,2281701376,0.205722,0.573286,0.358846,1.0,True,pass,,2.7092879842966795
1136,1141,Real-World,cublas,INT8,128,1024,8704,2281701376,0.035277,0.06656,0.53,1.0,True,pass,,2.7092879842966795
1137,1142,Real-World,cublas,FP16,2048,768,3072,9663676416,0.049715,0.051456,0.966169,1.0,True,pass,,3.813087048009038
1137,1142,Real-World,cublas,FP32,2048,768,3072,9663676416,0.601395,1.122099,0.535955,1.0,True,pass,,3.813087048009038
1137,1142,Real-World,cublas,INT8,2048,768,3072,9663676416,0.046234,0.03369,1.37234,1.0,True,pass,,3.813087048009038
1138,1143,Real-World,cublas,FP16,2048,3072,768,9663676416,0.057037,0.059187,0.963668,1.0,True,pass,,2.6801060400903225
1138,1143,Real-World,cublas,FP32,2048,3072,768,9663676416,0.57815,1.089485,0.530664,1.0,True,pass,,2.6801060400903225
1138,1143,Real-World,cublas,INT8,2048,3072,768,9663676416,0.051968,0.04695,1.10687,1.0,True,pass,,2.6801060400903225
1139,1144,Real-World,cublas,FP16,138,1024,8704,2459959296,0.060467,0.434125,0.139285,1.0,True,pass,,3.873642524704337
1139,1144,Real-World,cublas,FP32,138,1024,8704,2459959296,0.22103,0.607949,0.363568,1.0,True,pass,,3.873642524704337
1139,1144,Real-World,cublas,INT8,138,1024,8704,2459959296,,,,,False,missing,Running INT8...Error benchmarking size 138x1024x8704: std::exception,3.873642524704337
1140,1145,Real-World,cublas,FP16,6464,768,768,7625244672,0.047155,0.053146,0.887283,1.0,True,pass,,2.523810189217329
1140,1145,Real-World,cublas,FP32,6464,768,768,7625244672,0.445338,0.86103,0.517215,1.0,True,pass,,2.523810189217329
1140,1145,Real-World,cublas,INT8,6464,768,768,7625244672,0.037581,0.036301,1.035261,1.0,True,pass,,2.523810189217329
1141,1146,Real-World,cublas,FP16,1,6912,1536,21233664,0.017203,0.017152,1.002985,1.0,True,pass,,4.118003344163299
1141,1146,Real-World,cublas,FP32,1,6912,1536,21233664,0.042394,0.139571,0.303742,1.0,True,pass,,4.118003344163299
1141,1146,Real-World,cublas,INT8,1,6912,1536,21233664,,,,,False,missing,Running INT8...Error benchmarking size 1x6912x1536: std::exception,4.118003344163299
1142,1147,Real-World,cublas,FP16,1,1536,6912,21233664,0.026317,0.031027,0.848185,1.0,True,pass,,3.8030361589044333
1142,1147,Real-World,cublas,FP32,1,1536,6912,21233664,0.041216,0.521267,0.079069,1.0,True,pass,,3.8030361589044333
1142,1147,Real-World,cublas,INT8,1,1536,6912,21233664,,,,,False,missing,Running INT8...Error benchmarking size 1x1536x6912: std::exception,3.8030361589044333
1143,1148,Real-World,cublas,FP16,20368,32,512,667418624,0.020326,0.021504,0.945238,1.0,True,pass,,2.5377573128789663
1143,1148,Real-World,cublas,FP32,20368,32,512,667418624,0.074547,0.085965,0.867183,1.0,True,pass,,2.5377573128789663
1143,1148,Real-World,cublas,INT8,20368,32,512,667418624,0.017664,0.01495,1.181507,1.0,True,pass,,2.5377573128789663
1144,1151,Real-World,cublas,FP16,768,768,6912,8153726976,0.049971,0.062618,0.798038,1.0,True,pass,,2.5616485029459
1144,1151,Real-World,cublas,FP32,768,768,6912,8153726976,0.453837,0.742707,0.611058,1.0,True,pass,,2.5616485029459
1144,1151,Real-World,cublas,INT8,768,768,6912,8153726976,0.048845,0.057037,0.856374,1.0,True,pass,,2.5616485029459
1145,1152,Real-World,cublas,FP16,408,128,21128,2206777344,0.036198,0.801741,0.04515,1.0,True,pass,,3.6673209834843874
1145,1152,Real-World,cublas,FP32,408,128,21128,2206777344,0.193229,3.702784,0.052185,1.0,True,pass,,3.6673209834843874
1145,1152,Real-World,cublas,INT8,408,128,21128,2206777344,0.227328,0.226867,1.002031,1.0,True,pass,,3.6673209834843874
1146,1153,Real-World,cublas,FP16,20368,48,512,1001127936,0.026675,0.030669,0.869783,1.0,True,pass,,2.6963286362588406
1146,1153,Real-World,cublas,FP32,20368,48,512,1001127936,0.106906,0.153088,0.698328,1.0,True,pass,,2.6963286362588406
1146,1153,Real-World,cublas,INT8,20368,48,512,1001127936,0.01833,0.014899,1.230241,1.0,True,pass,,2.6963286362588406
1147,1155,Real-World,cublas,FP16,2560,768,3072,12079595520,0.080589,0.076083,1.059219,1.0,True,pass,,3.769286524504423
1147,1155,Real-World,cublas,FP32,2560,768,3072,12079595520,0.694477,1.329715,0.522275,1.0,True,pass,,3.769286524504423
1147,1155,Real-World,cublas,INT8,2560,768,3072,12079595520,0.055142,0.050944,1.082412,1.0,True,pass,,3.769286524504423
1148,1156,Real-World,cublas,FP16,2560,3072,768,12079595520,0.066099,0.068966,0.958426,1.0,True,pass,,3.7898749466985464
1148,1156,Real-World,cublas,FP32,2560,3072,768,12079595520,0.659302,1.357671,0.485613,1.0,True,pass,,3.7898749466985464
1148,1156,Real-World,cublas,INT8,2560,3072,768,12079595520,0.05801,0.056986,1.01797,1.0,True,pass,,3.7898749466985464
1149,1157,Real-World,cublas,FP16,20000,208,400,3328000000,0.034099,0.037632,0.906123,1.0,True,pass,,2.493577517569065
1149,1157,Real-World,cublas,FP32,20000,208,400,3328000000,0.236954,0.245453,0.965374,1.0,True,pass,,2.493577517569065
1149,1157,Real-World,cublas,INT8,20000,208,400,3328000000,0.035328,0.03497,1.010249,1.0,True,pass,,2.493577517569065
1150,1158,Real-World,cublas,FP16,16000,256,512,4194304000,0.159386,0.039424,4.042857,1.0,True,pass,,2.8410518169403076
1150,1158,Real-World,cublas,FP32,16000,256,512,4194304000,0.256307,0.275456,0.930483,1.0,True,pass,,2.8410518169403076
1150,1158,Real-World,cublas,INT8,16000,256,512,4194304000,0.031744,0.031846,0.996785,1.0,True,pass,,2.8410518169403076
1151,1159,Real-World,cublas,FP16,65536,64,128,1073741824,0.039629,0.033536,1.181679,1.0,True,pass,,3.6184076238423586
1151,1159,Real-World,cublas,FP32,65536,64,128,1073741824,0.079206,0.108442,0.730406,1.0,True,pass,,3.6184076238423586
1151,1159,Real-World,cublas,INT8,65536,64,128,1073741824,0.023245,0.022886,1.01566,1.0,True,pass,,3.6184076238423586
1152,1160,Real-World,cublas,FP16,1664,1024,4096,13958643712,0.060672,0.072448,0.837456,1.0,True,pass,,4.001465652137995
1152,1160,Real-World,cublas,FP32,1664,1024,4096,13958643712,0.79104,0.878592,0.90035,1.0,True,pass,,4.001465652137995
1152,1160,Real-World,cublas,INT8,1664,1024,4096,13958643712,0.058573,0.060928,0.961345,1.0,True,pass,,4.001465652137995
1153,1161,Real-World,cublas,FP16,1664,4096,1024,13958643712,0.06697,0.072294,0.926346,1.0,True,pass,,3.0315466839820147
1153,1161,Real-World,cublas,FP32,1664,4096,1024,13958643712,0.780954,0.96128,0.81241,1.0,True,pass,,3.0315466839820147
1153,1161,Real-World,cublas,INT8,1664,4096,1024,13958643712,0.0576,0.050688,1.136364,1.0,True,pass,,3.0315466839820147
1154,1163,Real-World,cublas,FP16,12800,500,500,6400000000,0.069888,0.068557,1.019418,1.0,True,pass,,3.805555595085025
1154,1163,Real-World,cublas,FP32,12800,500,500,6400000000,0.390298,0.426547,0.915016,1.0,True,pass,,3.805555595085025
1154,1163,Real-World,cublas,INT8,12800,500,500,6400000000,0.063795,0.054016,1.181043,1.0,True,pass,,3.805555595085025
1155,1164,Real-World,cublas,FP16,8192,1248,312,6379536384,0.05632,0.05719,0.984781,1.0,True,pass,,3.5767381861805916
1155,1164,Real-World,cublas,FP32,8192,1248,312,6379536384,0.369664,0.394138,0.937906,1.0,True,pass,,3.5767381861805916
1155,1164,Real-World,cublas,INT8,8192,1248,312,6379536384,0.075469,0.054221,1.391879,1.0,True,pass,,3.5767381861805916
1156,1165,Real-World,cublas,FP16,8192,312,1248,6379536384,0.044237,0.045773,0.966443,1.0,True,pass,,2.7498144023120403
1156,1165,Real-World,cublas,FP32,8192,312,1248,6379536384,0.374118,0.456346,0.819814,1.0,True,pass,,2.7498144023120403
1156,1165,Real-World,cublas,INT8,8192,312,1248,6379536384,0.043008,0.037939,1.133603,1.0,True,pass,,2.7498144023120403
1157,1166,Real-World,cublas,FP16,8192,768,768,9663676416,0.060774,0.061696,0.985062,1.0,True,pass,,3.6037006247788668
1157,1166,Real-World,cublas,FP32,8192,768,768,9663676416,0.588646,1.088871,0.540603,1.0,True,pass,,3.6037006247788668
1157,1166,Real-World,cublas,INT8,8192,768,768,9663676416,0.048589,0.046848,1.037159,1.0,True,pass,,3.6037006247788668
1158,1167,Real-World,cublas,FP16,12800,512,512,6710886400,0.042342,0.045414,0.932356,1.0,True,pass,,3.8075953405350447
1158,1167,Real-World,cublas,FP32,12800,512,512,6710886400,0.410317,0.423578,0.968693,1.0,True,pass,,3.8075953405350447
1158,1167,Real-World,cublas,INT8,12800,512,512,6710886400,0.040038,0.037581,1.065395,1.0,True,pass,,3.8075953405350447
1159,1168,Real-World,cublas,FP16,128,4096,3072,3221225472,0.035226,0.611789,0.057578,1.0,True,pass,,4.340027969330549
1159,1168,Real-World,cublas,FP32,128,4096,3072,3221225472,0.210688,0.398387,0.528852,1.0,True,pass,,4.340027969330549
1159,1168,Real-World,cublas,INT8,128,4096,3072,3221225472,0.028774,0.024576,1.170833,1.0,True,pass,,4.340027969330549
1160,1169,Real-World,cublas,FP16,3072,768,3072,14495514624,0.077773,0.074445,1.044704,1.0,True,pass,,4.122678956016898
1160,1169,Real-World,cublas,FP32,3072,768,3072,14495514624,0.897331,1.618637,0.554375,1.0,True,pass,,4.122678956016898
1160,1169,Real-World,cublas,INT8,3072,768,3072,14495514624,0.059904,0.057293,1.045576,1.0,True,pass,,4.122678956016898
1161,1170,Real-World,cublas,FP16,3072,3072,768,14495514624,0.075213,0.082995,0.90623,1.0,True,pass,,2.55516985245049
1161,1170,Real-World,cublas,FP32,3072,3072,768,14495514624,0.806093,1.623808,0.496421,1.0,True,pass,,2.55516985245049
1161,1170,Real-World,cublas,INT8,3072,3072,768,14495514624,0.064358,0.060211,1.068878,1.0,True,pass,,2.55516985245049
1162,1171,Real-World,cublas,FP16,105,1024,12544,2697461760,0.112896,0.765031,0.147571,1.0,True,pass,,3.9292027205228806
1162,1171,Real-World,cublas,FP32,105,1024,12544,2697461760,0.276019,4.416615,0.062496,1.0,True,pass,,3.9292027205228806
1162,1171,Real-World,cublas,INT8,105,1024,12544,2697461760,,,,,False,missing,Running INT8...Error benchmarking size 105x1024x12544: std::exception,3.9292027205228806
1163,1172,Real-World,cublas,FP16,12960,1025,80,2125440000,0.050534,0.050893,0.992958,1.0,True,pass,,2.2374396454542875
1163,1172,Real-World,cublas,FP32,12960,1025,80,2125440000,0.146483,0.184064,0.795828,1.0,True,pass,,2.2374396454542875
1163,1172,Real-World,cublas,INT8,12960,1025,80,2125440000,0.051712,0.053709,0.962822,1.0,True,pass,,2.2374396454542875
1164,1173,Real-World,cublas,FP16,12960,1040,80,2156544000,0.038707,0.045005,0.860068,1.0,True,pass,,2.454981407150626
1164,1173,Real-World,cublas,FP32,12960,1040,80,2156544000,0.145664,0.183859,0.792259,1.0,True,pass,,2.454981407150626
1164,1173,Real-World,cublas,INT8,12960,1040,80,2156544000,0.04864,0.050842,0.956697,1.0,True,pass,,2.454981407150626
1165,1174,Real-World,cublas,FP16,24000,208,400,3993600000,0.03968,0.042854,0.925926,1.0,True,pass,,3.5819684509187937
1165,1174,Real-World,cublas,FP32,24000,208,400,3993600000,0.273306,0.27863,0.980889,1.0,True,pass,,3.5819684509187937
1165,1174,Real-World,cublas,INT8,24000,208,400,3993600000,0.040038,0.035891,1.115549,1.0,True,pass,,3.5819684509187937
1166,1175,Real-World,cublas,FP16,6656,1024,1024,13958643712,0.067379,0.087654,0.768692,1.0,True,pass,,3.5848898235708475
1166,1175,Real-World,cublas,FP32,6656,1024,1024,13958643712,0.778598,0.963226,0.808324,1.0,True,pass,,3.5848898235708475
1166,1175,Real-World,cublas,INT8,6656,1024,1024,13958643712,0.059802,0.056474,1.05893,1.0,True,pass,,3.5848898235708475
1167,1176,Real-World,cublas,FP16,2048,4096,1024,17179869184,0.080538,0.086835,0.927477,1.0,True,pass,,4.126360138878226
1167,1176,Real-World,cublas,FP32,2048,4096,1024,17179869184,0.999219,1.183283,0.844446,1.0,True,pass,,4.126360138878226
1167,1176,Real-World,cublas,INT8,2048,4096,1024,17179869184,0.066918,0.065946,1.014752,1.0,True,pass,,4.126360138878226
1168,1177,Real-World,cublas,FP16,2048,1024,4096,17179869184,0.115866,0.116582,0.993852,1.0,True,pass,,4.1594058237969875
1168,1177,Real-World,cublas,FP32,2048,1024,4096,17179869184,1.080115,1.178982,0.916142,1.0,True,pass,,4.1594058237969875
1168,1177,Real-World,cublas,INT8,2048,1024,4096,17179869184,0.067994,0.066662,1.019969,1.0,True,pass,,4.1594058237969875
1169,1178,Real-World,cublas,FP16,1,23698,620,29385520,0.032563,0.024986,1.303278,1.0,True,pass,,3.969775604084134
1169,1178,Real-World,cublas,FP32,1,23698,620,29385520,0.050483,0.09559,0.52812,1.0,True,pass,,3.969775604084134
1169,1178,Real-World,cublas,INT8,1,23698,620,29385520,,,,,False,missing,Running INT8...Error benchmarking size 1x23698x620: std::exception,3.969775604084134
1170,1179,Real-World,cublas,FP16,16384,768,128,3221225472,0.04096,0.042906,0.954654,1.0,True,pass,,2.4789497517049313
1170,1179,Real-World,cublas,FP32,16384,768,128,3221225472,0.196915,0.202291,0.973425,1.0,True,pass,,2.4789497517049313
1170,1179,Real-World,cublas,INT8,16384,768,128,3221225472,0.043008,0.046848,0.918033,1.0,True,pass,,2.4789497517049313
1171,1180,Real-World,cublas,FP16,28800,257,257,3804422400,0.128154,0.097587,1.313222,1.0,True,pass,,3.820552870631218
1171,1180,Real-World,cublas,FP32,28800,257,257,3804422400,0.280525,0.305613,0.917909,1.0,True,pass,,3.820552870631218
1171,1180,Real-World,cublas,INT8,28800,257,257,3804422400,0.010598,0.116787,0.09075,0.0,False,incorrect,Cosine similarity threshold failed,3.820552870631218
1172,1181,Real-World,cublas,FP16,2424,1920,2424,22562979840,0.174592,0.120883,1.444303,1.0,True,pass,,3.1866100654006004
1172,1181,Real-World,cublas,FP32,2424,1920,2424,22562979840,1.324083,1.67209,0.791873,1.0,True,pass,,3.1866100654006004
1172,1181,Real-World,cublas,INT8,2424,1920,2424,22562979840,0.253696,0.082893,3.060531,1.0,True,pass,,3.1866100654006004
1173,1182,Real-World,cublas,FP16,16,23712,624,473481216,0.035379,0.035533,0.995677,1.0,True,pass,,5.030504388734698
1173,1182,Real-World,cublas,FP32,16,23712,624,473481216,0.101683,0.116275,0.874505,1.0,True,pass,,5.030504388734698
1173,1182,Real-World,cublas,INT8,16,23712,624,473481216,0.025088,0.017203,1.458333,1.0,True,pass,,5.030504388734698
1174,1183,Real-World,cublas,FP16,2432,1920,2432,22712156160,0.106752,0.11351,0.94046,1.0,True,pass,,2.632290404289961
1174,1183,Real-World,cublas,FP32,2432,1920,2432,22712156160,1.35552,1.870797,0.724568,1.0,True,pass,,2.632290404289961
1174,1183,Real-World,cublas,INT8,2432,1920,2432,22712156160,0.086067,0.068045,1.264861,1.0,True,pass,,2.632290404289961
1175,1184,Real-World,cublas,FP16,20368,512,256,5339348992,0.04096,0.044646,0.917431,1.0,True,pass,,3.601522769778967
1175,1184,Real-World,cublas,FP32,20368,512,256,5339348992,0.30167,0.340531,0.885882,1.0,True,pass,,3.601522769778967
1175,1184,Real-World,cublas,INT8,20368,512,256,5339348992,0.047923,0.047616,1.006452,1.0,True,pass,,3.601522769778967
1176,1185,Real-World,cublas,FP16,10000,512,1024,10485760000,0.063488,0.061184,1.037657,1.0,True,pass,,3.4983490854501724
1176,1185,Real-World,cublas,FP32,10000,512,1024,10485760000,0.592998,0.753869,0.786607,1.0,True,pass,,3.4983490854501724
1176,1185,Real-World,cublas,INT8,10000,512,1024,10485760000,0.045107,0.044237,1.019676,1.0,True,pass,,3.4983490854501724
1177,1186,Real-World,cublas,FP16,20480,768,16,503316480,0.039424,0.038093,1.034946,1.0,True,pass,,2.4418608602136374
1177,1186,Real-World,cublas,FP32,20480,768,16,503316480,0.049818,0.061389,0.81151,1.0,True,pass,,2.4418608602136374
1177,1186,Real-World,cublas,INT8,20480,768,16,503316480,0.051456,0.052787,0.974782,1.0,True,pass,,2.4418608602136374
1178,1187,Real-World,cublas,FP16,10240,768,768,12079595520,0.066202,0.06487,1.020521,1.0,True,pass,,3.6276563052088022
1178,1187,Real-World,cublas,FP32,10240,768,768,12079595520,0.662682,1.361152,0.486853,1.0,True,pass,,3.6276563052088022
1178,1187,Real-World,cublas,INT8,10240,768,768,12079595520,0.056269,0.056064,1.003653,1.0,True,pass,,3.6276563052088022
1179,1188,Real-World,cublas,FP16,15776,512,512,8271167488,0.051098,0.065741,0.777258,1.0,True,pass,,2.8594153337180614
1179,1188,Real-World,cublas,FP32,15776,512,512,8271167488,0.524442,0.529408,0.990619,1.0,True,pass,,2.8594153337180614
1179,1188,Real-World,cublas,INT8,15776,512,512,8271167488,0.050483,0.05335,0.946257,1.0,True,pass,,2.8594153337180614
1180,1189,Real-World,cublas,FP16,7888,1504,512,12148277248,0.065997,0.079155,0.833765,1.0,True,pass,,3.323650375008583
1180,1189,Real-World,cublas,FP32,7888,1504,512,12148277248,0.70871,0.722381,0.981076,1.0,True,pass,,3.323650375008583
1180,1189,Real-World,cublas,INT8,7888,1504,512,12148277248,0.060467,0.065178,0.92773,1.0,True,pass,,3.323650375008583
1181,1191,Real-World,cublas,FP16,16,4096,4096,536870912,0.038246,0.035226,1.085756,1.0,True,pass,,4.448506288230419
1181,1191,Real-World,cublas,FP32,16,4096,4096,536870912,0.10368,0.316979,0.327088,1.0,True,pass,,4.448506288230419
1181,1191,Real-World,cublas,INT8,16,4096,4096,536870912,0.023808,0.037683,0.631793,1.0,True,pass,,4.448506288230419
1182,1192,Real-World,cublas,FP16,32,4096,4096,1073741824,0.032154,0.035226,0.912791,1.0,True,pass,,5.7010701056569815
1182,1192,Real-World,cublas,FP32,32,4096,4096,1073741824,0.106752,0.319949,0.333653,1.0,True,pass,,5.7010701056569815
1182,1192,Real-World,cublas,INT8,32,4096,4096,1073741824,0.021146,0.034662,0.610044,1.0,True,pass,,5.7010701056569815
1183,1193,Real-World,cublas,FP16,58,4096,4096,1946157056,0.060365,0.051149,1.18018,1.0,True,pass,,5.3319664634764194
1183,1193,Real-World,cublas,FP32,58,4096,4096,1946157056,0.18135,0.332339,0.545679,1.0,True,pass,,5.3319664634764194
1183,1193,Real-World,cublas,INT8,58,4096,4096,1946157056,,,,,False,missing,Running INT8...Error benchmarking size 58x4096x4096: std::exception,5.3319664634764194
1184,1196,Real-World,cublas,FP16,8192,1024,1024,17179869184,0.081869,0.087398,0.936731,1.0,True,pass,,3.6921934839338064
1184,1196,Real-World,cublas,FP32,8192,1024,1024,17179869184,0.988211,1.176576,0.839904,1.0,True,pass,,3.6921934839338064
1184,1196,Real-World,cublas,INT8,8192,1024,1024,17179869184,0.067482,0.066816,1.009962,1.0,True,pass,,3.6921934839338064
1185,1197,Real-World,cublas,FP16,4096,3072,768,19327352832,0.099891,0.107315,0.930821,1.0,True,pass,,3.7580258157104254
1185,1197,Real-World,cublas,FP32,4096,3072,768,19327352832,1.08544,2.248857,0.482663,1.0,True,pass,,3.7580258157104254
1185,1197,Real-World,cublas,INT8,4096,3072,768,19327352832,0.079053,0.076902,1.027963,1.0,True,pass,,3.7580258157104254
1186,1198,Real-World,cublas,FP16,4096,768,3072,19327352832,0.103834,0.096666,1.074152,1.0,True,pass,,3.141335839405656
1186,1198,Real-World,cublas,FP32,4096,768,3072,19327352832,1.182003,2.214093,0.533855,1.0,True,pass,,3.141335839405656
1186,1198,Real-World,cublas,INT8,4096,768,3072,19327352832,0.062515,0.054374,1.149717,1.0,True,pass,,3.141335839405656
1187,1199,Real-World,cublas,FP16,16,1024,18432,603979776,0.039219,0.054477,0.719925,1.0,True,pass,,5.218257363885641
1187,1199,Real-World,cublas,FP32,16,1024,18432,603979776,0.105114,1.321011,0.079571,1.0,True,pass,,5.218257363885641
1187,1199,Real-World,cublas,INT8,16,1024,18432,603979776,0.059238,0.123853,0.478297,1.0,True,pass,,5.218257363885641
1188,1200,Real-World,cublas,FP16,18688,32,1024,1224736768,0.037171,0.039987,0.929577,1.0,True,pass,,4.104116465896368
1188,1200,Real-World,cublas,FP32,18688,32,1024,1224736768,0.107008,0.216678,0.493856,1.0,True,pass,,4.104116465896368
1188,1200,Real-World,cublas,INT8,18688,32,1024,1224736768,0.02345,0.01751,1.339181,1.0,True,pass,,4.104116465896368
1189,1201,Real-World,cublas,FP16,256,56336,112,3230531584,0.05632,0.063027,0.893582,1.0,True,pass,,4.767792541533709
1189,1201,Real-World,cublas,FP32,256,56336,112,3230531584,0.199373,0.201114,0.991344,1.0,True,pass,,4.767792541533709
1189,1201,Real-World,cublas,INT8,256,56336,112,3230531584,0.056576,0.054579,1.036585,1.0,True,pass,,4.767792541533709
1190,1202,Real-World,cublas,FP16,3328,1024,4096,27917287424,0.118272,0.116173,1.018069,1.0,True,pass,,3.9975302666425705
1190,1202,Real-World,cublas,FP32,3328,1024,4096,27917287424,1.563341,1.741977,0.897452,1.0,True,pass,,3.9975302666425705
1190,1202,Real-World,cublas,INT8,3328,1024,4096,27917287424,0.097075,0.066304,1.464093,1.0,True,pass,,3.9975302666425705
1191,1203,Real-World,cublas,FP16,3328,4096,1024,27917287424,0.123904,0.132352,0.93617,1.0,True,pass,,4.060724562034011
1191,1203,Real-World,cublas,FP32,3328,4096,1024,27917287424,1.571789,1.889536,0.831839,1.0,True,pass,,4.060724562034011
1191,1203,Real-World,cublas,INT8,3328,4096,1024,27917287424,0.101478,0.093696,1.08306,1.0,True,pass,,4.060724562034011
1192,1204,Real-World,cublas,FP16,1,13824,1536,42467328,0.036506,0.037581,0.97139,1.0,True,pass,,4.26361757516861
1192,1204,Real-World,cublas,FP32,1,13824,1536,42467328,0.060928,0.2368,0.257297,1.0,True,pass,,4.26361757516861
1192,1204,Real-World,cublas,INT8,1,13824,1536,42467328,,,,,False,missing,Running INT8...Error benchmarking size 1x13824x1536: std::exception,4.26361757516861
1193,1205,Real-World,cublas,FP16,1,1536,13824,42467328,0.045363,0.060723,0.747049,1.0,True,pass,,5.660998770967126
1193,1205,Real-World,cublas,FP32,1,1536,13824,42467328,0.063846,1.017395,0.062755,1.0,True,pass,,5.660998770967126
1193,1205,Real-World,cublas,INT8,1,1536,13824,42467328,,,,,False,missing,Running INT8...Error benchmarking size 1x1536x13824: std::exception,5.660998770967126
1194,1206,Real-World,cublas,FP16,5120,768,3072,24159191040,0.120422,0.100454,1.198776,1.0,True,pass,,3.7404171358793974
1194,1206,Real-World,cublas,FP32,5120,768,3072,24159191040,1.388186,2.635878,0.52665,1.0,True,pass,,3.7404171358793974
1194,1206,Real-World,cublas,INT8,5120,768,3072,24159191040,0.083763,0.08023,1.044033,1.0,True,pass,,3.7404171358793974
1195,1207,Real-World,cublas,FP16,5120,3072,768,24159191040,0.11177,0.120781,0.925392,1.0,True,pass,,3.4584293179214
1195,1207,Real-World,cublas,FP32,5120,3072,768,24159191040,1.302119,2.769101,0.470232,1.0,True,pass,,3.4584293179214
1195,1207,Real-World,cublas,INT8,5120,3072,768,24159191040,0.096461,0.093952,1.026703,1.0,True,pass,,3.4584293179214
1196,1208,Real-World,cublas,FP16,40736,32,512,1334837248,0.041216,0.042854,0.961768,1.0,True,pass,,3.920672385022044
1196,1208,Real-World,cublas,FP32,40736,32,512,1334837248,0.107674,0.150682,0.714577,1.0,True,pass,,3.920672385022044
1196,1208,Real-World,cublas,INT8,40736,32,512,1334837248,0.025446,0.020019,1.2711,1.0,True,pass,,3.920672385022044
1197,1210,Real-World,cublas,FP16,40736,48,512,2002255872,0.042701,0.047872,0.891978,1.0,True,pass,,3.931793037801981
1197,1210,Real-World,cublas,FP32,40736,48,512,2002255872,0.174848,0.28416,0.615315,1.0,True,pass,,3.931793037801981
1197,1210,Real-World,cublas,INT8,40736,48,512,2002255872,0.030362,0.022528,1.347727,1.0,True,pass,,3.931793037801981
1198,1213,Real-World,cublas,FP16,1536,1536,6912,32614907904,0.14377,0.144794,0.992928,1.0,True,pass,,4.590046940371394
1198,1213,Real-World,cublas,FP32,1536,1536,6912,32614907904,2.124544,3.765146,0.564266,1.0,True,pass,,4.590046940371394
1198,1213,Real-World,cublas,INT8,1536,1536,6912,32614907904,0.118784,0.098099,1.210855,1.0,True,pass,,4.590046940371394
1199,1214,Real-World,cublas,FP16,40000,208,400,6656000000,0.064256,0.079206,0.811248,1.0,True,pass,,4.190363232046366
1199,1214,Real-World,cublas,FP32,40000,208,400,6656000000,0.430899,0.46505,0.926566,1.0,True,pass,,4.190363232046366
1199,1214,Real-World,cublas,INT8,40000,208,400,6656000000,0.057805,0.051917,1.113413,1.0,True,pass,,4.190363232046366
1200,1215,Real-World,cublas,FP16,16000,512,1024,16777216000,0.140902,0.087501,1.610299,1.0,True,pass,,3.6410568691790104
1200,1215,Real-World,cublas,FP32,16000,512,1024,16777216000,1.06153,1.181645,0.898349,1.0,True,pass,,3.6410568691790104
1200,1215,Real-World,cublas,INT8,16000,512,1024,16777216000,0.068506,0.067994,1.00753,1.0,True,pass,,3.6410568691790104
1201,1216,Real-World,cublas,FP16,4096,4096,1024,34359738368,0.151552,0.16169,0.937302,1.0,True,pass,,4.8107465244829655
1201,1216,Real-World,cublas,FP32,4096,4096,1024,34359738368,1.827072,2.31337,0.789788,1.0,True,pass,,4.8107465244829655
1201,1216,Real-World,cublas,INT8,4096,4096,1024,34359738368,0.124672,0.11863,1.050928,1.0,True,pass,,4.8107465244829655
1202,1217,Real-World,cublas,FP16,4096,1024,4096,34359738368,0.16768,0.173568,0.966077,1.0,True,pass,,5.559525463730097
1202,1217,Real-World,cublas,FP32,4096,1024,4096,34359738368,1.940634,2.037504,0.952456,1.0,True,pass,,5.559525463730097
1202,1217,Real-World,cublas,INT8,4096,1024,4096,34359738368,0.103936,0.09216,1.127778,1.0,True,pass,,5.559525463730097
1203,1218,Real-World,cublas,FP16,16384,768,768,19327352832,0.102605,0.10839,0.946622,1.0,True,pass,,4.139644458889961
1203,1218,Real-World,cublas,FP32,16384,768,768,19327352832,1.092147,2.161766,0.505211,1.0,True,pass,,4.139644458889961
1203,1218,Real-World,cublas,INT8,16384,768,768,19327352832,0.084685,0.085146,0.994588,1.0,True,pass,,4.139644458889961
1204,1220,Real-World,cublas,FP16,6144,768,3072,28991029248,0.125389,0.137165,0.914147,1.0,True,pass,,4.604843424633145
1204,1220,Real-World,cublas,FP32,6144,768,3072,28991029248,1.684173,3.225549,0.522135,1.0,True,pass,,4.604843424633145
1204,1220,Real-World,cublas,INT8,6144,768,3072,28991029248,0.094003,0.086477,1.087034,1.0,True,pass,,4.604843424633145
1205,1221,Real-World,cublas,FP16,6144,3072,768,28991029248,0.135322,0.147251,0.918985,1.0,True,pass,,3.9271550346165895
1205,1221,Real-World,cublas,FP32,6144,3072,768,28991029248,1.587098,3.236249,0.490413,1.0,True,pass,,3.9271550346165895
1205,1221,Real-World,cublas,INT8,6144,3072,768,28991029248,0.114944,0.11479,1.001338,1.0,True,pass,,3.9271550346165895
1206,1222,Real-World,cublas,FP16,1000,1024,12544,25690112000,0.138342,0.130662,1.058777,1.0,True,pass,,5.941671339794993
1206,1222,Real-World,cublas,FP32,1000,1024,12544,25690112000,1.433805,1.757184,0.815967,1.0,True,pass,,5.941671339794993
1206,1222,Real-World,cublas,INT8,1000,1024,12544,25690112000,0.356506,0.115354,3.090546,1.0,True,pass,,5.941671339794993
1207,1223,Real-World,cublas,FP16,1008,1024,12544,25895632896,0.14551,0.133274,1.091817,1.0,True,pass,,5.265872145071626
1207,1223,Real-World,cublas,FP32,1008,1024,12544,25895632896,1.435853,1.756928,0.817252,1.0,True,pass,,5.265872145071626
1207,1223,Real-World,cublas,INT8,1008,1024,12544,25895632896,0.109005,0.110592,0.985648,1.0,True,pass,,5.265872145071626
1208,1224,Real-World,cublas,FP16,6464,3072,768,30500978688,0.143565,0.155392,0.923888,1.0,True,pass,,4.033074043691158
1208,1224,Real-World,cublas,FP32,6464,3072,768,30500978688,1.686169,3.502541,0.481413,1.0,True,pass,,4.033074043691158
1208,1224,Real-World,cublas,INT8,6464,3072,768,30500978688,0.118477,0.113869,1.040467,1.0,True,pass,,4.033074043691158
1209,1225,Real-World,cublas,FP16,6464,768,3072,30500978688,0.125747,0.137574,0.914031,1.0,True,pass,,4.536857888102531
1209,1225,Real-World,cublas,FP32,6464,768,3072,30500978688,1.747814,3.398759,0.514251,1.0,True,pass,,4.536857888102531
1209,1225,Real-World,cublas,INT8,6464,768,3072,30500978688,0.094976,0.087296,1.087977,1.0,True,pass,,4.536857888102531
1210,1226,Real-World,cublas,FP16,45,512,50176,2312110080,0.133786,0.101683,1.31571,1.0,True,pass,,4.293218981474638
1210,1226,Real-World,cublas,FP32,45,512,50176,2312110080,0.259379,3.986381,0.065066,1.0,True,pass,,4.293218981474638
1210,1226,Real-World,cublas,INT8,45,512,50176,2312110080,,,,,False,missing,Running INT8...Error benchmarking size 45x512x50176: std::exception,4.293218981474638
1211,1227,Real-World,cublas,FP16,48,512,50176,2466250752,0.052224,0.094422,0.553089,1.0,True,pass,,6.237672101706266
1211,1227,Real-World,cublas,FP32,48,512,50176,2466250752,0.264294,4.070655,0.064927,1.0,True,pass,,6.237672101706266
1211,1227,Real-World,cublas,INT8,48,512,50176,2466250752,0.141414,0.121754,1.16148,1.0,True,pass,,6.237672101706266
1212,1228,Real-World,cublas,FP16,32768,768,128,6442450944,0.068966,0.07465,0.923868,1.0,True,pass,,4.148082781583071
1212,1228,Real-World,cublas,FP32,32768,768,128,6442450944,0.374784,0.380211,0.985726,1.0,True,pass,,4.148082781583071
1212,1228,Real-World,cublas,INT8,32768,768,128,6442450944,0.077466,0.079053,0.979922,1.0,True,pass,,4.148082781583071
1213,1229,Real-World,cublas,FP16,40736,512,256,10678697984,0.07168,0.084429,0.848999,1.0,True,pass,,4.023804772645235
1213,1229,Real-World,cublas,FP32,40736,512,256,10678697984,0.591718,0.675994,0.875331,1.0,True,pass,,4.023804772645235
1213,1229,Real-World,cublas,INT8,40736,512,256,10678697984,0.07849,0.080998,0.969026,1.0,True,pass,,4.023804772645235
1214,1230,Real-World,cublas,FP16,20480,768,768,24159191040,0.116019,0.12032,0.964256,1.0,True,pass,,4.533622369170189
1214,1230,Real-World,cublas,FP32,20480,768,768,24159191040,1.302119,2.699725,0.482315,1.0,True,pass,,4.533622369170189
1214,1230,Real-World,cublas,INT8,20480,768,768,24159191040,0.098867,0.10025,0.98621,1.0,True,pass,,4.533622369170189
1215,1231,Real-World,cublas,FP16,40960,768,16,1006632960,0.067789,0.063744,1.063454,1.0,True,pass,,5.138900846242905
1215,1231,Real-World,cublas,FP32,40960,768,16,1006632960,0.089242,0.114176,0.781614,1.0,True,pass,,5.138900846242905
1215,1231,Real-World,cublas,INT8,40960,768,16,1006632960,0.093542,0.099123,0.943698,1.0,True,pass,,5.138900846242905
1216,1232,Real-World,cublas,FP16,15776,1504,512,24296554496,0.122931,0.13737,0.894894,1.0,True,pass,,4.606491761282086
1216,1232,Real-World,cublas,FP32,15776,1504,512,24296554496,1.358438,1.426995,0.951957,1.0,True,pass,,4.606491761282086
1216,1232,Real-World,cublas,INT8,15776,1504,512,24296554496,0.112333,0.109158,1.029081,1.0,True,pass,,4.606491761282086
1217,1233,Real-World,cublas,FP16,8192,768,3072,38654705664,0.164762,0.170138,0.968402,1.0,True,pass,,6.207569250836968
1217,1233,Real-World,cublas,FP32,8192,768,3072,38654705664,2.383258,4.227994,0.563685,1.0,True,pass,,6.207569250836968
1217,1233,Real-World,cublas,INT8,8192,768,3072,38654705664,0.1152,0.099072,1.162791,1.0,True,pass,,6.207569250836968
1218,1234,Real-World,cublas,FP16,8192,3072,768,38654705664,0.194662,0.199936,0.973624,1.0,True,pass,,6.075532704591751
1218,1234,Real-World,cublas,FP32,8192,3072,768,38654705664,2.206566,4.307763,0.51223,1.0,True,pass,,6.075532704591751
1218,1234,Real-World,cublas,INT8,8192,3072,768,38654705664,0.146227,0.143667,1.017819,1.0,True,pass,,6.075532704591751
1219,1235,Real-World,cublas,FP16,196,512,50176,10070523904,0.235571,0.127334,1.85002,1.0,True,pass,,6.476213427260518
1219,1235,Real-World,cublas,FP32,196,512,50176,10070523904,0.896563,9.432885,0.095047,1.0,True,pass,,6.476213427260518
1219,1235,Real-World,cublas,INT8,196,512,50176,10070523904,0.443187,0.420301,1.054452,1.0,True,pass,,6.476213427260518
1220,1236,Real-World,cublas,FP16,1632,128,21128,8827109376,0.082586,0.13609,0.606847,1.0,True,pass,,6.35142414085567
1220,1236,Real-World,cublas,FP32,1632,128,21128,8827109376,0.55424,3.881421,0.142793,1.0,True,pass,,6.35142414085567
1220,1236,Real-World,cublas,INT8,1632,128,21128,8827109376,0.225229,0.225178,1.000227,1.0,True,pass,,6.35142414085567
1221,1237,Real-World,cublas,FP16,16,4096,9216,1207959552,0.065331,0.069581,0.938926,1.0,True,pass,,7.696393676102161
1221,1237,Real-World,cublas,FP32,16,4096,9216,1207959552,0.200602,0.929178,0.215892,1.0,True,pass,,7.696393676102161
1221,1237,Real-World,cublas,INT8,16,4096,9216,1207959552,0.047002,0.068454,0.686612,1.0,True,pass,,7.696393676102161
1222,1238,Real-World,cublas,FP16,6656,1024,4096,55834574848,0.212531,0.218368,0.973271,1.0,True,pass,,5.158728390932083
1222,1238,Real-World,cublas,FP32,6656,1024,4096,55834574848,3.07497,3.261747,0.942737,1.0,True,pass,,5.158728390932083
1222,1238,Real-World,cublas,INT8,6656,1024,4096,55834574848,0.145971,0.123853,1.178586,1.0,True,pass,,5.158728390932083
1223,1239,Real-World,cublas,FP16,6656,4096,1024,55834574848,0.231731,0.252365,0.918239,1.0,True,pass,,7.367053046822548
1223,1239,Real-World,cublas,FP32,6656,4096,1024,55834574848,3.010918,3.752038,0.802475,1.0,True,pass,,7.367053046822548
1223,1239,Real-World,cublas,INT8,6656,4096,1024,55834574848,0.184576,0.175565,1.051327,1.0,True,pass,,7.367053046822548
1224,1240,Real-World,cublas,FP16,112,4096,9216,8455716864,0.092006,0.09129,1.007852,1.0,True,pass,,5.933684483170509
1224,1240,Real-World,cublas,FP32,112,4096,9216,8455716864,0.596736,1.01335,0.588874,1.0,True,pass,,5.933684483170509
1224,1240,Real-World,cublas,INT8,112,4096,9216,8455716864,0.066099,0.072858,0.907238,1.0,True,pass,,5.933684483170509
1225,1241,Real-World,cublas,FP16,37376,32,1024,2449473536,0.070042,0.067072,1.044275,1.0,True,pass,,4.961555913090706
1225,1241,Real-World,cublas,FP32,37376,32,1024,2449473536,0.197325,0.369101,0.53461,1.0,True,pass,,4.961555913090706
1225,1241,Real-World,cublas,INT8,37376,32,1024,2449473536,0.041267,0.037939,1.08772,1.0,True,pass,,4.961555913090706
1226,1242,Real-World,cublas,FP16,168,4096,9216,12683575296,0.108237,0.089907,1.203873,1.0,True,pass,,7.315867288038135
1226,1242,Real-World,cublas,FP32,168,4096,9216,12683575296,0.84224,1.649203,0.510695,1.0,True,pass,,7.315867288038135
1226,1242,Real-World,cublas,INT8,168,4096,9216,12683575296,0.266035,0.070451,3.776162,1.0,True,pass,,7.315867288038135
1227,1243,Real-World,cublas,FP16,10240,768,3072,48318382080,0.201114,0.188774,1.065365,1.0,True,pass,,4.948893966153264
1227,1243,Real-World,cublas,FP32,10240,768,3072,48318382080,2.59753,5.362124,0.484422,1.0,True,pass,,4.948893966153264
1227,1243,Real-World,cublas,INT8,10240,768,3072,48318382080,0.144589,0.131789,1.097125,1.0,True,pass,,4.948893966153264
1228,1244,Real-World,cublas,FP16,10240,3072,768,48318382080,0.222618,0.229837,0.96859,1.0,True,pass,,7.293780663982034
1228,1244,Real-World,cublas,FP32,10240,3072,768,48318382080,2.620467,5.477939,0.478367,1.0,True,pass,,7.293780663982034
1228,1244,Real-World,cublas,INT8,10240,3072,768,48318382080,0.177562,0.168243,1.055386,1.0,True,pass,,7.293780663982034
1229,1245,Real-World,cublas,FP16,159,36552,1024,11902500864,0.297267,0.082995,3.581739,1.0,True,pass,,10.754980709403753
1229,1245,Real-World,cublas,FP32,159,36552,1024,11902500864,0.751821,0.916531,0.820289,1.0,True,pass,,10.754980709403753
1229,1245,Real-World,cublas,INT8,159,36552,1024,11902500864,,,,,False,missing,Running INT8...Error benchmarking size 159x36552x1024: std::exception,10.754980709403753
1230,1246,Real-World,cublas,FP16,640,768,30522,30004346880,0.297267,0.3904,0.761443,1.0,True,pass,,6.021553164348006
1230,1246,Real-World,cublas,FP32,640,768,30522,30004346880,1.633485,4.26409,0.383079,1.0,True,pass,,6.021553164348006
1230,1246,Real-World,cublas,INT8,640,768,30522,30004346880,0.010906,1.109606,0.009828,0.0,False,incorrect,Cosine similarity threshold failed,6.021553164348006
1231,1247,Real-World,cublas,FP16,98,768,50257,7565085696,0.248781,0.326605,0.761718,1.0,True,pass,,5.9248471688479185
1231,1247,Real-World,cublas,FP32,98,768,50257,7565085696,0.716749,7.593114,0.094395,1.0,True,pass,,5.9248471688479185
1231,1247,Real-World,cublas,INT8,98,768,50257,7565085696,0.009574,5.977651,0.001602,0.0,False,incorrect,Cosine similarity threshold failed,5.9248471688479185
1232,1249,Real-World,cublas,FP16,10000,1024,3120,63897600000,0.25513,0.257126,0.992234,1.0,True,pass,,5.018925962969661
1232,1249,Real-World,cublas,FP32,10000,1024,3120,63897600000,3.505613,6.654874,0.526774,1.0,True,pass,,5.018925962969661
1232,1249,Real-World,cublas,INT8,10000,1024,3120,63897600000,0.241715,0.151245,1.598172,1.0,True,pass,,5.018925962969661
1233,1250,Real-World,cublas,FP16,1536,1536,13824,65229815808,0.25431,0.269466,0.943758,1.0,True,pass,,6.969214975833893
1233,1250,Real-World,cublas,FP32,1536,1536,13824,65229815808,3.987251,3.935744,1.013087,1.0,True,pass,,6.969214975833893
1233,1250,Real-World,cublas,INT8,1536,1536,13824,65229815808,0.225946,0.184269,1.226174,1.0,True,pass,,6.969214975833893
1234,1252,Real-World,cublas,FP16,8192,1024,4096,68719476736,0.299725,0.278682,1.07551,1.0,True,pass,,6.109117263928056
1234,1252,Real-World,cublas,FP32,8192,1024,4096,68719476736,3.891558,4.118784,0.944832,1.0,True,pass,,6.109117263928056
1234,1252,Real-World,cublas,INT8,8192,1024,4096,68719476736,0.17751,0.176845,1.003764,1.0,True,pass,,6.109117263928056
1235,1253,Real-World,cublas,FP16,8192,4096,1024,68719476736,0.27607,0.312474,0.8835,1.0,True,pass,,6.23822670429945
1235,1253,Real-World,cublas,FP32,8192,4096,1024,68719476736,3.628083,4.60585,0.787712,1.0,True,pass,,6.23822670429945
1235,1253,Real-World,cublas,INT8,8192,4096,1024,68719476736,0.221542,0.210586,1.05203,1.0,True,pass,,6.23822670429945
1236,1256,Real-World,cublas,FP16,32768,768,768,38654705664,0.184064,0.201165,0.914991,1.0,True,pass,,6.044703375548124
1236,1256,Real-World,cublas,FP32,32768,768,768,38654705664,2.084659,4.366899,0.477377,1.0,True,pass,,6.044703375548124
1236,1256,Real-World,cublas,INT8,32768,768,768,38654705664,0.145408,0.138701,1.048357,1.0,True,pass,,6.044703375548124
1237,1257,Real-World,cublas,FP16,16,2560,19760,1618739200,0.07849,0.117658,0.667102,1.0,True,pass,,6.264781141653657
1237,1257,Real-World,cublas,FP32,16,2560,19760,1618739200,0.561562,2.966681,0.18929,1.0,True,pass,,6.264781141653657
1237,1257,Real-World,cublas,INT8,16,2560,19760,1618739200,0.077312,0.134861,0.573272,1.0,True,pass,,6.264781141653657
1238,1258,Real-World,cublas,FP16,640,1024,30522,40005795840,0.361011,0.39977,0.903048,1.0,True,pass,,6.123009972274303
1238,1258,Real-World,cublas,FP32,640,1024,30522,40005795840,2.739456,3.172199,0.863583,1.0,True,pass,,6.123009972274303
1238,1258,Real-World,cublas,INT8,640,1024,30522,40005795840,0.012442,1.105767,0.011252,0.0,False,incorrect,Cosine similarity threshold failed,6.123009972274303
1239,1259,Real-World,cublas,FP16,4000,100,12592,10073600000,0.107418,0.127898,0.839872,1.0,True,pass,,5.9619799219071865
1239,1259,Real-World,cublas,FP32,4000,100,12592,10073600000,0.803789,2.411571,0.333305,1.0,True,pass,,5.9619799219071865
1239,1259,Real-World,cublas,INT8,4000,100,12592,10073600000,0.115507,0.103322,1.117939,1.0,True,pass,,5.9619799219071865
1240,1260,Real-World,cublas,FP16,1024,16,51200,1677721600,0.081459,0.102861,0.791936,1.0,True,pass,,6.160864200443029
1240,1260,Real-World,cublas,FP32,1024,16,51200,1677721600,0.807168,5.941965,0.135842,1.0,True,pass,,6.160864200443029
1240,1260,Real-World,cublas,INT8,1024,16,51200,1677721600,0.292762,0.363776,0.804785,1.0,True,pass,,6.160864200443029
1241,1261,Real-World,cublas,FP16,199,2560,19760,20133068800,0.445747,0.155904,2.859113,1.0,True,pass,,6.289184687659144
1241,1261,Real-World,cublas,FP32,199,2560,19760,20133068800,1.337037,3.678976,0.363426,1.0,True,pass,,6.289184687659144
1241,1261,Real-World,cublas,INT8,199,2560,19760,20133068800,,,,,False,missing,Running INT8...Error benchmarking size 199x2560x19760: std::exception,6.289184687659144
1242,1265,Real-World,cublas,FP16,40960,768,768,48318382080,0.220826,0.229376,0.962723,1.0,True,pass,,6.016565378755331
1242,1265,Real-World,cublas,FP32,40960,768,768,48318382080,2.663168,5.495911,0.484573,1.0,True,pass,,6.016565378755331
1242,1265,Real-World,cublas,INT8,40960,768,768,48318382080,0.17623,0.171725,1.026237,1.0,True,pass,,6.016565378755331
1243,1266,Real-World,cublas,FP16,1280,768,30528,60020490240,0.26793,0.286669,0.934631,1.0,True,pass,,6.8749509528279305
1243,1266,Real-World,cublas,FP32,1280,768,30528,60020490240,3.359949,4.720897,0.711718,1.0,True,pass,,6.8749509528279305
1243,1266,Real-World,cublas,INT8,1280,768,30528,60020490240,0.250726,0.262298,0.955885,1.0,True,pass,,6.8749509528279305
1244,1267,Real-World,cublas,FP16,16384,3072,768,77309411328,0.332954,0.362547,0.918373,1.0,True,pass,,7.506804417818785
1244,1267,Real-World,cublas,FP32,16384,3072,768,77309411328,4.135732,8.771585,0.471492,1.0,True,pass,,7.506804417818785
1244,1267,Real-World,cublas,INT8,16384,3072,768,77309411328,0.259789,0.247859,1.048131,1.0,True,pass,,7.506804417818785
1245,1268,Real-World,cublas,FP16,16384,768,3072,77309411328,0.321178,0.322509,0.995872,1.0,True,pass,,8.06645011343062
1245,1268,Real-World,cublas,FP32,16384,768,3072,77309411328,4.550963,8.765286,0.519203,1.0,True,pass,,8.06645011343062
1245,1268,Real-World,cublas,INT8,16384,768,3072,77309411328,0.208947,0.193946,1.077349,1.0,True,pass,,8.06645011343062
1246,1269,Real-World,cublas,FP16,16000,1024,3120,102236160000,0.404582,0.413389,0.978697,1.0,True,pass,,8.301003756001592
1246,1269,Real-World,cublas,FP32,16000,1024,3120,102236160000,5.584282,11.173582,0.499775,1.0,True,pass,,8.301003756001592
1246,1269,Real-World,cublas,INT8,16000,1024,3120,102236160000,0.36864,0.243405,1.514514,1.0,True,pass,,8.301003756001592
1247,1270,Real-World,cublas,FP16,1280,1024,30528,80027320320,0.50135,0.382618,1.310317,1.0,True,pass,,8.41755298897624
1247,1270,Real-World,cublas,FP32,1280,1024,30528,80027320320,4.995124,6.538496,0.763956,1.0,True,pass,,8.41755298897624
1247,1270,Real-World,cublas,INT8,1280,1024,30528,80027320320,0.274381,0.476826,0.575432,1.0,True,pass,,8.41755298897624
1248,1271,Real-World,cublas,FP16,20480,768,3072,96636764160,0.360243,0.364032,0.989592,1.0,True,pass,,9.967043153941631
1248,1271,Real-World,cublas,FP32,20480,768,3072,96636764160,5.196288,11.083059,0.46885,1.0,True,pass,,9.967043153941631
1248,1271,Real-World,cublas,INT8,20480,768,3072,96636764160,0.252826,0.231578,1.091753,1.0,True,pass,,9.967043153941631
1249,1272,Real-World,cublas,FP16,20480,3072,768,96636764160,0.411853,0.442982,0.929727,1.0,True,pass,,8.255363922566175
1249,1272,Real-World,cublas,FP32,20480,3072,768,96636764160,5.247386,12.224768,0.429242,1.0,True,pass,,8.255363922566175
1249,1272,Real-World,cublas,INT8,20480,3072,768,96636764160,0.324506,0.307046,1.056862,1.0,True,pass,,8.255363922566175
1250,1273,Real-World,cublas,FP16,1216,768,40560,75756994560,0.353843,0.386048,0.916578,1.0,True,pass,,9.979823846369982
1250,1273,Real-World,cublas,FP32,1216,768,40560,75756994560,6.659481,52.467094,0.126927,1.0,True,pass,,9.979823846369982
1250,1273,Real-World,cublas,INT8,1216,768,40560,75756994560,0.564838,0.417178,1.353952,1.0,True,pass,,9.979823846369982
1251,1276,Real-World,cublas,FP16,16,4096,25088,3288334336,0.141005,0.154573,0.912223,1.0,True,pass,,12.864347593858838
1251,1276,Real-World,cublas,FP32,16,4096,25088,3288334336,0.458035,3.682867,0.124369,1.0,True,pass,,12.864347593858838
1251,1276,Real-World,cublas,INT8,16,4096,25088,3288334336,0.094976,0.162918,0.582967,1.0,True,pass,,12.864347593858838
1252,1277,Real-World,cublas,FP16,32,4096,25088,6576668672,0.143616,0.216474,0.663434,1.0,True,pass,,14.250055054202676
1252,1277,Real-World,cublas,FP32,32,4096,25088,6576668672,0.498944,5.885183,0.08478,1.0,True,pass,,14.250055054202676
1252,1277,Real-World,cublas,INT8,32,4096,25088,6576668672,0.096461,0.164352,0.586916,1.0,True,pass,,14.250055054202676
1253,1278,Real-World,cublas,FP16,79,4096,25088,16236150784,0.435917,0.156928,2.777814,1.0,True,pass,,14.15986960195005
1253,1278,Real-World,cublas,FP32,79,4096,25088,16236150784,1.190503,4.651315,0.25595,1.0,True,pass,,14.15986960195005
1253,1278,Real-World,cublas,INT8,79,4096,25088,16236150784,,,,,False,missing,Running INT8...Error benchmarking size 79x4096x25088: std::exception,14.15986960195005
1254,1281,Real-World,cublas,FP16,32768,768,3072,154618822656,0.587981,0.621517,0.946042,1.0,True,pass,,13.60796825028956
1254,1281,Real-World,cublas,FP32,32768,768,3072,154618822656,8.527514,17.519819,0.486735,1.0,True,pass,,13.60796825028956
1254,1281,Real-World,cublas,INT8,32768,768,3072,154618822656,0.391578,0.362291,1.080837,1.0,True,pass,,13.60796825028956
1255,1282,Real-World,cublas,FP16,32768,3072,768,154618822656,0.641075,0.706304,0.907648,1.0,True,pass,,13.857429321855307
1255,1282,Real-World,cublas,FP32,32768,3072,768,154618822656,8.350617,17.739315,0.470741,1.0,True,pass,,13.857429321855307
1255,1282,Real-World,cublas,INT8,32768,3072,768,154618822656,0.491418,0.479949,1.023896,1.0,True,pass,,13.857429321855307
1256,1285,Real-World,cublas,FP16,40960,768,3072,193273528320,0.715469,0.713779,1.002367,1.0,True,pass,,16.171425180509686
1256,1285,Real-World,cublas,FP32,40960,768,3072,193273528320,10.5109,22.046209,0.476767,1.0,True,pass,,16.171425180509686
1256,1285,Real-World,cublas,INT8,40960,768,3072,193273528320,0.48256,0.415027,1.162719,1.0,True,pass,,16.171425180509686
1257,1286,Real-World,cublas,FP16,40960,3072,768,193273528320,0.797901,0.887142,0.899405,1.0,True,pass,,16.096354531124234
1257,1286,Real-World,cublas,FP32,40960,3072,768,193273528320,10.310348,21.794817,0.473064,1.0,True,pass,,16.096354531124234
1257,1286,Real-World,cublas,INT8,40960,3072,768,193273528320,0.60841,0.586854,1.03673,1.0,True,pass,,16.096354531124234
1258,1289,Real-World,cublas,FP16,5124,700,2048,14691532800,0.146278,0.075366,1.940896,1.0,True,pass,,2.9656294248998165
1258,1289,Real-World,cublas,FP32,5124,700,2048,14691532800,0.955033,0.87721,1.088717,1.0,True,pass,,2.9656294248998165
1258,1289,Real-World,cublas,INT8,5124,700,2048,14691532800,0.174234,0.060314,2.888794,1.0,True,pass,,2.9656294248998165
1259,1290,Real-World,cublas,FP16,35,700,2048,100352000,0.022067,0.020531,1.074813,1.0,True,pass,,2.0407462120056152
1259,1290,Real-World,cublas,FP32,35,700,2048,100352000,0.030925,0.184166,0.167918,1.0,True,pass,,2.0407462120056152
1259,1290,Real-World,cublas,INT8,35,700,2048,100352000,,,,,False,missing,Running INT8...Error benchmarking size 35x700x2048: std::exception,2.0407462120056152
1260,1291,Real-World,cublas,FP16,5124,700,2560,18364416000,0.181402,0.088832,2.042075,1.0,True,pass,,3.5578234307467937
1260,1291,Real-World,cublas,FP32,5124,700,2560,18364416000,1.159783,1.529958,0.758048,1.0,True,pass,,3.5578234307467937
1260,1291,Real-World,cublas,INT8,5124,700,2560,18364416000,0.22953,0.067021,3.424751,1.0,True,pass,,3.5578234307467937
1261,1292,Real-World,cublas,FP16,35,700,2560,125440000,0.030413,0.027494,1.106145,1.0,True,pass,,1.9381808582693338
1261,1292,Real-World,cublas,FP32,35,700,2560,125440000,0.035277,0.128102,0.27538,1.0,True,pass,,1.9381808582693338
1261,1292,Real-World,cublas,INT8,35,700,2560,125440000,,,,,False,missing,Running INT8...Error benchmarking size 35x700x2560: std::exception,1.9381808582693338
1262,1293,Real-World,cublas,FP16,5124,1500,2048,31481856000,0.248013,0.13184,1.881165,1.0,True,pass,,4.148881686851382
1262,1293,Real-World,cublas,FP32,5124,1500,2048,31481856000,1.922151,1.742336,1.103203,1.0,True,pass,,4.148881686851382
1262,1293,Real-World,cublas,INT8,5124,1500,2048,31481856000,0.184883,0.101683,1.818228,1.0,True,pass,,4.148881686851382
1263,1294,Real-World,cublas,FP16,35,1500,2048,215040000,0.032563,0.021658,1.503546,1.0,True,pass,,2.1799926571547985
1263,1294,Real-World,cublas,FP32,35,1500,2048,215040000,0.050074,0.159539,0.313864,1.0,True,pass,,2.1799926571547985
1263,1294,Real-World,cublas,INT8,35,1500,2048,215040000,,,,,False,missing,Running INT8...Error benchmarking size 35x1500x2048: std::exception,2.1799926571547985
1264,1295,Real-World,cublas,FP16,5124,1500,2560,39352320000,0.309555,0.163942,1.888194,1.0,True,pass,,4.138519270345569
1264,1295,Real-World,cublas,FP32,5124,1500,2560,39352320000,4.339916,5.048832,0.859588,1.0,True,pass,,4.138519270345569
1264,1295,Real-World,cublas,INT8,5124,1500,2560,39352320000,0.235571,0.110592,2.130093,1.0,True,pass,,4.138519270345569
1265,1296,Real-World,cublas,FP16,35,1500,2560,268800000,0.038144,0.022989,1.659243,1.0,True,pass,,2.2702829837799072
1265,1296,Real-World,cublas,FP32,35,1500,2560,268800000,0.058573,0.153088,0.382609,1.0,True,pass,,2.2702829837799072
1265,1296,Real-World,cublas,INT8,35,1500,2560,268800000,,,,,False,missing,Running INT8...Error benchmarking size 35x1500x2560: std::exception,2.2702829837799072
1266,1297,Real-World,cublas,FP16,7680,1,2560,39321600,0.043827,0.038349,1.142857,1.0,True,pass,,4.090450331568718
1266,1297,Real-World,cublas,FP32,7680,1,2560,39321600,0.067328,0.225894,0.298051,1.0,True,pass,,4.090450331568718
1266,1297,Real-World,cublas,INT8,7680,1,2560,39321600,0.050534,0.017971,2.811966,1.0,True,pass,,4.090450331568718
1267,1298,Real-World,cublas,FP16,7680,2,2560,78643200,0.04265,0.039168,1.088889,1.0,True,pass,,3.7230733297765255
1267,1298,Real-World,cublas,FP32,7680,2,2560,78643200,0.101734,0.22272,0.456782,1.0,True,pass,,3.7230733297765255
1267,1298,Real-World,cublas,INT8,7680,2,2560,78643200,0.040448,0.017869,2.26361,1.0,True,pass,,3.7230733297765255
1268,1299,DeepBench,cublas,FP16,7680,4,2560,157286400,0.036045,0.037683,0.956522,1.0,True,pass,,4.300024643540382
1268,1299,DeepBench,cublas,FP32,7680,4,2560,157286400,0.10327,0.223078,0.462933,1.0,True,pass,,4.300024643540382
1268,1299,DeepBench,cublas,INT8,7680,4,2560,157286400,0.037325,0.01833,2.036313,1.0,True,pass,,4.300024643540382
1269,1300,DeepBench,cublas,FP16,3072,1,1024,6291456,0.013875,0.01495,0.928082,1.0,True,pass,,2.0012570191174746
1269,1300,DeepBench,cublas,FP32,3072,1,1024,6291456,0.012442,0.073779,0.168633,1.0,True,pass,,2.0012570191174746
1269,1300,DeepBench,cublas,INT8,3072,1,1024,6291456,0.015002,0.015616,0.960656,1.0,True,pass,,2.0012570191174746
1270,1301,DeepBench,cublas,FP16,3072,2,1024,12582912,0.01408,0.01495,0.941781,1.0,True,pass,,2.129805164411664
1270,1301,DeepBench,cublas,FP32,3072,2,1024,12582912,0.023706,0.077619,0.305409,1.0,True,pass,,2.129805164411664
1270,1301,DeepBench,cublas,INT8,3072,2,1024,12582912,0.014746,0.012339,1.195021,1.0,True,pass,,2.129805164411664
1271,1302,DeepBench,cublas,FP16,3072,4,1024,25165824,0.014131,0.015104,0.935593,1.0,True,pass,,1.0366795659065247
1271,1302,DeepBench,cublas,FP32,3072,4,1024,25165824,0.01664,0.074086,0.224603,1.0,True,pass,,1.0366795659065247
1271,1302,DeepBench,cublas,INT8,3072,4,1024,25165824,0.012339,0.012851,0.960159,1.0,True,pass,,1.0366795659065247
1272,1303,DeepBench,cublas,FP16,64,1,1216,155648,0.013875,0.015104,0.918644,1.0,True,pass,,1.8592738136649132
1272,1303,DeepBench,cublas,FP32,64,1,1216,155648,0.012954,0.108032,0.119905,1.0,True,pass,,1.8592738136649132
1272,1303,DeepBench,cublas,INT8,64,1,1216,155648,0.014029,0.014234,0.985611,1.0,True,pass,,1.8592738136649132
1273,1304,DeepBench,cublas,FP16,512,1,500000,512000000,0.337715,0.430336,0.784771,nan,False,incorrect,Cosine similarity threshold failed,26.77724746800959
1273,1304,DeepBench,cublas,FP32,512,1,500000,512000000,0.646502,91.165497,0.007092,1.0,True,pass,,26.77724746800959
1273,1304,DeepBench,cublas,INT8,512,1,500000,512000000,4.821965,1.055642,4.567806,1.0,True,pass,,26.77724746800959
1274,1305,DeepBench,cublas,FP16,1024,1,500000,1024000000,0.64809,0.690227,0.938951,nan,False,incorrect,Cosine similarity threshold failed,50.35387643612921
1274,1305,DeepBench,cublas,FP32,1024,1,500000,1024000000,1.302835,82.145996,0.01586,1.0,True,pass,,50.35387643612921
1274,1305,DeepBench,cublas,INT8,1024,1,500000,1024000000,3.775539,1.062042,3.554983,1.0,True,pass,,50.35387643612921
1275,1306,DeepBench,cublas,FP16,512,2,500000,1024000000,0.331315,0.430336,0.769899,0.99999999,True,pass,,26.554319702088833
1275,1306,DeepBench,cublas,FP32,512,2,500000,1024000000,1.272627,72.772194,0.017488,1.0,True,pass,,26.554319702088833
1275,1306,DeepBench,cublas,INT8,512,2,500000,1024000000,4.527462,2.763776,1.638144,1.0,True,pass,,26.554319702088833
1276,1307,DeepBench,cublas,FP16,1024,2,500000,2048000000,0.659763,0.715878,0.921613,0.99999973,True,pass,,52.0921466909349
1276,1307,DeepBench,cublas,FP32,1024,2,500000,2048000000,4.588851,75.707649,0.060613,1.0,True,pass,,52.0921466909349
1276,1307,DeepBench,cublas,INT8,1024,2,500000,2048000000,4.35881,3.044711,1.431601,1.0,True,pass,,52.0921466909349
1277,1308,DeepBench,cublas,FP16,512,4,500000,2048000000,0.356966,2.308403,0.154638,0.99999999,True,pass,,27.433414738625288
1277,1308,DeepBench,cublas,FP32,512,4,500000,2048000000,1.251584,80.690414,0.015511,1.0,True,pass,,27.433414738625288
1277,1308,DeepBench,cublas,INT8,512,4,500000,2048000000,4.608205,1.036339,4.446618,1.0,True,pass,,27.433414738625288
1278,1309,DeepBench,cublas,FP16,1024,4,500000,4096000000,0.651674,0.694886,0.937813,0.99999969,True,pass,,51.18151378631592
1278,1309,DeepBench,cublas,FP32,1024,4,500000,4096000000,2.361344,80.876816,0.029197,1.0,True,pass,,51.18151378631592
1278,1309,DeepBench,cublas,INT8,1024,4,500000,4096000000,2.583245,1.084416,2.382153,1.0,True,pass,,51.18151378631592
1279,1310,DeepBench,cublas,FP16,1024,700,512,734003200,0.015258,0.018381,0.830084,1.0,True,pass,,0.9923688303679228
1279,1310,DeepBench,cublas,FP32,1024,700,512,734003200,0.06144,0.076237,0.80591,1.0,True,pass,,0.9923688303679228
1279,1310,DeepBench,cublas,INT8,1024,700,512,734003200,0.014541,0.011571,1.256637,1.0,True,pass,,0.9923688303679228
1280,1311,DeepBench,cublas,FP16,7680,1500,2560,58982400000,0.261786,0.235571,1.11128,1.0,True,pass,,6.206117844209075
1280,1311,DeepBench,cublas,FP32,7680,1500,2560,58982400000,4.516403,4.697497,0.961449,1.0,True,pass,,6.206117844209075
1280,1311,DeepBench,cublas,INT8,7680,1500,2560,58982400000,0.160358,0.149709,1.071136,1.0,True,pass,,6.206117844209075
1281,1312,DeepBench,cublas,FP16,6144,1500,2048,37748736000,0.170854,0.17024,1.003609,1.0,True,pass,,5.507643351331353
1281,1312,DeepBench,cublas,FP32,6144,1500,2048,37748736000,2.115789,2.172211,0.974025,1.0,True,pass,,5.507643351331353
1281,1312,DeepBench,cublas,INT8,6144,1500,2048,37748736000,0.11561,0.111616,1.03578,1.0,True,pass,,5.507643351331353
1282,1313,DeepBench,cublas,FP16,4608,1500,1536,21233664000,0.09303,0.096154,0.967518,1.0,True,pass,,4.199746500700712
1282,1313,DeepBench,cublas,FP32,4608,1500,1536,21233664000,1.165312,1.205965,0.96629,1.0,True,pass,,4.199746500700712
1282,1313,DeepBench,cublas,INT8,4608,1500,1536,21233664000,0.077056,0.068557,1.123973,1.0,True,pass,,4.199746500700712
1283,1314,DeepBench,cublas,FP16,8448,1500,2816,71368704000,0.295117,0.299571,0.985131,1.0,True,pass,,5.286930195987225
1283,1314,DeepBench,cublas,FP32,8448,1500,2816,71368704000,5.205657,7.989863,0.651533,1.0,True,pass,,5.286930195987225
1283,1314,DeepBench,cublas,INT8,8448,1500,2816,71368704000,0.205414,0.175309,1.171729,1.0,True,pass,,5.286930195987225
1284,1315,DeepBench,cublas,FP16,3072,1500,1024,9437184000,0.052685,0.054682,0.963483,1.0,True,pass,,3.3292088266462088
1284,1315,DeepBench,cublas,FP32,3072,1500,1024,9437184000,0.572262,0.685978,0.834229,1.0,True,pass,,3.3292088266462088
1284,1315,DeepBench,cublas,INT8,3072,1500,1024,9437184000,0.041011,0.041574,0.986453,1.0,True,pass,,3.3292088266462088
1285,1316,DeepBench,cublas,FP16,7680,3000,2560,117964800000,0.553882,0.455987,1.214687,1.0,True,pass,,6.510469110682607
1285,1316,DeepBench,cublas,FP32,7680,3000,2560,117964800000,9.005005,14.76178,0.610022,1.0,True,pass,,6.510469110682607
1285,1316,DeepBench,cublas,INT8,7680,3000,2560,117964800000,0.302387,0.276992,1.091682,1.0,True,pass,,6.510469110682607
1286,1317,DeepBench,cublas,FP16,6144,3000,2048,75497472000,0.301466,0.31488,0.957398,1.0,True,pass,,4.862728072330356
1286,1317,DeepBench,cublas,FP32,6144,3000,2048,75497472000,5.106227,4.965324,1.028377,1.0,True,pass,,4.862728072330356
1286,1317,DeepBench,cublas,INT8,6144,3000,2048,75497472000,0.203315,0.199987,1.016641,1.0,True,pass,,4.862728072330356
1287,1318,DeepBench,cublas,FP16,4608,3000,1536,42467328000,0.176998,0.181862,0.973255,1.0,True,pass,,5.336776128038764
1287,1318,DeepBench,cublas,FP32,4608,3000,1536,42467328000,2.300416,2.390221,0.962428,1.0,True,pass,,5.336776128038764
1287,1318,DeepBench,cublas,INT8,4608,3000,1536,42467328000,0.130099,0.117043,1.111549,1.0,True,pass,,5.336776128038764
1288,1319,DeepBench,cublas,FP16,8448,3000,2816,142737408000,0.638054,0.574669,1.110299,1.0,True,pass,,6.507904527708888
1288,1319,DeepBench,cublas,FP32,8448,3000,2816,142737408000,13.393511,15.744153,0.850697,1.0,True,pass,,6.507904527708888
1288,1319,DeepBench,cublas,INT8,8448,3000,2816,142737408000,0.38359,0.344218,1.114383,1.0,True,pass,,6.507904527708888
1289,1320,DeepBench,cublas,FP16,3072,3000,1024,18874368000,0.09769,0.103475,0.944087,1.0,True,pass,,4.078045709058642
1289,1320,DeepBench,cublas,FP32,3072,3000,1024,18874368000,1.083597,1.285683,0.842818,1.0,True,pass,,4.078045709058642
1289,1320,DeepBench,cublas,INT8,3072,3000,1024,18874368000,0.076646,0.074086,1.034554,1.0,True,pass,,4.078045709058642
1290,1321,DeepBench,cublas,FP16,7680,6000,2560,235929600000,1.050368,0.910541,1.153565,1.0,True,pass,,8.716499282047153
1290,1321,DeepBench,cublas,FP32,7680,6000,2560,235929600000,21.523916,29.693903,0.72486,1.0,True,pass,,8.716499282047153
1290,1321,DeepBench,cublas,INT8,7680,6000,2560,235929600000,0.594688,0.560691,1.060634,1.0,True,pass,,8.716499282047153
1291,1322,DeepBench,cublas,FP16,6144,6000,2048,150994944000,0.59991,0.604314,0.992714,1.0,True,pass,,10.257641490548849
1291,1322,DeepBench,cublas,FP32,6144,6000,2048,150994944000,9.912115,12.197837,0.812613,1.0,True,pass,,10.257641490548849
1291,1322,DeepBench,cublas,INT8,6144,6000,2048,150994944000,0.39465,0.360448,1.094886,1.0,True,pass,,10.257641490548849
1292,1323,DeepBench,cublas,FP16,4608,6000,1536,84934656000,0.344576,0.351027,0.981622,1.0,True,pass,,6.067035583779216
1292,1323,DeepBench,cublas,FP32,4608,6000,1536,84934656000,5.334221,7.762996,0.687134,1.0,True,pass,,6.067035583779216
1292,1323,DeepBench,cublas,INT8,4608,6000,1536,84934656000,0.252774,0.22953,1.101271,1.0,True,pass,,6.067035583779216
1293,1324,DeepBench,cublas,FP16,8448,6000,2816,285474816000,1.206016,1.093171,1.103227,1.0,True,pass,,10.917045345529914
1293,1324,DeepBench,cublas,FP32,8448,6000,2816,285474816000,26.193253,35.501778,0.737801,1.0,True,pass,,10.917045345529914
1293,1324,DeepBench,cublas,INT8,8448,6000,2816,285474816000,0.742656,0.653773,1.135954,1.0,True,pass,,10.917045345529914
1294,1325,DeepBench,cublas,FP16,3072,6000,1024,37748736000,0.161024,0.17792,0.905036,1.0,True,pass,,4.914694312959909
1294,1325,DeepBench,cublas,FP32,3072,6000,1024,37748736000,2.014464,5.054721,0.398531,1.0,True,pass,,4.914694312959909
1294,1325,DeepBench,cublas,INT8,3072,6000,1024,37748736000,0.136141,0.129434,1.05182,1.0,True,pass,,4.914694312959909
1295,1326,DeepBench,cublas,FP16,6144,1,2048,25165824,0.0192,0.024166,0.794491,1.0,True,pass,,3.7109609842300415
1295,1326,DeepBench,cublas,FP32,6144,1,2048,25165824,0.05463,0.239514,0.228089,1.0,True,pass,,3.7109609842300415
1295,1326,DeepBench,cublas,INT8,6144,1,2048,25165824,0.033485,0.033024,1.013954,1.0,True,pass,,3.7109609842300415
1296,1327,DeepBench,cublas,FP16,4608,1,1536,14155776,0.016538,0.018688,0.884932,1.0,True,pass,,2.3437965251505375
1296,1327,DeepBench,cublas,FP32,4608,1,1536,14155776,0.017306,0.055347,0.312673,1.0,True,pass,,2.3437965251505375
1296,1327,DeepBench,cublas,INT8,4608,1,1536,14155776,0.017254,0.014848,1.162069,1.0,True,pass,,2.3437965251505375
1297,1328,DeepBench,cublas,FP16,8448,1,2816,47579136,0.044442,0.049152,0.904166,1.0,True,pass,,4.352843703702092
1297,1328,DeepBench,cublas,FP32,8448,1,2816,47579136,0.073984,0.31529,0.234654,1.0,True,pass,,4.352843703702092
1297,1328,DeepBench,cublas,INT8,8448,1,2816,47579136,0.036096,0.019251,1.875,1.0,True,pass,,4.352843703702092
1298,1329,DeepBench,cublas,FP16,6144,2,2048,50331648,0.022938,0.024474,0.937238,1.0,True,pass,,3.880375362932682
1298,1329,DeepBench,cublas,FP32,6144,2,2048,50331648,0.081101,0.245248,0.330689,1.0,True,pass,,3.880375362932682
1298,1329,DeepBench,cublas,INT8,6144,2,2048,50331648,0.021197,0.017459,1.214076,1.0,True,pass,,3.880375362932682
1299,1330,DeepBench,cublas,FP16,4608,2,1536,28311552,0.017869,0.018586,0.961433,1.0,True,pass,,2.3577680718153715
1299,1330,DeepBench,cublas,FP32,4608,2,1536,28311552,0.048691,0.06313,0.77129,1.0,True,pass,,2.3577680718153715
1299,1330,DeepBench,cublas,INT8,4608,2,1536,28311552,0.017613,0.014541,1.211268,1.0,True,pass,,2.3577680718153715
1300,1331,DeepBench,cublas,FP16,8448,2,2816,95158272,0.047411,0.044851,1.057078,1.0,True,pass,,5.54640351049602
1300,1331,DeepBench,cublas,FP32,8448,2,2816,95158272,0.131584,0.31872,0.412852,1.0,True,pass,,5.54640351049602
1300,1331,DeepBench,cublas,INT8,8448,2,2816,95158272,0.064205,0.025856,2.483169,1.0,True,pass,,5.54640351049602
1301,1332,DeepBench,cublas,FP16,6144,4,2048,100663296,0.024986,0.02519,0.99187,1.0,True,pass,,2.884356215596199
1301,1332,DeepBench,cublas,FP32,6144,4,2048,100663296,0.079616,0.23721,0.335636,1.0,True,pass,,2.884356215596199
1301,1332,DeepBench,cublas,INT8,6144,4,2048,100663296,0.024115,0.020122,1.198473,1.0,True,pass,,2.884356215596199
1302,1333,DeepBench,cublas,FP16,4608,4,1536,56623104,0.01879,0.01833,1.02514,1.0,True,pass,,3.5461469255387783
1302,1333,DeepBench,cublas,FP32,4608,4,1536,56623104,0.04736,0.063795,0.742376,1.0,True,pass,,3.5461469255387783
1302,1333,DeepBench,cublas,INT8,4608,4,1536,56623104,0.018176,0.015155,1.199324,1.0,True,pass,,3.5461469255387783
1303,1334,DeepBench,cublas,FP16,8448,4,2816,190316544,0.042496,0.04439,0.957324,1.0,True,pass,,4.394538413733244
1303,1334,DeepBench,cublas,FP32,8448,4,2816,190316544,0.124621,0.313754,0.397193,1.0,True,pass,,4.394538413733244
1303,1334,DeepBench,cublas,INT8,8448,4,2816,190316544,0.06144,0.024832,2.474227,1.0,True,pass,,4.394538413733244
1304,1335,DeepBench,cublas,FP16,128,1500,1280,491520000,0.015514,0.018534,0.837017,1.0,True,pass,,2.0705212112516165
1304,1335,DeepBench,cublas,FP32,128,1500,1280,491520000,0.051866,0.11991,0.432536,1.0,True,pass,,2.0705212112516165
1304,1335,DeepBench,cublas,INT8,128,1500,1280,491520000,0.01449,0.014592,0.992983,1.0,True,pass,,2.0705212112516165
1305,1336,DeepBench,cublas,FP16,3072,1500,128,1179648000,0.024627,0.024064,1.023404,1.0,True,pass,,2.275576027110219
1305,1336,DeepBench,cublas,FP32,3072,1500,128,1179648000,0.084019,0.085709,0.980287,1.0,True,pass,,2.275576027110219
1305,1336,DeepBench,cublas,INT8,3072,1500,128,1179648000,0.021606,0.020019,1.079284,1.0,True,pass,,2.275576027110219
1306,1337,DeepBench,cublas,FP16,128,1,1024,262144,0.009062,0.014336,0.632143,1.0,True,pass,,0.9028505329042673
1306,1337,DeepBench,cublas,FP32,128,1,1024,262144,0.012493,0.074854,0.166895,1.0,True,pass,,0.9028505329042673
1306,1337,DeepBench,cublas,INT8,128,1,1024,262144,0.026112,0.011827,2.207792,1.0,True,pass,,0.9028505329042673
1307,1338,DeepBench,cublas,FP16,3072,1,128,786432,0.008858,0.012237,0.723849,1.0,True,pass,,1.8427409082651138
1307,1338,DeepBench,cublas,FP32,3072,1,128,786432,0.009165,0.019046,0.481183,1.0,True,pass,,1.8427409082651138
1307,1338,DeepBench,cublas,INT8,3072,1,128,786432,0.013107,0.013414,0.977099,1.0,True,pass,,1.8427409082651138
1308,1339,DeepBench,cublas,FP16,176,1500,1408,743424000,0.01623,0.020326,0.798489,1.0,True,pass,,2.1597184985876083
1308,1339,DeepBench,cublas,FP32,176,1500,1408,743424000,0.079155,0.116992,0.676587,1.0,True,pass,,2.1597184985876083
1308,1339,DeepBench,cublas,INT8,176,1500,1408,743424000,0.01495,0.015155,0.986487,1.0,True,pass,,2.1597184985876083
1309,1340,DeepBench,cublas,FP16,4224,1500,176,2230272000,0.027187,0.030464,0.892437,1.0,True,pass,,2.285537613555789
1309,1340,DeepBench,cublas,FP32,4224,1500,176,2230272000,0.144947,0.189235,0.765963,1.0,True,pass,,2.285537613555789
1309,1340,DeepBench,cublas,INT8,4224,1500,176,2230272000,0.030413,0.031949,0.951923,1.0,True,pass,,2.285537613555789
1310,1341,DeepBench,cublas,FP16,128,1,1408,360448,0.011674,0.015565,0.75,1.0,True,pass,,1.8854312896728516
1310,1341,DeepBench,cublas,FP32,128,1,1408,360448,0.013056,0.128819,0.101351,1.0,True,pass,,1.8854312896728516
1310,1341,DeepBench,cublas,INT8,128,1,1408,360448,0.015002,0.01833,0.818436,1.0,True,pass,,1.8854312896728516
1311,1342,DeepBench,cublas,FP16,4224,1,128,1081344,0.013517,0.013312,1.015385,1.0,True,pass,,1.7964910790324211
1311,1342,DeepBench,cublas,FP32,4224,1,128,1081344,0.009267,0.019302,0.480106,1.0,True,pass,,1.7964910790324211
1311,1342,DeepBench,cublas,INT8,4224,1,128,1081344,0.010291,0.008806,1.168605,1.0,True,pass,,1.7964910790324211
1312,1343,DeepBench,cublas,FP16,512,1500,2816,4325376000,0.038912,0.039526,0.984456,1.0,True,pass,,2.4836695045232773
1312,1343,DeepBench,cublas,FP32,512,1500,2816,4325376000,0.263168,0.426189,0.617492,1.0,True,pass,,2.4836695045232773
1312,1343,DeepBench,cublas,INT8,512,1500,2816,4325376000,0.031437,0.024422,1.287212,1.0,True,pass,,2.4836695045232773
1313,1344,DeepBench,cublas,FP16,512,1500,2048,3145728000,0.025651,0.026163,0.980431,1.0,True,pass,,2.34234163723886
1313,1344,DeepBench,cublas,FP32,512,1500,2048,3145728000,0.227686,0.29911,0.761212,1.0,True,pass,,2.34234163723886
1313,1344,DeepBench,cublas,INT8,512,1500,2048,3145728000,0.019302,0.023296,0.828571,1.0,True,pass,,2.34234163723886
1314,1345,DeepBench,cublas,FP16,512,1500,2560,3932160000,0.035789,0.037478,0.954918,1.0,True,pass,,3.4440226033329964
1314,1345,DeepBench,cublas,FP32,512,1500,2560,3932160000,0.304589,0.382976,0.795321,1.0,True,pass,,3.4440226033329964
1314,1345,DeepBench,cublas,INT8,512,1500,2560,3932160000,0.039168,0.020992,1.865853,1.0,True,pass,,3.4440226033329964
1315,1346,DeepBench,cublas,FP16,512,1500,1530,2350080000,0.037683,0.04265,0.883554,1.0,True,pass,,2.2685238607227802
1315,1346,DeepBench,cublas,FP32,512,1500,1530,2350080000,0.178995,0.225946,0.792205,1.0,True,pass,,2.2685238607227802
1315,1346,DeepBench,cublas,INT8,512,1500,1530,2350080000,0.00553,0.064614,0.085578,0.0,False,incorrect,Cosine similarity threshold failed,2.2685238607227802
1316,1347,DeepBench,cublas,FP16,1024,1500,2816,8650752000,0.048026,0.058778,0.817073,1.0,True,pass,,2.6910040266811848
1316,1347,DeepBench,cublas,FP32,1024,1500,2816,8650752000,0.510925,0.713216,0.716368,1.0,True,pass,,2.6910040266811848
1316,1347,DeepBench,cublas,INT8,1024,1500,2816,8650752000,0.045466,0.030925,1.470199,1.0,True,pass,,2.6910040266811848
1317,1348,DeepBench,cublas,FP16,1024,1500,2048,6291456000,0.037325,0.042957,0.868891,1.0,True,pass,,2.5122712906450033
1317,1348,DeepBench,cublas,FP32,1024,1500,2048,6291456000,0.372736,0.449331,0.829535,1.0,True,pass,,2.5122712906450033
1317,1348,DeepBench,cublas,INT8,1024,1500,2048,6291456000,0.038605,0.028928,1.334513,1.0,True,pass,,2.5122712906450033
1318,1349,DeepBench,cublas,FP16,1024,1500,2560,7864320000,0.043213,0.049357,0.875518,1.0,True,pass,,3.565846873447299
1318,1349,DeepBench,cublas,FP32,1024,1500,2560,7864320000,0.44713,0.648653,0.68932,1.0,True,pass,,3.565846873447299
1318,1349,DeepBench,cublas,INT8,1024,1500,2560,7864320000,0.03881,0.02857,1.358423,1.0,True,pass,,3.565846873447299
1319,1350,DeepBench,cublas,FP16,1024,1500,1530,4700160000,0.051149,0.080998,0.631479,1.0,True,pass,,2.337556032463908
1319,1350,DeepBench,cublas,FP32,1024,1500,1530,4700160000,0.283494,0.336896,0.841489,1.0,True,pass,,2.337556032463908
1319,1350,DeepBench,cublas,INT8,1024,1500,1530,4700160000,0.003072,0.066099,0.046476,0.0,False,incorrect,Cosine similarity threshold failed,2.337556032463908
1320,1351,DeepBench,cublas,FP16,512,1,512,524288,0.010138,0.013107,0.773438,1.0,True,pass,,1.6181098129600286
1320,1351,DeepBench,cublas,FP32,512,1,512,524288,0.009216,0.020173,0.456853,1.0,True,pass,,1.6181098129600286
1320,1351,DeepBench,cublas,INT8,512,1,512,524288,0.014797,0.015514,0.953795,1.0,True,pass,,1.6181098129600286
1321,1352,DeepBench,cublas,FP16,1024,1,512,1048576,0.008653,0.014182,0.610108,1.0,True,pass,,0.918245242908597
1321,1352,DeepBench,cublas,FP32,1024,1,512,1048576,0.009677,0.019917,0.485861,1.0,True,pass,,0.918245242908597
1321,1352,DeepBench,cublas,INT8,1024,1,512,1048576,0.013722,0.015206,0.902357,1.0,True,pass,,0.918245242908597
1322,1353,DeepBench,cublas,FP16,512,3000,2816,8650752000,0.051251,0.045978,1.114699,1.0,True,pass,,3.6459609773010015
1322,1353,DeepBench,cublas,FP32,512,3000,2816,8650752000,0.506419,0.718131,0.70519,1.0,True,pass,,3.6459609773010015
1322,1353,DeepBench,cublas,INT8,512,3000,2816,8650752000,0.046387,0.030822,1.504984,1.0,True,pass,,3.6459609773010015
1323,1354,DeepBench,cublas,FP16,512,3000,2048,6291456000,0.041523,0.042957,0.966627,1.0,True,pass,,2.7375390958040953
1323,1354,DeepBench,cublas,FP32,512,3000,2048,6291456000,0.405043,0.444672,0.910881,1.0,True,pass,,2.7375390958040953
1323,1354,DeepBench,cublas,INT8,512,3000,2048,6291456000,0.037069,0.027238,1.360902,1.0,True,pass,,2.7375390958040953
1324,1355,DeepBench,cublas,FP16,512,3000,2560,7864320000,0.049203,0.048538,1.013713,1.0,True,pass,,3.593164147809148
1324,1355,DeepBench,cublas,FP32,512,3000,2560,7864320000,0.491008,0.6528,0.752157,1.0,True,pass,,3.593164147809148
1324,1355,DeepBench,cublas,INT8,512,3000,2560,7864320000,0.041165,0.029286,1.405594,1.0,True,pass,,3.593164147809148
1325,1356,DeepBench,cublas,FP16,512,3000,1530,4700160000,0.062464,0.07936,0.787097,1.0,True,pass,,2.3885975517332554
1325,1356,DeepBench,cublas,FP32,512,3000,1530,4700160000,0.307507,0.335309,0.917087,1.0,True,pass,,2.3885975517332554
1325,1356,DeepBench,cublas,INT8,512,3000,1530,4700160000,0.010342,0.064102,0.161342,0.0,False,incorrect,Cosine similarity threshold failed,2.3885975517332554
1326,1357,DeepBench,cublas,FP16,1024,3000,2816,17301504000,0.078694,0.085709,0.91816,1.0,True,pass,,3.8972394354641438
1326,1357,DeepBench,cublas,FP32,1024,3000,2816,17301504000,0.936755,1.404723,0.666861,1.0,True,pass,,3.8972394354641438
1326,1357,DeepBench,cublas,INT8,1024,3000,2816,17301504000,0.062822,0.049818,1.261048,1.0,True,pass,,3.8972394354641438
1327,1358,DeepBench,cublas,FP16,1024,3000,2048,12582912000,0.063539,0.068147,0.932382,1.0,True,pass,,2.5798740461468697
1327,1358,DeepBench,cublas,FP32,1024,3000,2048,12582912000,0.699341,0.747725,0.935292,1.0,True,pass,,2.5798740461468697
1327,1358,DeepBench,cublas,INT8,1024,3000,2048,12582912000,0.049357,0.041472,1.190124,1.0,True,pass,,2.5798740461468697
1328,1359,DeepBench,cublas,FP16,1024,3000,2560,15728640000,0.073318,0.074291,0.986905,1.0,True,pass,,3.4550731126219034
1328,1359,DeepBench,cublas,FP32,1024,3000,2560,15728640000,0.864102,1.275443,0.677492,1.0,True,pass,,3.4550731126219034
1328,1359,DeepBench,cublas,INT8,1024,3000,2560,15728640000,0.056218,0.049203,1.14256,1.0,True,pass,,3.4550731126219034
1329,1360,DeepBench,cublas,FP16,1024,3000,1530,9400320000,0.082074,0.077722,1.055995,1.0,True,pass,,2.506078530102968
1329,1360,DeepBench,cublas,FP32,1024,3000,1530,9400320000,0.527155,0.570419,0.924154,1.0,True,pass,,2.506078530102968
1329,1360,DeepBench,cublas,INT8,1024,3000,1530,9400320000,0.01065,0.103731,0.102665,0.0,False,incorrect,Cosine similarity threshold failed,2.506078530102968
1330,1361,DeepBench,cublas,FP16,512,2,512,1048576,0.013619,0.013414,1.015267,1.0,True,pass,,1.7885676622390747
1330,1361,DeepBench,cublas,FP32,512,2,512,1048576,0.011059,0.019968,0.553846,1.0,True,pass,,1.7885676622390747
1330,1361,DeepBench,cublas,INT8,512,2,512,1048576,0.013312,0.015155,0.878378,1.0,True,pass,,1.7885676622390747
1331,1362,DeepBench,cublas,FP16,1024,2,512,2097152,0.012032,0.016179,0.743671,1.0,True,pass,,1.6614097245037556
1331,1362,DeepBench,cublas,FP32,1024,2,512,2097152,0.012442,0.020582,0.604477,1.0,True,pass,,1.6614097245037556
1331,1362,DeepBench,cublas,INT8,1024,2,512,2097152,0.010035,0.01065,0.942308,1.0,True,pass,,1.6614097245037556
1332,1363,DeepBench,cublas,FP16,512,6000,2816,17301504000,0.10112,0.087091,1.161082,1.0,True,pass,,4.723950630053878
1332,1363,DeepBench,cublas,FP32,512,6000,2816,17301504000,0.951091,1.41609,0.671632,1.0,True,pass,,4.723950630053878
1332,1363,DeepBench,cublas,INT8,512,6000,2816,17301504000,0.066099,0.050176,1.317347,1.0,True,pass,,4.723950630053878
1333,1364,DeepBench,cublas,FP16,512,6000,2048,12582912000,0.063283,0.068147,0.928625,1.0,True,pass,,5.7866584453731775
1333,1364,DeepBench,cublas,FP32,512,6000,2048,12582912000,0.69545,0.746189,0.932002,1.0,True,pass,,5.7866584453731775
1333,1364,DeepBench,cublas,INT8,512,6000,2048,12582912000,0.049664,0.04224,1.175757,1.0,True,pass,,5.7866584453731775
1334,1365,DeepBench,cublas,FP16,512,6000,2560,15728640000,0.215347,0.076493,2.815262,1.0,True,pass,,4.721413807943463
1334,1365,DeepBench,cublas,FP32,512,6000,2560,15728640000,0.857395,1.282969,0.66829,1.0,True,pass,,4.721413807943463
1334,1365,DeepBench,cublas,INT8,512,6000,2560,15728640000,0.054579,0.04736,1.152433,1.0,True,pass,,4.721413807943463
1335,1366,DeepBench,cublas,FP16,512,6000,1530,9400320000,0.096051,0.083712,1.1474,1.0,True,pass,,3.807824509218335
1335,1366,DeepBench,cublas,FP32,512,6000,1530,9400320000,0.535245,0.587366,0.911262,1.0,True,pass,,3.807824509218335
1335,1366,DeepBench,cublas,INT8,512,6000,1530,9400320000,0.037939,0.103117,0.367925,0.0,False,incorrect,Cosine similarity threshold failed,3.807824509218335
1336,1367,DeepBench,cublas,FP16,1024,6000,2816,34603008000,0.151142,0.157747,0.95813,1.0,True,pass,,5.085926661267877
1336,1367,DeepBench,cublas,FP32,1024,6000,2816,34603008000,1.969613,2.835712,0.694574,1.0,True,pass,,5.085926661267877
1336,1367,DeepBench,cublas,INT8,1024,6000,2816,34603008000,0.111411,0.092928,1.198898,1.0,True,pass,,5.085926661267877
1337,1368,DeepBench,cublas,FP16,1024,6000,2048,25165824000,0.117658,0.122675,0.959099,1.0,True,pass,,6.208928933367133
1337,1368,DeepBench,cublas,FP32,1024,6000,2048,25165824000,1.455923,1.461248,0.996356,1.0,True,pass,,6.208928933367133
1337,1368,DeepBench,cublas,INT8,1024,6000,2048,25165824000,0.08576,0.079616,1.077171,1.0,True,pass,,6.208928933367133
1338,1369,DeepBench,cublas,FP16,1024,6000,2560,31457280000,0.141056,0.146227,0.964636,1.0,True,pass,,4.501291126012802
1338,1369,DeepBench,cublas,FP32,1024,6000,2560,31457280000,1.775257,2.528154,0.702195,1.0,True,pass,,4.501291126012802
1338,1369,DeepBench,cublas,INT8,1024,6000,2560,31457280000,0.097894,0.086579,1.130692,1.0,True,pass,,4.501291126012802
1339,1370,DeepBench,cublas,FP16,1024,6000,1530,18800640000,0.176384,0.160614,1.098183,1.0,True,pass,,5.185731438919902
1339,1370,DeepBench,cublas,FP32,1024,6000,1530,18800640000,1.084109,1.107968,0.978466,1.0,True,pass,,5.185731438919902
1339,1370,DeepBench,cublas,INT8,1024,6000,1530,18800640000,0.035994,0.186624,0.192867,0.0,False,incorrect,Cosine similarity threshold failed,5.185731438919902
1340,1371,DeepBench,cublas,FP16,512,4,512,2097152,0.01705,0.013875,1.228783,1.0,True,pass,,0.7863161191344261
1340,1371,DeepBench,cublas,FP32,512,4,512,2097152,0.010957,0.019968,0.548718,1.0,True,pass,,0.7863161191344261
1340,1371,DeepBench,cublas,INT8,512,4,512,2097152,0.009728,0.010547,0.92233,1.0,True,pass,,0.7863161191344261
1341,1372,DeepBench,cublas,FP16,1024,4,512,4194304,0.012288,0.015104,0.81356,1.0,True,pass,,1.9349632076919079
1341,1372,DeepBench,cublas,FP32,1024,4,512,4194304,0.015053,0.025395,0.592742,1.0,True,pass,,1.9349632076919079
1341,1372,DeepBench,cublas,INT8,1024,4,512,4194304,0.01065,0.024883,0.427984,1.0,True,pass,,1.9349632076919079
1342,1373,DeepBench,cublas,FP16,10752,1,3584,77070336,0.057958,0.060877,0.952061,1.0,True,pass,,6.655333235859871
1342,1373,DeepBench,cublas,FP32,10752,1,3584,77070336,0.111258,0.302694,0.367557,1.0,True,pass,,6.655333235859871
1342,1373,DeepBench,cublas,INT8,10752,1,3584,77070336,0.09385,0.039219,2.392951,1.0,True,pass,,6.655333235859871
1343,1374,DeepBench,cublas,FP16,10752,2,3584,154140672,0.058931,0.061133,0.963987,1.0,True,pass,,6.275546668097377
1343,1374,DeepBench,cublas,FP32,10752,2,3584,154140672,0.190208,0.29312,0.648908,1.0,True,pass,,6.275546668097377
1343,1374,DeepBench,cublas,INT8,10752,2,3584,154140672,0.084838,0.034816,2.436765,1.0,True,pass,,6.275546668097377
1344,1375,DeepBench,cublas,FP16,10752,4,3584,308281344,0.05847,0.060928,0.959664,1.0,True,pass,,6.413014093413949
1344,1375,DeepBench,cublas,FP32,10752,4,3584,308281344,0.18688,0.28887,0.646934,1.0,True,pass,,6.413014093413949
1344,1375,DeepBench,cublas,INT8,10752,4,3584,308281344,0.087245,0.034253,2.547085,1.0,True,pass,,6.413014093413949
1345,1376,DeepBench,cublas,FP16,10752,1500,3584,115605504000,0.461824,0.458906,1.006359,1.0,True,pass,,7.915050268173218
1345,1376,DeepBench,cublas,FP32,10752,1500,3584,115605504000,12.120934,21.382965,0.56685,1.0,True,pass,,7.915050268173218
1345,1376,DeepBench,cublas,INT8,10752,1500,3584,115605504000,0.296499,0.2624,1.129951,1.0,True,pass,,7.915050268173218
1346,1377,DeepBench,cublas,FP16,10752,3000,3584,231211008000,0.968755,0.913971,1.059941,1.0,True,pass,,10.118794756010175
1346,1377,DeepBench,cublas,FP32,10752,3000,3584,231211008000,14.397235,37.428688,0.384658,1.0,True,pass,,10.118794756010175
1346,1377,DeepBench,cublas,INT8,10752,3000,3584,231211008000,0.570214,0.519373,1.09789,1.0,True,pass,,10.118794756010175
1347,1378,DeepBench,cublas,FP16,10752,6000,3584,462422016000,1.859584,1.713101,1.085508,1.0,True,pass,,15.617162924259901
1347,1378,DeepBench,cublas,FP32,10752,6000,3584,462422016000,35.579594,89.219734,0.398786,1.0,True,pass,,15.617162924259901
1347,1378,DeepBench,cublas,INT8,10752,6000,3584,462422016000,1.149287,1.094707,1.049857,1.0,True,pass,,15.617162924259901
1348,1379,DeepBench,cublas,FP16,2560,16,2560,209715200,0.01879,0.021914,0.857477,1.0,True,pass,,3.2973445001989603
1348,1379,DeepBench,cublas,FP32,2560,16,2560,209715200,0.045466,0.15145,0.300203,1.0,True,pass,,3.2973445001989603
1348,1379,DeepBench,cublas,INT8,2560,16,2560,209715200,0.032973,0.024576,1.341667,1.0,True,pass,,3.2973445001989603
1349,1380,DeepBench,cublas,FP16,2560,32,2560,419430400,0.018227,0.021555,0.845606,1.0,True,pass,,2.322407891973853
1349,1380,DeepBench,cublas,FP32,2560,32,2560,419430400,0.04823,0.14336,0.336429,1.0,True,pass,,2.322407891973853
1349,1380,DeepBench,cublas,INT8,2560,32,2560,419430400,0.01705,0.020685,0.824257,1.0,True,pass,,2.322407891973853
1350,1381,DeepBench,cublas,FP16,2560,64,2560,838860800,0.026061,0.029235,0.891419,1.0,True,pass,,2.4047274440526962
1350,1381,DeepBench,cublas,FP32,2560,64,2560,838860800,0.091802,0.169523,0.541528,1.0,True,pass,,2.4047274440526962
1350,1381,DeepBench,cublas,INT8,2560,64,2560,838860800,0.019405,0.023706,0.818575,1.0,True,pass,,2.4047274440526962
1351,1382,DeepBench,cublas,FP16,2560,128,2560,1677721600,0.039066,0.022886,1.706935,1.0,True,pass,,2.381379511207342
1351,1382,DeepBench,cublas,FP32,2560,128,2560,1677721600,0.118221,0.21248,0.556385,1.0,True,pass,,2.381379511207342
1351,1382,DeepBench,cublas,INT8,2560,128,2560,1677721600,0.022323,0.023904,0.933869,1.0,True,pass,,2.381379511207342
1352,1383,DeepBench,cublas,FP16,2560,7000,2560,91750400000,0.381594,0.384102,0.993468,1.0,True,pass,,7.628455441445112
1352,1383,DeepBench,cublas,FP32,2560,7000,2560,91750400000,5.902387,12.112486,0.487298,1.0,True,pass,,7.628455441445112
1352,1383,DeepBench,cublas,INT8,2560,7000,2560,91750400000,0.242381,0.236954,1.022904,1.0,True,pass,,7.628455441445112
1353,1384,DeepBench,cublas,FP16,1760,16,1760,99123200,0.017613,0.017408,1.011765,1.0,True,pass,,2.12954219058156
1353,1384,DeepBench,cublas,FP32,1760,16,1760,99123200,0.029286,0.079104,0.370226,1.0,True,pass,,2.12954219058156
1353,1384,DeepBench,cublas,INT8,1760,16,1760,99123200,0.019405,0.016691,1.162576,1.0,True,pass,,2.12954219058156
1354,1385,DeepBench,cublas,FP16,1760,32,1760,198246400,0.018637,0.019814,0.940568,1.0,True,pass,,2.2048852499574423
1354,1385,DeepBench,cublas,FP32,1760,32,1760,198246400,0.165222,0.117658,1.404265,1.0,True,pass,,2.2048852499574423
1354,1385,DeepBench,cublas,INT8,1760,32,1760,198246400,0.014336,0.016947,0.845921,1.0,True,pass,,2.2048852499574423
1355,1386,DeepBench,cublas,FP16,1760,64,1760,396492800,0.021043,0.020275,1.037879,1.0,True,pass,,2.040951183065772
1355,1386,DeepBench,cublas,FP32,1760,64,1760,396492800,0.279808,0.087552,3.195907,1.0,True,pass,,2.040951183065772
1355,1386,DeepBench,cublas,INT8,1760,64,1760,396492800,0.016128,0.018176,0.887324,1.0,True,pass,,2.040951183065772
1356,1387,DeepBench,cublas,FP16,1760,128,1760,792985600,0.019917,0.02217,0.898384,1.0,True,pass,,2.225558042526245
1356,1387,DeepBench,cublas,FP32,1760,128,1760,792985600,0.079821,0.124723,0.639984,1.0,True,pass,,2.225558042526245
1356,1387,DeepBench,cublas,INT8,1760,128,1760,792985600,0.030464,0.032512,0.937008,1.0,True,pass,,2.225558042526245
1357,1388,DeepBench,cublas,FP16,1760,7000,1760,43366400000,0.213709,0.201728,1.059391,1.0,True,pass,,4.708961665630341
1357,1388,DeepBench,cublas,FP32,1760,7000,1760,43366400000,2.702643,3.717171,0.72707,1.0,True,pass,,4.708961665630341
1357,1388,DeepBench,cublas,INT8,1760,7000,1760,43366400000,0.130406,0.127488,1.022892,1.0,True,pass,,4.708961665630341
1358,1389,DeepBench,cublas,FP16,2048,16,2048,134217728,0.017664,0.019917,0.88689,1.0,True,pass,,2.249935368075967
1358,1389,DeepBench,cublas,FP32,2048,16,2048,134217728,0.035277,0.195635,0.180319,1.0,True,pass,,2.249935368075967
1358,1389,DeepBench,cublas,INT8,2048,16,2048,134217728,0.023245,0.016794,1.384146,1.0,True,pass,,2.249935368075967
1359,1390,DeepBench,cublas,FP16,2048,32,2048,268435456,0.018125,0.023654,0.766234,1.0,True,pass,,2.495919866487384
1359,1390,DeepBench,cublas,FP32,2048,32,2048,268435456,0.039373,0.095795,0.41101,1.0,True,pass,,2.495919866487384
1359,1390,DeepBench,cublas,INT8,2048,32,2048,268435456,0.01751,0.039168,0.447059,1.0,True,pass,,2.495919866487384
1360,1391,DeepBench,cublas,FP16,2048,64,2048,536870912,0.018227,0.023706,0.768898,1.0,True,pass,,2.1898731887340546
1360,1391,DeepBench,cublas,FP32,2048,64,2048,536870912,0.054835,0.131994,0.415438,1.0,True,pass,,2.1898731887340546
1360,1391,DeepBench,cublas,INT8,2048,64,2048,536870912,0.019354,0.02345,0.825328,1.0,True,pass,,2.1898731887340546
1361,1392,DeepBench,cublas,FP16,2048,128,2048,1073741824,0.01833,0.024166,0.758475,1.0,True,pass,,3.2373914532363415
1361,1392,DeepBench,cublas,FP32,2048,128,2048,1073741824,0.090675,0.161126,0.562758,1.0,True,pass,,3.2373914532363415
1361,1392,DeepBench,cublas,INT8,2048,128,2048,1073741824,0.01495,0.018227,0.820225,1.0,True,pass,,3.2373914532363415
1362,1393,DeepBench,cublas,FP16,2048,7000,2048,58720256000,0.255642,0.254976,1.002611,1.0,True,pass,,6.446303186938167
1362,1393,DeepBench,cublas,FP32,2048,7000,2048,58720256000,3.611647,3.320934,1.08754,1.0,True,pass,,6.446303186938167
1362,1393,DeepBench,cublas,INT8,2048,7000,2048,58720256000,0.164813,0.168294,0.979312,1.0,True,pass,,6.446303186938167
1363,1394,DeepBench,cublas,FP16,4096,16,4096,536870912,0.029286,0.042906,0.682577,1.0,True,pass,,4.0048900209367275
1363,1394,DeepBench,cublas,FP32,4096,16,4096,536870912,0.093389,0.245606,0.380238,1.0,True,pass,,4.0048900209367275
1363,1394,DeepBench,cublas,INT8,4096,16,4096,536870912,0.049357,0.04137,1.193069,1.0,True,pass,,4.0048900209367275
1364,1395,DeepBench,cublas,FP16,4096,32,4096,1073741824,0.033587,0.037427,0.897401,1.0,True,pass,,4.023355294018984
1364,1395,DeepBench,cublas,FP32,4096,32,4096,1073741824,0.100557,0.279194,0.360169,1.0,True,pass,,4.023355294018984
1364,1395,DeepBench,cublas,INT8,4096,32,4096,1073741824,0.024013,0.041114,0.58406,1.0,True,pass,,4.023355294018984
1365,1396,DeepBench,cublas,FP16,4096,64,4096,2147483648,0.036659,1.973555,0.018575,1.0,True,pass,,4.05905114300549
1365,1396,DeepBench,cublas,FP32,4096,64,4096,2147483648,0.15831,0.338432,0.467776,1.0,True,pass,,4.05905114300549
1365,1396,DeepBench,cublas,INT8,4096,64,4096,2147483648,0.023552,0.04521,0.520951,1.0,True,pass,,4.05905114300549
1366,1397,DeepBench,cublas,FP16,4096,128,4096,4294967296,0.042035,0.04439,0.946944,1.0,True,pass,,4.00767401792109
1366,1397,DeepBench,cublas,FP32,4096,128,4096,4294967296,0.25897,0.525824,0.492502,1.0,True,pass,,4.00767401792109
1366,1397,DeepBench,cublas,INT8,4096,128,4096,4294967296,0.033229,0.035891,0.92582,1.0,True,pass,,4.00767401792109
1367,1398,DeepBench,cublas,FP16,4096,7000,4096,234881024000,0.967475,0.942438,1.026566,1.0,True,pass,,12.776848152279854
1367,1398,DeepBench,cublas,FP32,4096,7000,4096,234881024000,19.218533,20.188005,0.951978,1.0,True,pass,,12.776848152279854
1367,1398,DeepBench,cublas,INT8,4096,7000,4096,234881024000,0.576768,0.528691,1.090935,1.0,True,pass,,12.776848152279854
1368,1399,DeepBench,cublas,FP16,5124,9124,1760,164564843520,1.173504,0.660736,1.776056,1.0,True,pass,,10.017647478729486
1368,1399,DeepBench,cublas,FP32,5124,9124,1760,164564843520,13.059021,22.128895,0.590134,1.0,True,pass,,10.017647478729486
1368,1399,DeepBench,cublas,INT8,5124,9124,1760,164564843520,1.084979,0.434842,2.495113,1.0,True,pass,,10.017647478729486
1369,1400,DeepBench,cublas,FP16,35,8457,1760,1041902400,0.08407,0.028979,2.90106,1.0,True,pass,,4.148869397118688
1369,1400,DeepBench,cublas,FP32,35,8457,1760,1041902400,0.137062,0.195072,0.702625,1.0,True,pass,,4.148869397118688
1369,1400,DeepBench,cublas,INT8,35,8457,1760,1041902400,,,,,False,missing,Running INT8...Error benchmarking size 35x8457x1760: std::exception,4.148869397118688
1370,1401,DeepBench,cublas,FP16,5124,9124,2048,191493636096,1.194138,0.761805,1.567511,1.0,True,pass,,10.989819549024105
1370,1401,DeepBench,cublas,FP32,5124,9124,2048,191493636096,16.807167,16.865126,0.996563,1.0,True,pass,,10.989819549024105
1370,1401,DeepBench,cublas,INT8,5124,9124,2048,191493636096,1.024051,0.471347,2.172605,1.0,True,pass,,10.989819549024105
1371,1402,DeepBench,cublas,FP16,35,8457,2048,1212395520,0.09001,0.040909,2.20025,1.0,True,pass,,4.686410075053573
1371,1402,DeepBench,cublas,FP32,35,8457,2048,1212395520,0.156518,0.187699,0.833879,1.0,True,pass,,4.686410075053573
1371,1402,DeepBench,cublas,INT8,35,8457,2048,1212395520,,,,,False,missing,Running INT8...Error benchmarking size 35x8457x2048: std::exception,4.686410075053573
1372,1403,DeepBench,cublas,FP16,5124,9124,2560,239367045120,1.531392,0.933171,1.641062,1.0,True,pass,,9.937595836818218
1372,1403,DeepBench,cublas,FP32,5124,9124,2560,239367045120,18.346189,30.699982,0.597596,1.0,True,pass,,9.937595836818218
1372,1403,DeepBench,cublas,INT8,5124,9124,2560,239367045120,1.31625,0.563046,2.337729,1.0,True,pass,,9.937595836818218
1373,1404,DeepBench,cublas,FP16,35,8457,2560,1515494400,0.117606,0.055142,2.132776,1.0,True,pass,,4.394370246678591
1373,1404,DeepBench,cublas,FP32,35,8457,2560,1515494400,0.184525,0.29184,0.632281,1.0,True,pass,,4.394370246678591
1373,1404,DeepBench,cublas,INT8,35,8457,2560,1515494400,,,,,False,missing,Running INT8...Error benchmarking size 35x8457x2560: std::exception,4.394370246678591
1374,1405,DeepBench,cublas,FP16,5124,9124,4096,382987272192,2.276762,1.441843,1.579063,1.0,True,pass,,15.924907071515918
1374,1405,DeepBench,cublas,FP32,5124,9124,4096,382987272192,25.239292,27.9638,0.90257,1.0,True,pass,,15.924907071515918
1374,1405,DeepBench,cublas,INT8,5124,9124,4096,382987272192,1.957069,0.820224,2.386017,1.0,True,pass,,15.924907071515918
1375,1406,DeepBench,cublas,FP16,35,8457,4096,2424791040,0.148685,0.061747,2.40796,1.0,True,pass,,8.538892827928066
1375,1406,DeepBench,cublas,FP32,35,8457,4096,2424791040,0.286464,0.498125,0.575085,1.0,True,pass,,8.538892827928066
1375,1406,DeepBench,cublas,INT8,35,8457,4096,2424791040,,,,,False,missing,Running INT8...Error benchmarking size 35x8457x4096: std::exception,8.538892827928066
1376,1407,DeepBench,cublas,FP16,7680,16,2560,629145600,0.041728,0.039629,1.052972,1.0,True,pass,,4.273836860433221
1376,1407,DeepBench,cublas,FP32,7680,16,2560,629145600,0.115507,0.224102,0.515422,1.0,True,pass,,4.273836860433221
1376,1407,DeepBench,cublas,INT8,7680,16,2560,629145600,0.062874,0.020992,2.995122,1.0,True,pass,,4.273836860433221
1377,1408,DeepBench,cublas,FP16,7680,32,2560,1258291200,0.042701,0.059597,0.716495,1.0,True,pass,,4.251941977068782
1377,1408,DeepBench,cublas,FP32,7680,32,2560,1258291200,0.113971,0.22144,0.514682,1.0,True,pass,,4.251941977068782
1377,1408,DeepBench,cublas,INT8,7680,32,2560,1258291200,0.024832,0.019814,1.25323,1.0,True,pass,,4.251941977068782
1378,1409,DeepBench,cublas,FP16,7680,64,2560,2516582400,0.048077,0.046336,1.037569,1.0,True,pass,,4.135327562689781
1378,1409,DeepBench,cublas,FP32,7680,64,2560,2516582400,0.173824,0.30295,0.57377,1.0,True,pass,,4.135327562689781
1378,1409,DeepBench,cublas,INT8,7680,64,2560,2516582400,0.029389,0.022221,1.322581,1.0,True,pass,,4.135327562689781
1379,1410,DeepBench,cublas,FP16,7680,128,2560,5033164800,0.059546,2.189466,0.027196,1.0,True,pass,,4.569790795445442
1379,1410,DeepBench,cublas,FP32,7680,128,2560,5033164800,0.296448,0.476467,0.622179,1.0,True,pass,,4.569790795445442
1379,1410,DeepBench,cublas,INT8,7680,128,2560,5033164800,0.034458,0.027494,1.253259,1.0,True,pass,,4.569790795445442
1380,1411,DeepBench,cublas,FP16,3072,16,1024,100663296,0.014234,0.01536,0.926667,1.0,True,pass,,1.9823186602443457
1380,1411,DeepBench,cublas,FP32,3072,16,1024,100663296,0.030874,0.073933,0.41759,1.0,True,pass,,1.9823186602443457
1380,1411,DeepBench,cublas,INT8,3072,16,1024,100663296,0.022989,0.017613,1.305232,1.0,True,pass,,1.9823186602443457
1381,1412,DeepBench,cublas,FP16,3072,32,1024,201326592,0.014541,0.017101,0.850299,1.0,True,pass,,2.1274263989180326
1381,1412,DeepBench,cublas,FP32,3072,32,1024,201326592,0.030003,0.07465,0.40192,1.0,True,pass,,2.1274263989180326
1381,1412,DeepBench,cublas,INT8,3072,32,1024,201326592,0.011418,0.013107,0.871094,1.0,True,pass,,2.1274263989180326
1382,1413,DeepBench,cublas,FP16,3072,64,1024,402653184,0.013926,0.018022,0.772727,1.0,True,pass,,1.9995864611119032
1382,1413,DeepBench,cublas,FP32,3072,64,1024,402653184,0.044749,0.075622,0.59174,1.0,True,pass,,1.9995864611119032
1382,1413,DeepBench,cublas,INT8,3072,64,1024,402653184,0.015974,0.018278,0.87395,1.0,True,pass,,1.9995864611119032
1383,1414,DeepBench,cublas,FP16,3072,128,1024,805306368,0.016538,0.019046,0.86828,1.0,True,pass,,1.97823485173285
1383,1414,DeepBench,cublas,FP32,3072,128,1024,805306368,0.073318,0.097331,0.753288,1.0,True,pass,,1.97823485173285
1383,1414,DeepBench,cublas,INT8,3072,128,1024,805306368,0.013414,0.014029,0.956205,1.0,True,pass,,1.97823485173285
1384,1415,DeepBench,cublas,FP16,512,8,500000,4096000000,0.343142,0.438016,0.783402,0.99999998,True,pass,,27.063379608094692
1384,1415,DeepBench,cublas,FP32,512,8,500000,4096000000,1.085338,76.806145,0.014131,1.0,True,pass,,27.063379608094692
1384,1415,DeepBench,cublas,INT8,512,8,500000,4096000000,4.00727,1.052006,3.809169,1.0,True,pass,,27.063379608094692
1385,1416,DeepBench,cublas,FP16,1024,8,500000,8192000000,0.668979,0.726784,0.920465,0.99999976,True,pass,,52.093401523306966
1385,1416,DeepBench,cublas,FP32,1024,8,500000,8192000000,4.156416,80.115662,0.05188,1.0,True,pass,,52.093401523306966
1385,1416,DeepBench,cublas,INT8,1024,8,500000,8192000000,2.799769,2.062797,1.357268,1.0,True,pass,,52.093401523306966
1386,1417,DeepBench,cublas,FP16,512,16,500000,8192000000,0.35113,2.119782,0.165644,0.99999999,True,pass,,27.526291225105524
1386,1417,DeepBench,cublas,FP32,512,16,500000,8192000000,1.098496,65.230949,0.01684,1.0,True,pass,,27.526291225105524
1386,1417,DeepBench,cublas,INT8,512,16,500000,8192000000,2.614579,1.077197,2.427207,1.0,True,pass,,27.526291225105524
1387,1418,DeepBench,cublas,FP16,1024,16,500000,16384000000,0.653773,0.709632,0.921284,0.99999971,True,pass,,52.22776868008077
1387,1418,DeepBench,cublas,FP32,1024,16,500000,16384000000,4.652493,71.432846,0.065131,1.0,True,pass,,52.22776868008077
1387,1418,DeepBench,cublas,INT8,1024,16,500000,16384000000,3.187865,1.074125,2.967872,1.0,True,pass,,52.22776868008077
1388,1419,DeepBench,cublas,FP16,7680,24000,2560,943718400000,4.038144,4.43566,0.910382,1.0,True,pass,,39.5890551507473
1388,1419,DeepBench,cublas,FP32,7680,24000,2560,943718400000,82.601273,130.3936,0.633476,1.0,True,pass,,39.5890551507473
1388,1419,DeepBench,cublas,INT8,7680,24000,2560,943718400000,4.589158,2.14487,2.139597,1.0,True,pass,,39.5890551507473
1389,1420,DeepBench,cublas,FP16,6144,24000,2048,603979776000,4.548199,4.011776,1.133712,1.0,True,pass,,33.91718890145421
1389,1420,DeepBench,cublas,FP32,6144,24000,2048,603979776000,52.744301,52.740807,1.000066,1.0,True,pass,,33.91718890145421
1389,1420,DeepBench,cublas,INT8,6144,24000,2048,603979776000,1.529242,1.500877,1.018899,1.0,True,pass,,33.91718890145421
1390,1421,DeepBench,cublas,FP16,4608,24000,1536,339738624000,1.414502,1.476045,0.958306,1.0,True,pass,,20.939306979998946
1390,1421,DeepBench,cublas,FP32,4608,24000,1536,339738624000,17.779047,25.035519,0.710153,1.0,True,pass,,20.939306979998946
1390,1421,DeepBench,cublas,INT8,4608,24000,1536,339738624000,0.925798,0.852838,1.08555,1.0,True,pass,,20.939306979998946
1391,1422,DeepBench,cublas,FP16,8448,24000,2816,1141899264000,8.679476,4.706253,1.844244,1.0,True,pass,,35.82775993645191
1391,1422,DeepBench,cublas,FP32,8448,24000,2816,1141899264000,96.780899,133.374054,0.725635,1.0,True,pass,,35.82775993645191
1391,1422,DeepBench,cublas,INT8,8448,24000,2816,1141899264000,4.397875,2.777754,1.583249,1.0,True,pass,,35.82775993645191
1392,1423,DeepBench,cublas,FP16,3072,24000,1024,150994944000,0.589414,0.651981,0.904037,1.0,True,pass,,17.657615868374705
1392,1423,DeepBench,cublas,FP32,3072,24000,1024,150994944000,9.900954,17.587917,0.562941,1.0,True,pass,,17.657615868374705
1392,1423,DeepBench,cublas,INT8,3072,24000,1024,150994944000,0.460749,0.426035,1.081481,1.0,True,pass,,17.657615868374705
1393,1424,DeepBench,cublas,FP16,7680,48000,2560,1887436800000,12.080076,12.907878,0.935868,1.0,True,pass,,84.07738094218075
1393,1424,DeepBench,cublas,FP32,7680,48000,2560,1887436800000,118.622314,165.704895,0.715865,1.0,True,pass,,84.07738094218075
1393,1424,DeepBench,cublas,INT8,7680,48000,2560,1887436800000,5.376973,4.64809,1.156814,1.0,True,pass,,84.07738094218075
1394,1425,DeepBench,cublas,FP16,6144,48000,2048,1207959552000,5.533901,5.24841,1.054396,1.0,True,pass,,69.69746928475797
1394,1425,DeepBench,cublas,FP32,6144,48000,2048,1207959552000,64.72924,81.858307,0.790747,1.0,True,pass,,69.69746928475797
1394,1425,DeepBench,cublas,INT8,6144,48000,2048,1207959552000,3.462093,3.044147,1.137295,1.0,True,pass,,69.69746928475797
1395,1426,DeepBench,cublas,FP16,4608,48000,1536,679477248000,2.92649,3.224627,0.907544,1.0,True,pass,,49.41629045084119
1395,1426,DeepBench,cublas,FP32,4608,48000,1536,679477248000,36.370277,37.47604,0.970494,1.0,True,pass,,49.41629045084119
1395,1426,DeepBench,cublas,INT8,4608,48000,1536,679477248000,1.916775,1.856358,1.032546,1.0,True,pass,,49.41629045084119
1396,1427,DeepBench,cublas,FP16,8448,48000,2816,2283798528000,10.207026,10.05829,1.014787,1.0,True,pass,,81.54896830767393
1396,1427,DeepBench,cublas,FP32,8448,48000,2816,2283798528000,123.218033,197.66539,0.623367,1.0,True,pass,,81.54896830767393
1396,1427,DeepBench,cublas,INT8,8448,48000,2816,2283798528000,6.593946,5.438209,1.212522,1.0,True,pass,,81.54896830767393
1397,1428,DeepBench,cublas,FP16,3072,48000,1024,301989888000,1.162342,1.321113,0.87982,1.0,True,pass,,32.22537234611809
1397,1428,DeepBench,cublas,FP32,3072,48000,1024,301989888000,16.32169,24.399357,0.668939,1.0,True,pass,,32.22537234611809
1397,1428,DeepBench,cublas,INT8,3072,48000,1024,301989888000,0.897587,0.862515,1.040662,1.0,True,pass,,32.22537234611809
1398,1429,DeepBench,cublas,FP16,6144,16,2048,402653184,0.02304,0.040499,0.5689,1.0,True,pass,,3.7553319446742535
1398,1429,DeepBench,cublas,FP32,6144,16,2048,402653184,0.19712,0.14167,1.391399,1.0,True,pass,,3.7553319446742535
1398,1429,DeepBench,cublas,INT8,6144,16,2048,402653184,0.041677,0.017562,2.373178,1.0,True,pass,,3.7553319446742535
1399,1430,DeepBench,cublas,FP16,4608,16,1536,226492416,0.015872,0.018995,0.83558,1.0,True,pass,,2.2598410714417696
1399,1430,DeepBench,cublas,FP32,4608,16,1536,226492416,0.04521,0.065434,0.690923,1.0,True,pass,,2.2598410714417696
1399,1430,DeepBench,cublas,INT8,4608,16,1536,226492416,0.030003,0.014848,2.020689,1.0,True,pass,,2.2598410714417696
1400,1431,DeepBench,cublas,FP16,8448,16,2816,761266176,0.04311,0.045261,0.952489,1.0,True,pass,,3.6120330933481455
1400,1431,DeepBench,cublas,FP32,8448,16,2816,761266176,0.124416,0.248115,0.501444,1.0,True,pass,,3.6120330933481455
1400,1431,DeepBench,cublas,INT8,8448,16,2816,761266176,0.07639,0.02176,3.510589,1.0,True,pass,,3.6120330933481455
1401,1432,DeepBench,cublas,FP16,6144,32,2048,805306368,0.024166,0.02857,0.845878,1.0,True,pass,,2.820416558533907
1401,1432,DeepBench,cublas,FP32,6144,32,2048,805306368,0.07977,0.139469,0.571953,1.0,True,pass,,2.820416558533907
1401,1432,DeepBench,cublas,INT8,6144,32,2048,805306368,0.0192,0.022477,0.854214,1.0,True,pass,,2.820416558533907
1402,1433,DeepBench,cublas,FP16,4608,32,1536,452984832,0.02007,0.020941,0.958435,1.0,True,pass,,3.0315161552280188
1402,1433,DeepBench,cublas,FP32,4608,32,1536,452984832,0.051456,0.131021,0.392731,1.0,True,pass,,3.0315161552280188
1402,1433,DeepBench,cublas,INT8,4608,32,1536,452984832,0.020634,0.020736,0.995062,1.0,True,pass,,3.0315161552280188
1403,1434,DeepBench,cublas,FP16,8448,32,2816,1522532352,0.044288,0.051098,0.866733,1.0,True,pass,,3.8058328311890364
1403,1434,DeepBench,cublas,FP32,8448,32,2816,1522532352,0.13609,0.259277,0.524882,1.0,True,pass,,3.8058328311890364
1403,1434,DeepBench,cublas,INT8,8448,32,2816,1522532352,0.02519,0.021453,1.174224,1.0,True,pass,,3.8058328311890364
1404,1435,DeepBench,cublas,FP16,512,24000,2816,69206016000,0.271155,0.413184,0.656258,1.0,True,pass,,11.829631531611085
1404,1435,DeepBench,cublas,FP32,512,24000,2816,69206016000,3.70519,5.606195,0.66091,1.0,True,pass,,11.829631531611085
1404,1435,DeepBench,cublas,INT8,512,24000,2816,69206016000,0.208538,0.169216,1.232375,1.0,True,pass,,11.829631531611085
1405,1436,DeepBench,cublas,FP16,512,24000,2048,50331648000,0.200704,0.293837,0.683046,1.0,True,pass,,14.583451384678483
1405,1436,DeepBench,cublas,FP32,512,24000,2048,50331648000,2.7392,2.763725,0.991126,1.0,True,pass,,14.583451384678483
1405,1436,DeepBench,cublas,INT8,512,24000,2048,50331648000,0.144947,0.148634,0.975198,1.0,True,pass,,14.583451384678483
1406,1437,DeepBench,cublas,FP16,512,24000,2560,62914560000,0.248986,0.3776,0.65939,1.0,True,pass,,12.368373412638903
1406,1437,DeepBench,cublas,FP32,512,24000,2560,62914560000,3.420365,5.174016,0.661066,1.0,True,pass,,12.368373412638903
1406,1437,DeepBench,cublas,INT8,512,24000,2560,62914560000,0.169626,0.154778,1.095931,1.0,True,pass,,12.368373412638903
1407,1438,DeepBench,cublas,FP16,512,24000,1530,37601280000,0.352205,0.314675,1.119265,1.0,True,pass,,7.447046738117933
1407,1438,DeepBench,cublas,FP32,512,24000,1530,37601280000,2.052915,2.087373,0.983492,1.0,True,pass,,7.447046738117933
1407,1438,DeepBench,cublas,INT8,512,24000,1530,37601280000,0.01111,0.323123,0.034384,0.0,False,incorrect,Cosine similarity threshold failed,7.447046738117933
1408,1439,DeepBench,cublas,FP16,1024,24000,2816,138412032000,0.505651,0.520141,0.972143,1.0,True,pass,,13.217048017308116
1408,1439,DeepBench,cublas,FP32,1024,24000,2816,138412032000,7.450265,11.968256,0.622502,1.0,True,pass,,13.217048017308116
1408,1439,DeepBench,cublas,INT8,1024,24000,2816,138412032000,0.37632,0.310272,1.212871,1.0,True,pass,,13.217048017308116
1409,1440,DeepBench,cublas,FP16,1024,24000,2048,100663296000,0.373402,0.393626,0.948621,1.0,True,pass,,17.548415929079056
1409,1440,DeepBench,cublas,FP32,1024,24000,2048,100663296000,5.44348,5.604915,0.971198,1.0,True,pass,,17.548415929079056
1409,1440,DeepBench,cublas,INT8,1024,24000,2048,100663296000,0.268851,0.240794,1.116522,1.0,True,pass,,17.548415929079056
1410,1441,DeepBench,cublas,FP16,1024,24000,2560,125829120000,0.459622,0.480768,0.956017,1.0,True,pass,,14.809826260432601
1410,1441,DeepBench,cublas,FP32,1024,24000,2560,125829120000,6.779955,10.840525,0.625427,1.0,True,pass,,14.809826260432601
1410,1441,DeepBench,cublas,INT8,1024,24000,2560,125829120000,0.323328,0.28247,1.144644,1.0,True,pass,,14.809826260432601
1411,1442,DeepBench,cublas,FP16,1024,24000,1530,75202560000,0.585882,0.532122,1.101029,1.0,True,pass,,9.792962942272425
1411,1442,DeepBench,cublas,FP32,1024,24000,1530,75202560000,4.095283,4.135578,0.990256,1.0,True,pass,,9.792962942272425
1411,1442,DeepBench,cublas,INT8,1024,24000,1530,75202560000,0.006758,0.628685,0.01075,0.0,False,incorrect,Cosine similarity threshold failed,9.792962942272425
1412,1443,DeepBench,cublas,FP16,512,16,512,8388608,0.011622,0.013568,0.856604,1.0,True,pass,,1.770895529538393
1412,1443,DeepBench,cublas,FP32,512,16,512,8388608,0.02048,0.025293,0.809717,1.0,True,pass,,1.770895529538393
1412,1443,DeepBench,cublas,INT8,512,16,512,8388608,0.011776,0.011213,1.050228,1.0,True,pass,,1.770895529538393
1413,1444,DeepBench,cublas,FP16,1024,16,512,16777216,0.01449,0.01367,1.059925,1.0,True,pass,,0.8139223456382751
1413,1444,DeepBench,cublas,FP32,1024,16,512,16777216,0.021862,0.025446,0.859155,1.0,True,pass,,0.8139223456382751
1413,1444,DeepBench,cublas,INT8,1024,16,512,16777216,0.011674,0.010803,1.080569,1.0,True,pass,,0.8139223456382751
1414,1445,DeepBench,cublas,FP16,512,48000,2816,138412032000,0.517069,0.525517,0.983924,1.0,True,pass,,29.403792245313525
1414,1445,DeepBench,cublas,FP32,512,48000,2816,138412032000,7.394765,12.074752,0.612415,1.0,True,pass,,29.403792245313525
1414,1445,DeepBench,cublas,INT8,512,48000,2816,138412032000,0.384922,0.310886,1.238142,1.0,True,pass,,29.403792245313525
1415,1446,DeepBench,cublas,FP16,512,48000,2048,100663296000,0.379904,0.399309,0.951404,1.0,True,pass,,29.013449855148792
1415,1446,DeepBench,cublas,FP32,512,48000,2048,100663296000,5.458841,5.60297,0.974276,1.0,True,pass,,29.013449855148792
1415,1446,DeepBench,cublas,INT8,512,48000,2048,100663296000,0.269414,0.240384,1.120767,1.0,True,pass,,29.013449855148792
1416,1447,DeepBench,cublas,FP16,512,48000,2560,125829120000,0.472627,0.483789,0.976929,1.0,True,pass,,33.27793308161199
1416,1447,DeepBench,cublas,FP32,512,48000,2560,125829120000,6.801817,10.870989,0.625685,1.0,True,pass,,33.27793308161199
1416,1447,DeepBench,cublas,INT8,512,48000,2560,125829120000,0.326912,0.279654,1.168986,1.0,True,pass,,33.27793308161199
1417,1448,DeepBench,cublas,FP16,512,48000,1530,75202560000,0.619674,0.553421,1.119715,1.0,True,pass,,13.7099799644202
1417,1448,DeepBench,cublas,FP32,512,48000,1530,75202560000,4.067737,4.178586,0.973472,1.0,True,pass,,13.7099799644202
1417,1448,DeepBench,cublas,INT8,512,48000,1530,75202560000,0.01577,0.634982,0.024835,0.0,False,incorrect,Cosine similarity threshold failed,13.7099799644202
1418,1449,DeepBench,cublas,FP16,1024,48000,2816,276824064000,0.996096,1.076173,0.925591,1.0,True,pass,,32.4966724794358
1418,1449,DeepBench,cublas,FP32,1024,48000,2816,276824064000,23.939943,40.046951,0.597797,1.0,True,pass,,32.4966724794358
1418,1449,DeepBench,cublas,INT8,1024,48000,2816,276824064000,0.704614,0.591565,1.191103,1.0,True,pass,,32.4966724794358
1419,1450,DeepBench,cublas,FP16,1024,48000,2048,201326592000,0.729446,0.77353,0.94301,1.0,True,pass,,31.387015176936984
1419,1450,DeepBench,cublas,FP32,1024,48000,2048,201326592000,13.838132,13.918312,0.994239,1.0,True,pass,,31.387015176936984
1419,1450,DeepBench,cublas,INT8,1024,48000,2048,201326592000,0.51799,0.462848,1.119137,1.0,True,pass,,31.387015176936984
1420,1451,DeepBench,cublas,FP16,1024,48000,2560,251658240000,0.902912,0.968602,0.932181,1.0,True,pass,,34.8840192630887
1420,1451,DeepBench,cublas,FP32,1024,48000,2560,251658240000,17.072844,30.204309,0.565245,1.0,True,pass,,34.8840192630887
1420,1451,DeepBench,cublas,INT8,1024,48000,2560,251658240000,0.621107,0.569293,1.091015,1.0,True,pass,,34.8840192630887
1421,1452,DeepBench,cublas,FP16,1024,48000,1530,150405120000,1.163059,1.057894,1.099409,1.0,True,pass,,18.5389709956944
1421,1452,DeepBench,cublas,FP32,1024,48000,1530,150405120000,10.713856,10.91287,0.981763,1.0,True,pass,,18.5389709956944
1421,1452,DeepBench,cublas,INT8,1024,48000,1530,150405120000,0.011008,1.231207,0.008941,0.0,False,incorrect,Cosine similarity threshold failed,18.5389709956944
1422,1453,DeepBench,cublas,FP16,512,32,512,16777216,0.01449,0.013722,1.05597,1.0,True,pass,,1.8282122630625963
1422,1453,DeepBench,cublas,FP32,512,32,512,16777216,0.015514,0.020787,0.746305,1.0,True,pass,,1.8282122630625963
1422,1453,DeepBench,cublas,INT8,512,32,512,16777216,0.012083,0.01065,1.134615,1.0,True,pass,,1.8282122630625963
1423,1454,DeepBench,cublas,FP16,1024,32,512,33554432,0.01193,0.013414,0.889313,1.0,True,pass,,0.9218456782400608
1423,1454,DeepBench,cublas,FP32,1024,32,512,33554432,0.017613,0.025754,0.683897,1.0,True,pass,,0.9218456782400608
1423,1454,DeepBench,cublas,INT8,1024,32,512,33554432,0.011571,0.011264,1.027273,1.0,True,pass,,0.9218456782400608
1424,1455,DeepBench,cublas,FP16,1024,1536,1024,3221225472,0.025037,0.027699,0.903882,1.0,True,pass,,2.3299756851047277
1424,1455,DeepBench,cublas,FP32,1024,1536,1024,3221225472,0.196762,0.26199,0.751026,1.0,True,pass,,2.3299756851047277
1424,1455,DeepBench,cublas,INT8,1024,1536,1024,3221225472,0.024218,0.018893,1.281843,1.0,True,pass,,2.3299756851047277
1425,1456,DeepBench,cublas,FP16,4096,1536,1024,12884901888,0.065638,0.07168,0.915715,1.0,True,pass,,3.6915306951850653
1425,1456,DeepBench,cublas,FP32,4096,1536,1024,12884901888,0.779162,0.898611,0.867073,1.0,True,pass,,3.6915306951850653
1425,1456,DeepBench,cublas,INT8,4096,1536,1024,12884901888,0.054835,0.049971,1.097336,1.0,True,pass,,3.6915306951850653
1426,1457,DeepBench,cublas,FP16,1024,1536,4096,12884901888,0.060518,0.067738,0.893424,1.0,True,pass,,3.968132248148322
1426,1457,DeepBench,cublas,FP32,1024,1536,4096,12884901888,0.722944,0.876339,0.824959,1.0,True,pass,,3.968132248148322
1426,1457,DeepBench,cublas,INT8,1024,1536,4096,12884901888,0.059443,0.061747,0.962687,1.0,True,pass,,3.968132248148322
1427,1458,DeepBench,cublas,FP16,1024,4,1024,8388608,0.014234,0.014387,0.989324,1.0,True,pass,,1.011734975501895
1427,1458,DeepBench,cublas,FP32,1024,4,1024,8388608,0.019251,0.082022,0.234707,1.0,True,pass,,1.011734975501895
1427,1458,DeepBench,cublas,INT8,1024,4,1024,8388608,0.01792,0.017357,1.032449,1.0,True,pass,,1.011734975501895
1428,1459,DeepBench,cublas,FP16,2,1536,1024,6291456,0.016691,0.015104,1.105085,1.0,True,pass,,2.161564599722624
1428,1459,DeepBench,cublas,FP32,2,1536,1024,6291456,0.024013,0.059238,0.405359,1.0,True,pass,,2.161564599722624
1428,1459,DeepBench,cublas,INT8,2,1536,1024,6291456,,,,,False,missing,Running INT8...Error benchmarking size 2x1536x1024: std::exception,2.161564599722624
1429,1460,DeepBench,cublas,FP16,1024,384,1024,805306368,0.01961,0.019456,1.007895,1.0,True,pass,,2.1169785484671593
1429,1460,DeepBench,cublas,FP32,1024,384,1024,805306368,0.073421,0.109107,0.672923,1.0,True,pass,,2.1169785484671593
1429,1460,DeepBench,cublas,INT8,1024,384,1024,805306368,0.02688,0.013056,2.058824,1.0,True,pass,,2.1169785484671593
1430,1461,DeepBench,cublas,FP16,4096,384,1024,3221225472,0.024781,0.027699,0.89464,1.0,True,pass,,3.2418263126164675
1430,1461,DeepBench,cublas,FP32,4096,384,1024,3221225472,0.207053,0.26752,0.773971,1.0,True,pass,,3.2418263126164675
1430,1461,DeepBench,cublas,INT8,4096,384,1024,3221225472,0.024883,0.019456,1.278947,1.0,True,pass,,3.2418263126164675
1431,1462,DeepBench,cublas,FP16,1024,384,4096,3221225472,0.031693,0.037683,0.841033,1.0,True,pass,,2.3260624278336763
1431,1462,DeepBench,cublas,FP32,1024,384,4096,3221225472,0.208589,0.346112,0.602663,1.0,True,pass,,2.3260624278336763
1431,1462,DeepBench,cublas,INT8,1024,384,4096,3221225472,0.023654,0.040499,0.584071,1.0,True,pass,,2.3260624278336763
1432,1463,DeepBench,cublas,FP16,1024,1,1024,2097152,0.014797,0.014848,0.996552,1.0,True,pass,,1.8568279221653938
1432,1463,DeepBench,cublas,FP32,1024,1,1024,2097152,0.011162,0.075469,0.147897,1.0,True,pass,,1.8568279221653938
1432,1463,DeepBench,cublas,INT8,1024,1,1024,2097152,0.010189,0.012237,0.832636,1.0,True,pass,,1.8568279221653938
1433,1464,DeepBench,cublas,FP16,2,384,1024,1572864,0.014643,0.014387,1.017794,1.0,True,pass,,1.068403359502554
1433,1464,DeepBench,cublas,FP32,2,384,1024,1572864,0.039987,0.067072,0.596183,1.0,True,pass,,1.068403359502554
1433,1464,DeepBench,cublas,INT8,2,384,1024,1572864,,,,,False,missing,Running INT8...Error benchmarking size 2x384x1024: std::exception,1.068403359502554
